site_name,mae_ne_name,first_date,last_date,record_count,cell_count,local_cell_ids,cell_names,total_traffic_gbit,total_traffic_gb,avg_dl_prb_usage,avg_ul_prb_usage,avg_availability,avg_rrc_success,avg_erab_success,avg_call_drop,source
BY0-0083-Selborne Park,BY0-0083-Selborne Park,2026-04-23,2026-04-29,42,6,1|2|3|4|5|6,Selborne Park 1_LTE_1|Selborne Park 1_LTE_2|Selborne Park 1_LTE_3|Selborne Park 1_LTE_4|Selborne Park 1_LTE_5|Selborne Park 1_LTE_6,26460.5276,3307.566,33.6505,49.7977,99.9999,99.1337,99.7705,0.6975,MAE raw KPI export
BYO-0004-Anchor House,BYO-0004-Anchor House,2026-04-23,2026-04-29,42,6,1|2|3|4|5|6,Anchor House LTE_1|Anchor House LTE_2|Anchor House LTE_3|Anchor House LTE_4|Anchor House LTE_5|Anchor House LTE_6,10471.961,1308.9951,16.7558,44.9803,100.0,99.7687,99.7046,1.4054,MAE raw KPI export
BYO-0005-Barbourfields,BYO-0005-Barbourfields,2026-04-23,2026-04-29,42,6,1|2|3|4|5|6,Barbourfields_LTE_1|Barbourfields_LTE_2|Barbourfields_LTE_3|Barbourfields_LTE_4|Barbourfields_LTE_5|Barbourfields_LTE_6,22918.7455,2864.8432,37.3209,55.0858,100.0,99.3801,99.6928,1.1656,MAE raw KPI export
BYO-0007-Bellevue,BYO-0007-Bellevue,2026-04-23,2026-04-29,42,6,1|2|3|4|5|6,Bellevue_LTE_1|Bellevue_LTE_2|Bellevue_LTE_3|Bellevue_LTE_4|Bellevue_LTE_5|Bellevue_LTE_6,11314.2121,1414.2765,19.1769,48.211,99.9999,99.2198,99.7862,0.8455,MAE raw KPI export
BYO-0008-Belmont,BYO-0008-Belmont,2026-04-23,2026-04-29,42,6,1|2|3|4|5|6,Belmont_LTE_1|Belmont_LTE_2|Belmont_LTE_3|Belmont_LTE_4|Belmont_LTE_5|Belmont_LTE_6,8729.0235,1091.1279,14.4398,42.147,100.0,99.4367,99.7695,1.1212,MAE raw KPI export
BYO-0009-Famona,BYO-0009-Famona,2026-04-23,2026-04-29,42,6,1|2|3|4|5|6,BYO-0009-Famona_LTE_1|BYO-0009-Famona_LTE_2|BYO-0009-Famona_LTE_3|BYO-0009-Famona_LTE_4|BYO-0009-Famona_LTE_5|BYO-0009-Famona_LTE_6,4324.1804,540.5226,8.7284,15.8457,100.0,98.9429,99.7879,1.4135,MAE raw KPI export
BYO-0012-Cowdray Park,BYO-0012-Cowdray Park,2026-04-23,2026-04-29,42,6,1|2|3|4|5|6,BYO-0012-Cowdray Park_LTE_1|BYO-0012-Cowdray Park_LTE_2|BYO-0012-Cowdray Park_LTE_3|BYO-0012-Cowdray Park_LTE_4|BYO-0012-Cowdray Park_LTE_5|BYO-0012-Cowdray Park_LTE_6,19655.5342,2456.9418,26.0217,52.0124,100.0,99.6619,99.7799,0.6806,MAE raw KPI export
BYO-0014-Cowdray Park 3,BYO-0014-Cowdray Park 3,2026-04-23,2026-04-29,42,6,1|2|3|4|5|6,Cowdray Park 3_LTE_1|Cowdray Park 3_LTE_2|Cowdray Park 3_LTE_3|Cowdray Park 3_LTE_4|Cowdray Park 3_LTE_5|Cowdray Park 3_LTE_6,21257.2441,2657.1555,37.5552,51.2651,100.0,99.6635,99.6392,0.7322,MAE raw KPI export
BYO-0015-Donnington,BYO-0015-Donnington,2026-04-23,2026-04-29,42,6,1|2|3|4|5|6,Donnington_LTE_1|Donnington_LTE_2|Donnington_LTE_3|Donnington_LTE_4|Donnington_LTE_5|Donnington_LTE_6,10071.3158,1258.9145,20.4442,42.0048,100.0,97.6869,99.4734,1.9734,MAE raw KPI export
BYO-0020-Emakhandeni 2,BYO-0020-Emakhandeni 2,2026-04-23,2026-04-29,42,6,1|2|3|4|5|6,Emakhandeni 2_LTE_1|Emakhandeni 2_LTE_2|Emakhandeni 2_LTE_3|Emakhandeni 2_LTE_4|Emakhandeni 2_LTE_5|Emakhandeni 2_LTE_6,23298.2887,2912.2861,32.9718,54.4694,100.0,99.658,99.774,1.0524,MAE raw KPI export
BYO-0021-Entumbane,BYO-0021-Entumbane,2026-04-23,2026-04-29,42,6,1|2|3|4|5|6,Entumbane_LTE_1|Entumbane_LTE_2|Entumbane_LTE_3|Entumbane_LTE_4|Entumbane_LTE_5|Entumbane_LTE_6,19869.6492,2483.7061,32.1808,52.7431,100.0,99.6554,99.7495,0.6165,MAE raw KPI export
BYO-0022-Fairspire,BYO-0022-Fairspire,2026-04-23,2026-04-29,42,6,1|2|3|4|5|6,Fairspire_LTE_1|Fairspire_LTE_2|Fairspire_LTE_3|Fairspire_LTE_4|Fairspire_LTE_5|Fairspire_LTE_6,19628.8959,2453.612,24.6302,51.6885,100.0,99.0413,99.6512,1.0198,MAE raw KPI export
BYO-0024-Fortunes Gate,BYO-0024-Fortunes Gate,2026-04-23,2026-04-29,42,6,1|2|3|4|5|6,Fortunes_Gate_LTE_1|Fortunes_Gate_LTE_2|Fortunes_Gate_LTE_3|Fortunes_Gate_LTE_4|Fortunes_Gate_LTE_5|Fortunes_Gate_LTE_6,14581.6373,1822.7047,19.0153,48.2594,100.0,98.8711,99.8123,0.7159,MAE raw KPI export
BYO-0028-Hillcrest,BYO-0028-Hillcrest,2026-04-23,2026-04-29,42,6,1|2|3|4|5|6,Hillcrest_LTE_1|Hillcrest_LTE_2|Hillcrest_LTE_3|Hillcrest_LTE_4|Hillcrest_LTE_5|Hillcrest_LTE_6,15985.1706,1998.1463,28.5699,47.8252,100.0,99.7518,99.776,0.6138,MAE raw KPI export
BYO-0029-Hillside Bulawayo,BYO-0029-Hillside Bulawayo,2026-04-23,2026-04-29,42,6,1|2|3|4|5|6,Hillside Bulawayo_LTE_1|Hillside Bulawayo_LTE_2|Hillside Bulawayo_LTE_3|Hillside Bulawayo_LTE_4|Hillside Bulawayo_LTE_5|Hillside Bulawayo_LTE_6,8358.516,1044.8145,12.5664,45.5873,100.0,98.4249,99.4778,1.1349,MAE raw KPI export
BYO-0032-Ilanda,BYO-0032-Ilanda,2026-04-23,2026-04-29,42,6,1|2|3|4|5|6,Ilanda_LTE_1|Ilanda_LTE_2|Ilanda_LTE_3|Ilanda_LTE_4|Ilanda_LTE_5|Ilanda_LTE_6,6435.0267,804.3783,8.6133,39.3465,100.0,99.1968,99.724,1.244,MAE raw KPI export
BYO-0034-Khumalo,BYO-0034-Khumalo,2026-04-23,2026-04-29,42,6,1|2|3|4|5|6,Khumalo_LTE_1|Khumalo_LTE_2|Khumalo_LTE_3|Khumalo_LTE_4|Khumalo_LTE_5|Khumalo_LTE_6,8905.0728,1113.1341,14.8115,43.139,100.0,97.1921,99.3216,1.5882,MAE raw KPI export
BYO-0036-Kingsdale,BYO-0036-Kingsdale,2026-04-23,2026-04-29,42,6,1|2|3|4|5|6,Kingsdale_LTE_1|Kingsdale_LTE_2|Kingsdale_LTE_3|Kingsdale_LTE_4|Kingsdale_LTE_5|Kingsdale_LTE_6,8806.0551,1100.7569,17.3549,45.8909,100.0,99.5314,99.7314,0.6591,MAE raw KPI export
BYO-0039-Luveve,BYO-0039-Luveve,2026-04-23,2026-04-29,42,6,1|2|3|4|5|6,Luveve_LTE_1|Luveve_LTE_2|Luveve_LTE_3|Luveve_LTE_4|Luveve_LTE_5|Luveve_LTE_6,10523.1165,1315.3896,20.585,47.0063,100.0,99.2158,99.6008,1.6935,MAE raw KPI export
BYO-0040-Luveve 2,BYO-0040-Luveve 2,2026-04-23,2026-04-29,42,6,1|2|3|4|5|6,Luveve 2_LTE_1|Luveve 2_LTE_2|Luveve 2_LTE_3|Luveve 2_LTE_4|Luveve 2_LTE_5|Luveve 2_LTE_6,20760.6042,2595.0755,34.2234,51.2464,100.0,99.3966,99.731,1.4706,MAE raw KPI export
BYO-0041-MacDonald Club,BYO-0041-MacDonald Club,2026-04-23,2026-04-29,42,6,1|2|3|4|5|6,MacDonald Club_LTE_1|MacDonald Club_LTE_2|MacDonald Club_LTE_3|MacDonald Club_LTE_4|MacDonald Club_LTE_5|MacDonald Club_LTE_6,1735.2355,216.9044,7.1079,23.8258,100.0,97.7498,98.7515,2.633,MAE raw KPI export
BYO-0042-Magwegwe,BYO-0042-Magwegwe,2026-04-23,2026-04-29,42,6,1|2|3|4|5|6,BYO-0042-Magwegwe_LTE_1|BYO-0042-Magwegwe_LTE_2|BYO-0042-Magwegwe_LTE_3|BYO-0042-Magwegwe_LTE_4|BYO-0042-Magwegwe_LTE_5|BYO-0042-Magwegwe_LTE_6,18928.8705,2366.1088,32.6775,55.5521,100.0,99.0092,99.6782,1.3129,MAE raw KPI export
BYO-0044-Mahatshula,BYO-0044-Mahatshula,2026-04-23,2026-04-29,42,6,1|2|3|4|5|6,Mahatshula_LTE_1|Mahatshula_LTE_2|Mahatshula_LTE_3|Mahatshula_LTE_4|Mahatshula_LTE_5|Mahatshula_LTE_6,29399.0194,3674.8774,40.3865,55.8869,100.0,99.755,99.8562,0.4725,MAE raw KPI export
BYO-0045-Makokoba,BYO-0045-Makokoba,2026-04-23,2026-04-29,42,6,1|2|3|4|5|6,BYO-0045-Makokoba_LTE_1|BYO-0045-Makokoba_LTE_2|BYO-0045-Makokoba_LTE_3|BYO-0045-Makokoba_LTE_4|BYO-0045-Makokoba_LTE_5|BYO-0045-Makokoba_LTE_6,16890.633,2111.3291,23.1835,55.6057,100.0,99.6779,99.7936,0.9128,MAE raw KPI export
BYO-0047-Matsheumhlope,BYO-0047-Matsheumhlope,2026-04-23,2026-04-29,42,6,1|2|3|4|5|6,Matsheumhlope_LTE_1|Matsheumhlope_LTE_2|Matsheumhlope_LTE_3|Matsheumhlope_LTE_4|Matsheumhlope_LTE_5|Matsheumhlope_LTE_6,13214.8697,1651.8587,19.4014,47.668,100.0,99.1721,99.7514,0.5805,MAE raw KPI export
BYO-0048-Matshobana,BYO-0048-Matshobana,2026-04-23,2026-04-29,42,6,1|2|3|4|5|6,Matshobana_LTE_1|Matshobana_LTE_2|Matshobana_LTE_3|Matshobana_LTE_4|Matshobana_LTE_5|Matshobana_LTE_6,19541.4658,2442.6832,39.5806,51.6245,100.0,99.4646,99.4301,1.1146,MAE raw KPI export
BYO-0049-Metcalfe,BYO-0049-Metcalfe,2026-04-23,2026-04-29,42,6,1|2|3|4|5|6,Metcalfe_LTE_1|Metcalfe_LTE_2|Metcalfe_LTE_3|Metcalfe_LTE_4|Metcalfe_LTE_5|Metcalfe_LTE_6,3646.6861,455.8358,9.272,35.2602,100.0,98.622,99.6477,1.8376,MAE raw KPI export
BYO-0050-Montrose,BYO-0050-Montrose,2026-04-23,2026-04-29,42,6,1|2|3|4|5|6,Montrose_LTE_1|Montrose_LTE_2|Montrose_LTE_3|Montrose_LTE_4|Montrose_LTE_5|Montrose_LTE_6,25103.5384,3137.9423,37.7896,58.1725,100.0,98.7293,99.7541,1.0691,MAE raw KPI export
BYO-0051-Mountainview,BYO-0051-Mountainview,2026-04-23,2026-04-29,42,6,1|2|3|4|5|6,Mountainview_LTE_1|Mountainview_LTE_2|Mountainview_LTE_3|Mountainview_LTE_4|Mountainview_LTE_5|Mountainview_LTE_6,26705.4413,3338.1802,41.0819,56.2681,100.0,99.4726,99.7627,1.0451,MAE raw KPI export
BYO-0053-Mpopoma South,BYO-0053-Mpopoma South,2026-04-23,2026-04-29,42,6,1|2|3|4|5|6,Mpopoma South_LTE_1|Mpopoma South_LTE_2|Mpopoma South_LTE_3|Mpopoma South_LTE_4|Mpopoma South_LTE_5|Mpopoma South_LTE_6,19579.6265,2447.4533,44.0579,53.351,99.9939,99.7411,99.7197,0.8052,MAE raw KPI export
BYO-0056-Njube,BYO-0056-Njube,2026-04-23,2026-04-29,42,6,1|2|3|4|5|6,Njube_LTE_1|Njube_LTE_2|Njube_LTE_3|Njube_LTE_4|Njube_LTE_5|Njube_LTE_6,17700.8898,2212.6112,36.5391,51.2594,100.0,99.4638,99.4566,1.6386,MAE raw KPI export
BYO-0058-Nketa,BYO-0058-Nketa,2026-04-23,2026-04-29,42,6,1|2|3|4|5|6,Nketa_LTE_1|Nketa_LTE_2|Nketa_LTE_3|Nketa_LTE_4|Nketa_LTE_5|Nketa_LTE_6,23816.1021,2977.0128,41.4897,53.2665,100.0,99.4877,99.7481,1.6213,MAE raw KPI export
BYO-0060-Nkulumane,BYO-0060-Nkulumane,2026-04-23,2026-04-29,42,6,1|2|3|4|5|6,Nkulumane_LTE_1|Nkulumane_LTE_2|Nkulumane_LTE_3|Nkulumane_LTE_4|Nkulumane_LTE_5|Nkulumane_LTE_6,22794.725,2849.3406,34.703,54.8453,100.0,99.5456,99.6787,1.068,MAE raw KPI export
BYO-0061-Nkulumane_2,BYO-0061-Nkulumane_2,2026-04-23,2026-04-29,42,6,1|2|3|4|5|6,Nkulumane_2_LTE_1|Nkulumane_2_LTE_2|Nkulumane_2_LTE_3|Nkulumane_2_LTE_4|Nkulumane_2_LTE_5|Nkulumane_2_LTE_6,28886.0216,3610.7527,39.7542,57.7395,100.0,99.7668,99.8084,0.5221,MAE raw KPI export
BYO-0062-Northend,BYO-0062-Northend,2026-04-23,2026-04-29,42,6,1|2|3|4|5|6,Northend_1_LTE_1|Northend_1_LTE_2|Northend_1_LTE_3|Northend_1_LTE_4|Northend_1_LTE_5|Northend_1_LTE_6,18926.1552,2365.7694,33.9197,50.6608,100.0,99.5842,99.8225,1.1166,MAE raw KPI export
BYO-0063-Northend 2,BYO-0063-Northend 2,2026-04-23,2026-04-29,42,6,1|2|3|4|5|6,Northend_2_LTE_1|Northend_2_LTE_2|Northend_2_LTE_3|Northend_2_LTE_4|Northend_2_LTE_5|Northend_2_LTE_6,11338.8234,1417.3529,24.818,50.2657,99.9996,98.6836,99.6453,1.0718,MAE raw KPI export
BYO-0066-NSSA HOUSE BULAWAYO,BYO-0066-NSSA HOUSE BULAWAYO,2026-04-23,2026-04-29,42,6,1|2|3|4|5|6,BYO-0066-NSSA HOUSE BULAWAYO_LTE_1|BYO-0066-NSSA HOUSE BULAWAYO_LTE_2|BYO-0066-NSSA HOUSE BULAWAYO_LTE_3|BYO-0066-NSSA HOUSE BULAWAYO_LTE_4|BYO-0066-NSSA HOUSE BULAWAYO_LTE_5|BYO-0066-NSSA HOUSE BULAWAYO_LTE_6,26634.2005,3329.2751,31.0313,61.2524,100.0,99.6307,99.7666,1.9145,MAE raw KPI export
BYO-0067-NUST,BYO-0067-NUST,2026-04-23,2026-04-29,42,6,1|2|3|4|5|6,NUST_LTE_1|NUST_LTE_2|NUST_LTE_3|NUST_LTE_4|NUST_LTE_5|NUST_LTE_6,16397.5568,2049.6946,23.7502,46.434,100.0,98.9757,99.6518,0.9871,MAE raw KPI export
BYO-0068-Paddonhurst,BYO-0068-Paddonhurst,2026-04-23,2026-04-29,42,6,1|2|3|4|5|6,Paddonhurst_LTE_1|Paddonhurst_LTE_2|Paddonhurst_LTE_3|Paddonhurst_LTE_4|Paddonhurst_LTE_5|Paddonhurst_LTE_6,23344.837,2918.1046,39.4275,52.7189,100.0,99.6319,99.8697,0.714,MAE raw KPI export
BYO-0071-Pelandaba,BYO-0071-Pelandaba,2026-04-23,2026-04-29,42,6,1|2|3|4|5|6,Pelandaba_LTE_1|Pelandaba_LTE_2|Pelandaba_LTE_3|Pelandaba_LTE_4|Pelandaba_LTE_5|Pelandaba_LTE_6,8069.2198,1008.6525,18.4678,42.8028,100.0,98.9142,99.6791,1.2238,MAE raw KPI export
BYO-0073-Pumula 2,BYO-0073-Pumula 2,2026-04-23,2026-04-29,42,6,1|2|3|4|5|6,Pumula 2_LTE_1|Pumula 2_LTE_2|Pumula 2_LTE_3|Pumula 2_LTE_4|Pumula 2_LTE_5|Pumula 2_LTE_6,25055.1165,3131.8896,37.1848,55.1409,100.0,99.7595,99.7538,0.6922,MAE raw KPI export
BYO-0074-Pumula South,BYO-0074-Pumula South,2026-04-23,2026-04-29,42,6,1|2|3|4|5|6,Pumula South_LTE_1|Pumula South_LTE_2|Pumula South_LTE_3|Pumula South_LTE_4|Pumula South_LTE_5|Pumula South_LTE_6,26006.9217,3250.8652,38.577,55.9507,100.0,99.6272,99.7492,0.7263,MAE raw KPI export
BYO-0076-Queens Park,BYO-0076-Queens Park,2026-04-23,2026-04-29,42,6,1|2|3|4|5|6,Queens Park_LTE_1|Queens Park_LTE_2|Queens Park_LTE_3|Queens Park_LTE_4|Queens Park_LTE_5|Queens Park_LTE_6,19811.59,2476.4488,31.4873,50.6673,100.0,99.1971,99.742,0.7713,MAE raw KPI export
BYO-0078-Bulawayo Rainbow Hotel,BYO-0078-Bulawayo Rainbow Hotel,2026-04-23,2026-04-29,42,6,1|2|3|4|5|6,BYO-0078-Bulawayo Rainbow Hotel_LTE_1|BYO-0078-Bulawayo Rainbow Hotel_LTE_2|BYO-0078-Bulawayo Rainbow Hotel_LTE_3|BYO-0078-Bulawayo Rainbow Hotel_LTE_4|BYO-0078-Bulawayo Rainbow Hotel_LTE_5|BYO-0078-Bulawayo Rainbow Hotel_LTE_6,18916.3474,2364.5434,21.5077,56.2255,100.0,99.7024,99.7212,1.5697,MAE raw KPI export
BYO-0081-Richmond,BYO-0081-Richmond,2026-04-23,2026-04-29,42,6,1|2|3|4|5|6,Richmond_LTE_1|Richmond_LTE_2|Richmond_LTE_3|Richmond_LTE_4|Richmond_LTE_5|Richmond_LTE_6,10851.5772,1356.4471,17.9751,42.6584,100.0,97.964,99.542,1.1756,MAE raw KPI export
BYO-0082-Richmond 2,BYO-0082-Richmond 2,2026-04-23,2026-04-29,42,6,1|2|3|4|5|6,BYO-0082-Richmond 2_LTE_1|BYO-0082-Richmond 2_LTE_2|BYO-0082-Richmond 2_LTE_3|BYO-0082-Richmond 2_LTE_4|BYO-0082-Richmond 2_LTE_5|BYO-0082-Richmond 2_LTE_6,2430.0289,303.7536,3.802,17.9838,100.0,98.2296,99.4126,1.5156,MAE raw KPI export
BYO-0086-Thorngrove Industries,BYO-0086-Thorngrove Industries,2026-04-23,2026-04-29,42,6,1|2|3|4|5|6,Thorngrove Industries_LTE_1|Thorngrove Industries_LTE_2|Thorngrove Industries_LTE_3|Thorngrove Industries_LTE_4|Thorngrove Industries_LTE_5|Thorngrove Industries_LTE_6,2357.8944,294.7368,7.9249,31.15,100.0,98.6527,99.5148,1.8364,MAE raw KPI export
BYO-0087-Tshabalala,BYO-0087-Tshabalala,2026-04-23,2026-04-29,42,6,1|2|3|4|5|6,Tshabalala_LTE_1|Tshabalala_LTE_2|Tshabalala_LTE_3|Tshabalala_LTE_4|Tshabalala_LTE_5|Tshabalala_LTE_6,21372.1093,2671.5137,33.5604,54.0776,100.0,99.4643,99.7977,0.9455,MAE raw KPI export
BYO-0088-Emganwini,BYO-0088-Emganwini,2026-04-23,2026-04-29,42,6,1|2|3|4|5|6,Emganwini_LTE_1|Emganwini_LTE_2|Emganwini_LTE_3|Emganwini_LTE_4|Emganwini_LTE_5|Emganwini_LTE_6,21537.9033,2692.2379,31.5394,49.6338,100.0,99.3746,99.7905,1.1493,MAE raw KPI export
BYO-0090-Westgate Uplands,BYO-0090-Westgate Uplands,2026-04-23,2026-04-29,42,6,1|2|3|4|5|6,Westgate Uplands_LTE_1|Westgate Uplands_LTE_2|Westgate Uplands_LTE_3|Westgate Uplands_LTE_4|Westgate Uplands_LTE_5|Westgate Uplands_LTE_6,10487.843,1310.9804,17.0931,40.4115,100.0,99.2144,99.5663,1.139,MAE raw KPI export
BYO-0092-Jason 55TH,BYO-0092-Jason 55TH,2026-04-23,2026-04-29,42,6,1|2|3|4|5|6,Jason 55TH_LTE_1|Jason 55TH_LTE_2|Jason 55TH_LTE_3|Jason 55TH_LTE_4|Jason 55TH_LTE_5|Jason 55TH_LTE_6,9683.5141,1210.4393,19.3596,43.5462,100.0,99.7578,99.7953,1.1182,MAE raw KPI export
BYO-0103-Fourwinds,BYO-0103-Fourwinds,2026-04-23,2026-04-29,42,6,1|2|3|4|5|6,Fourwinds_LTE_1|Fourwinds_LTE_2|Fourwinds_LTE_3|Fourwinds_LTE_4|Fourwinds_LTE_5|Fourwinds_LTE_6,8039.2621,1004.9078,10.6408,44.2429,100.0,98.3353,99.8251,0.4915,MAE raw KPI export
BYO-0136-Cowdray Park 5,BYO-0136-Cowdray Park 5,2026-04-23,2026-04-29,42,6,1|2|3|4|5|6,BYO-0136-Cowdray Park 5_LTE_1|BYO-0136-Cowdray Park 5_LTE_2|BYO-0136-Cowdray Park 5_LTE_3|BYO-0136-Cowdray Park 5_LTE_4|BYO-0136-Cowdray Park 5_LTE_5|BYO-0136-Cowdray Park 5_LTE_6,7235.7232,904.4654,8.5712,31.5998,100.0,99.0751,99.7689,1.3299,MAE raw KPI export
BYO-0141-Nkulumane 3,BYO-0141-Nkulumane 3,2026-04-23,2026-04-29,42,6,1|2|3|4|5|6,BYO-0141-Nkulumane 3_LTE_1|BYO-0141-Nkulumane 3_LTE_2|BYO-0141-Nkulumane 3_LTE_3|BYO-0141-Nkulumane 3_LTE_4|BYO-0141-Nkulumane 3_LTE_5|BYO-0141-Nkulumane 3_LTE_6,20795.4167,2599.4271,32.4347,51.3057,100.0,99.2994,99.696,1.13,MAE raw KPI export
BYO-0143-Saucetown,BYO-0143-Saucetown,2026-04-23,2026-04-29,42,6,1|2|3|4|5|6,Saucetown_LTE_1|Saucetown_LTE_2|Saucetown_LTE_3|Saucetown_LTE_4|Saucetown_LTE_5|Saucetown_LTE_6,13635.7288,1704.4661,22.9436,45.571,100.0,99.2759,99.7086,0.8393,MAE raw KPI export
BYO-0155-Killarney 2,BYO-0155-Killarney 2,2026-04-23,2026-04-29,42,6,1|2|3|4|5|6,Killarney 2_LTE_1|Killarney 2_LTE_2|Killarney 2_LTE_3|Killarney 2_LTE_4|Killarney 2_LTE_5|Killarney 2_LTE_6,19801.3872,2475.1734,25.2651,50.0839,100.0,98.6054,99.7538,0.6717,MAE raw KPI export
BYO-0157-Hillside East,BYO-0157-Hillside East,2026-04-23,2026-04-29,42,6,1|2|3|4|5|6,BYO-0157-Hillside East_LTE_1|BYO-0157-Hillside East_LTE_2|BYO-0157-Hillside East_LTE_3|BYO-0157-Hillside East_LTE_4|BYO-0157-Hillside East_LTE_5|BYO-0157-Hillside East_LTE_6,10882.2961,1360.287,16.0314,46.4216,100.0,99.0013,99.7904,0.8583,MAE raw KPI export
BYO-0165-Pumula South 2,BYO-0165-Pumula South 2,2026-04-23,2026-04-29,42,6,1|2|3|4|5|6,BYO-0165-Pumula South 2_LTE_1|BYO-0165-Pumula South 2_LTE_2|BYO-0165-Pumula South 2_LTE_3|BYO-0165-Pumula South 2_LTE_4|BYO-0165-Pumula South 2_LTE_5|BYO-0165-Pumula South 2_LTE_6,13456.3625,1682.0453,15.5411,43.4362,100.0,99.6551,99.8008,0.8137,MAE raw KPI export
BYO-0168-Ingutsheni Hospital,BYO-0168-Ingutsheni Hospital,2026-04-23,2026-04-29,42,6,1|2|3|4|5|6,BYO-0168-Ingutsheni Hospital_LTE_1|BYO-0168-Ingutsheni Hospital_LTE_2|BYO-0168-Ingutsheni Hospital_LTE_3|BYO-0168-Ingutsheni Hospital_LTE_4|BYO-0168-Ingutsheni Hospital_LTE_5|BYO-0168-Ingutsheni Hospital_LTE_6,7135.7112,891.9639,11.4415,42.6561,100.0,98.8648,99.6592,1.4174,MAE raw KPI export
BYO-0170-Kelvin,BYO-0170-Kelvin,2026-04-23,2026-04-29,42,6,1|2|3|4|5|6,Kelvin_LTE_1|Kelvin_LTE_2|Kelvin_LTE_3|Kelvin_LTE_4|Kelvin_LTE_5|Kelvin_LTE_6,9052.5801,1131.5725,23.5382,43.4502,100.0,97.4238,99.3983,1.5447,MAE raw KPI export
BYO-0176-Cowdray Park 4,BYO-0176-Cowdray Park 4,2026-04-23,2026-04-29,42,6,1|2|3|4|5|6,Cowdray Park 4_LTE_1|Cowdray Park 4_LTE_2|Cowdray Park 4_LTE_3|Cowdray Park 4_LTE_4|Cowdray Park 4_LTE_5|Cowdray Park 4_LTE_6,26154.4224,3269.3028,40.9364,57.0377,100.0,99.4964,99.5752,1.0782,MAE raw KPI export
BYO-0215-Bulawayo Scouts Association,BYO-0215-Bulawayo Scouts Association,2026-04-23,2026-04-29,42,6,1|2|3|4|5|6,BYO-0215-Bulawayo Scouts Association_LTE_1|BYO-0215-Bulawayo Scouts Association_LTE_2|BYO-0215-Bulawayo Scouts Association_LTE_3|BYO-0215-Bulawayo Scouts Association_LTE_4|BYO-0215-Bulawayo Scouts Association_LTE_5|BYO-0215-Bulawayo Scouts Association_LTE_6,17673.2369,2209.1546,23.2584,56.6702,100.0,99.7411,99.7219,1.6932,MAE raw KPI export
CZA-0001-Zengeza,CZA-0001-Zengeza,2026-04-23,2026-04-29,42,6,1|2|3|4|5|6,Zengeza_LTE_1|Zengeza_LTE_2|Zengeza_LTE_3|Zengeza_LTE_4|Zengeza_LTE_5|Zengeza_LTE_6,33034.5472,4129.3184,52.9621,55.4338,99.9999,97.8083,99.2761,1.4372,MAE raw KPI export
CZA-0002-Seke,CZA-0002-Seke,2026-04-23,2026-04-29,42,6,1|2|3|4|5|6,Seke_LTE_1|Seke_LTE_2|Seke_LTE_3|Seke_LTE_4|Seke_LTE_5|Seke_LTE_6,32907.6457,4113.4557,50.2407,52.6126,100.0,97.7018,99.4341,1.6999,MAE raw KPI export
CZA-0003-Nyatsime,CZA-0003-Nyatsime,2026-04-23,2026-04-29,42,6,1|2|3|4|5|6,Nyatsime_LTE_1|Nyatsime_LTE_2|Nyatsime_LTE_3|Nyatsime_LTE_4|Nyatsime_LTE_5|Nyatsime_LTE_6,28660.6643,3582.583,46.5755,53.0252,100.0,97.0286,99.1861,1.6607,MAE raw KPI export
CZA-0004-Chitungwiza Arts Centre,CZA-0004-Chitungwiza Arts Centre,2026-04-23,2026-04-29,42,6,1|2|3|4|5|6,CZA-0004-Chitungwiza Arts Centre_LTE_1|CZA-0004-Chitungwiza Arts Centre_LTE_2|CZA-0004-Chitungwiza Arts Centre_LTE_3|CZA-0004-Chitungwiza Arts Centre_LTE_4|CZA-0004-Chitungwiza Arts Centre_LTE_5|CZA-0004-Chitungwiza Arts Centre_LTE_6,32474.6565,4059.3321,55.2949,54.0642,99.9999,98.4731,99.4513,1.3656,MAE raw KPI export
CZA-0006-St Marys,CZA-0006-St Marys,2026-04-23,2026-04-29,42,6,1|2|3|4|5|6,St. Marys_LTE_LTE_1|St. Marys_LTE_LTE_2|St. Marys_LTE_LTE_3|St. Marys_LTE_LTE_4|St. Marys_LTE_LTE_5|St. Marys_LTE_LTE_6,24221.5896,3027.6987,40.6156,53.6284,100.0,98.5151,99.4015,1.2171,MAE raw KPI export
CZA-0007-Seke South,CZA-0007-Seke South,2026-04-23,2026-04-29,42,6,1|2|3|4|5|6,Seke South_LTE_1|Seke South_LTE_2|Seke South_LTE_3|Seke South_LTE_4|Seke South_LTE_5|Seke South_LTE_6,31400.9683,3925.121,48.4398,54.3641,100.0,99.3492,99.5684,1.0912,MAE raw KPI export
CZA-0008-Seke Teachers College,CZA-0008-Seke Teachers College,2026-04-23,2026-04-29,42,6,1|2|3|4|5|6,Seke Teachers College_LTE_1|Seke Teachers College_LTE_2|Seke Teachers College_LTE_3|Seke Teachers College_LTE_4|Seke Teachers College_LTE_5|Seke Teachers College_LTE_6,70168.8541,8771.1068,76.3434,83.0311,100.0,98.4384,99.5272,1.2403,MAE raw KPI export
CZA-0011-Chitungwiza Industries,CZA-0011-Chitungwiza Industries,2026-04-23,2026-04-29,42,6,1|2|3|4|5|6,CZA-0011-Chitungwiza Industries_LTE_1|CZA-0011-Chitungwiza Industries_LTE_2|CZA-0011-Chitungwiza Industries_LTE_3|CZA-0011-Chitungwiza Industries_LTE_4|CZA-0011-Chitungwiza Industries_LTE_5|CZA-0011-Chitungwiza Industries_LTE_6,33472.7164,4184.0895,44.0096,63.1283,100.0,98.3887,99.6593,1.6064,MAE raw KPI export
CZA-0018-Seke Unit B,CZA-0018-Seke Unit B,2026-04-23,2026-04-29,42,6,1|2|3|4|5|6,CZA-0018-Seke Unit B_LTE_1|CZA-0018-Seke Unit B_LTE_2|CZA-0018-Seke Unit B_LTE_3|CZA-0018-Seke Unit B_LTE_4|CZA-0018-Seke Unit B_LTE_5|CZA-0018-Seke Unit B_LTE_6,8840.4704,1105.0588,14.246,32.3607,100.0,99.222,99.6437,1.0798,MAE raw KPI export
CZA-0019-Seke Unit N,CZA-0019-Seke Unit N,2026-04-23,2026-04-29,42,6,1|2|3|4|5|6,Seke_Unit_N_1|Seke_Unit_N_2|Seke_Unit_N_3|Seke_Unit_N_4|Seke_Unit_N_5|Seke_Unit_N_6,26133.832,3266.729,48.6507,53.2304,100.0,99.1041,99.1517,1.6686,MAE raw KPI export
CZA-0020-ZIKO,CZA-0020-ZIKO,2026-04-23,2026-04-29,42,6,1|2|3|4|5|6,CZA-0020-ZIKO_LTE_1|CZA-0020-ZIKO_LTE_2|CZA-0020-ZIKO_LTE_3|CZA-0020-ZIKO_LTE_4|CZA-0020-ZIKO_LTE_5|CZA-0020-ZIKO_LTE_6,5513.9791,689.2474,8.9768,27.3317,99.9997,91.8489,99.533,1.6857,MAE raw KPI export
CZA-0021-Zengeza 4,CZA-0021-Zengeza 4,2026-04-23,2026-04-29,42,6,1|2|3|4|5|6,CZA-0021-Zengeza 4_LTE_1|CZA-0021-Zengeza 4_LTE_2|CZA-0021-Zengeza 4_LTE_3|CZA-0021-Zengeza 4_LTE_4|CZA-0021-Zengeza 4_LTE_5|CZA-0021-Zengeza 4_LTE_6,24289.0096,3036.1262,39.6238,53.5473,100.0,99.3583,99.2591,1.1377,MAE raw KPI export
CZA-0028-St Marys 2,CZA-0028-St Marys 2,2026-04-23,2026-04-29,42,6,1|2|3|4|5|6,St Marys 2_LTE_1|St Marys 2_LTE_2|St Marys 2_LTE_3|St Marys 2_LTE_4|St Marys 2_LTE_5|St Marys 2_LTE_6,35867.6506,4483.4563,57.5033,54.3177,100.0,99.2944,99.3369,1.4696,MAE raw KPI export
CZA-0032-Manyame Park,CZA-0032-Manyame Park,2026-04-23,2026-04-29,42,6,1|2|3|4|5|6,CZA-0032-Manyame Park_LTE_1|CZA-0032-Manyame Park_LTE_2|CZA-0032-Manyame Park_LTE_3|CZA-0032-Manyame Park_LTE_4|CZA-0032-Manyame Park_LTE_5|CZA-0032-Manyame Park_LTE_6,26909.7951,3363.7244,41.051,58.8474,100.0,97.5935,99.3414,1.5141,MAE raw KPI export
CZA-0036-Seke Unit F,CZA-0036-Seke Unit F,2026-04-23,2026-04-29,42,6,1|2|3|4|5|6,CZA-0036-Seke Unit F_LTE_1|CZA-0036-Seke Unit F_LTE_2|CZA-0036-Seke Unit F_LTE_3|CZA-0036-Seke Unit F_LTE_4|CZA-0036-Seke Unit F_LTE_5|CZA-0036-Seke Unit F_LTE_6,20264.8509,2533.1064,43.2378,52.5829,99.9946,97.3126,99.1641,2.4058,MAE raw KPI export
CZA-0038-ARDA Nyarungu,CZA-0038-ARDA Nyarungu,2026-04-23,2026-04-29,42,6,1|2|3|4|5|6,CZA-0038-ARDA Nyarungu_LTE_1|CZA-0038-ARDA Nyarungu_LTE_2|CZA-0038-ARDA Nyarungu_LTE_3|CZA-0038-ARDA Nyarungu_LTE_4|CZA-0038-ARDA Nyarungu_LTE_5|CZA-0038-ARDA Nyarungu_LTE_6,23997.4474,2999.6809,40.3865,65.2438,99.9998,97.6857,99.68,1.5354,MAE raw KPI export
FAIRVIEW MOBILE,FAIRVIEW MOBILE,2026-04-23,2026-04-29,42,6,1|2|3|4|5|6,FAIRVIEW-MOBILE_LTE_1|FAIRVIEW-MOBILE_LTE_2|FAIRVIEW-MOBILE_LTE_3|FAIRVIEW-MOBILE_LTE_4|FAIRVIEW-MOBILE_LTE_5|FAIRVIEW-MOBILE_LTE_6,25609.216,3201.152,28.2115,48.9796,100.0,99.557,99.8129,0.6571,MAE raw KPI export
HRE-0003-Aspindale,HRE-0003-Aspindale,2026-04-23,2026-04-29,42,6,1|2|3|4|5|6,Aspindale_LTE_1|Aspindale_LTE_2|Aspindale_LTE_3|Aspindale_LTE_4|Aspindale_LTE_5|Aspindale_LTE_6,18327.3875,2290.9234,30.8723,45.6929,100.0,97.343,99.5384,1.0818,MAE raw KPI export
HRE-0012-Borrowdale Brooke,HRE-0012-Borrowdale Brooke,2026-04-23,2026-04-29,42,6,1|2|3|4|5|6,Borrowdale_Brooke_LTE_1|Borrowdale_Brooke_LTE_2|Borrowdale_Brooke_LTE_3|Borrowdale_Brooke_LTE_4|Borrowdale_Brooke_LTE_5|Borrowdale_Brooke_LTE_6,27493.8888,3436.7361,33.873,49.6121,100.0,96.7472,99.2884,1.9466,MAE raw KPI export
HRE-0014-Budiriro 4,HRE-0014-Budiriro 4,2026-04-23,2026-04-29,42,6,1|2|3|4|5|6,Budiriro 4_LTE_1|Budiriro 4_LTE_2|Budiriro 4_LTE_3|Budiriro 4_LTE_4|Budiriro 4_LTE_5|Budiriro 4_LTE_6,41504.1612,5188.0202,60.703,54.4565,100.0,97.9677,99.5898,0.997,MAE raw KPI export
HRE-0019-Good Hope 2,HRE-0019-Good Hope 2,2026-04-23,2026-04-29,42,6,1|2|3|4|5|6,HRE-0019-Good Hope 2_LTE_1|HRE-0019-Good Hope 2_LTE_2|HRE-0019-Good Hope 2_LTE_3|HRE-0019-Good Hope 2_LTE_4|HRE-0019-Good Hope 2_LTE_5|HRE-0019-Good Hope 2_LTE_6,37044.034,4630.5042,36.1669,58.583,100.0,96.5526,99.191,2.2203,MAE raw KPI export
HRE-0020-Mt Pleasant Heights 2,HRE-0020-Mt Pleasant Heights 2,2026-04-23,2026-04-29,42,6,1|2|3|4|5|6,HRE-0020-Mt Pleasant Heights 2_LTE_1|HRE-0020-Mt Pleasant Heights 2_LTE_2|HRE-0020-Mt Pleasant Heights 2_LTE_3|HRE-0020-Mt Pleasant Heights 2_LTE_4|HRE-0020-Mt Pleasant Heights 2_LTE_5|HRE-0020-Mt Pleasant Heights 2_LTE_6,23328.428,2916.0535,22.8362,46.9349,100.0,96.2924,99.4429,1.1411,MAE raw KPI export
HRE-0022-Ushewokunze,HRE-0022-Ushewokunze,2026-04-23,2026-04-29,42,6,1|2|3|4|5|6,HRE-0022-Ushewokunze_LTE_1|HRE-0022-Ushewokunze_LTE_2|HRE-0022-Ushewokunze_LTE_3|HRE-0022-Ushewokunze_LTE_4|HRE-0022-Ushewokunze_LTE_5|HRE-0022-Ushewokunze_LTE_6,29669.7497,3708.7187,41.6578,58.6076,100.0,98.7713,99.3207,1.1728,MAE raw KPI export
HRE-0027-Glenview Ext,HRE-0027-Glenview Ext,2026-04-23,2026-04-29,42,6,1|2|3|4|5|6,HRE-0027-Glenview Ext_LTE_1|HRE-0027-Glenview Ext_LTE_2|HRE-0027-Glenview Ext_LTE_3|HRE-0027-Glenview Ext_LTE_4|HRE-0027-Glenview Ext_LTE_5|HRE-0027-Glenview Ext_LTE_6,45009.1768,5626.1471,57.543,67.3955,100.0,99.5874,99.694,1.5197,MAE raw KPI export
HRE-0028-Glaudina,HRE-0028-Glaudina,2026-04-23,2026-04-29,42,6,1|2|3|4|5|6,HRE-0028-Glaudina_LTE_1|HRE-0028-Glaudina_LTE_2|HRE-0028-Glaudina_LTE_3|HRE-0028-Glaudina_LTE_4|HRE-0028-Glaudina_LTE_5|HRE-0028-Glaudina_LTE_6,22423.9124,2802.9891,32.8272,50.1221,100.0,96.3487,99.266,1.1301,MAE raw KPI export
HRE-0030-Sunway City,HRE-0030-Sunway City,2026-04-23,2026-04-29,42,6,1|2|3|4|5|6,Sunway City_LTE_1|Sunway City_LTE_2|Sunway City_LTE_3|Sunway City_LTE_4|Sunway City_LTE_5|Sunway City_LTE_6,25851.378,3231.4223,39.3562,51.9135,99.9995,96.8091,98.0744,2.5757,MAE raw KPI export
HRE-0032-Christon Bank,HRE-0032-Christon Bank,2026-04-23,2026-04-29,42,6,1|2|3|4|5|6,Christon Bank_LTE_1|Christon Bank_LTE_2|Christon Bank_LTE_3|Christon Bank_LTE_4|Christon Bank_LTE_5|Christon Bank_LTE_6,18031.9771,2253.9971,14.8342,41.6671,100.0,92.3534,99.6367,0.9403,MAE raw KPI export
HRE-0034-Dzivarasekwa Main,HRE-0034-Dzivarasekwa Main,2026-04-23,2026-04-29,42,6,1|2|3|4|5|6,Dzivarasekwa Main_LTE_1|Dzivarasekwa Main_LTE_2|Dzivarasekwa Main_LTE_3|Dzivarasekwa Main_LTE_4|Dzivarasekwa Main_LTE_5|Dzivarasekwa Main_LTE_6,31969.4473,3996.1809,59.4497,53.6621,100.0,99.2436,99.5651,1.068,MAE raw KPI export
HRE-0037-Glenorah,HRE-0037-Glenorah,2026-04-23,2026-04-29,42,6,1|2|3|4|5|6,Glenorah_LTE_1|Glenorah_LTE_2|Glenorah_LTE_3|Glenorah_LTE_4|Glenorah_LTE_5|Glenorah_LTE_6,23851.9809,2981.4976,43.1287,53.5527,99.9998,97.4338,99.4524,0.8524,MAE raw KPI export
HRE-0039-Glenview Main,HRE-0039-Glenview Main,2026-04-23,2026-04-29,42,6,1|2|3|4|5|6,HRE-0039-Glen View Main_LTE_1|HRE-0039-Glen View Main_LTE_2|HRE-0039-Glen View Main_LTE_3|HRE-0039-Glen View Main_LTE_4|HRE-0039-Glen View Main_LTE_5|HRE-0039-Glen View Main_LTE_6,30479.8612,3809.9826,55.1455,54.2232,100.0,99.4375,99.4787,0.8326,MAE raw KPI export
HRE-0040-Glenview Tichagarika,HRE-0040-Glenview Tichagarika,2026-04-23,2026-04-29,42,6,1|2|3|4|5|6,Glenview Tichagarika_LTE_1|Glenview Tichagarika_LTE_2|Glenview Tichagarika_LTE_3|Glenview Tichagarika_LTE_4|Glenview Tichagarika_LTE_5|Glenview Tichagarika_LTE_6,63207.7032,7900.9629,72.2868,78.5398,100.0,99.0555,99.6447,0.9814,MAE raw KPI export
HRE-0041-Good Hope,HRE-0041-Good Hope,2026-04-23,2026-04-29,42,6,1|2|3|4|5|6,Good_Hope_LTE_1|Good_Hope_LTE_2|Good_Hope_LTE_3|Good_Hope_LTE_4|Good_Hope_LTE_5|Good_Hope_LTE_6,33577.5437,4197.193,36.5863,51.7559,100.0,98.7652,99.668,0.442,MAE raw KPI export
HRE-0042-Kelvin Corner,HRE-0042-Kelvin Corner,2026-04-23,2026-04-29,42,6,1|2|3|4|5|6,Kelvin Corner_LTE_1|Kelvin Corner_LTE_2|Kelvin Corner_LTE_3|Kelvin Corner_LTE_4|Kelvin Corner_LTE_5|Kelvin Corner_LTE_6,8688.7241,1086.0905,13.4495,59.8074,100.0,97.7824,99.2019,2.1224,MAE raw KPI export
HRE-0052-CABS,HRE-0052-CABS,2026-04-23,2026-04-29,42,6,1|2|3|4|5|6,HRE-0052-CABS_LTE_1|HRE-0052-CABS_LTE_2|HRE-0052-CABS_LTE_3|HRE-0052-CABS_LTE_4|HRE-0052-CABS_LTE_5|HRE-0052-CABS_LTE_6,14509.6744,1813.7093,20.6266,42.5479,100.0,97.0372,98.8251,1.2865,MAE raw KPI export
HRE-0053-Club Chambers,HRE-0053-Club Chambers,2026-04-23,2026-04-29,42,6,1|2|3|4|5|6,HRE-0053-Club Chambers_LTE_1|HRE-0053-Club Chambers_LTE_2|HRE-0053-Club Chambers_LTE_3|HRE-0053-Club Chambers_LTE_4|HRE-0053-Club Chambers_LTE_5|HRE-0053-Club Chambers_LTE_6,18239.6092,2279.9511,26.433,53.7461,100.0,97.6502,99.2993,1.1056,MAE raw KPI export
HRE-0058-Fidelity Life Towers,HRE-0058-Fidelity Life Towers,2026-04-23,2026-04-29,42,6,1|2|3|4|5|6,Fidelity Life Towers_LTE_1|Fidelity Life Towers_LTE_2|Fidelity Life Towers_LTE_3|Fidelity Life Towers_LTE_4|Fidelity Life Towers_LTE_5|Fidelity Life Towers_LTE_6,13505.6921,1688.2115,23.5208,41.751,100.0,98.4519,99.393,2.0336,MAE raw KPI export
HRE-0060-Harare NRZ,HRE-0060-Harare NRZ,2026-04-23,2026-04-29,42,6,1|2|3|4|5|6,NRZ Seke Road_LTE_1|NRZ Seke Road_LTE_2|NRZ Seke Road_LTE_3|NRZ Seke Road_LTE_4|NRZ Seke Road_LTE_5|NRZ Seke Road_LTE_6,29741.2063,3717.6508,33.7811,56.4471,100.0,98.7766,99.3416,1.56,MAE raw KPI export
HRE-0065-Chelmscote Mansions,HRE-0065-Chelmscote Mansions,2026-04-23,2026-04-29,42,6,1|2|3|4|5|6,HRE-0065-Chelmscote Mansions_LTE_1|HRE-0065-Chelmscote Mansions_LTE_2|HRE-0065-Chelmscote Mansions_LTE_3|HRE-0065-Chelmscote Mansions_LTE_4|HRE-0065-Chelmscote Mansions_LTE_5|HRE-0065-Chelmscote Mansions_LTE_6,26946.2662,3368.2833,30.9844,52.9206,100.0,98.7734,99.695,0.7467,MAE raw KPI export
HRE-0066-LAPF House,HRE-0066-LAPF House,2026-04-23,2026-04-29,42,6,1|2|3|4|5|6,HRE-0066-LAPF House_LTE_1|HRE-0066-LAPF House_LTE_2|HRE-0066-LAPF House_LTE_3|HRE-0066-LAPF House_LTE_4|HRE-0066-LAPF House_LTE_5|HRE-0066-LAPF House_LTE_6,19262.1191,2407.7649,28.483,47.6441,99.9999,98.48,99.4998,1.3276,MAE raw KPI export
HRE-0080-Throgmorton,HRE-0080-Throgmorton,2026-04-23,2026-04-29,42,6,1|2|3|4|5|6,Throgmorton_LTE_1|Throgmorton_LTE_2|Throgmorton_LTE_3|Throgmorton_LTE_4|Throgmorton_LTE_5|Throgmorton_LTE_6,11146.3474,1393.2934,19.6167,47.0496,100.0,97.4292,99.1456,1.9143,MAE raw KPI export
HRE-0082-Warwick House,HRE-0082-Warwick House,2026-04-23,2026-04-29,42,6,1|2|3|4|5|6,Warwick House_LTE_1|Warwick House_LTE_2|Warwick House_LTE_3|Warwick House_LTE_4|Warwick House_LTE_5|Warwick House_LTE_6,17277.6339,2159.7042,26.3919,52.7947,100.0,97.2751,98.6128,2.3629,MAE raw KPI export
HRE-0083-Wimbeldon Court,HRE-0083-Wimbeldon Court,2026-04-23,2026-04-29,42,6,1|2|3|4|5|6,Wimbeldon Court_LTE_1|Wimbeldon Court_LTE_2|Wimbeldon Court_LTE_3|Wimbeldon Court_LTE_4|Wimbeldon Court_LTE_5|Wimbeldon Court_LTE_6,25664.7658,3208.0957,40.418,51.0178,100.0,98.196,99.5807,1.1685,MAE raw KPI export
HRE-0088-Hatfield Harare Drive,HRE-0088-Hatfield Harare Drive,2026-04-23,2026-04-29,42,6,1|2|3|4|5|6,Hatfield_LTE_1|Hatfield_LTE_2|Hatfield_LTE_3|Hatfield_LTE_4|Hatfield_LTE_5|Hatfield_LTE_6,40984.3179,5123.0397,48.7858,56.2374,100.0,96.4377,99.6399,0.6901,MAE raw KPI export
HRE-0089-Kentucky,HRE-0089-Kentucky,2026-04-23,2026-04-29,42,6,1|2|3|4|5|6,HRE-0089-Kentucky_LTE_1|HRE-0089-Kentucky_LTE_2|HRE-0089-Kentucky_LTE_3|HRE-0089-Kentucky_LTE_4|HRE-0089-Kentucky_LTE_5|HRE-0089-Kentucky_LTE_6,29459.8602,3682.4825,40.4536,56.1448,100.0,98.34,99.7976,0.7821,MAE raw KPI export
HRE-0090-Phoenix,HRE-0090-Phoenix,2026-04-23,2026-04-29,42,6,1|2|3|4|5|6,Phoenix_LTE_1|Phoenix_LTE_2|Phoenix_LTE_3|Phoenix_LTE_4|Phoenix_LTE_5|Phoenix_LTE_6,25240.1362,3155.017,33.5771,51.0548,100.0,97.0215,99.6244,1.513,MAE raw KPI export
HRE-0092-Machipisa,HRE-0092-Machipisa,2026-04-23,2026-04-29,42,6,1|2|3|4|5|6,Machipisa_LTE_1|Machipisa_LTE_2|Machipisa_LTE_3|Machipisa_LTE_4|Machipisa_LTE_5|Machipisa_LTE_6,34343.8206,4292.9776,50.9156,55.9644,100.0,98.7276,99.5466,0.9743,MAE raw KPI export
HRE-0093-Highglen,HRE-0093-Highglen,2026-04-23,2026-04-29,42,6,1|2|3|4|5|6,Highglen_LTE_1|Highglen_LTE_2|Highglen_LTE_3|Highglen_LTE_4|Highglen_LTE_5|Highglen_LTE_6,23378.9565,2922.3696,51.1245,49.089,100.0,98.5788,99.2241,1.8145,MAE raw KPI export
HRE-0096-Costain,HRE-0096-Costain,2026-04-23,2026-04-29,42,6,1|2|3|4|5|6,Costain_LTE_1|Costain_LTE_2|Costain_LTE_3|Costain_LTE_4|Costain_LTE_5|Costain_LTE_6,22162.7116,2770.3389,39.9275,50.3966,100.0,96.5905,98.8181,2.3916,MAE raw KPI export
HRE-0100-Kuwadzana 2,HRE-0100-Kuwadzana 2,2026-04-23,2026-04-29,42,6,1|2|3|4|5|6,Kuwadzana 2_LTE_1|Kuwadzana 2_LTE_2|Kuwadzana 2_LTE_3|Kuwadzana 2_LTE_4|Kuwadzana 2_LTE_5|Kuwadzana 2_LTE_6,31417.6333,3927.2042,56.3847,55.2247,100.0,99.4395,99.4584,1.2504,MAE raw KPI export
HRE-0101-Kuwadzana Extension,HRE-0101-Kuwadzana Extension,2026-04-23,2026-04-29,42,6,1|2|3|4|5|6,Kuwadzana Extension_LTE_1|Kuwadzana Extension_LTE_2|Kuwadzana Extension_LTE_3|Kuwadzana Extension_LTE_4|Kuwadzana Extension_LTE_5|Kuwadzana Extension_LTE_6,98594.6533,12324.3317,82.6768,87.4511,100.0,98.1631,99.6709,0.9837,MAE raw KPI export
HRE-0102-Kuwadzana Main,HRE-0102-Kuwadzana Main,2026-04-23,2026-04-29,42,6,1|2|3|4|5|6,Kuwadzana Main_LTE_1|Kuwadzana Main_LTE_2|Kuwadzana Main_LTE_3|Kuwadzana Main_LTE_4|Kuwadzana Main_LTE_5|Kuwadzana Main_LTE_6,62223.5436,7777.9429,71.1282,72.5324,100.0,98.4919,99.6709,1.7109,MAE raw KPI export
HRE-0103-Mabvuku,HRE-0103-Mabvuku,2026-04-23,2026-04-29,42,6,1|2|3|4|5|6,Mabvuku_LTE_1|Mabvuku_LTE_2|Mabvuku_LTE_3|Mabvuku_LTE_4|Mabvuku_LTE_5|Mabvuku_LTE_6,32395.9118,4049.489,45.4956,55.781,100.0,96.3966,99.2308,2.0163,MAE raw KPI export
HRE-0106-Marimba,HRE-0106-Marimba,2026-04-23,2026-04-29,42,6,1|2|3|4|5|6,Marimba_LTE_1|Marimba_LTE_2|Marimba_LTE_3|Marimba_LTE_4|Marimba_LTE_5|Marimba_LTE_6,15292.1952,1911.5244,46.2379,44.2292,100.0,97.4256,99.1539,2.1941,MAE raw KPI export
HRE-0109-Mbare,HRE-0109-Mbare,2026-04-23,2026-04-29,42,6,1|2|3|4|5|6,Mbare_LTE_1|Mbare_LTE_2|Mbare_LTE_3|Mbare_LTE_4|Mbare_LTE_5|Mbare_LTE_6,43120.0991,5390.0124,56.466,60.2793,100.0,99.2249,99.5982,0.9511,MAE raw KPI export
HRE-0124-Ruwa,HRE-0124-Ruwa,2026-04-23,2026-04-29,42,6,1|2|3|4|5|6,Ruwa_LTE_1|Ruwa_LTE_2|Ruwa_LTE_3|Ruwa_LTE_4|Ruwa_LTE_5|Ruwa_LTE_6,58562.8144,7320.3518,74.8174,72.0594,100.0,99.3255,99.5992,1.1521,MAE raw KPI export
HRE-0125-Southerton,HRE-0125-Southerton,2026-04-23,2026-04-29,42,6,1|2|3|4|5|6,Southerton_LTE_1|Southerton_LTE_2|Southerton_LTE_3|Southerton_LTE_4|Southerton_LTE_5|Southerton_LTE_6,15980.9441,1997.618,23.6475,50.9255,100.0,97.2063,99.5481,1.4835,MAE raw KPI export
HRE-0126-Sunningdale,HRE-0126-Sunningdale,2026-04-23,2026-04-29,42,6,1|2|3|4|5|6,Sunningdale_LTE_1|Sunningdale_LTE_2|Sunningdale_LTE_3|Sunningdale_LTE_4|Sunningdale_LTE_5|Sunningdale_LTE_6,33383.9348,4172.9919,39.8289,54.088,100.0,99.0391,99.6828,0.6169,MAE raw KPI export
HRE-0127-Tafara,HRE-0127-Tafara,2026-04-23,2026-04-29,42,6,1|2|3|4|5|6,Tafara_LTE_1|Tafara_LTE_2|Tafara_LTE_3|Tafara_LTE_4|Tafara_LTE_5|Tafara_LTE_6,38990.8567,4873.8571,52.1322,56.1508,100.0,98.9407,99.611,1.0648,MAE raw KPI export
HRE-0128-Kambuzuma Main,HRE-0128-Kambuzuma Main,2026-04-23,2026-04-29,42,6,1|2|3|4|5|6,Kambuzuma Main_LTE_1|Kambuzuma Main_LTE_2|Kambuzuma Main_LTE_3|Kambuzuma Main_LTE_4|Kambuzuma Main_LTE_5|Kambuzuma Main_LTE_6,29734.0756,3716.7595,48.0679,54.1362,100.0,99.3909,99.5411,1.0096,MAE raw KPI export
HRE-0130-Mereki,HRE-0130-Mereki,2026-04-23,2026-04-29,42,6,1|2|3|4|5|6,Mereki_LTE_1|Mereki_LTE_2|Mereki_LTE_3|Mereki_LTE_4|Mereki_LTE_5|Mereki_LTE_6,27147.7232,3393.4654,37.8712,51.3853,100.0,99.3264,99.6762,1.1595,MAE raw KPI export
HRE-0131-Warren Park,HRE-0131-Warren Park,2026-04-23,2026-04-29,42,6,1|2|3|4|5|6,Warren Park_LTE_1|Warren Park_LTE_2|Warren Park_LTE_3|Warren Park_LTE_4|Warren Park_LTE_5|Warren Park_LTE_6,28724.3308,3590.5413,45.4202,54.3282,100.0,98.9503,99.7113,0.6119,MAE raw KPI export
HRE-0132-Parktown,HRE-0132-Parktown,2026-04-23,2026-04-29,42,6,1|2|3|4|5|6,Parktown_LTE_1|Parktown_LTE_2|Parktown_LTE_3|Parktown_LTE_4|Parktown_LTE_5|Parktown_LTE_6,35483.2291,4435.4036,49.3747,67.7377,100.0,99.4133,99.7332,1.9441,MAE raw KPI export
HRE-0133-Prospect,HRE-0133-Prospect,2026-04-23,2026-04-29,42,6,1|2|3|4|5|6,Prospect_LTE_1|Prospect_LTE_2|Prospect_LTE_3|Prospect_LTE_4|Prospect_LTE_5|Prospect_LTE_6,28442.2916,3555.2865,39.262,52.8142,100.0,98.8375,99.6245,0.9765,MAE raw KPI export
HRE-0134-Waterfalls,HRE-0134-Waterfalls,2026-04-23,2026-04-29,42,6,1|2|3|4|5|6,Waterfalls_LTE_1|Waterfalls_LTE_2|Waterfalls_LTE_3|Waterfalls_LTE_4|Waterfalls_LTE_5|Waterfalls_LTE_6,27523.2972,3440.4122,45.681,63.5863,100.0,98.9694,99.7014,1.0364,MAE raw KPI export
HRE-0136-Westlea,HRE-0136-Westlea,2026-04-23,2026-04-29,42,6,1|2|3|4|5|6,Westlea_LTE_1|Westlea_LTE_2|Westlea_LTE_3|Westlea_LTE_4|Westlea_LTE_5|Westlea_LTE_6,31315.7543,3914.4693,45.3782,53.4075,100.0,98.3741,99.4802,1.0767,MAE raw KPI export
HRE-0140-Workington 2,HRE-0140-Workington 2,2026-04-23,2026-04-29,42,6,1|2|3|4|5|6,Workington 2_LTE_1|Workington 2_LTE_2|Workington 2_LTE_3|Workington 2_LTE_4|Workington 2_LTE_5|Workington 2_LTE_6,14105.4827,1763.1853,25.4527,44.7684,100.0,96.265,99.1232,1.4516,MAE raw KPI export
HRE-0141-Zimre Park,HRE-0141-Zimre Park,2026-04-23,2026-04-29,42,6,1|2|3|4|5|6,Zimre Park_LTE_1|Zimre Park_LTE_2|Zimre Park_LTE_3|Zimre Park_LTE_4|Zimre Park_LTE_5|Zimre Park_LTE_6,34443.8442,4305.4805,42.8815,57.9867,100.0,98.2541,99.5862,1.2787,MAE raw KPI export
HRE-0147-New Marimba Park,HRE-0147-New Marimba Park,2026-04-23,2026-04-29,42,6,1|2|3|4|5|6,HRE-0147-New Marimba Park_LTE_1|HRE-0147-New Marimba Park_LTE_2|HRE-0147-New Marimba Park_LTE_3|HRE-0147-New Marimba Park_LTE_4|HRE-0147-New Marimba Park_LTE_5|HRE-0147-New Marimba Park_LTE_6,34542.1829,4317.7729,53.8527,57.0475,100.0,99.0925,99.8808,0.8662,MAE raw KPI export
HRE-0154-Prospect 3,HRE-0154-Prospect 3,2026-04-23,2026-04-29,42,6,1|2|3|4|5|6,HRE-0154-Prospect 3_LTE_1|HRE-0154-Prospect 3_LTE_2|HRE-0154-Prospect 3_LTE_3|HRE-0154-Prospect 3_LTE_4|HRE-0154-Prospect 3_LTE_5|HRE-0154-Prospect 3_LTE_6,24243.7673,3030.4709,40.6691,54.0635,100.0,95.3076,99.5738,1.5041,MAE raw KPI export
HRE-0155-Crest Breeders,HRE-0155-Crest Breeders,2026-04-23,2026-04-29,42,6,1|2|3|4|5|6,Crest Breeders_LTE_1|Crest Breeders_LTE_2|Crest Breeders_LTE_3|Crest Breeders_LTE_4|Crest Breeders_LTE_5|Crest Breeders_LTE_6,55316.9491,6914.6186,62.47,62.4004,100.0,95.2724,99.4753,1.1461,MAE raw KPI export
HRE-0157-Dzivarasekwa Extension,HRE-0157-Dzivarasekwa Extension,2026-04-23,2026-04-29,42,6,1|2|3|4|5|6,Dzivarasekwa Extension_LTE_1|Dzivarasekwa Extension_LTE_2|Dzivarasekwa Extension_LTE_3|Dzivarasekwa Extension_LTE_4|Dzivarasekwa Extension_LTE_5|Dzivarasekwa Extension_LTE_6,57429.9755,7178.7469,71.5057,61.9697,100.0,99.1993,99.6549,0.7535,MAE raw KPI export
HRE-0158-Dzivarasekwa 1 School,HRE-0158-Dzivarasekwa 1 School,2026-04-23,2026-04-29,42,6,1|2|3|4|5|6,HRE-0158-Dzivarasekwa 1 School_LTE_1|HRE-0158-Dzivarasekwa 1 School_LTE_2|HRE-0158-Dzivarasekwa 1 School_LTE_3|HRE-0158-Dzivarasekwa 1 School_LTE_4|HRE-0158-Dzivarasekwa 1 School_LTE_5|HRE-0158-Dzivarasekwa 1 School_LTE_6,19168.5244,2396.0655,39.4918,48.6395,100.0,99.3675,99.6257,0.846,MAE raw KPI export
HRE-0162-Overspill,HRE-0162-Overspill,2026-04-23,2026-04-29,42,6,1|2|3|4|5|6,HRE-0162-Overspill_LTE_1|HRE-0162-Overspill_LTE_2|HRE-0162-Overspill_LTE_3|HRE-0162-Overspill_LTE_4|HRE-0162-Overspill_LTE_5|HRE-0162-Overspill_LTE_6,24782.9666,3097.8708,31.0975,54.1267,100.0,98.6092,99.2332,1.5052,MAE raw KPI export
HRE-0165-Glenview 7,HRE-0165-Glenview 7,2026-04-23,2026-04-29,42,6,1|2|3|4|5|6,Glenview 7_LTE_1|Glenview 7_LTE_2|Glenview 7_LTE_3|Glenview 7_LTE_4|Glenview 7_LTE_5|Glenview 7_LTE_6,29115.9098,3639.4887,60.3363,49.7605,100.0,98.3303,99.2956,1.4271,MAE raw KPI export
HRE-0197-Hatfield Widdecombe,HRE-0197-Hatfield Widdecombe,2026-04-23,2026-04-29,42,6,1|2|3|4|5|6,Widdecombe_LTE_1|Widdecombe_LTE_2|Widdecombe_LTE_3|Widdecombe_LTE_4|Widdecombe_LTE_5|Widdecombe_LTE_6,19585.8068,2448.2258,24.3261,52.3737,99.9999,98.9622,99.423,0.5968,MAE raw KPI export
HRE-0198-Maruta,HRE-0198-Maruta,2026-04-23,2026-04-29,42,6,1|2|3|4|5|6,Maruta_LTE_1|Maruta_LTE_2|Maruta_LTE_3|Maruta_LTE_4|Maruta_LTE_5|Maruta_LTE_6,33373.4201,4171.6775,38.651,53.5586,100.0,98.223,99.536,0.9867,MAE raw KPI export
HRE-0204-Kambuzuma 6,HRE-0204-Kambuzuma 6,2026-04-23,2026-04-29,42,6,1|2|3|4|5|6,HRE-0204-Kambuzuma 6_LTE_1|HRE-0204-Kambuzuma 6_LTE_2|HRE-0204-Kambuzuma 6_LTE_3|HRE-0204-Kambuzuma 6_LTE_4|HRE-0204-Kambuzuma 6_LTE_5|HRE-0204-Kambuzuma 6_LTE_6,29547.1293,3693.3912,55.0733,54.0111,100.0,98.9025,99.5271,1.2123,MAE raw KPI export
HRE-0216-Mhishi Shops,HRE-0216-Mhishi Shops,2026-04-23,2026-04-29,42,6,1|2|3|4|5|6,HRE-0216-Mhishi Shops_LTE_1|HRE-0216-Mhishi Shops_LTE_2|HRE-0216-Mhishi Shops_LTE_3|HRE-0216-Mhishi Shops_LTE_4|HRE-0216-Mhishi Shops_LTE_5|HRE-0216-Mhishi Shops_LTE_6,21341.8331,2667.7291,31.8341,47.9455,100.0,99.6784,99.7933,0.5864,MAE raw KPI export
HRE-0222-Rugare Shops,HRE-0222-Rugare Shops,2026-04-23,2026-04-29,42,6,1|2|3|4|5|6,Rugare_Shops_LTE_1|Rugare_Shops_LTE_2|Rugare_Shops_LTE_3|Rugare_Shops_LTE_4|Rugare_Shops_LTE_5|Rugare_Shops_LTE_6,35093.877,4386.7346,50.6466,56.9394,100.0,98.2288,99.5867,0.9841,MAE raw KPI export
HRE-0223-Ruwa Windsor Park,HRE-0223-Ruwa Windsor Park,2026-04-23,2026-04-29,42,6,1|2|3|4|5|6,Ruwa Windsor park_LTE_1|Ruwa Windsor park_LTE_2|Ruwa Windsor park_LTE_3|Ruwa Windsor park_LTE_4|Ruwa Windsor park_LTE_5|Ruwa Windsor park_LTE_6,34181.3473,4272.6684,46.2316,62.9027,100.0,99.4223,99.5446,1.3587,MAE raw KPI export
HRE-0226-Lord Malvern,HRE-0226-Lord Malvern,2026-04-23,2026-04-29,42,6,1|2|3|4|5|6,Lord Malvern_LTE_1|Lord Malvern_LTE_2|Lord Malvern_LTE_3|Lord Malvern_LTE_4|Lord Malvern_LTE_5|Lord Malvern_LTE_6,24387.0324,3048.3791,34.8166,52.5337,100.0,93.7822,99.2758,1.0285,MAE raw KPI export
HRE-0227-Agricura,HRE-0227-Agricura,2026-04-23,2026-04-29,42,6,1|2|3|4|5|6,Agricura_LTE_1|Agricura_LTE_2|Agricura_LTE_3|Agricura_LTE_4|Agricura_LTE_5|Agricura_LTE_6,14648.6205,1831.0776,18.9808,42.7204,100.0,98.4929,99.6978,0.6247,MAE raw KPI export
HRE-0240-Gwenyambira Mufakose,HRE-0240-Gwenyambira Mufakose,2026-04-23,2026-04-29,42,6,1|2|3|4|5|6,HRE-0240-Gwenyambira Mufakose_LTE_1|HRE-0240-Gwenyambira Mufakose_LTE_2|HRE-0240-Gwenyambira Mufakose_LTE_3|HRE-0240-Gwenyambira Mufakose_LTE_4|HRE-0240-Gwenyambira Mufakose_LTE_5|HRE-0240-Gwenyambira Mufakose_LTE_6,0.0,0.0,0.0,0.0,99.915,0.0,0.0,0.0,MAE raw KPI export
HRE-0246-Waterfalls Midlands,HRE-0246-Waterfalls Midlands,2026-04-23,2026-04-29,42,6,1|2|3|4|5|6,HRE-0246-Waterfalls Midlands_LTE_1|HRE-0246-Waterfalls Midlands_LTE_2|HRE-0246-Waterfalls Midlands_LTE_3|HRE-0246-Waterfalls Midlands_LTE_4|HRE-0246-Waterfalls Midlands_LTE_5|HRE-0246-Waterfalls Midlands_LTE_6,26025.5543,3253.1943,43.6659,50.7894,100.0,98.2901,99.7238,1.1731,MAE raw KPI export
HRE-0249-Zimre Primary,HRE-0249-Zimre Primary,2026-04-23,2026-04-29,42,6,1|2|3|4|5|6,HRE-0249-Zimre Primary_LTE_1|HRE-0249-Zimre Primary_LTE_2|HRE-0249-Zimre Primary_LTE_3|HRE-0249-Zimre Primary_LTE_4|HRE-0249-Zimre Primary_LTE_5|HRE-0249-Zimre Primary_LTE_6,31544.0943,3943.0118,49.728,55.4193,100.0,99.2656,96.2856,0.8288,MAE raw KPI export
HRE-0250-Cold Comfort,HRE-0250-Cold Comfort,2026-04-23,2026-04-29,42,6,1|2|3|4|5|6,HRE-0250-Cold Comfort_LTE_1|HRE-0250-Cold Comfort_LTE_2|HRE-0250-Cold Comfort_LTE_3|HRE-0250-Cold Comfort_LTE_4|HRE-0250-Cold Comfort_LTE_5|HRE-0250-Cold Comfort_LTE_6,32351.7003,4043.9625,43.7297,60.6909,100.0,98.7318,99.7358,1.252,MAE raw KPI export
HRE-0251-Hatfield Water Tanks,HRE-0251-Hatfield Water Tanks,2026-04-23,2026-04-29,42,6,1|2|3|4|5|6,HRE-0251-Hatfield Water Tanks_LTE_1|HRE-0251-Hatfield Water Tanks_LTE_2|HRE-0251-Hatfield Water Tanks_LTE_3|HRE-0251-Hatfield Water Tanks_LTE_4|HRE-0251-Hatfield Water Tanks_LTE_5|HRE-0251-Hatfield Water Tanks_LTE_6,24923.0625,3115.3828,36.5084,54.9695,100.0,99.0254,99.5929,2.0894,MAE raw KPI export
HRE-0264-Houghton Park,HRE-0264-Houghton Park,2026-04-23,2026-04-29,42,6,1|2|3|4|5|6,HRE-0264-Houghton Park_LTE_1|HRE-0264-Houghton Park_LTE_2|HRE-0264-Houghton Park_LTE_3|HRE-0264-Houghton Park_LTE_4|HRE-0264-Houghton Park_LTE_5|HRE-0264-Houghton Park_LTE_6,49583.788,6197.9735,64.907,59.9445,100.0,98.7791,99.657,0.7119,MAE raw KPI export
HRE-0266-Hatcliffe Extension,HRE-0266-Hatcliffe Extension,2026-04-23,2026-04-29,42,6,1|2|3|4|5|6,HRE-0266-Hatcliffe Extension_LTE_1|HRE-0266-Hatcliffe Extension_LTE_2|HRE-0266-Hatcliffe Extension_LTE_3|HRE-0266-Hatcliffe Extension_LTE_4|HRE-0266-Hatcliffe Extension_LTE_5|HRE-0266-Hatcliffe Extension_LTE_6,25453.07,3181.6337,37.3957,50.0137,99.9858,96.1309,88.7198,2.3446,MAE raw KPI export
HRE-0269-Hogerty Hill,HRE-0269-Hogerty Hill,2026-04-23,2026-04-29,42,6,1|2|3|4|5|6,HRE-0269-Hogerty Hill_LTE_1|HRE-0269-Hogerty Hill_LTE_2|HRE-0269-Hogerty Hill_LTE_3|HRE-0269-Hogerty Hill_LTE_4|HRE-0269-Hogerty Hill_LTE_5|HRE-0269-Hogerty Hill_LTE_6,23656.9031,2957.1129,30.9172,46.9532,100.0,96.9391,98.577,3.0049,MAE raw KPI export
HRE-0291-Budiriro 1,HRE-0291-Budiriro 1,2026-04-23,2026-04-29,42,6,1|2|3|4|5|6,HRE-0291-Budiriro 1_LTE_1|HRE-0291-Budiriro 1_LTE_2|HRE-0291-Budiriro 1_LTE_3|HRE-0291-Budiriro 1_LTE_4|HRE-0291-Budiriro 1_LTE_5|HRE-0291-Budiriro 1_LTE_6,8590.9768,1073.8721,12.0161,31.9788,100.0,98.2404,99.3879,1.4324,MAE raw KPI export
HRE-0297-Cheviot,HRE-0297-Cheviot,2026-04-23,2026-04-29,42,6,1|2|3|4|5|6,HRE-0297-Cheviot_LTE_1|HRE-0297-Cheviot_LTE_2|HRE-0297-Cheviot_LTE_3|HRE-0297-Cheviot_LTE_4|HRE-0297-Cheviot_LTE_5|HRE-0297-Cheviot_LTE_6,18487.3795,2310.9224,34.8185,49.9103,100.0,98.164,99.6773,1.3067,MAE raw KPI export
HRE-0298-Chipukutu Park,HRE-0298-Chipukutu Park,2026-04-23,2026-04-29,42,6,1|2|3|4|5|6,HRE-0298-Chipukutu Park_LTE_1|HRE-0298-Chipukutu Park_LTE_2|HRE-0298-Chipukutu Park_LTE_3|HRE-0298-Chipukutu Park_LTE_4|HRE-0298-Chipukutu Park_LTE_5|HRE-0298-Chipukutu Park_LTE_6,36689.9182,4586.2398,47.5087,56.1891,100.0,98.4761,99.675,0.6592,MAE raw KPI export
HRE-0303-Sally Mugabe Heights,HRE-0303-Sally Mugabe Heights,2026-04-23,2026-04-29,42,6,1|2|3|4|5|6,HRE-0303-Sally Mugabe Heights_LTE_1|HRE-0303-Sally Mugabe Heights_LTE_2|HRE-0303-Sally Mugabe Heights_LTE_3|HRE-0303-Sally Mugabe Heights_LTE_4|HRE-0303-Sally Mugabe Heights_LTE_5|HRE-0303-Sally Mugabe Heights_LTE_6,16784.6363,2098.0795,23.3599,49.3036,100.0,97.9009,99.2123,2.2588,MAE raw KPI export
HRE-0304-Damofalls,HRE-0304-Damofalls,2026-04-23,2026-04-29,42,6,1|2|3|4|5|6,Damofalls_LTE_1|Damofalls_LTE_2|Damofalls_LTE_3|Damofalls_LTE_4|Damofalls_LTE_5|Damofalls_LTE_6,69950.5031,8743.8129,73.8306,73.8166,100.0,99.4436,99.7742,0.7884,MAE raw KPI export
HRE-0311-Glen Norah B Chembira,HRE-0311-Glen Norah B Chembira,2026-04-23,2026-04-29,42,6,1|2|3|4|5|6,HRE-0311-Glen Norah B Chembira_LTE_1|HRE-0311-Glen Norah B Chembira_LTE_2|HRE-0311-Glen Norah B Chembira_LTE_3|HRE-0311-Glen Norah B Chembira_LTE_4|HRE-0311-Glen Norah B Chembira_LTE_5|HRE-0311-Glen Norah B Chembira_LTE_6,34490.5737,4311.3217,64.2611,53.8227,100.0,98.7343,99.365,1.3676,MAE raw KPI export
HRE-0316-Glenview No 6 School,HRE-0316-Glenview No 6 School,2026-04-23,2026-04-29,42,6,1|2|3|4|5|6,HRE-0316-Glenview No. 6 School_LTE_1|HRE-0316-Glenview No. 6 School_LTE_2|HRE-0316-Glenview No. 6 School_LTE_3|HRE-0316-Glenview No. 6 School_LTE_4|HRE-0316-Glenview No. 6 School_LTE_5|HRE-0316-Glenview No. 6 School_LTE_6,15343.7349,1917.9669,24.5221,52.4569,100.0,99.2147,99.6894,1.4052,MAE raw KPI export
HRE-0318-Goromonzi,HRE-0318-Goromonzi,2026-04-23,2026-04-29,42,6,1|2|3|4|5|6,HRE-0318-Goromonzi_LTE_1|HRE-0318-Goromonzi_LTE_2|HRE-0318-Goromonzi_LTE_3|HRE-0318-Goromonzi_LTE_4|HRE-0318-Goromonzi_LTE_5|HRE-0318-Goromonzi_LTE_6,428.1944,53.5243,1.5712,15.7163,100.0,85.6959,99.6595,3.3913,MAE raw KPI export
HRE-0320-Graniteside Kelvin South,HRE-0320-Graniteside Kelvin South,2026-04-23,2026-04-29,42,6,1|2|3|4|5|6,Graniteside Kelvin South_LTE_1|Graniteside Kelvin South_LTE_2|Graniteside Kelvin South_LTE_3|Graniteside Kelvin South_LTE_4|Graniteside Kelvin South_LTE_5|Graniteside Kelvin South_LTE_6,20525.9776,2565.7472,33.4327,52.2432,100.0,99.0051,99.608,1.1285,MAE raw KPI export
HRE-0322-Grobbie Park,HRE-0322-Grobbie Park,2026-04-23,2026-04-29,42,6,1|2|3|4|5|6,Grobbie Park_LTE_1|Grobbie Park_LTE_2|Grobbie Park_LTE_3|Grobbie Park_LTE_4|Grobbie Park_LTE_5|Grobbie Park_LTE_6,34945.7811,4368.2226,48.0728,60.2371,100.0,98.4775,99.6367,1.2716,MAE raw KPI export
HRE-0324-Hatcliffe 1 Primary School,HRE-0324-Hatcliffe 1 Primary School,2026-04-23,2026-04-29,42,6,1|2|3|4|5|6,Hatcliffe_Primary_LTE_1|Hatcliffe_Primary_LTE_2|Hatcliffe_Primary_LTE_3|Hatcliffe_Primary_LTE_4|Hatcliffe_Primary_LTE_5|Hatcliffe_Primary_LTE_6,77574.1701,9696.7713,75.3873,80.7618,100.0,99.6494,99.7223,0.6714,MAE raw KPI export
HRE-0325-Hatfield 2,HRE-0325-Hatfield 2,2026-04-23,2026-04-29,42,6,1|2|3|4|5|6,Hatfield 2_LTE_1|Hatfield 2_LTE_2|Hatfield 2_LTE_3|Hatfield 2_LTE_4|Hatfield 2_LTE_5|Hatfield 2_LTE_6,33235.1917,4154.399,43.8844,53.4542,100.0,97.7963,99.438,1.371,MAE raw KPI export
HRE-0327-Highfield Mastones,HRE-0327-Highfield Mastones,2026-04-23,2026-04-29,42,6,1|2|3|4|5|6,HRE-0327-Highfield Mastones_LTE_1|HRE-0327-Highfield Mastones_LTE_2|HRE-0327-Highfield Mastones_LTE_3|HRE-0327-Highfield Mastones_LTE_4|HRE-0327-Highfield Mastones_LTE_5|HRE-0327-Highfield Mastones_LTE_6,23305.7487,2913.2186,39.6468,52.8655,99.9997,97.6101,99.4949,0.8229,MAE raw KPI export
HRE-0333-Kuwadzana 1,HRE-0333-Kuwadzana 1,2026-04-23,2026-04-29,42,6,1|2|3|4|5|6,Kuwadzana 1_LTE_1|Kuwadzana 1_LTE_2|Kuwadzana 1_LTE_3|Kuwadzana 1_LTE_4|Kuwadzana 1_LTE_5|Kuwadzana 1_LTE_6,29662.4944,3707.8118,51.3166,53.6865,100.0,99.5235,99.598,1.3402,MAE raw KPI export
HRE-0336-Kuwadzana Roundabout,HRE-0336-Kuwadzana Roundabout,2026-04-23,2026-04-29,42,6,1|2|3|4|5|6,HRE-0336-Kuwadzana Roundabout_LTE_1|HRE-0336-Kuwadzana Roundabout_LTE_2|HRE-0336-Kuwadzana Roundabout_LTE_3|HRE-0336-Kuwadzana Roundabout_LTE_4|HRE-0336-Kuwadzana Roundabout_LTE_5|HRE-0336-Kuwadzana Roundabout_LTE_6,26902.0996,3362.7625,56.4928,53.98,100.0,98.7478,99.4641,1.7923,MAE raw KPI export
HRE-0346-Mt Pleasant Heights,HRE-0346-Mt Pleasant Heights,2026-04-23,2026-04-29,42,6,1|2|3|4|5|6,Mt Pleasant Heights_LTE_1|Mt Pleasant Heights_LTE_2|Mt Pleasant Heights_LTE_3|Mt Pleasant Heights_LTE_4|Mt Pleasant Heights_LTE_5|Mt Pleasant Heights_LTE_6,6328.2736,791.0342,8.2714,34.5309,99.9999,89.6622,98.0798,2.4966,MAE raw KPI export
HRE-0348-Mupedzanhamo,HRE-0348-Mupedzanhamo,2026-04-23,2026-04-29,42,6,1|2|3|4|5|6,Mupedzanhamo_LTE_1|Mupedzanhamo_LTE_2|Mupedzanhamo_LTE_3|Mupedzanhamo_LTE_4|Mupedzanhamo_LTE_5|Mupedzanhamo_LTE_6,13335.6215,1666.9527,21.9669,43.5091,100.0,98.1675,99.5078,1.3399,MAE raw KPI export
HRE-0351-Nkwisi Park,HRE-0351-Nkwisi Park,2026-04-23,2026-04-29,42,6,1|2|3|4|5|6,HRE-0351-Nkwisi Park_LTE_1|HRE-0351-Nkwisi Park_LTE_2|HRE-0351-Nkwisi Park_LTE_3|HRE-0351-Nkwisi Park_LTE_4|HRE-0351-Nkwisi Park_LTE_5|HRE-0351-Nkwisi Park_LTE_6,33130.9831,4141.3729,51.1093,53.5105,100.0,97.912,99.7136,0.7129,MAE raw KPI export
HRE-0356-Sanganayi Inn,HRE-0356-Sanganayi Inn,2026-04-23,2026-04-29,42,6,1|2|3|4|5|6,Sanganayi Inn_LTE_1|Sanganayi Inn_LTE_2|Sanganayi Inn_LTE_3|Sanganayi Inn_LTE_4|Sanganayi Inn_LTE_5|Sanganayi Inn_LTE_6,37372.827,4671.6034,39.1832,52.9464,100.0,96.6914,99.7231,1.1525,MAE raw KPI export
HRE-0368-Mufakose Tendai School,HRE-0368-Mufakose Tendai School,2026-04-23,2026-04-29,42,6,1|2|3|4|5|6,Mufakose Tendai School_LTE_1|Mufakose Tendai School_LTE_2|Mufakose Tendai School_LTE_3|Mufakose Tendai School_LTE_4|Mufakose Tendai School_LTE_5|Mufakose Tendai School_LTE_6,28469.6191,3558.7024,49.1284,54.4593,100.0,99.0042,99.6487,1.0723,MAE raw KPI export
HRE-0372-Warren Park 1B,HRE-0372-Warren Park 1B,2026-04-23,2026-04-29,42,6,1|2|3|4|5|6,HRE-0372-Warren Park 1B_LTE_1|HRE-0372-Warren Park 1B_LTE_2|HRE-0372-Warren Park 1B_LTE_3|HRE-0372-Warren Park 1B_LTE_4|HRE-0372-Warren Park 1B_LTE_5|HRE-0372-Warren Park 1B_LTE_6,28282.9789,3535.3724,30.0693,42.574,100.0,99.61,99.899,0.6665,MAE raw KPI export
HRE-0373-Warren Park D,HRE-0373-Warren Park D,2026-04-23,2026-04-29,42,6,1|2|3|4|5|6,HRE-0373-Warren Park D_LTE_1|HRE-0373-Warren Park D_LTE_2|HRE-0373-Warren Park D_LTE_3|HRE-0373-Warren Park D_LTE_4|HRE-0373-Warren Park D_LTE_5|HRE-0373-Warren Park D_LTE_6,28937.732,3617.2165,51.3891,48.5349,99.9992,99.2336,99.6298,0.8157,MAE raw KPI export
HRE-0382-Zesa Metering Centre,HRE-0382-Zesa Metering Centre,2026-04-23,2026-04-29,42,6,1|2|3|4|5|6,ZESA Metering_LTE_1|ZESA Metering_LTE_2|ZESA Metering_LTE_3|ZESA Metering_LTE_4|ZESA Metering_LTE_5|ZESA Metering_LTE_6,8377.0241,1047.128,13.3474,36.0989,100.0,96.9383,99.4766,2.0866,MAE raw KPI export
HRE-0388-Mbare Musika 2,HRE-0388-Mbare Musika 2,2026-04-23,2026-04-29,42,6,1|2|3|4|5|6,Mbare Musika 2_LTE_1|Mbare Musika 2_LTE_2|Mbare Musika 2_LTE_3|Mbare Musika 2_LTE_4|Mbare Musika 2_LTE_5|Mbare Musika 2_LTE_6,28597.8552,3574.7319,39.8161,51.6471,100.0,98.9768,99.5248,1.1443,MAE raw KPI export
HRE-0490-Parktown Parkway Rd,HRE-0490-Parktown Parkway Rd,2026-04-23,2026-04-29,42,6,1|2|3|4|5|6,HRE-0490-Parktown Parkway Road_LTE_1|HRE-0490-Parktown Parkway Road_LTE_2|HRE-0490-Parktown Parkway Road_LTE_3|HRE-0490-Parktown Parkway Road_LTE_4|HRE-0490-Parktown Parkway Road_LTE_5|HRE-0490-Parktown Parkway Road_LTE_6,19816.4358,2477.0545,35.7377,46.1018,100.0,98.733,99.3525,1.0047,MAE raw KPI export
HRE-0491-Granary,HRE-0491-Granary,2026-04-23,2026-04-29,42,6,1|2|3|4|5|6,HRE-0491-Granary_LTE_1|HRE-0491-Granary_LTE_2|HRE-0491-Granary_LTE_3|HRE-0491-Granary_LTE_4|HRE-0491-Granary_LTE_5|HRE-0491-Granary_LTE_6,813.4809,101.6851,5.4692,8.0894,99.9168,13.8974,14.226,0.1255,MAE raw KPI export
HRE-0492-Whitecliff,HRE-0492-Whitecliff,2026-04-23,2026-04-29,42,6,1|2|3|4|5|6,HRE-0492-Whitecliff_LTE_1|HRE-0492-Whitecliff_LTE_2|HRE-0492-Whitecliff_LTE_3|HRE-0492-Whitecliff_LTE_4|HRE-0492-Whitecliff_LTE_5|HRE-0492-Whitecliff_LTE_6,17958.8278,2244.8535,30.4795,46.3554,100.0,99.2371,99.6167,0.8308,MAE raw KPI export
HRE-0546-Adelaide Park (Rockview),HRE-0546-Adelaide Park (Rockview),2026-04-23,2026-04-29,42,6,1|2|3|4|5|6,HRE-0546-Adelaide Park_LTE_1|HRE-0546-Adelaide Park_LTE_2|HRE-0546-Adelaide Park_LTE_3|HRE-0546-Adelaide Park_LTE_4|HRE-0546-Adelaide Park_LTE_5|HRE-0546-Adelaide Park_LTE_6,36543.2277,4567.9035,48.2543,63.8202,100.0,97.7633,99.6267,1.273,MAE raw KPI export
HRE-0559-Epworth Domboramwari,HRE-0559-Epworth Domboramwari,2026-04-23,2026-04-29,42,6,1|2|3|4|5|6,HRE-0559-Epworth Domboramwari_LTE_1|HRE-0559-Epworth Domboramwari_LTE_2|HRE-0559-Epworth Domboramwari_LTE_3|HRE-0559-Epworth Domboramwari_LTE_4|HRE-0559-Epworth Domboramwari_LTE_5|HRE-0559-Epworth Domboramwari_LTE_6,15908.7807,1988.5976,25.6464,45.6309,100.0,97.7311,99.1746,1.652,MAE raw KPI export
HRE-0595-Rydale Ridge,HRE-0595-Rydale Ridge,2026-04-23,2026-04-29,42,6,1|2|3|4|5|6,Rydale Ridge_LTE_1|Rydale Ridge_LTE_2|Rydale Ridge_LTE_3|Rydale Ridge_LTE_4|Rydale Ridge_LTE_5|Rydale Ridge_LTE_6,71481.7894,8935.2237,72.501,68.4639,100.0,98.1818,99.62,1.0874,MAE raw KPI export
HRE-0596-Marimba 2,HRE-0596-Marimba 2,2026-04-23,2026-04-29,42,6,1|2|3|4|5|6,HRE-0596-Marimba 2_LTE_1|HRE-0596-Marimba 2_LTE_2|HRE-0596-Marimba 2_LTE_3|HRE-0596-Marimba 2_LTE_4|HRE-0596-Marimba 2_LTE_5|HRE-0596-Marimba 2_LTE_6,10199.471,1274.9339,18.3017,35.9426,100.0,99.526,99.7962,0.7532,MAE raw KPI export
HRE-0606-Ruwa Runyararo Primary,HRE-0606-Ruwa Runyararo Primary,2026-04-23,2026-04-29,42,6,1|2|3|4|5|6,HRE-0606-Ruwa Runyararo Primary_LTE_1|HRE-0606-Ruwa Runyararo Primary_LTE_2|HRE-0606-Ruwa Runyararo Primary_LTE_3|HRE-0606-Ruwa Runyararo Primary_LTE_4|HRE-0606-Ruwa Runyararo Primary_LTE_5|HRE-0606-Ruwa Runyararo Primary_LTE_6,22031.8893,2753.9862,31.7511,48.273,99.9999,99.8047,99.6106,0.4618,MAE raw KPI export
HRE-0630-Budiriro 5 Shops,HRE-0630-Budiriro 5 Shops,2026-04-23,2026-04-29,42,6,1|2|3|4|5|6,HRE-0630-Budiriro 5 Shops_LTE_1|HRE-0630-Budiriro 5 Shops_LTE_2|HRE-0630-Budiriro 5 Shops_LTE_3|HRE-0630-Budiriro 5 Shops_LTE_4|HRE-0630-Budiriro 5 Shops_LTE_5|HRE-0630-Budiriro 5 Shops_LTE_6,43165.8029,5395.7254,65.6642,60.5657,100.0,98.948,99.4781,1.2976,MAE raw KPI export
HRE-0765-Womens University,HRE-0765-Womens University,2026-04-23,2026-04-29,42,6,1|2|3|4|5|6,HRE-0765-Womens University_LTE_1|HRE-0765-Womens University_LTE_2|HRE-0765-Womens University_LTE_3|HRE-0765-Womens University_LTE_4|HRE-0765-Womens University_LTE_5|HRE-0765-Womens University_LTE_6,9404.6463,1175.5808,9.7922,31.4836,100.0,98.375,99.8123,0.7444,MAE raw KPI export
HRE-0877-Ruwa Country Club,HRE-0877-Ruwa Country Club,2026-04-23,2026-04-29,42,6,1|2|3|4|5|6,HRE-0877-Ruwa Country Club_LTE_1|HRE-0877-Ruwa Country Club_LTE_2|HRE-0877-Ruwa Country Club_LTE_3|HRE-0877-Ruwa Country Club_LTE_4|HRE-0877-Ruwa Country Club_LTE_5|HRE-0877-Ruwa Country Club_LTE_6,10127.8631,1265.9829,20.8943,33.6286,100.0,94.8749,97.6097,4.8478,MAE raw KPI export
HRE-0973-Southlea 2,HRE-0973-Southlea 2,2026-04-23,2026-04-29,42,6,1|2|3|4|5|6,HRE-0973-Southlea 2_LTE_1|HRE-0973-Southlea 2_LTE_2|HRE-0973-Southlea 2_LTE_3|HRE-0973-Southlea 2_LTE_4|HRE-0973-Southlea 2_LTE_5|HRE-0973-Southlea 2_LTE_6,39046.1688,4880.7711,56.5873,61.2724,100.0,97.5833,99.4194,1.022,MAE raw KPI export
HRE-5063-Sam Levys ex-Borrowdale,HRE-5063-Sam Levys ex-Borrowdale,2026-04-23,2026-04-29,42,6,1|2|3|4|5|6,Borrowdale_LTE_1|Borrowdale_LTE_2|Borrowdale_LTE_3|Borrowdale_LTE_4|Borrowdale_LTE_5|Borrowdale_LTE_6,4901.6367,612.7046,9.7773,35.8891,100.0,97.93,97.8931,4.9787,MAE raw KPI export
HRE1043-CABS Budiriro,HRE1043-CABS Budiriro,2026-04-23,2026-04-29,42,6,1|2|3|4|5|6,HRE1043-CABS Budiriro_LTE_1|HRE1043-CABS Budiriro_LTE_2|HRE1043-CABS Budiriro_LTE_3|HRE1043-CABS Budiriro_LTE_4|HRE1043-CABS Budiriro_LTE_5|HRE1043-CABS Budiriro_LTE_6,48870.0132,6108.7517,65.6282,59.0395,99.9997,97.8376,99.6967,0.6427,MAE raw KPI export
MAN-0006-Chipinge,MAN-0006-Chipinge,2026-04-23,2026-04-29,42,6,1|2|3|4|5|6,MAN-0006-Chipinge_LTE_1|MAN-0006-Chipinge_LTE_2|MAN-0006-Chipinge_LTE_3|MAN-0006-Chipinge_LTE_4|MAN-0006-Chipinge_LTE_5|MAN-0006-Chipinge_LTE_6,19947.9136,2493.4892,39.2167,51.1869,100.0,98.889,98.3457,1.9671,MAE raw KPI export
MAN-0015-Cecil Kopje,MAN-0015-Cecil Kopje,2026-04-23,2026-04-29,42,6,1|2|3|4|5|6,Cecil Kopje_LTE_1|Cecil Kopje_LTE_2|Cecil Kopje_LTE_3|Cecil Kopje_LTE_4|Cecil Kopje_LTE_5|Cecil Kopje_LTE_6,7987.2642,998.408,16.2945,41.8445,100.0,91.4113,99.0707,3.2738,MAE raw KPI export
MAN-0016-Chikanga,MAN-0016-Chikanga,2026-04-23,2026-04-29,42,6,1|2|3|4|5|6,Chikanga_LTE_1|Chikanga_LTE_2|Chikanga_LTE_3|Chikanga_LTE_4|Chikanga_LTE_5|Chikanga_LTE_6,27756.6989,3469.5874,38.0066,53.5388,100.0,99.689,99.5179,1.0181,MAE raw KPI export
MAN-0017-Chikanga 2,MAN-0017-Chikanga 2,2026-04-23,2026-04-29,42,6,1|2|3|4|5|6,Chikanga 2_LTE_1|Chikanga 2_LTE_2|Chikanga 2_LTE_3|Chikanga 2_LTE_4|Chikanga 2_LTE_5|Chikanga 2_LTE_6,9975.8729,1246.9841,17.9415,40.4829,100.0,99.2109,99.5561,1.2953,MAE raw KPI export
MAN-0018-Dangamvura 2,MAN-0018-Dangamvura 2,2026-04-23,2026-04-29,42,6,1|2|3|4|5|6,Dangamvura_2_LTE_1|Dangamvura_2_LTE_2|Dangamvura_2_LTE_3|Dangamvura_2_LTE_4|Dangamvura_2_LTE_5|Dangamvura_2_LTE_6,38143.331,4767.9164,53.2775,57.2588,100.0,99.6467,99.1941,1.0485,MAE raw KPI export
MAN-0019-Dangamvura St Paul Catholic,MAN-0019-Dangamvura St Paul Catholic,2026-04-23,2026-04-29,42,6,1|2|3|4|5|6,Dangamvura St Pauls_LTE_1|Dangamvura St Pauls_LTE_2|Dangamvura St Pauls_LTE_3|Dangamvura St Pauls_LTE_4|Dangamvura St Pauls_LTE_5|Dangamvura St Pauls_LTE_6,18911.3666,2363.9208,34.1637,49.1583,100.0,99.442,99.2168,1.2267,MAE raw KPI export
MAN-0024-Hobhouse,MAN-0024-Hobhouse,2026-04-23,2026-04-29,42,6,1|2|3|4|5|6,Hobhouse_LTE_1|Hobhouse_LTE_2|Hobhouse_LTE_3|Hobhouse_LTE_4|Hobhouse_LTE_5|Hobhouse_LTE_6,25084.7904,3135.5988,36.7273,53.8309,100.0,99.0269,99.3795,1.2999,MAE raw KPI export
MAN-0025-Morningside,MAN-0025-Morningside,2026-04-23,2026-04-29,42,6,1|2|3|4|5|6,Morningside_LTE_1|Morningside_LTE_2|Morningside_LTE_3|Morningside_LTE_4|Morningside_LTE_5|Morningside_LTE_6,8824.2029,1103.0254,17.7888,42.8059,100.0,99.2643,99.362,1.7067,MAE raw KPI export
MAN-0027-Murambi,MAN-0027-Murambi,2026-04-23,2026-04-29,42,6,1|2|3|4|5|6,Murambi_LTE_1|Murambi_LTE_2|Murambi_LTE_3|Murambi_LTE_4|Murambi_LTE_5|Murambi_LTE_6,1194.99,149.3738,4.0658,17.8125,100.0,96.7181,97.9743,3.0213,MAE raw KPI export
MAN-0028-Murambi 2,MAN-0028-Murambi 2,2026-04-23,2026-04-29,42,6,1|2|3|4|5|6,MAN-0028-Murambi 2_LTE_1|MAN-0028-Murambi 2_LTE_2|MAN-0028-Murambi 2_LTE_3|MAN-0028-Murambi 2_LTE_4|MAN-0028-Murambi 2_LTE_5|MAN-0028-Murambi 2_LTE_6,6691.3597,836.42,10.9503,34.7935,100.0,98.9504,99.8645,0.6927,MAE raw KPI export
MAN-0032-Mutare Fidelity,MAN-0032-Mutare Fidelity,2026-04-23,2026-04-29,42,6,1|2|3|4|5|6,Mutare Fidelity_LTE_1|Mutare Fidelity_LTE_2|Mutare Fidelity_LTE_3|Mutare Fidelity_LTE_4|Mutare Fidelity_LTE_5|Mutare Fidelity_LTE_6,19924.9941,2490.6243,26.2997,51.0664,100.0,99.6093,99.3863,1.5218,MAE raw KPI export
MAN-0033-Mutare NRZ,MAN-0033-Mutare NRZ,2026-04-23,2026-04-29,42,6,1|2|3|4|5|6,Mutare NRZ_LTE_1|Mutare NRZ_LTE_2|Mutare NRZ_LTE_3|Mutare NRZ_LTE_4|Mutare NRZ_LTE_5|Mutare NRZ_LTE_6,13362.9938,1670.3742,18.353,43.1541,100.0,99.3543,99.1801,2.2186,MAE raw KPI export
MAN-0037-Sakubva 2,MAN-0037-Sakubva 2,2026-04-23,2026-04-29,42,6,1|2|3|4|5|6,Sakubva 2_LTE_1|Sakubva 2_LTE_2|Sakubva 2_LTE_3|Sakubva 2_LTE_4|Sakubva 2_LTE_5|Sakubva 2_LTE_6,15808.6295,1976.0787,30.083,48.7916,100.0,98.3446,99.081,2.7517,MAE raw KPI export
MAN-0038-Yeovile,MAN-0038-Yeovile,2026-04-23,2026-04-29,42,6,1|2|3|4|5|6,Yeoville_LTE_1|Yeoville_LTE_2|Yeoville_LTE_3|Yeoville_LTE_4|Yeoville_LTE_5|Yeoville_LTE_6,11879.2235,1484.9029,19.3022,45.5682,100.0,98.2052,99.5704,1.4352,MAE raw KPI export
MAN-0042-Juliasdale,MAN-0042-Juliasdale,2026-04-23,2026-04-29,42,6,1|2|3|4|5|6,Juliasdale_LTE_1|Juliasdale_LTE_2|Juliasdale_LTE_3|Juliasdale_LTE_4|Juliasdale_LTE_5|Juliasdale_LTE_6,2690.4637,336.308,4.4054,24.9404,100.0,97.8045,99.4157,3.9894,MAE raw KPI export
MAN-0043-Nyanga Troutbeck,MAN-0043-Nyanga Troutbeck,2026-04-23,2026-04-29,42,6,1|2|3|4|5|6,Nyanga Troutbeck_LTE_1|Nyanga Troutbeck_LTE_2|Nyanga Troutbeck_LTE_3|Nyanga Troutbeck_LTE_4|Nyanga Troutbeck_LTE_5|Nyanga Troutbeck_LTE_6,2754.3681,344.296,4.6442,28.4428,100.0,96.8437,98.3322,3.8136,MAE raw KPI export
MAN-0044-Nyanga Town,MAN-0044-Nyanga Town,2026-04-23,2026-04-29,42,6,1|2|3|4|5|6,Nyanga_Town_LTE_1|Nyanga_Town_LTE_2|Nyanga_Town_LTE_3|Nyanga_Town_LTE_4|Nyanga_Town_LTE_5|Nyanga_Town_LTE_6,30490.6495,3811.3312,35.5888,58.4166,100.0,99.6001,99.1914,1.3533,MAE raw KPI export
MAN-0050-Tsanzaguru,MAN-0050-Tsanzaguru,2026-04-23,2026-04-29,42,6,1|2|3|4|5|6,MAN-0050-Tsanzaguru_LTE_1|MAN-0050-Tsanzaguru_LTE_2|MAN-0050-Tsanzaguru_LTE_3|MAN-0050-Tsanzaguru_LTE_4|MAN-0050-Tsanzaguru_LTE_5|MAN-0050-Tsanzaguru_LTE_6,112.2606,14.0326,1.1366,12.1732,100.0,93.7531,91.3773,7.1814,MAE raw KPI export
MAN-0051-Vhengere,MAN-0051-Vhengere,2026-04-23,2026-04-29,42,6,1|2|3|4|5|6,MAN-0051-Vhengere_LTE_1|MAN-0051-Vhengere_LTE_2|MAN-0051-Vhengere_LTE_3|MAN-0051-Vhengere_LTE_4|MAN-0051-Vhengere_LTE_5|MAN-0051-Vhengere_LTE_6,338.7132,42.3392,0.6926,6.0648,99.9465,40.0495,42.5533,1.1368,MAE raw KPI export
MAN-0074-Chikanga 3,MAN-0074-Chikanga 3,2026-04-23,2026-04-29,42,6,1|2|3|4|5|6,MAN-0074-Chikanga 3_LTE_1|MAN-0074-Chikanga 3_LTE_2|MAN-0074-Chikanga 3_LTE_3|MAN-0074-Chikanga 3_LTE_4|MAN-0074-Chikanga 3_LTE_5|MAN-0074-Chikanga 3_LTE_6,30404.9735,3800.6217,37.2482,60.4437,100.0,99.2893,99.396,2.0517,MAE raw KPI export
MAN-0077-Mutare Polytech,MAN-0077-Mutare Polytech,2026-04-23,2026-04-29,42,6,1|2|3|4|5|6,MAN-0077-Mutare Polytech_LTE_1|MAN-0077-Mutare Polytech_LTE_2|MAN-0077-Mutare Polytech_LTE_3|MAN-0077-Mutare Polytech_LTE_4|MAN-0077-Mutare Polytech_LTE_5|MAN-0077-Mutare Polytech_LTE_6,10912.9154,1364.1144,14.4055,47.1857,100.0,99.7165,99.734,0.968,MAE raw KPI export
MAN-0095-Rusape Mabvazuva,MAN-0095-Rusape Mabvazuva,2026-04-23,2026-04-29,42,6,1|2|3|4|5|6,MAN-0095-Rusape Mabvazuva_LTE_1|MAN-0095-Rusape Mabvazuva_LTE_2|MAN-0095-Rusape Mabvazuva_LTE_3|MAN-0095-Rusape Mabvazuva_LTE_4|MAN-0095-Rusape Mabvazuva_LTE_5|MAN-0095-Rusape Mabvazuva_LTE_6,1158.6453,144.8307,2.3528,16.2616,100.0,99.3552,99.7388,1.1953,MAE raw KPI export
MAN-0096-Rusape Hospital,MAN-0096-Rusape Hospital,2026-04-23,2026-04-29,42,6,1|2|3|4|5|6,Rusape Hospital_LTE_1|Rusape Hospital_LTE_2|Rusape Hospital_LTE_3|Rusape Hospital_LTE_4|Rusape Hospital_LTE_5|Rusape Hospital_LTE_6,3895.8102,486.9763,9.8393,36.0247,100.0,99.2553,99.1996,1.4401,MAE raw KPI export
MAN-0125-Mutare Greenside,MAN-0125-Mutare Greenside,2026-04-23,2026-04-29,42,6,1|2|3|4|5|6,MAN-0125-Greenside_LTE_1|MAN-0125-Greenside_LTE_2|MAN-0125-Greenside_LTE_3|MAN-0125-Greenside_LTE_4|MAN-0125-Greenside_LTE_5|MAN-0125-Greenside_LTE_6,22420.0489,2802.5061,29.6178,55.8609,100.0,98.5939,99.3843,1.8883,MAE raw KPI export
MAN-0134-Dangamvura 4,MAN-0134-Dangamvura 4,2026-04-23,2026-04-29,42,6,1|2|3|4|5|6,Dangamvura 4_LTE_1|Dangamvura 4_LTE_2|Dangamvura 4_LTE_3|Dangamvura 4_LTE_4|Dangamvura 4_LTE_5|Dangamvura 4_LTE_6,33358.876,4169.8595,53.3094,55.9609,100.0,99.653,99.3084,1.0978,MAE raw KPI export
MAN-0190-Africa University 2,MAN-0190-Africa University 2,2026-04-23,2026-04-29,42,6,1|2|3|4|5|6,Africa University 2_LTE_1|Africa University 2_LTE_2|Africa University 2_LTE_3|Africa University 2_LTE_4|Africa University 2_LTE_5|Africa University 2_LTE_6,2049.8325,256.2291,3.7397,22.1425,100.0,96.7262,98.0605,3.9712,MAE raw KPI export
MAN-0200-Chikanga Zaoga,MAN-0200-Chikanga Zaoga,2026-04-23,2026-04-29,42,6,1|2|3|4|5|6,MAN-0200-Chikanga Zaoga_LTE_1|MAN-0200-Chikanga Zaoga_LTE_2|MAN-0200-Chikanga Zaoga_LTE_3|MAN-0200-Chikanga Zaoga_LTE_4|MAN-0200-Chikanga Zaoga_LTE_5|MAN-0200-Chikanga Zaoga_LTE_6,12633.5717,1579.1965,16.6241,43.3212,100.0,99.1341,99.5043,1.3518,MAE raw KPI export
MAT-0001-Colleen Bawn,MAT-0001-Colleen Bawn,2026-04-23,2026-04-29,42,6,1|2|3|4|5|6,Colleen_Bawn_LTE_1|Colleen_Bawn_LTE_2|Colleen_Bawn_LTE_3|Colleen_Bawn_LTE_4|Colleen_Bawn_LTE_5|Colleen_Bawn_LTE_6,7262.4885,907.8111,9.8274,36.2682,100.0,97.3947,98.959,3.8418,MAE raw KPI export
MAT-0004-Hwange,MAT-0004-Hwange,2026-04-23,2026-04-29,42,6,1|2|3|4|5|6,Hwange_LTE_1|Hwange_LTE_2|Hwange_LTE_3|Hwange_LTE_4|Hwange_LTE_5|Hwange_LTE_6,12293.0405,1536.6301,16.004,43.0378,99.9999,99.466,99.4724,1.4263,MAE raw KPI export
MAT-0006-Lupane,MAT-0006-Lupane,2026-04-23,2026-04-29,42,6,1|2|3|4|5|6,MAT-0006-Lupane_LTE_1|MAT-0006-Lupane_LTE_2|MAT-0006-Lupane_LTE_3|MAT-0006-Lupane_LTE_4|MAT-0006-Lupane_LTE_5|MAT-0006-Lupane_LTE_6,14932.1447,1866.5181,17.984,51.4131,100.0,99.5098,99.5647,1.3084,MAE raw KPI export
MAT-0007-Hwange Baobab,MAT-0007-Hwange Baobab,2026-04-23,2026-04-29,42,6,1|2|3|4|5|6,MAT-0007-Hwange Baobab_LTE_1|MAT-0007-Hwange Baobab_LTE_2|MAT-0007-Hwange Baobab_LTE_3|MAT-0007-Hwange Baobab_LTE_4|MAT-0007-Hwange Baobab_LTE_5|MAT-0007-Hwange Baobab_LTE_6,25848.0594,3231.0074,32.8815,61.6953,100.0,98.4978,99.6325,1.1965,MAE raw KPI export
MAT-0008-Binga,MAT-0008-Binga,2026-04-23,2026-04-29,36,6,1|2|3|4|5|6,MAT-0008-Binga_LTE_1|MAT-0008-Binga_LTE_2|MAT-0008-Binga_LTE_3|MAT-0008-Binga_LTE_4|MAT-0008-Binga_LTE_5|MAT-0008-Binga_LTE_6,7513.8578,939.2322,21.0026,49.9953,99.9964,98.7657,98.9988,1.6224,MAE raw KPI export
MAT-0014-Gwanda CBD1,MAT-0014-Gwanda CBD1,2026-04-23,2026-04-29,42,6,1|2|3|4|5|6,Gwanda 2_LTE_1|Gwanda 2_LTE_2|Gwanda 2_LTE_3|Gwanda 2_LTE_4|Gwanda 2_LTE_5|Gwanda 2_LTE_6,18024.4638,2253.058,22.3609,51.7558,100.0,99.7217,99.6816,0.7745,MAE raw KPI export
MAT-0029-Tsholotsho,MAT-0029-Tsholotsho,2026-04-23,2026-04-29,42,6,1|2|3|4|5|6,MAT-0029-Tsholotsho_LTE_1|MAT-0029-Tsholotsho_LTE_2|MAT-0029-Tsholotsho_LTE_3|MAT-0029-Tsholotsho_LTE_4|MAT-0029-Tsholotsho_LTE_5|MAT-0029-Tsholotsho_LTE_6,15940.045,1992.5056,21.6294,43.9452,100.0,99.2671,99.645,1.2087,MAE raw KPI export
MAT-0035-Plumtree,MAT-0035-Plumtree,2026-04-23,2026-04-29,42,6,1|2|3|4|5|6,Plumtree_LTE_1|Plumtree_LTE_2|Plumtree_LTE_3|Plumtree_LTE_4|Plumtree_LTE_5|Plumtree_LTE_6,22099.7361,2762.467,26.404,55.6504,100.0,99.7821,99.6881,0.9787,MAE raw KPI export
MAT-0036-Chinotimba,MAT-0036-Chinotimba,2026-04-23,2026-04-29,42,6,1|2|3|4|5|6,Chinotimba_LTE_1|Chinotimba_LTE_2|Chinotimba_LTE_3|Chinotimba_LTE_4|Chinotimba_LTE_5|Chinotimba_LTE_6,18219.6922,2277.4615,30.3419,53.7625,99.9992,99.8014,99.7482,1.5355,MAE raw KPI export
MAT-0041-Vic Falls NRZ,MAT-0041-Vic Falls NRZ,2026-04-23,2026-04-29,42,6,1|2|3|4|5|6,Vic Falls NRZ_LTE_1|Vic Falls NRZ_LTE_2|Vic Falls NRZ_LTE_3|Vic Falls NRZ_LTE_4|Vic Falls NRZ_LTE_5|Vic Falls NRZ_LTE_6,10570.6036,1321.3255,15.1317,45.359,100.0,99.4658,99.3994,1.2714,MAE raw KPI export
MAT-0042-Vic Falls Main,MAT-0042-Vic Falls Main,2026-04-23,2026-04-29,42,6,1|2|3|4|5|6,MAT-0042-Victoria Falls Main_LTE_1|MAT-0042-Victoria Falls Main_LTE_2|MAT-0042-Victoria Falls Main_LTE_3|MAT-0042-Victoria Falls Main_LTE_4|MAT-0042-Victoria Falls Main_LTE_5|MAT-0042-Victoria Falls Main_LTE_6,18162.0184,2270.2523,25.0419,58.4581,100.0,99.0827,99.7029,1.075,MAE raw KPI export
MAT-0049-Beitbridge,MAT-0049-Beitbridge,2026-04-23,2026-04-29,42,6,1|2|3|4|5|6,Beitbridge_LTE_1|Beitbridge_LTE_2|Beitbridge_LTE_3|Beitbridge_LTE_4|Beitbridge_LTE_5|Beitbridge_LTE_6,29119.9117,3639.989,42.2255,54.9735,99.9998,99.5527,99.5597,0.9483,MAE raw KPI export
MAT-0050-Beitbridge Low Density,MAT-0050-Beitbridge Low Density,2026-04-23,2026-04-29,42,6,1|2|3|4|5|6,Beitbridge Low Density_LTE_1|Beitbridge Low Density_LTE_2|Beitbridge Low Density_LTE_3|Beitbridge Low Density_LTE_4|Beitbridge Low Density_LTE_5|Beitbridge Low Density_LTE_6,21709.8045,2713.7256,29.8364,51.4604,99.9998,99.8373,99.7186,0.787,MAE raw KPI export
MAT-0051-Dulibadzimu 2,MAT-0051-Dulibadzimu 2,2026-04-23,2026-04-29,42,6,1|2|3|4|5|6,MAT-0051-Dulibadzimu 2_LTE_1|MAT-0051-Dulibadzimu 2_LTE_2|MAT-0051-Dulibadzimu 2_LTE_3|MAT-0051-Dulibadzimu 2_LTE_4|MAT-0051-Dulibadzimu 2_LTE_5|MAT-0051-Dulibadzimu 2_LTE_6,27852.7233,3481.5904,44.3155,55.5791,99.9998,99.8072,99.627,0.7884,MAE raw KPI export
MAT-0054-Beitbridge NRZ,MAT-0054-Beitbridge NRZ,2026-04-23,2026-04-29,42,6,1|2|3|4|5|6,MAT0054-Beitbridge NRZ_LTE_1|MAT0054-Beitbridge NRZ_LTE_2|MAT0054-Beitbridge NRZ_LTE_3|MAT0054-Beitbridge NRZ_LTE_4|MAT0054-Beitbridge NRZ_LTE_5|MAT0054-Beitbridge NRZ_LTE_6,10809.9479,1351.2435,18.2357,45.4959,99.9998,99.4887,99.7642,1.6266,MAE raw KPI export
MAT-0115-Hwange Clidder,MAT-0115-Hwange Clidder,2026-04-23,2026-04-29,42,6,1|2|3|4|5|6,MAT-0115-Hwange Clidder_LTE_1|MAT-0115-Hwange Clidder_LTE_2|MAT-0115-Hwange Clidder_LTE_3|MAT-0115-Hwange Clidder_LTE_4|MAT-0115-Hwange Clidder_LTE_5|MAT-0115-Hwange Clidder_LTE_6,1.8222,0.2278,0.9437,11.1619,99.9992,93.3122,19.0476,0.5207,MAE raw KPI export
MAT-0116-Hwange Empumalanga,MAT-0116-Hwange Empumalanga,2026-04-23,2026-04-29,42,6,1|2|3|4|5|6,Hwange Empumalanga_LTE_1|Hwange Empumalanga_LTE_2|Hwange Empumalanga_LTE_3|Hwange Empumalanga_LTE_4|Hwange Empumalanga_LTE_5|Hwange Empumalanga_LTE_6,30349.6379,3793.7047,44.9237,57.0369,100.0,99.9059,99.7393,0.6165,MAE raw KPI export
MAT-0142-Vic Falls Mkosana,MAT-0142-Vic Falls Mkosana,2026-04-23,2026-04-29,42,6,1|2|3|4|5|6,MAT-0142-Mkhosana_LTE_1|MAT-0142-Mkhosana_LTE_2|MAT-0142-Mkhosana_LTE_3|MAT-0142-Mkhosana_LTE_4|MAT-0142-Mkhosana_LTE_5|MAT-0142-Mkhosana_LTE_6,33600.469,4200.0586,46.0076,58.3305,100.0,99.7894,99.7831,0.7811,MAE raw KPI export
MAT-0216-Beitbridge Dulibadzimu Ext,MAT-0216-Beitbridge Dulibadzimu Ext,2026-04-23,2026-04-29,42,6,1|2|3|4|5|6,MAT-0216-Beitbridge Dulibadzimu Ext_LTE_1|MAT-0216-Beitbridge Dulibadzimu Ext_LTE_2|MAT-0216-Beitbridge Dulibadzimu Ext_LTE_3|MAT-0216-Beitbridge Dulibadzimu Ext_LTE_4|MAT-0216-Beitbridge Dulibadzimu Ext_LTE_5|MAT-0216-Beitbridge Dulibadzimu Ext_LTE_6,22272.571,2784.0714,25.7669,55.357,99.9998,99.2819,99.7593,0.6618,MAE raw KPI export
MAT-0230-Beitbridge ZBC,MAT-0230-Beitbridge ZBC,2026-04-23,2026-04-29,42,6,1|2|3|4|5|6,MAT-0230-Beitbridge ZBC_LTE_1|MAT-0230-Beitbridge ZBC_LTE_2|MAT-0230-Beitbridge ZBC_LTE_3|MAT-0230-Beitbridge ZBC_LTE_4|MAT-0230-Beitbridge ZBC_LTE_5|MAT-0230-Beitbridge ZBC_LTE_6,8083.593,1010.4491,11.3187,38.6444,99.9998,98.33,99.7851,0.9072,MAE raw KPI export
MID-0001-Gweru Athlone,MID-0001-Gweru Athlone,2026-04-23,2026-04-29,42,6,1|2|3|4|5|6,Gweru Athlone_LTE_1|Gweru Athlone_LTE_2|Gweru Athlone_LTE_3|Gweru Athlone_LTE_4|Gweru Athlone_LTE_5|Gweru Athlone_LTE_6,6761.7337,845.2167,12.473,38.9624,100.0,98.7534,99.5267,1.535,MAE raw KPI export
MID-0005-Mambo,MID-0005-Mambo,2026-04-23,2026-04-29,42,6,1|2|3|4|5|6,MID-0005-Mambo_LTE_1|MID-0005-Mambo_LTE_2|MID-0005-Mambo_LTE_3|MID-0005-Mambo_LTE_4|MID-0005-Mambo_LTE_5|MID-0005-Mambo_LTE_6,3172.2841,396.5355,5.5853,25.2317,100.0,98.9832,99.6706,2.4673,MAE raw KPI export
MID-0007-Mkoba South,MID-0007-Mkoba South,2026-04-23,2026-04-29,42,6,1|2|3|4|5|6,Mkoba South_LTE_1|Mkoba South_LTE_2|Mkoba South_LTE_3|Mkoba South_LTE_4|Mkoba South_LTE_5|Mkoba South_LTE_6,20281.3551,2535.1694,29.2365,51.7123,100.0,99.4939,99.5946,1.1397,MAE raw KPI export
MID-0013-Senga,MID-0013-Senga,2026-04-23,2026-04-29,42,6,1|2|3|4|5|6,Senga_LTE_1|Senga_LTE_2|Senga_LTE_3|Senga_LTE_4|Senga_LTE_5|Senga_LTE_6,20223.2646,2527.9081,28.8617,57.5799,100.0,99.426,99.7151,0.6442,MAE raw KPI export
MID-0015-Lundi Park ex-Southdowns Ext,MID-0015-Lundi Park ex-Southdowns Ext,2026-04-23,2026-04-29,42,6,1|2|3|4|5|6,Southdowns Ext_LTE_1|Southdowns Ext_LTE_2|Southdowns Ext_LTE_3|Southdowns Ext_LTE_4|Southdowns Ext_LTE_5|Southdowns Ext_LTE_6,12953.9867,1619.2483,22.5698,49.284,99.9998,99.6668,99.9005,0.4662,MAE raw KPI export
MID-0018-Amaveni 2,MID-0018-Amaveni 2,2026-04-23,2026-04-29,42,6,1|2|3|4|5|6,Amaveni 2_LTE_1|Amaveni 2_LTE_2|Amaveni 2_LTE_3|Amaveni 2_LTE_4|Amaveni 2_LTE_5|Amaveni 2_LTE_6,23542.6846,2942.8356,29.1456,54.5854,100.0,99.8347,99.6443,0.7967,MAE raw KPI export
MID-0020-Kwekwe High,MID-0020-Kwekwe High,2026-04-23,2026-04-29,42,6,1|2|3|4|5|6,MID-0020-Kwekwe High_LTE_1|MID-0020-Kwekwe High_LTE_2|MID-0020-Kwekwe High_LTE_3|MID-0020-Kwekwe High_LTE_4|MID-0020-Kwekwe High_LTE_5|MID-0020-Kwekwe High_LTE_6,4340.0841,542.5105,7.255,30.6296,99.9999,98.8799,99.3798,2.7593,MAE raw KPI export
MID-0021-Mbizo,MID-0021-Mbizo,2026-04-23,2026-04-29,42,6,1|2|3|4|5|6,Mbizo_LTE_1|Mbizo_LTE_2|Mbizo_LTE_3|Mbizo_LTE_4|Mbizo_LTE_5|Mbizo_LTE_6,29269.7271,3658.7159,36.627,57.0308,100.0,99.6822,99.6281,0.9654,MAE raw KPI export
MID-0022-Mbizo 2,MID-0022-Mbizo 2,2026-04-23,2026-04-29,42,6,1|2|3|4|5|6,MID-0022-Mbizo 2_LTE_1|MID-0022-Mbizo 2_LTE_2|MID-0022-Mbizo 2_LTE_3|MID-0022-Mbizo 2_LTE_4|MID-0022-Mbizo 2_LTE_5|MID-0022-Mbizo 2_LTE_6,15205.0493,1900.6312,19.3663,50.4892,100.0,99.5385,99.7864,0.8054,MAE raw KPI export
MID-0023-Mbizo 3,MID-0023-Mbizo 3,2026-04-23,2026-04-29,42,6,1|2|3|4|5|6,MID-0023-Mbizo 3_LTE_1|MID-0023-Mbizo 3_LTE_2|MID-0023-Mbizo 3_LTE_3|MID-0023-Mbizo 3_LTE_4|MID-0023-Mbizo 3_LTE_5|MID-0023-Mbizo 3_LTE_6,18252.3985,2281.5498,29.7705,52.5668,100.0,99.7382,99.6878,1.0276,MAE raw KPI export
MID-0024-Msasa Park Kwekwe,MID-0024-Msasa Park Kwekwe,2026-04-23,2026-04-29,42,6,1|2|3|4|5|6,Msasa Park Kwekwe_LTE_1|Msasa Park Kwekwe_LTE_2|Msasa Park Kwekwe_LTE_3|Msasa Park Kwekwe_LTE_4|Msasa Park Kwekwe_LTE_5|Msasa Park Kwekwe_LTE_6,5855.881,731.9851,12.4332,42.8078,99.9999,99.3574,99.5683,1.9931,MAE raw KPI export
MID-0025-Kwekwe Polytechnic,MID-0025-Kwekwe Polytechnic,2026-04-23,2026-04-29,42,6,1|2|3|4|5|6,MID-0025-Kwekwe Polytechnic_LTE_1|MID-0025-Kwekwe Polytechnic_LTE_2|MID-0025-Kwekwe Polytechnic_LTE_3|MID-0025-Kwekwe Polytechnic_LTE_4|MID-0025-Kwekwe Polytechnic_LTE_5|MID-0025-Kwekwe Polytechnic_LTE_6,3680.9479,460.1185,6.1324,36.3836,99.9999,97.9841,99.5205,2.4958,MAE raw KPI export
MID-0026-Redcliff,MID-0026-Redcliff,2026-04-23,2026-04-29,42,6,1|2|3|4|5|6,Redcliff_LTE_1|Redcliff_LTE_2|Redcliff_LTE_3|Redcliff_LTE_4|Redcliff_LTE_5|Redcliff_LTE_6,13125.4739,1640.6842,23.2154,51.0644,100.0,99.1606,99.445,1.5794,MAE raw KPI export
MID-0027-Rutendo,MID-0027-Rutendo,2026-04-23,2026-04-29,42,6,1|2|3|4|5|6,Rutendo_LTE_1|Rutendo_LTE_2|Rutendo_LTE_3|Rutendo_LTE_4|Rutendo_LTE_5|Rutendo_LTE_6,21967.9464,2745.9933,41.1096,51.8629,100.0,99.8189,99.6536,0.7099,MAE raw KPI export
MID-0030-Kwekwe ZESA,MID-0030-Kwekwe ZESA,2026-04-23,2026-04-29,42,6,1|2|3|4|5|6,Kwekwe Zesa_LTE_1|Kwekwe Zesa_LTE_2|Kwekwe Zesa_LTE_3|Kwekwe Zesa_LTE_4|Kwekwe Zesa_LTE_5|Kwekwe Zesa_LTE_6,13172.9302,1646.6163,20.3466,46.8967,100.0,99.2919,99.3568,2.2297,MAE raw KPI export
MID-0034-Gweru Kopje,MID-0034-Gweru Kopje,2026-04-23,2026-04-29,42,6,1|2|3|4|5|6,Gweru Kopje_LTE_1|Gweru Kopje_LTE_2|Gweru Kopje_LTE_3|Gweru Kopje_LTE_4|Gweru Kopje_LTE_5|Gweru Kopje_LTE_6,5421.3421,677.6678,10.7298,37.9677,99.9998,97.7115,99.2582,2.1437,MAE raw KPI export
MID-0037-Kwekwe Chicago,MID-0037-Kwekwe Chicago,2026-04-23,2026-04-29,42,6,1|2|3|4|5|6,Kwekwe_LTE_1|Kwekwe_LTE_2|Kwekwe_LTE_3|Kwekwe_LTE_4|Kwekwe_LTE_5|Kwekwe_LTE_6,9430.3304,1178.7913,17.5967,51.1427,100.0,98.5328,99.5636,1.9668,MAE raw KPI export
MID-0042-Mkoba,MID-0042-Mkoba,2026-04-23,2026-04-29,42,6,1|2|3|4|5|6,MID-0042-Mkoba_LTE_1|MID-0042-Mkoba_LTE_2|MID-0042-Mkoba_LTE_3|MID-0042-Mkoba_LTE_4|MID-0042-Mkoba_LTE_5|MID-0042-Mkoba_LTE_6,23378.7172,2922.3396,34.8527,54.2604,100.0,99.8358,99.7152,0.63,MAE raw KPI export
MID-0051-Shurugwi,MID-0051-Shurugwi,2026-04-23,2026-04-29,42,6,1|2|3|4|5|6,Shurugwi_LTE_1|Shurugwi_LTE_2|Shurugwi_LTE_3|Shurugwi_LTE_4|Shurugwi_LTE_5|Shurugwi_LTE_6,19936.4575,2492.0572,26.0675,51.8493,99.9863,94.4496,94.6347,2.4115,MAE raw KPI export
MID-0053-Zvishavane Main,MID-0053-Zvishavane Main,2026-04-23,2026-04-29,42,6,1|2|3|4|5|6,MID-0053-Zvishavane Main_LTE_1|MID-0053-Zvishavane Main_LTE_2|MID-0053-Zvishavane Main_LTE_3|MID-0053-Zvishavane Main_LTE_4|MID-0053-Zvishavane Main_LTE_5|MID-0053-Zvishavane Main_LTE_6,49914.5598,6239.32,57.0739,71.5198,100.0,99.0902,99.6037,1.5252,MAE raw KPI export
MID-0054-Chinda Heights,MID-0054-Chinda Heights,2026-04-23,2026-04-29,42,6,1|2|3|4|5|6,Chinda Heights_LTE_1|Chinda Heights_LTE_2|Chinda Heights_LTE_3|Chinda Heights_LTE_4|Chinda Heights_LTE_5|Chinda Heights_LTE_6,9605.0093,1200.6262,22.0692,46.4898,100.0,99.3107,99.4831,1.1891,MAE raw KPI export
MID-0073-Gweru Ascot,MID-0073-Gweru Ascot,2026-04-23,2026-04-29,42,6,1|2|3|4|5|6,Ascot_LTE_1|Ascot_LTE_2|Ascot_LTE_3|Ascot_LTE_4|Ascot_LTE_5|Ascot_LTE_6,25571.6542,3196.4568,39.3096,53.5556,100.0,99.6337,99.6785,0.7828,MAE raw KPI export
MID-008-Mkoba 3,MID-008-Mkoba 3,2026-04-23,2026-04-29,42,6,1|2|3|4|5|6,Mkoba 3_LTE_1|Mkoba 3_LTE_2|Mkoba 3_LTE_3|Mkoba 3_LTE_4|Mkoba 3_LTE_5|Mkoba 3_LTE_6,22012.9081,2751.6135,45.0748,53.215,100.0,99.7255,99.7025,0.872,MAE raw KPI export
MID-0103-Gweru Chaplin,MID-0103-Gweru Chaplin,2026-04-23,2026-04-29,42,6,1|2|3|4|5|6,Gweru Chaplin_LTE_1|Gweru Chaplin_LTE_2|Gweru Chaplin_LTE_3|Gweru Chaplin_LTE_4|Gweru Chaplin_LTE_5|Gweru Chaplin_LTE_6,16315.9181,2039.4898,22.8907,49.0138,100.0,99.7815,99.8798,0.3801,MAE raw KPI export
MID-0104-Southview,MID-0104-Southview,2026-04-23,2026-04-29,42,6,1|2|3|4|5|6,MID-0104-Southview_LTE_1|MID-0104-Southview_LTE_2|MID-0104-Southview_LTE_3|MID-0104-Southview_LTE_4|MID-0104-Southview_LTE_5|MID-0104-Southview_LTE_6,3404.3558,425.5445,4.2549,26.1816,99.9998,99.9001,99.9688,0.2201,MAE raw KPI export
MID-0105-Dabuka,MID-0105-Dabuka,2026-04-23,2026-04-29,42,6,1|2|3|4|5|6,MID-0105-Dabuka_LTE_1|MID-0105-Dabuka_LTE_2|MID-0105-Dabuka_LTE_3|MID-0105-Dabuka_LTE_4|MID-0105-Dabuka_LTE_5|MID-0105-Dabuka_LTE_6,1607.298,200.9123,2.1845,17.1148,100.0,96.7551,98.2082,4.4648,MAE raw KPI export
MID-0117-Kwekwe Newtown,MID-0117-Kwekwe Newtown,2026-04-23,2026-04-29,42,6,1|2|3|4|5|6,MID-0117-Kwekwe Newtown_LTE_1|MID-0117-Kwekwe Newtown_LTE_2|MID-0117-Kwekwe Newtown_LTE_3|MID-0117-Kwekwe Newtown_LTE_4|MID-0117-Kwekwe Newtown_LTE_5|MID-0117-Kwekwe Newtown_LTE_6,6041.1098,755.1387,8.7642,36.5751,99.9999,99.1481,99.4961,2.2636,MAE raw KPI export
MID-0122-Redcliff Primary School,MID-0122-Redcliff Primary School,2026-04-23,2026-04-29,42,6,1|2|3|4|5|6,MID-0122-Redcliff Primary School_LTE_1|MID-0122-Redcliff Primary School_LTE_2|MID-0122-Redcliff Primary School_LTE_3|MID-0122-Redcliff Primary School_LTE_4|MID-0122-Redcliff Primary School_LTE_5|MID-0122-Redcliff Primary School_LTE_6,3638.8865,454.8608,6.6118,30.8628,100.0,99.8166,99.8481,0.7523,MAE raw KPI export
MID-0128-Mvuma Town,MID-0128-Mvuma Town,2026-04-23,2026-04-29,42,6,1|2|3|4|5|6,MID-0128-Mvuma Town_LTE_1|MID-0128-Mvuma Town_LTE_2|MID-0128-Mvuma Town_LTE_3|MID-0128-Mvuma Town_LTE_4|MID-0128-Mvuma Town_LTE_5|MID-0128-Mvuma Town_LTE_6,21735.7075,2716.9634,23.8858,54.8483,100.0,99.7122,99.5336,0.9832,MAE raw KPI export
MID-0155-Gweru Clan,MID-0155-Gweru Clan,2026-04-23,2026-04-29,42,6,1|2|3|4|5|6,Gweru Clan_LTE_1|Gweru Clan_LTE_2|Gweru Clan_LTE_3|Gweru Clan_LTE_4|Gweru Clan_LTE_5|Gweru Clan_LTE_6,2748.8489,343.6061,5.3888,30.4091,100.0,97.8134,99.4705,1.992,MAE raw KPI export
MID-0160-Frog Field Industries,MID-0160-Frog Field Industries,2026-04-23,2026-04-29,42,6,1|2|3|4|5|6,Frog Field Industries_LTE_1|Frog Field Industries_LTE_2|Frog Field Industries_LTE_3|Frog Field Industries_LTE_4|Frog Field Industries_LTE_5|Frog Field Industries_LTE_6,4895.526,611.9407,9.8109,39.0155,100.0,98.2479,99.4068,2.4317,MAE raw KPI export
MID-0168-Mkoba 17,MID-0168-Mkoba 17,2026-04-23,2026-04-29,42,6,1|2|3|4|5|6,MID-0168-Mkoba 17_LTE_1|MID-0168-Mkoba 17_LTE_2|MID-0168-Mkoba 17_LTE_3|MID-0168-Mkoba 17_LTE_4|MID-0168-Mkoba 17_LTE_5|MID-0168-Mkoba 17_LTE_6,8204.842,1025.6053,11.2289,34.8675,100.0,99.8521,99.8386,0.5798,MAE raw KPI export
MID-0169-Daylesford,MID-0169-Daylesford,2026-04-23,2026-04-29,42,6,1|2|3|4|5|6,MID-0169-Daylesford_LTE_1|MID-0169-Daylesford_LTE_2|MID-0169-Daylesford_LTE_3|MID-0169-Daylesford_LTE_4|MID-0169-Daylesford_LTE_5|MID-0169-Daylesford_LTE_6,3233.4681,404.1835,6.3553,37.3703,100.0,97.034,99.5494,1.1156,MAE raw KPI export
MID-0171-Redcliff 2,MID-0171-Redcliff 2,2026-04-23,2026-04-29,42,6,1|2|3|4|5|6,MID-0171-Redcliff 2_LTE_1|MID-0171-Redcliff 2_LTE_2|MID-0171-Redcliff 2_LTE_3|MID-0171-Redcliff 2_LTE_4|MID-0171-Redcliff 2_LTE_5|MID-0171-Redcliff 2_LTE_6,6678.9067,834.8633,12.359,34.6783,99.9987,99.7532,99.7715,0.6799,MAE raw KPI export
MID-0175-Gweru Northleigh,MID-0175-Gweru Northleigh,2026-04-23,2026-04-29,42,6,1|2|3|4|5|6,Gweru Northleigh_LTE_1|Gweru Northleigh_LTE_2|Gweru Northleigh_LTE_3|Gweru Northleigh_LTE_4|Gweru Northleigh_LTE_5|Gweru Northleigh_LTE_6,7827.1585,978.3948,17.9652,50.5321,100.0,99.1729,99.6126,1.2186,MAE raw KPI export
MID-0182-Haben Park,MID-0182-Haben Park,2026-04-23,2026-04-29,42,6,1|2|3|4|5|6,MID-0182-Haben Park_LTE_1|MID-0182-Haben Park_LTE_2|MID-0182-Haben Park_LTE_3|MID-0182-Haben Park_LTE_4|MID-0182-Haben Park_LTE_5|MID-0182-Haben Park_LTE_6,3468.2465,433.5308,5.595,28.366,99.9998,95.3783,99.6085,1.0633,MAE raw KPI export
MID-0183-Mbizo 5,MID-0183-Mbizo 5,2026-04-23,2026-04-29,42,6,1|2|3|4|5|6,MID-0183-Mbizo 5_LTE_1|MID-0183-Mbizo 5_LTE_2|MID-0183-Mbizo 5_LTE_3|MID-0183-Mbizo 5_LTE_4|MID-0183-Mbizo 5_LTE_5|MID-0183-Mbizo 5_LTE_6,1776.5913,222.0739,2.8463,11.1884,99.9465,42.0371,42.6855,0.3511,MAE raw KPI export
MID-0201-Midlands State University 2,MID-0201-Midlands State University 2,2026-04-23,2026-04-29,42,6,1|2|3|4|5|6,MID-0201-Midlands State University 2_LTE_1|MID-0201-Midlands State University 2_LTE_2|MID-0201-Midlands State University 2_LTE_3|MID-0201-Midlands State University 2_LTE_4|MID-0201-Midlands State University 2_LTE_5|MID-0201-Midlands State University 2_LTE_6,911.1215,113.8902,1.8039,17.5214,100.0,99.4712,99.8247,0.9632,MAE raw KPI export
MID-0215-Gweru Woodlands,MID-0215-Gweru Woodlands,2026-04-23,2026-04-29,42,6,1|2|3|4|5|6,MID-0215-Gweru Woodlands_1|MID-0215-Gweru Woodlands_2|MID-0215-Gweru Woodlands_3|MID-0215-Gweru Woodlands_4|MID-0215-Gweru Woodlands_5|MID-0215-Gweru Woodlands_6,2622.2178,327.7772,3.7158,19.4953,100.0,98.7612,99.679,1.2625,MAE raw KPI export
MSH-0002-Banket,MSH-0002-Banket,2026-04-23,2026-04-29,42,6,1|2|3|4|5|6,MSH-0002-Banket_LTE_1|MSH-0002-Banket_LTE_2|MSH-0002-Banket_LTE_3|MSH-0002-Banket_LTE_4|MSH-0002-Banket_LTE_5|MSH-0002-Banket_LTE_6,19997.0964,2499.637,30.8286,52.5106,100.0,98.684,99.2337,1.5607,MAE raw KPI export
MSH-0003-Beatrice,MSH-0003-Beatrice,2026-04-23,2026-04-29,42,6,1|2|3|4|5|6,MSH-0003-Beatrice_LTE_1|MSH-0003-Beatrice_LTE_2|MSH-0003-Beatrice_LTE_3|MSH-0003-Beatrice_LTE_4|MSH-0003-Beatrice_LTE_5|MSH-0003-Beatrice_LTE_6,25583.7602,3197.97,26.612,52.5465,100.0,98.9611,99.3835,1.1754,MAE raw KPI export
MSH-0013-Bindura Zaoga,MSH-0013-Bindura Zaoga,2026-04-23,2026-04-29,42,6,1|2|3|4|5|6,Bindura Zaoga_LTE_1|Bindura Zaoga_LTE_2|Bindura Zaoga_LTE_3|Bindura Zaoga_LTE_4|Bindura Zaoga_LTE_5|Bindura Zaoga_LTE_6,24826.5343,3103.3168,46.7215,48.9784,100.0,99.2044,99.3658,1.6525,MAE raw KPI export
MSH-0014-Chipadze,MSH-0014-Chipadze,2026-04-23,2026-04-29,42,6,1|2|3|4|5|6,MSH-0014-Chipadze_LTE_1|MSH-0014-Chipadze_LTE_2|MSH-0014-Chipadze_LTE_3|MSH-0014-Chipadze_LTE_4|MSH-0014-Chipadze_LTE_5|MSH-0014-Chipadze_LTE_6,47295.7759,5911.972,65.4068,69.6752,99.9999,99.4425,99.5855,1.4289,MAE raw KPI export
MSH-0019-Orange Groove 2,MSH-0019-Orange Groove 2,2026-04-23,2026-04-29,42,6,1|2|3|4|5|6,Orange Groove 2_LTE_1|Orange Groove 2_LTE_2|Orange Groove 2_LTE_3|Orange Groove 2_LTE_4|Orange Groove 2_LTE_5|Orange Groove 2_LTE_6,7438.9326,929.8666,16.7329,38.0646,100.0,98.5222,99.6347,0.8492,MAE raw KPI export
MSH-0020-Chegutu,MSH-0020-Chegutu,2026-04-23,2026-04-29,42,6,1|2|3|4|5|6,Chegutu_LTE_1|Chegutu_LTE_2|Chegutu_LTE_3|Chegutu_LTE_4|Chegutu_LTE_5|Chegutu_LTE_6,29561.3735,3695.1717,42.8413,55.5225,100.0,98.7687,99.3846,1.4251,MAE raw KPI export
MSH-0021-Chegutu Water Tanks,MSH-0021-Chegutu Water Tanks,2026-04-23,2026-04-29,42,6,1|2|3|4|5|6,MSH-0021-Chegutu Water Tanks_LTE_1|MSH-0021-Chegutu Water Tanks_LTE_2|MSH-0021-Chegutu Water Tanks_LTE_3|MSH-0021-Chegutu Water Tanks_LTE_4|MSH-0021-Chegutu Water Tanks_LTE_5|MSH-0021-Chegutu Water Tanks_LTE_6,0.0,0.0,0.0,0.0,99.915,0.0,0.0,0.0,MAE raw KPI export
MSH-0022-Chegutu High Density,MSH-0022-Chegutu High Density,2026-04-23,2026-04-29,42,6,1|2|3|4|5|6,MSH-0022-Chegutu High  Density_LTE_1|MSH-0022-Chegutu High  Density_LTE_2|MSH-0022-Chegutu High  Density_LTE_3|MSH-0022-Chegutu High  Density_LTE_4|MSH-0022-Chegutu High  Density_LTE_5|MSH-0022-Chegutu High  Density_LTE_6,21658.9329,2707.3666,35.2651,49.8487,100.0,98.5857,99.56,1.2931,MAE raw KPI export
MSH-0024-Chinhoyi Agribank,MSH-0024-Chinhoyi Agribank,2026-04-23,2026-04-29,42,6,1|2|3|4|5|6,MSH-0024-Chinhoyi Agribank _LTE_1|MSH-0024-Chinhoyi Agribank _LTE_2|MSH-0024-Chinhoyi Agribank _LTE_3|MSH-0024-Chinhoyi Agribank _LTE_4|MSH-0024-Chinhoyi Agribank _LTE_5|MSH-0024-Chinhoyi Agribank _LTE_6,18672.5844,2334.073,24.476,51.8008,99.9981,99.6209,99.3142,1.8438,MAE raw KPI export
MSH-0026-Chinhoyi Main,MSH-0026-Chinhoyi Main,2026-04-23,2026-04-29,42,6,1|2|3|4|5|6,Chinhoyi Main_LTE_1|Chinhoyi Main_LTE_2|Chinhoyi Main_LTE_3|Chinhoyi Main_LTE_4|Chinhoyi Main_LTE_5|Chinhoyi Main_LTE_6,22545.7361,2818.217,40.3417,50.1215,100.0,97.3858,94.9092,2.1196,MAE raw KPI export
MSH-0027-Mzari,MSH-0027-Mzari,2026-04-23,2026-04-29,42,6,1|2|3|4|5|6,Mzari_LTE_1|Mzari_LTE_2|Mzari_LTE_3|Mzari_LTE_4|Mzari_LTE_5|Mzari_LTE_6,5932.1033,741.5129,12.1915,37.8906,100.0,98.4182,99.7301,1.9364,MAE raw KPI export
MSH-0028-Lomagundi Primary,MSH-0028-Lomagundi Primary,2026-04-23,2026-04-29,42,6,1|2|3|4|5|6,Lomagundi Primary School_LTE_1|Lomagundi Primary School_LTE_2|Lomagundi Primary School_LTE_3|Lomagundi Primary School_LTE_4|Lomagundi Primary School_LTE_5|Lomagundi Primary School_LTE_6,20277.6158,2534.702,33.7976,55.7496,99.9995,99.3705,99.2438,1.5272,MAE raw KPI export
MSH-0036-Domboshava,MSH-0036-Domboshava,2026-04-23,2026-04-29,42,6,1|2|3|4|5|6,MSH-0036-Domboshava_LTE_1|MSH-0036-Domboshava_LTE_2|MSH-0036-Domboshava_LTE_3|MSH-0036-Domboshava_LTE_4|MSH-0036-Domboshava_LTE_5|MSH-0036-Domboshava_LTE_6,32003.3478,4000.4185,40.1336,55.2131,100.0,95.64,99.296,1.7587,MAE raw KPI export
MSH-0040-Glendale,MSH-0040-Glendale,2026-04-23,2026-04-29,42,6,1|2|3|4|5|6,MSH-0040-Glendale_LTE_1|MSH-0040-Glendale_LTE_2|MSH-0040-Glendale_LTE_3|MSH-0040-Glendale_LTE_4|MSH-0040-Glendale_LTE_5|MSH-0040-Glendale_LTE_6,20488.8521,2561.1065,31.0612,44.6805,100.0,98.4044,99.395,1.6048,MAE raw KPI export
MSH-0049-Kadoma Rimuka,MSH-0049-Kadoma Rimuka,2026-04-23,2026-04-29,42,6,1|2|3|4|5|6,Kadoma Rimuka_LTE_1|Kadoma Rimuka_LTE_2|Kadoma Rimuka_LTE_3|Kadoma Rimuka_LTE_4|Kadoma Rimuka_LTE_5|Kadoma Rimuka_LTE_6,19783.338,2472.9172,37.4553,47.9271,100.0,99.3965,99.5614,1.139,MAE raw KPI export
MSH-0050-Kadoma Rimuka 2,MSH-0050-Kadoma Rimuka 2,2026-04-23,2026-04-29,42,6,1|2|3|4|5|6,MSH-0050-Kadoma Rimuka 2_LTE_1|MSH-0050-Kadoma Rimuka 2_LTE_2|MSH-0050-Kadoma Rimuka 2_LTE_3|MSH-0050-Kadoma Rimuka 2_LTE_4|MSH-0050-Kadoma Rimuka 2_LTE_5|MSH-0050-Kadoma Rimuka 2_LTE_6,13431.3387,1678.9173,22.5681,41.7152,100.0,98.972,99.6567,0.7962,MAE raw KPI export
MSH-0051-Kadoma Water Tanks,MSH-0051-Kadoma Water Tanks,2026-04-23,2026-04-29,42,6,1|2|3|4|5|6,Kadoma Water Tanks_LTE_1|Kadoma Water Tanks_LTE_2|Kadoma Water Tanks_LTE_3|Kadoma Water Tanks_LTE_4|Kadoma Water Tanks_LTE_5|Kadoma Water Tanks_LTE_6,24669.3939,3083.6742,41.2375,55.1317,100.0,98.5438,99.3412,1.8286,MAE raw KPI export
MSH-0052-Mushumavale,MSH-0052-Mushumavale,2026-04-23,2026-04-29,42,6,1|2|3|4|5|6,Mushumavale_LTE_1|Mushumavale_LTE_2|Mushumavale_LTE_3|Mushumavale_LTE_4|Mushumavale_LTE_5|Mushumavale_LTE_6,12271.8373,1533.9797,24.4016,45.7461,100.0,98.8261,99.3429,1.6053,MAE raw KPI export
MSH-0056-Kariba Heights,MSH-0056-Kariba Heights,2026-04-23,2026-04-29,42,6,1|2|3|4|5|6,Kariba Heights_LTE_1|Kariba Heights_LTE_2|Kariba Heights_LTE_3|Kariba Heights_LTE_4|Kariba Heights_LTE_5|Kariba Heights_LTE_6,6362.4195,795.3024,13.9037,41.1641,99.998,99.3462,99.0378,1.8305,MAE raw KPI export
MSH-0057-Nyamhunga,MSH-0057-Nyamhunga,2026-04-23,2026-04-29,42,6,1|2|3|4|5|6,Nyamhunga Kariba_LTE_1|Nyamhunga Kariba_LTE_2|Nyamhunga Kariba_LTE_3|Nyamhunga Kariba_LTE_4|Nyamhunga Kariba_LTE_5|Nyamhunga Kariba_LTE_6,38946.0698,4868.2587,61.8486,54.9884,99.998,99.658,99.0731,1.5917,MAE raw KPI export
MSH-0058-Karoi,MSH-0058-Karoi,2026-04-23,2026-04-29,42,6,1|2|3|4|5|6,MSH0058-Karoi_LTE_1|MSH0058-Karoi_LTE_2|MSH0058-Karoi_LTE_3|MSH0058-Karoi_LTE_4|MSH0058-Karoi_LTE_5|MSH0058-Karoi_LTE_6,33677.1736,4209.6467,44.061,69.5602,100.0,98.3685,98.6418,2.153,MAE raw KPI export
MSH-0068-Dombotombo,MSH-0068-Dombotombo,2026-04-23,2026-04-29,42,6,1|2|3|4|5|6,Dombotombo 1_LTE_1|Dombotombo 1_LTE_2|Dombotombo 1_LTE_3|Dombotombo 1_LTE_4|Dombotombo 1_LTE_5|Dombotombo 1_LTE_6,34398.577,4299.8221,45.7594,56.5856,100.0,99.4136,99.022,1.528,MAE raw KPI export
MSH-0072-Rusike,MSH-0072-Rusike,2026-04-23,2026-04-29,42,6,1|2|3|4|5|6,Rusike_LTE_1|Rusike_LTE_2|Rusike_LTE_3|Rusike_LTE_4|Rusike_LTE_5|Rusike_LTE_6,28793.0163,3599.127,46.5885,54.9087,100.0,99.6726,99.5061,0.9311,MAE raw KPI export
MSH-0088-Mvurwi,MSH-0088-Mvurwi,2026-04-23,2026-04-29,42,6,1|2|3|4|5|6,MSH-0088-Mvurwi_LTE_1|MSH-0088-Mvurwi_LTE_2|MSH-0088-Mvurwi_LTE_3|MSH-0088-Mvurwi_LTE_4|MSH-0088-Mvurwi_LTE_5|MSH-0088-Mvurwi_LTE_6,21167.1043,2645.888,26.7364,51.7833,100.0,99.3311,99.488,1.454,MAE raw KPI export
MSH-0112-Bindura Hospital,MSH-0112-Bindura Hospital,2026-04-23,2026-04-29,42,6,1|2|3|4|5|6,MSH-0112-Bindura Hospital_LTE_1|MSH-0112-Bindura Hospital_LTE_2|MSH-0112-Bindura Hospital_LTE_3|MSH-0112-Bindura Hospital_LTE_4|MSH-0112-Bindura Hospital_LTE_5|MSH-0112-Bindura Hospital_LTE_6,27563.4915,3445.4364,41.5954,55.2587,100.0,99.0777,99.7009,0.8632,MAE raw KPI export
MSH-0117-Chikonohono,MSH-0117-Chikonohono,2026-04-23,2026-04-29,42,6,1|2|3|4|5|6,MSH-0117-Chikonohono_LTE_1|MSH-0117-Chikonohono_LTE_2|MSH-0117-Chikonohono_LTE_3|MSH-0117-Chikonohono_LTE_4|MSH-0117-Chikonohono_LTE_5|MSH-0117-Chikonohono_LTE_6,21641.8529,2705.2316,27.8027,47.688,99.9997,99.53,99.53,0.7781,MAE raw KPI export
MSH-0120-Chivhu 2,MSH-0120-Chivhu 2,2026-04-23,2026-04-29,42,6,1|2|3|4|5|6,MSH-0120-Chivhu 2_LTE_1|MSH-0120-Chivhu 2_LTE_2|MSH-0120-Chivhu 2_LTE_3|MSH-0120-Chivhu 2_LTE_4|MSH-0120-Chivhu 2_LTE_5|MSH-0120-Chivhu 2_LTE_6,21244.8397,2655.605,28.627,52.664,100.0,98.9228,99.2368,1.9825,MAE raw KPI export
MSH-0130-Kadoma Industries,MSH-0130-Kadoma Industries,2026-04-23,2026-04-29,42,6,1|2|3|4|5|6,Kadoma Industries_LTE_1|Kadoma Industries_LTE_2|Kadoma Industries_LTE_3|Kadoma Industries_LTE_4|Kadoma Industries_LTE_5|Kadoma Industries_LTE_6,1304.3175,163.0397,4.3603,19.7523,100.0,98.5589,99.2645,1.8961,MAE raw KPI export
MSH-0131-Nyamhunga 2,MSH-0131-Nyamhunga 2,2026-04-23,2026-04-29,42,6,1|2|3|4|5|6,MSH-0131-Nyamhunga 2_LTE_1|MSH-0131-Nyamhunga 2_LTE_2|MSH-0131-Nyamhunga 2_LTE_3|MSH-0131-Nyamhunga 2_LTE_4|MSH-0131-Nyamhunga 2_LTE_5|MSH-0131-Nyamhunga 2_LTE_6,9560.8054,1195.1007,20.3367,42.2295,99.998,99.4311,99.4177,2.2827,MAE raw KPI export
MSH-0132-Mahombekombe,MSH-0132-Mahombekombe,2026-04-23,2026-04-29,42,6,1|2|3|4|5|6,Mahombekombe_LTE_1|Mahombekombe_LTE_2|Mahombekombe_LTE_3|Mahombekombe_LTE_4|Mahombekombe_LTE_5|Mahombekombe_LTE_6,12498.9228,1562.3654,19.1652,32.2214,99.9704,66.1586,66.0704,1.23,MAE raw KPI export
MSH-0133-Karoi 2,MSH-0133-Karoi 2,2026-04-23,2026-04-29,42,6,1|2|3|4|5|6,MSH-0133-Karoi 2_LTE_1|MSH-0133-Karoi 2_LTE_2|MSH-0133-Karoi 2_LTE_3|MSH-0133-Karoi 2_LTE_4|MSH-0133-Karoi 2_LTE_5|MSH-0133-Karoi 2_LTE_6,33425.0229,4178.1279,44.057,55.0126,100.0,99.023,98.6548,1.6987,MAE raw KPI export
MSH-0136-Winston Park,MSH-0136-Winston Park,2026-04-23,2026-04-29,42,6,1|2|3|4|5|6,Winston Park Marondera_LTE_1|Winston Park Marondera_LTE_2|Winston Park Marondera_LTE_3|Winston Park Marondera_LTE_4|Winston Park Marondera_LTE_5|Winston Park Marondera_LTE_6,18497.9109,2312.2389,29.0052,52.2453,100.0,98.7538,99.2925,1.2958,MAE raw KPI export
MSH-0211-Trojan Mine 2,MSH-0211-Trojan Mine 2,2026-04-23,2026-04-29,42,6,1|2|3|4|5|6,MSH-0211-Trojan Mine 2_LTE_1|MSH-0211-Trojan Mine 2_LTE_2|MSH-0211-Trojan Mine 2_LTE_3|MSH-0211-Trojan Mine 2_LTE_4|MSH-0211-Trojan Mine 2_LTE_5|MSH-0211-Trojan Mine 2_LTE_6,33.2783,4.1598,0.424,5.7202,99.9465,41.8872,30.2437,4.882,MAE raw KPI export
MSH-0222-Magunje Centre,MSH-0222-Magunje Centre,2026-04-23,2026-04-29,42,6,1|2|3|4|5|6,MSH-0222-Magunje Centre_LTE_1|MSH-0222-Magunje Centre_LTE_2|MSH-0222-Magunje Centre_LTE_3|MSH-0222-Magunje Centre_LTE_4|MSH-0222-Magunje Centre_LTE_5|MSH-0222-Magunje Centre_LTE_6,20631.0706,2578.8838,27.8413,49.7023,100.0,98.7463,98.964,2.2595,MAE raw KPI export
MSH-0225-Murehwa Centre,MSH-0225-Murehwa Centre,2026-04-23,2026-04-29,42,6,1|2|3|4|5|6,MSH-0225-Murehwa Centre_LTE_1|MSH-0225-Murehwa Centre_LTE_2|MSH-0225-Murehwa Centre_LTE_3|MSH-0225-Murehwa Centre_LTE_4|MSH-0225-Murehwa Centre_LTE_5|MSH-0225-Murehwa Centre_LTE_6,30776.1491,3847.0186,35.9234,52.4257,100.0,98.3935,99.3751,1.4009,MAE raw KPI export
MSH-0229-Chikangwe,MSH-0229-Chikangwe,2026-04-23,2026-04-29,42,6,1|2|3|4|5|6,MSH-0229-Chikangwe_LTE_1|MSH-0229-Chikangwe_LTE_2|MSH-0229-Chikangwe_LTE_3|MSH-0229-Chikangwe_LTE_4|MSH-0229-Chikangwe_LTE_5|MSH-0229-Chikangwe_LTE_6,0.0,0.0,0.0,0.0,99.9236,0.0,0.0,0.0,MAE raw KPI export
MSH-0230-Chikonohono2,MSH-0230-Chikonohono2,2026-04-23,2026-04-29,42,6,1|2|3|4|5|6,Chikonohono 2_LTE_1|Chikonohono 2_LTE_2|Chikonohono 2_LTE_3|Chikonohono 2_LTE_4|Chikonohono 2_LTE_5|Chikonohono 2_LTE_6,33712.8235,4214.1029,45.5799,52.8852,99.9997,98.7546,98.4269,1.5722,MAE raw KPI export
MSH-0231-Waverly,MSH-0231-Waverly,2026-04-23,2026-04-29,42,6,1|2|3|4|5|6,MSH-0231-Waverly_LTE_1|MSH-0231-Waverly_LTE_2|MSH-0231-Waverly_LTE_3|MSH-0231-Waverly_LTE_4|MSH-0231-Waverly_LTE_5|MSH-0231-Waverly_LTE_6,17445.7092,2180.7137,28.5015,53.4856,100.0,99.487,99.6268,1.9966,MAE raw KPI export
MSH-0234-Marondera Cherutombo 2,MSH-0234-Marondera Cherutombo 2,2026-04-23,2026-04-29,42,6,1|2|3|4|5|6,Marondera Cherutombo 2_LTE_1|Marondera Cherutombo 2_LTE_2|Marondera Cherutombo 2_LTE_3|Marondera Cherutombo 2_LTE_4|Marondera Cherutombo 2_LTE_5|Marondera Cherutombo 2_LTE_6,22453.2389,2806.6549,30.6629,55.5797,100.0,99.2147,99.3529,1.4327,MAE raw KPI export
MSH-0235-Chegutu Pfupajena Primary,MSH-0235-Chegutu Pfupajena Primary,2026-04-23,2026-04-29,42,6,1|2|3|4|5|6,MSH-0235-Pfupajena Primary_LTE_1|MSH-0235-Pfupajena Primary_LTE_2|MSH-0235-Pfupajena Primary_LTE_3|MSH-0235-Pfupajena Primary_LTE_4|MSH-0235-Pfupajena Primary_LTE_5|MSH-0235-Pfupajena Primary_LTE_6,16703.2425,2087.9053,32.9444,48.906,99.9998,98.4505,99.4617,1.0739,MAE raw KPI export
MSH-0238-Lendy Park,MSH-0238-Lendy Park,2026-04-23,2026-04-29,42,6,1|2|3|4|5|6,MSH-0238-Lendy Park_LTE_1|MSH-0238-Lendy Park_LTE_2|MSH-0238-Lendy Park_LTE_3|MSH-0238-Lendy Park_LTE_4|MSH-0238-Lendy Park_LTE_5|MSH-0238-Lendy Park_LTE_6,24622.9127,3077.8641,41.3556,57.6365,100.0,99.0788,99.313,1.5775,MAE raw KPI export
MSH-0239-Chivhu Terminus,MSH-0239-Chivhu Terminus,2026-04-23,2026-04-29,42,6,1|2|3|4|5|6,MSH-0239-Chivhu Terminus_LTE_1|MSH-0239-Chivhu Terminus_LTE_2|MSH-0239-Chivhu Terminus_LTE_3|MSH-0239-Chivhu Terminus_LTE_4|MSH-0239-Chivhu Terminus_LTE_5|MSH-0239-Chivhu Terminus_LTE_6,21750.8711,2718.8589,31.272,54.1121,100.0,99.5612,99.4209,1.5264,MAE raw KPI export
MSH-0252-Mazowe 2,MSH-0252-Mazowe 2,2026-04-23,2026-04-29,42,6,1|2|3|4|5|6,MSH-0252-Mazowe 2_LTE_1|MSH-0252-Mazowe 2_LTE_2|MSH-0252-Mazowe 2_LTE_3|MSH-0252-Mazowe 2_LTE_4|MSH-0252-Mazowe 2_LTE_5|MSH-0252-Mazowe 2_LTE_6,13279.7874,1659.9734,19.2359,52.4088,99.9999,99.5321,99.3626,1.3155,MAE raw KPI export
MSH-0263-Chikonohono 3,MSH-0263-Chikonohono 3,2026-04-23,2026-04-29,42,6,1|2|3|4|5|6,MSH-0263-Chikonohono 3_LTE_1|MSH-0263-Chikonohono 3_LTE_2|MSH-0263-Chikonohono 3_LTE_3|MSH-0263-Chikonohono 3_LTE_4|MSH-0263-Chikonohono 3_LTE_5|MSH-0263-Chikonohono 3_LTE_6,56666.2598,7083.2825,82.866,73.4155,99.9991,99.1447,98.2439,1.4283,MAE raw KPI export
MSH-0266-Ruware Park,MSH-0266-Ruware Park,2026-04-23,2026-04-29,42,6,1|2|3|4|5|6,MSH-0266-Ruware Park_LTE_1|MSH-0266-Ruware Park_LTE_2|MSH-0266-Ruware Park_LTE_3|MSH-0266-Ruware Park_LTE_4|MSH-0266-Ruware Park_LTE_5|MSH-0266-Ruware Park_LTE_6,28113.3975,3514.1747,47.3388,57.8558,100.0,98.1606,99.1749,3.1827,MAE raw KPI export
MSH-0296-Norton Katanga,MSH-0296-Norton Katanga,2026-04-23,2026-04-29,42,6,1|2|3|4|5|6,Norton Katanga_LTE_1|Norton Katanga_LTE_2|Norton Katanga_LTE_3|Norton Katanga_LTE_4|Norton Katanga_LTE_5|Norton Katanga_LTE_6,73454.8392,9181.8549,70.3901,80.748,100.0,98.8899,99.4717,1.299,MAE raw KPI export
MSH-0307-Eiffel Flats 2,MSH-0307-Eiffel Flats 2,2026-04-23,2026-04-29,42,6,1|2|3|4|5|6,MSH-0307-Eiffel Flats 2_LTE_1|MSH-0307-Eiffel Flats 2_LTE_2|MSH-0307-Eiffel Flats 2_LTE_3|MSH-0307-Eiffel Flats 2_LTE_4|MSH-0307-Eiffel Flats 2_LTE_5|MSH-0307-Eiffel Flats 2_LTE_6,14355.4627,1794.4328,30.0102,50.6637,100.0,98.7504,99.5214,2.792,MAE raw KPI export
MSH-0311-Ngezi Turf 2,MSH-0311-Ngezi Turf 2,2026-04-23,2026-04-29,42,6,1|2|3|4|5|6,MSH-0311-Ngezi Turf 2_LTE_1|MSH-0311-Ngezi Turf 2_LTE_2|MSH-0311-Ngezi Turf 2_LTE_3|MSH-0311-Ngezi Turf 2_LTE_4|MSH-0311-Ngezi Turf 2_LTE_5|MSH-0311-Ngezi Turf 2_LTE_6,26130.1323,3266.2665,33.1025,50.4855,100.0,99.4313,98.97,1.3194,MAE raw KPI export
MSH-0331-Chiwaridzo 2,MSH-0331-Chiwaridzo 2,2026-04-23,2026-04-29,42,6,1|2|3|4|5|6,MSH-0331-Chiwaridzo 2_LTE_1|MSH-0331-Chiwaridzo 2_LTE_2|MSH-0331-Chiwaridzo 2_LTE_3|MSH-0331-Chiwaridzo 2_LTE_4|MSH-0331-Chiwaridzo 2_LTE_5|MSH-0331-Chiwaridzo 2_LTE_6,47543.3919,5942.924,66.7154,54.6594,100.0,99.1878,99.5281,1.1214,MAE raw KPI export
MSH-0338-Norton Knowe,MSH-0338-Norton Knowe,2026-04-23,2026-04-29,42,6,1|2|3|4|5|6,Norton Knowe_LTE_1|Norton Knowe_LTE_2|Norton Knowe_LTE_3|Norton Knowe_LTE_4|Norton Knowe_LTE_5|Norton Knowe_LTE_6,17308.8048,2163.6006,30.3362,49.5948,100.0,98.2922,98.7169,1.2708,MAE raw KPI export
MSH-0340-Marridale,MSH-0340-Marridale,2026-04-23,2026-04-29,42,6,1|2|3|4|5|6,HRE-0340-Marridale_LTE_1|HRE-0340-Marridale_LTE_2|HRE-0340-Marridale_LTE_3|HRE-0340-Marridale_LTE_4|HRE-0340-Marridale_LTE_5|HRE-0340-Marridale_LTE_6,38031.6971,4753.9621,51.0307,56.6166,100.0,99.6703,99.4887,0.9893,MAE raw KPI export
MSH-0341-Norton Nharira,MSH-0341-Norton Nharira,2026-04-23,2026-04-29,42,6,1|2|3|4|5|6,Nharira_LTE_1|Nharira_LTE_2|Nharira_LTE_3|Nharira_LTE_4|Nharira_LTE_5|Nharira_LTE_6,18258.4909,2282.3114,29.9244,50.5754,100.0,98.1598,99.6039,0.983,MAE raw KPI export
MSH-0346-Twinlakes,MSH-0346-Twinlakes,2026-04-23,2026-04-29,42,6,1|2|3|4|5|6,Twinlakes_LTE_1|Twinlakes_LTE_2|Twinlakes_LTE_3|Twinlakes_LTE_4|Twinlakes_LTE_5|Twinlakes_LTE_6,24172.6925,3021.5866,33.211,53.1017,100.0,98.7448,99.7466,0.8659,MAE raw KPI export
MSH-0349-Norton Mashlands,MSH-0349-Norton Mashlands,2026-04-23,2026-04-29,42,6,1|2|3|4|5|6,Norton Mashlands_LTE_1|Norton Mashlands_LTE_2|Norton Mashlands_LTE_3|Norton Mashlands_LTE_4|Norton Mashlands_LTE_5|Norton Mashlands_LTE_6,13775.2789,1721.9099,27.1309,46.1549,100.0,95.8748,99.243,1.4369,MAE raw KPI export
MSH-0371-Nyabira,MSH-0371-Nyabira,2026-04-23,2026-04-29,42,6,1|2|3|4|5|6,MSH-0371-Nyabira_LTE_1|MSH-0371-Nyabira_LTE_2|MSH-0371-Nyabira_LTE_3|MSH-0371-Nyabira_LTE_4|MSH-0371-Nyabira_LTE_5|MSH-0371-Nyabira_LTE_6,17064.2865,2133.0358,23.3738,59.6756,100.0,98.0653,99.7191,0.5871,MAE raw KPI export
MVO-0006-Chiredzi 2,MVO-0006-Chiredzi 2,2026-04-23,2026-04-29,42,6,1|2|3|4|5|6,Chiredzi 2_LTE_1|Chiredzi 2_LTE_2|Chiredzi 2_LTE_3|Chiredzi 2_LTE_4|Chiredzi 2_LTE_5|Chiredzi 2_LTE_6,11794.7964,1474.3495,24.8471,51.2608,99.9998,99.524,99.331,1.5516,MAE raw KPI export
MVO-0016-Gutu,MVO-0016-Gutu,2026-04-23,2026-04-29,42,6,1|2|3|4|5|6,MVO-0016-Gutu_LTE_1|MVO-0016-Gutu_LTE_2|MVO-0016-Gutu_LTE_3|MVO-0016-Gutu_LTE_4|MVO-0016-Gutu_LTE_5|MVO-0016-Gutu_LTE_6,17598.4757,2199.8095,22.1137,49.3464,100.0,94.0497,96.8637,2.7429,MAE raw KPI export
MVO-0018-Majange,MVO-0018-Majange,2026-04-23,2026-04-29,42,6,1|2|3|4|5|6,Majange_LTE_1|Majange_LTE_2|Majange_LTE_3|Majange_LTE_4|Majange_LTE_5|Majange_LTE_6,16090.7127,2011.3391,23.504,49.8999,100.0,99.0449,99.4234,1.5241,MAE raw KPI export
MVO-0021-Masvingo Rhodene,MVO-0021-Masvingo Rhodene,2026-04-23,2026-04-29,42,6,1|2|3|4|5|6,Masvingo Rhodene_LTE_1|Masvingo Rhodene_LTE_2|Masvingo Rhodene_LTE_3|Masvingo Rhodene_LTE_4|Masvingo Rhodene_LTE_5|Masvingo Rhodene_LTE_6,13137.8703,1642.2338,23.7422,49.3292,100.0,98.1439,98.8416,2.0447,MAE raw KPI export
MVO-0022-Masvingo Zimre,MVO-0022-Masvingo Zimre,2026-04-23,2026-04-29,42,6,1|2|3|4|5|6,Masvingo Zimre_LTE_1|Masvingo Zimre_LTE_2|Masvingo Zimre_LTE_3|Masvingo Zimre_LTE_4|Masvingo Zimre_LTE_5|Masvingo Zimre_LTE_6,15086.9487,1885.8686,27.6727,48.6172,100.0,98.9115,99.2267,2.4501,MAE raw KPI export
MVO-0033-Triangle,MVO-0033-Triangle,2026-04-23,2026-04-29,42,6,1|2|3|4|5|6,Triangle_LTE_1|Triangle_LTE_2|Triangle_LTE_3|Triangle_LTE_4|Triangle_LTE_5|Triangle_LTE_6,14965.9368,1870.7421,20.5436,52.2083,100.0,99.2685,99.3926,0.9381,MAE raw KPI export
MVO-0040-Mucheke,MVO-0040-Mucheke,2026-04-23,2026-04-29,42,6,1|2|3|4|5|6,Mucheke Main_LTE_1|Mucheke Main_LTE_2|Mucheke Main_LTE_3|Mucheke Main_LTE_4|Mucheke Main_LTE_5|Mucheke Main_LTE_6,18886.6698,2360.8337,32.4376,50.9881,100.0,99.5607,99.5702,1.1111,MAE raw KPI export
MVO-0041-Rujeko,MVO-0041-Rujeko,2026-04-23,2026-04-29,42,6,1|2|3|4|5|6,MVO-0041-Rujeko_LTE_1|MVO-0041-Rujeko_LTE_2|MVO-0041-Rujeko_LTE_3|MVO-0041-Rujeko_LTE_4|MVO-0041-Rujeko_LTE_5|MVO-0041-Rujeko_LTE_6,21771.8003,2721.475,35.358,55.1825,100.0,99.4977,99.6518,1.2909,MAE raw KPI export
MVO-0082-Tshovani Township,MVO-0082-Tshovani Township,2026-04-23,2026-04-29,42,6,1|2|3|4|5|6,MVO-0082-Tshovani Township_LTE_1|MVO-0082-Tshovani Township_LTE_2|MVO-0082-Tshovani Township_LTE_3|MVO-0082-Tshovani Township_LTE_4|MVO-0082-Tshovani Township_LTE_5|MVO-0082-Tshovani Township_LTE_6,25342.4181,3167.8023,33.8787,56.7929,100.0,99.5357,99.3616,1.1124,MAE raw KPI export
MVO-1001-Masvingo BSC,MVO-1001-Masvingo BSC,2026-04-23,2026-04-29,42,6,1|2|3|4|5|6,MVO-1001-Masvingo BSC_LTE_1|MVO-1001-Masvingo BSC_LTE_2|MVO-1001-Masvingo BSC_LTE_3|MVO-1001-Masvingo BSC_LTE_4|MVO-1001-Masvingo BSC_LTE_5|MVO-1001-Masvingo BSC_LTE_6,9510.4406,1188.8051,19.7057,44.8585,100.0,98.4929,99.3917,1.5873,MAE raw KPI export
