Date,eNodeB Name,Cell FDD TDD Indication,Cell Name,LocalCell Id,eNodeB Function Name,Integrity,Radio Net Availability Rate(%),RRC Setup Success Rate(all),RRC Setup Success Rate(Service)[%],RRC Setup Success Rate(Signal)[%],E-RAB Setup Success Rate (ALL)(%),Call Drop Rate (All)(%),HO Success Rate(Intra Freqency),HO Success Rate(S1)[%],Paging Transfer Success Rate,Total Traffic (Gbit),DL Traffic Volume(Gbit),UL Traffic Volume(Gbit),L.Traffic.User.Avg,L.Traffic.User.Max,User DL PDCP Average Throughput,User UL PDCP Average Throughput,DL IBLER[%],UL IBLER[%],DL ReTrans Rate[%],DL Packet Loss Rate(all),UL Packet Loss Rate(all),DL PRB Usage Rate(%),UL PRB Usage Rate(%),PUCCHUsage Rate[%],PDCCH CCE Usage Rate[%],Average CQI,Average PDSCH MCS
1/9/2025,MSH0013-Bindura-Zaoga,CELL_TDD,Bindura_Zaoga_LTE_6,6,MSH0013-Bindura-Zaoga,100%,100,99.4925,99.7266,96.4758,99.7296,1.6097,98.6722,98.6963,100.0003,282.5767,258.176,24.4007,4.0854,14,7.8094,3.9521,12.9301,4.8457,0.1702,0,0,30.9643,45.3809,1.0213,24.4559,9.453,9.7633
1/9/2025,MSH0013-Bindura-Zaoga,CELL_TDD,Bindura_Zaoga_LTE_5,5,MSH0013-Bindura-Zaoga,100%,100,99.6676,99.8339,98.1424,99.5913,2.0301,98.4527,98.7554,100.0007,781.7861,696.7416,85.0446,33.2915,90,5.1774,3.9927,14.5511,7.3354,0.1709,0,0.0001,52.3507,59.6863,8.3229,41.2995,10.4421,13.3505
1/9/2025,MSH0013-Bindura-Zaoga,CELL_TDD,Bindura_Zaoga_LTE_4,4,MSH0013-Bindura-Zaoga,100%,100,97.9381,98.9014,92.6261,98.88,2.7404,98.688,98.9099,100.0003,640.3633,589.555,50.8084,23.9868,158,6.1149,2.1447,17.2118,13.4365,0.2075,0,0.0001,55.5162,47.927,5.9967,47.557,9.4637,12.2534
1/9/2025,MSH0013-Bindura-Zaoga,CELL_TDD,Bindura_Zaoga_LTE_3,3,MSH0013-Bindura-Zaoga,100%,100,99.8973,99.9458,99.0244,99.9194,1.299,99.169,99.3072,100.0003,659.4268,589.8018,69.625,5.9548,16,8.1258,7.6838,11.1115,2.9313,0.1339,0,0,43.826,46.1479,1.4887,28.0191,9.8469,11.0662
1/9/2025,MSH0013-Bindura-Zaoga,CELL_TDD,Bindura_Zaoga_LTE_2,2,MSH0013-Bindura-Zaoga,100%,100,99.7872,99.8923,98.7913,99.591,1.6228,98.3092,98.8944,100.0003,1027.1822,933.246,93.9362,31.0412,77,4.9804,3.6669,14.6098,6.5901,0.1711,0,0.0001,61.2568,56.0299,7.7603,39.1794,10.2758,12.0278
1/9/2025,MSH0013-Bindura-Zaoga,CELL_TDD,Bindura_Zaoga_LTE_1,1,MSH0013-Bindura-Zaoga,100%,100,98.3936,99.4379,93.599,99.0782,2.322,97.5749,98.4579,100.0003,819.3883,754.7215,64.6669,21.1062,164,6.0095,2.9542,15.5969,9.5112,0.1893,0,0.0001,59.5005,51.709,5.2766,42.2105,9.4836,10.9076
1/9/2025,MSH-0331-Chiwaridzo 2,CELL_TDD,MSH-0331-Chiwaridzo 2_LTE_6,6,MSH-0331-Chiwaridzo 2_LTE,100%,99.9998,99.2301,99.7257,95.9155,99.4415,1.0038,99.9138,99.9316,99.9955,806.7163,711.778,94.9383,18.6309,57,5.1174,5.669,16.9211,5.0789,0.1897,0,0,58.1428,54.6407,4.6577,42.9769,10.2948,13.4206
1/9/2025,MSH-0331-Chiwaridzo 2,CELL_TDD,MSH-0331-Chiwaridzo 2_LTE_5,5,MSH-0331-Chiwaridzo 2_LTE,100%,99.9998,99.1792,99.6933,95.9897,99.6702,1.4189,99.7945,99.8037,99.9951,1226.3092,1101.942,124.3672,20.3825,60,8.3581,6.012,16.2122,4.8966,0.1795,0,0,57.6767,59.3588,5.0956,41.8915,9.3493,15.2505
1/9/2025,MSH-0331-Chiwaridzo 2,CELL_TDD,MSH-0331-Chiwaridzo 2_LTE_4,4,MSH-0331-Chiwaridzo 2_LTE,100%,99.9998,98.8438,98.976,97.697,99.6479,0.729,99.8301,99.8572,99.9951,1267.8963,1161.6538,106.2425,34.054,76,5.9601,3.9372,16.5699,6.6055,0.1889,0,0,67.8334,55.6125,8.5135,53.9036,11.2489,15.7035
1/9/2025,MSH-0331-Chiwaridzo 2,CELL_TDD,MSH-0331-Chiwaridzo 2_LTE_3,3,MSH-0331-Chiwaridzo 2_LTE,100%,99.9998,99.8701,99.9525,98.6986,99.7081,0.6434,99.9209,99.9572,99.9951,944.8126,834.4901,110.3225,19.6867,62,4.9867,5.9707,17.5411,4.8456,0.1942,0,0.0001,64.9529,54.4605,4.9217,37.5611,10.2319,12.8793
1/9/2025,MSH-0331-Chiwaridzo 2,CELL_TDD,MSH-0331-Chiwaridzo 2_LTE_2,2,MSH-0331-Chiwaridzo 2_LTE,100%,99.9998,99.7677,99.9693,96.2741,99.8367,1.603,99.823,99.9403,99.9955,853.6886,767.27,86.4186,19.6473,52,5.9264,5.091,16.2664,5.4634,0.1812,0,0,55.4834,52.1463,4.9118,32.0411,10.3661,14.5063
1/9/2025,MSH-0331-Chiwaridzo 2,CELL_TDD,MSH-0331-Chiwaridzo 2_LTE_1,1,MSH-0331-Chiwaridzo 2_LTE,100%,99.9998,98.9717,99.0092,98.3248,99.83,0.8029,99.9185,99.9522,99.9955,1363.8757,1236.2021,127.6735,38.5598,85,5.1375,4.4909,16.6187,6.3034,0.1843,0,0,70.2665,55.7097,9.6399,45.8664,11.1227,14.774
1/9/2025,MSH-0112-Bindura Hospital,CELL_TDD,MSH-0112-Bindura Hospital_LTE_1,1,MSH-0112-Bindura Hospital_LTE,100%,100,99.9529,99.9977,99.9066,99.9237,0.0664,99.8365,99.9458,100.0003,412.7652,369.5846,43.1806,8.5333,20,11.0426,5.8388,13.5956,2.8952,0.1637,0,0,25.4979,44.6226,2.1333,18.4588,11.7225,15.2045
1/9/2025,MSH-0112-Bindura Hospital,CELL_TDD,MSH-0112-Bindura Hospital_LTE_2,2,MSH-0112-Bindura Hospital_LTE,100%,100,99.7964,99.9912,97.4359,99.8599,0.4086,100,99.9879,99.9983,757.837,707.6472,50.1898,8.8792,20,12.8008,4.1681,15.2462,3.1859,0.1696,0,0,31.7132,44.8493,2.2198,19.2471,10.738,15.7874
1/9/2025,MSH-0112-Bindura Hospital,CELL_TDD,MSH-0112-Bindura Hospital_LTE_3,3,MSH-0112-Bindura Hospital_LTE,100%,100,99.8575,99.9664,98.5832,99.8304,0.615,99.9373,99.8464,100,853.6461,790.8838,62.7623,20.8678,41,7.703,3.7766,16.1202,4.4308,0.181,0,0,53.0034,50.4849,5.2169,31.5627,11.0351,13.4871
1/9/2025,MSH-0112-Bindura Hospital,CELL_TDD,MSH-0112-Bindura Hospital_LTE_4,4,MSH-0112-Bindura Hospital_LTE,100%,100,99.4077,99.97,97.7543,99.7519,0.51,100,99.9381,100,615.6955,538.5571,77.1384,11.7726,24,9.4346,6.1416,11.6633,2.5102,0.1315,0,0,28.2658,50.9821,2.9432,24.3838,12.9697,20.1129
1/9/2025,MSH-0112-Bindura Hospital,CELL_TDD,MSH-0112-Bindura Hospital_LTE_5,5,MSH-0112-Bindura Hospital_LTE,100%,100,99.5598,99.9839,97.0782,99.7937,0.4851,99.943,99.964,100,418.9552,366.6796,52.2756,7.5553,17,9.982,6.5725,14.4444,2.558,0.1608,0,0,23.1272,45.838,1.8888,20.9109,9.8771,14.5213
1/9/2025,MSH-0112-Bindura Hospital,CELL_TDD,MSH-0112-Bindura Hospital_LTE_6,6,MSH-0112-Bindura Hospital_LTE,100%,100,99.7772,99.936,98.5476,99.7221,1.2012,99.907,99.9281,100,822.5182,763.3015,59.2167,18.5833,39,7.8916,3.4913,16.3342,5.0746,0.1885,0,0,49.8724,51.8553,4.6458,38.3544,10.7568,12.1143
1/9/2025,MSH-0014-Chipadze,CELL_TDD,MSH-0014-Chipadze_LTE_6,6,MSH-0014-Chipadze,91%,99.9987,98.4451,99.7812,91.9172,99.8063,2.0166,99.0958,99.1876,99.997,783.6819,681.0782,102.6037,14.6668,29,6.3407,8.0637,16.9539,4.1722,0.1803,0,0,55.9044,62.7616,3.6667,26.1465,9.8189,15.3818
1/9/2025,MSH-0014-Chipadze,CELL_TDD,MSH-0014-Chipadze_LTE_5,5,MSH-0014-Chipadze,91%,99.9987,98.811,99.6682,95.4,99.3857,2.5524,98.5542,98.7718,99.997,424.3856,383.7101,40.6755,19.4639,53,2.4327,2.0484,18.0562,10.1771,0.2001,0,0,60.2038,61.3471,4.866,31.16,7.8915,10.594
1/9/2025,MSH-0014-Chipadze,CELL_TDD,MSH-0014-Chipadze_LTE_4,4,MSH-0014-Chipadze,91%,99.9987,99.3562,99.8889,96.5427,99.7593,2.0175,98.0151,98.174,99.997,331.8807,302.0903,29.7905,15.1632,47,5.8601,3.8399,17.3151,5.8194,0.1952,0,0,33.7049,54.1344,3.7908,21.5718,10.0919,13.2202
1/9/2025,MSH-0014-Chipadze,CELL_TDD,MSH-0014-Chipadze_LTE_3,3,MSH-0014-Chipadze,91%,99.9987,98.5066,99.9031,89.7213,99.7425,2.3153,99.5997,99.6815,99.997,962.6949,845.7684,116.9265,16.8994,35,6.8911,7.9259,15.8578,3.5031,0.1753,0,0,57.0777,63.2138,4.2248,22.5878,9.5448,13.2423
1/9/2025,MSH-0014-Chipadze,CELL_TDD,MSH-0014-Chipadze_LTE_2,2,MSH-0014-Chipadze,91%,99.9987,99.0713,99.7012,94.7217,99.5556,1.7262,99.4813,99.5169,99.9974,512.0725,462.0508,50.0216,23.2098,46,3.5942,2.3173,17.9677,7.9223,0.1984,0,0,51.2153,60.2922,5.8025,21.1407,8.637,10.1804
1/9/2025,MSH-0014-Chipadze,CELL_TDD,MSH-0014-Chipadze_LTE_1,1,MSH-0014-Chipadze,91%,99.9987,99.7531,99.9879,98.4522,99.7164,2.0504,98.8636,99.0122,99.9974,472.285,428.1113,44.1737,14.8533,39,8.0904,5.1433,16.8998,5.893,0.1933,0,0,32.1972,52.5818,3.7133,16.1947,10.9332,12.5634
2/9/2025,MSH0013-Bindura-Zaoga,CELL_TDD,Bindura_Zaoga_LTE_6,6,MSH0013-Bindura-Zaoga,100%,100,99.578,99.9201,94.8718,99.7629,1.6543,98.4716,98.4953,99.9993,315.2591,292.7256,22.5335,6.0615,18,4.8302,2.8117,14.6982,5.4852,0.1916,0,0,41.3951,46.847,1.5154,30.4156,9.7665,9.3916
2/9/2025,MSH0013-Bindura-Zaoga,CELL_TDD,Bindura_Zaoga_LTE_5,5,MSH0013-Bindura-Zaoga,100%,100,99.5573,99.7922,97.9628,99.4191,1.852,99.1224,99.2238,99.9993,1028.8566,900.9021,127.9545,32.3289,81,5.5368,5.149,14.0197,7.2133,0.1637,0,0,62.4607,61.0691,8.0822,45.8963,10.3167,13.7917
2/9/2025,MSH0013-Bindura-Zaoga,CELL_TDD,Bindura_Zaoga_LTE_4,4,MSH0013-Bindura-Zaoga,100%,100,97.9371,98.7592,94.4066,98.2506,3.3919,98.3262,98.6875,99.9993,578.7369,509.7402,68.9967,33.221,149,4.6699,2.6513,18.7892,14.1324,0.2253,0,0.0005,52.9676,49.6683,8.3052,50.2936,9.6461,11.6412
2/9/2025,MSH0013-Bindura-Zaoga,CELL_TDD,Bindura_Zaoga_LTE_3,3,MSH0013-Bindura-Zaoga,100%,100,99.9458,100,98.9247,99.9811,0.6643,97.9798,98.3051,99.9993,791.4551,692.0934,99.3617,8.8609,19,6.4515,8.9782,12.973,3.3073,0.1586,0,0,56.7819,51.3176,2.2152,35.2971,10.0288,10.1543
2/9/2025,MSH0013-Bindura-Zaoga,CELL_TDD,Bindura_Zaoga_LTE_2,2,MSH0013-Bindura-Zaoga,100%,100,99.7283,99.8771,98.6751,99.645,1.6432,98.8544,99.1844,99.9993,1269.0287,1156.7302,112.2986,33.6054,80,5.3641,4.6854,13.4062,6.0684,0.1544,0,0,65.7322,54.0384,8.4013,39.7749,10.1913,13.1509
2/9/2025,MSH0013-Bindura-Zaoga,CELL_TDD,Bindura_Zaoga_LTE_1,1,MSH0013-Bindura-Zaoga,100%,100,98.5553,99.411,94.5443,99.0486,3.3222,98.267,98.2291,100.0007,742.2741,671.1409,71.1331,33.1658,156,4.579,3.1729,19.4562,11.5273,0.237,0,0.0002,61.349,49.0245,8.2915,46.333,9.301,9.8041
2/9/2025,MSH-0331-Chiwaridzo 2,CELL_TDD,MSH-0331-Chiwaridzo 2_LTE_6,6,MSH-0331-Chiwaridzo 2_LTE,95%,99.9998,99.6269,99.8762,97.906,99.514,1.2473,99.7896,99.8368,100.0019,875.7512,782.6729,93.0783,17.9151,43,4.6922,4.9205,17.6936,5.3601,0.2009,0,0,68.0301,57.4153,4.4788,50.8339,9.936,13.4381
2/9/2025,MSH-0331-Chiwaridzo 2,CELL_TDD,MSH-0331-Chiwaridzo 2_LTE_5,5,MSH-0331-Chiwaridzo 2_LTE,95%,99.9998,99.2863,99.7817,95.7297,99.6266,1.7668,99.8146,99.8315,100.0022,1118.2108,1040.2704,77.9404,19.5125,53,9.0362,4.2872,16.1275,5.0325,0.1816,0,0.0001,57.5153,56.1347,4.8781,40.6089,9.4526,16.1122
2/9/2025,MSH-0331-Chiwaridzo 2,CELL_TDD,MSH-0331-Chiwaridzo 2_LTE_4,4,MSH-0331-Chiwaridzo 2_LTE,95%,99.9998,99.1118,99.2484,97.9066,99.6938,1.0011,99.8849,99.9065,100.0019,1127.9233,1028.4856,99.4378,33.4662,76,6.3829,3.8174,16.7269,5.9398,0.1901,0,0,68.9235,56.9395,8.3666,52.6764,11.0761,15.7593
2/9/2025,MSH-0331-Chiwaridzo 2,CELL_TDD,MSH-0331-Chiwaridzo 2_LTE_3,3,MSH-0331-Chiwaridzo 2_LTE,95%,99.9998,99.9016,99.9736,98.8976,99.7139,0.8831,99.9404,99.9702,100.0022,860.6803,744.3747,116.3057,21.8885,55,4.1479,6.6026,18.2781,4.8009,0.2031,0,0,64.793,57.4923,5.4721,39.4875,10.1854,12.5216
2/9/2025,MSH-0331-Chiwaridzo 2,CELL_TDD,MSH-0331-Chiwaridzo 2_LTE_2,2,MSH-0331-Chiwaridzo 2_LTE,95%,99.9998,99.7919,99.9656,97.5057,99.8685,3.6984,99.8663,99.9142,100.0022,867.7806,793.2391,74.5415,18.2167,45,5.8878,4.3584,17.9572,7.2389,0.2079,0,0,64.1214,53.5416,4.5542,36.2711,10.3474,14.4477
2/9/2025,MSH-0331-Chiwaridzo 2,CELL_TDD,MSH-0331-Chiwaridzo 2_LTE_1,1,MSH-0331-Chiwaridzo 2_LTE,95%,99.9998,99.4805,99.513,98.8748,99.8548,0.6305,99.9832,99.9776,100.0019,1283.9241,1178.4485,105.4756,37.0596,74,5.9453,4.3213,15.988,7.3746,0.1785,0,0,71.1577,53.9395,9.2649,44.958,11.1762,15.0139
2/9/2025,MSH-0112-Bindura Hospital,CELL_TDD,MSH-0112-Bindura Hospital_LTE_1,1,MSH-0112-Bindura Hospital_LTE,100%,100,99.9853,99.9978,99.9718,99.9411,0.1009,100,100,100.0003,693.2198,628.5343,64.6855,9.2852,20,11.4538,7.6033,13.2784,2.7222,0.1515,0,0,32.7853,47.1192,2.3213,19.7873,11.5189,16.9351
2/9/2025,MSH-0112-Bindura Hospital,CELL_TDD,MSH-0112-Bindura Hospital_LTE_2,2,MSH-0112-Bindura Hospital_LTE,100%,100,99.8452,99.9732,98.5335,99.8845,0.7069,99.9208,99.9474,100.0003,786.9389,730.0164,56.9225,8.7289,24,10.715,5.8377,16.3855,2.7863,0.1808,0,0,36.8144,45.3033,2.1822,21.0952,10.4863,15.4393
2/9/2025,MSH-0112-Bindura Hospital,CELL_TDD,MSH-0112-Bindura Hospital_LTE_3,3,MSH-0112-Bindura Hospital_LTE,100%,100,99.8492,99.9535,98.3197,99.7855,0.8677,99.9845,99.8705,100.0003,895.5395,806.0227,89.5169,22.6601,48,8.1666,4.9202,16.4513,4.9186,0.1907,0,0,49.5755,54.4679,5.665,32.0252,11.0421,13.9253
2/9/2025,MSH-0112-Bindura Hospital,CELL_TDD,MSH-0112-Bindura Hospital_LTE_4,4,MSH-0112-Bindura Hospital_LTE,100%,100,99.7007,99.958,98.9812,99.7024,0.4581,100,99.9601,100.0003,591.4478,528.3065,63.1413,11.2939,24,9.1639,5.192,12.2683,2.9805,0.137,0,0.0001,29.8375,51.0827,2.8235,24.3581,12.7997,18.5258
2/9/2025,MSH-0112-Bindura Hospital,CELL_TDD,MSH-0112-Bindura Hospital_LTE_5,5,MSH-0112-Bindura Hospital_LTE,100%,100,99.7461,99.9109,98.6755,99.862,0.6541,100,100,100.0003,497.5633,460.084,37.4793,8.8524,23,11.6543,4.5289,14.7012,2.6602,0.1615,0,0,24.7796,44.9496,2.2131,20.4914,10.3193,15.6459
2/9/2025,MSH-0112-Bindura Hospital,CELL_TDD,MSH-0112-Bindura Hospital_LTE_6,6,MSH-0112-Bindura Hospital_LTE,100%,100,99.735,99.9368,97.9424,99.7309,1.2806,99.9502,99.94,100.0003,792.4877,728.6015,63.8861,18.6595,39,7.7247,3.7821,17.1878,4.9918,0.2015,0,0,49.0049,53.7177,4.6649,36.999,10.9421,12.4694
2/9/2025,MSH-0014-Chipadze,CELL_TDD,MSH-0014-Chipadze_LTE_6,6,MSH-0014-Chipadze,100%,99.9989,98.0097,99.7557,91.7227,99.753,2.5806,98.102,98.2753,99.9993,762.1646,689.3169,72.8478,15.8531,34,4.6243,5.2892,17.5816,7.494,0.19,0,0,55.6601,60.3088,3.9633,25.9474,9.4453,14.3152
2/9/2025,MSH-0014-Chipadze,CELL_TDD,MSH-0014-Chipadze_LTE_5,5,MSH-0014-Chipadze,100%,99.9989,98.6153,99.265,96.1808,99.1713,3.4553,98.2668,98.6814,99.9997,581.792,524.6095,57.1825,30.1312,89,1.9187,1.9908,19.121,11.5666,0.2119,0,0.0003,67.2916,63.9133,7.5328,34.3149,7.8465,11.195
2/9/2025,MSH-0014-Chipadze,CELL_TDD,MSH-0014-Chipadze_LTE_4,4,MSH-0014-Chipadze,100%,99.9989,99.6203,99.9075,98.4473,99.8018,1.9219,97.4772,97.7549,99.9993,409.9064,367.0319,42.8745,16.8532,36,5.695,4.253,17.4642,6.3234,0.1986,0,0,37.2084,56.3105,4.2133,21.3954,10.3728,13.1655
2/9/2025,MSH-0014-Chipadze,CELL_TDD,MSH-0014-Chipadze_LTE_3,3,MSH-0014-Chipadze,100%,99.9989,98.776,99.8503,91.1972,99.8143,1.4381,99.5758,99.4947,99.9993,1132.18,995.5186,136.6614,19.6356,36,6.8453,7.6261,16.3262,4.2686,0.1782,0,0,57.5636,60.4936,4.9089,22.073,9.4272,12.2509
2/9/2025,MSH-0014-Chipadze,CELL_TDD,MSH-0014-Chipadze_LTE_2,2,MSH-0014-Chipadze,100%,99.9989,99.0725,99.5969,96.027,99.3515,2.8037,96.5191,97.3853,99.9993,881.7387,790.631,91.1078,31.8126,79,2.8472,2.7066,18.1142,9.2211,0.2001,0,0.0002,69.3847,64.1727,7.9531,25.1523,7.8396,10.2499
2/9/2025,MSH-0014-Chipadze,CELL_TDD,MSH-0014-Chipadze_LTE_1,1,MSH-0014-Chipadze,100%,99.9989,99.7721,99.9289,99.0025,99.7133,1.6546,98.7714,98.4403,99.9993,611.9504,549.7928,62.1576,16.6172,39,9.8536,5.8946,16.7258,5.3509,0.1876,0,0,31.6998,53.4736,4.1543,15.8564,10.5819,14.3348
3/9/2025,MSH0013-Bindura-Zaoga,CELL_TDD,Bindura_Zaoga_LTE_6,6,MSH0013-Bindura-Zaoga,100%,100,99.7667,99.8073,99.115,99.6998,0.8707,98.987,98.995,100.0003,396.4308,373.0696,23.3612,4.6595,17,7.1531,3.0402,12.6177,4.8974,0.1644,0,0,36.849,44.3955,1.1649,27.577,9.985,11.0374
3/9/2025,MSH0013-Bindura-Zaoga,CELL_TDD,Bindura_Zaoga_LTE_5,5,MSH0013-Bindura-Zaoga,100%,100,99.4372,99.7654,97.0897,99.4207,1.5908,97.351,97.8223,100,755.7994,674.3405,81.4589,33.309,92,5.179,4.0389,14.3819,7.8145,0.1698,0,0.0002,53.8102,52.2149,8.3272,40.6899,10.5784,13.0756
3/9/2025,MSH0013-Bindura-Zaoga,CELL_TDD,Bindura_Zaoga_LTE_4,4,MSH0013-Bindura-Zaoga,100%,100,98.4444,99.1338,94.6095,98.9919,3.3202,98.7294,99.0921,100,486.4709,434.9668,51.5041,24.2528,116,4.5852,2.1517,18.8059,14.2058,0.2279,0,0.0002,52.1419,45.4995,6.0632,48.7432,9.4216,10.1943
3/9/2025,MSH0013-Bindura-Zaoga,CELL_TDD,Bindura_Zaoga_LTE_3,3,MSH0013-Bindura-Zaoga,100%,100,99.5943,99.9543,94.4079,99.932,0.747,99.269,99.1432,100,596.7484,524.7794,71.9691,7.5339,21,7.5789,7.5741,11.9528,3.1782,0.1502,0,0,45.2269,49.8983,1.8835,29.578,9.8143,10.1132
3/9/2025,MSH0013-Bindura-Zaoga,CELL_TDD,Bindura_Zaoga_LTE_2,2,MSH0013-Bindura-Zaoga,100%,100,99.7838,99.8981,99.0326,99.6657,1.3958,98.6118,99.1594,100.0003,1092.2761,1007.6653,84.6108,31.1704,71,5.5046,3.5705,13.602,5.5795,0.1557,0,0,56.4047,63.379,7.7926,37.0088,10.3221,12.9014
3/9/2025,MSH0013-Bindura-Zaoga,CELL_TDD,Bindura_Zaoga_LTE_1,1,MSH0013-Bindura-Zaoga,100%,100,98.539,99.4924,93.3513,99.4027,2.9459,98.4768,98.9296,100.0003,665.4753,595.2878,70.1875,21.5365,110,4.9299,3.1555,18.1671,11.0798,0.2263,0,0,55.4848,50.4984,5.3841,41.274,9.3434,9.43
3/9/2025,MSH-0331-Chiwaridzo 2,CELL_TDD,MSH-0331-Chiwaridzo 2_LTE_6,6,MSH-0331-Chiwaridzo 2_LTE,100%,100,99.4897,99.7961,96.9125,99.6149,0.7426,99.9318,99.9486,100.0003,883.2706,780.5973,102.6733,19.3038,50,4.8942,5.3649,17.5361,4.7827,0.1989,0,0,71.4412,55.3853,4.826,49.0997,10.186,13.7714
3/9/2025,MSH-0331-Chiwaridzo 2,CELL_TDD,MSH-0331-Chiwaridzo 2_LTE_5,5,MSH-0331-Chiwaridzo 2_LTE,100%,100,98.8699,99.7417,93.0178,99.7094,2.3055,99.8748,99.8924,100.0003,1241.1481,1160.891,80.257,19.2093,53,8.5194,4.1297,15.5486,5.5043,0.1736,0,0,58.3889,53.3074,4.8023,41.8346,9.1543,15.3407
3/9/2025,MSH-0331-Chiwaridzo 2,CELL_TDD,MSH-0331-Chiwaridzo 2_LTE_4,4,MSH-0331-Chiwaridzo 2_LTE,100%,100,98.3226,98.3834,97.7226,99.5989,0.8306,99.919,99.924,100.0003,1466.4338,1352.1111,114.3227,32.3312,71,6.8212,3.5736,15.1679,6.524,0.1712,0,0,70.5102,59.4937,8.0828,53.8008,11.2941,16.8984
3/9/2025,MSH-0331-Chiwaridzo 2,CELL_TDD,MSH-0331-Chiwaridzo 2_LTE_3,3,MSH-0331-Chiwaridzo 2_LTE,100%,100,99.8434,99.9722,97.8958,99.814,0.6656,99.9019,99.9643,100.0003,1037.2038,948.1729,89.031,21.7204,49,4.3804,4.6325,18.1672,4.9253,0.2008,0,0,78.2758,51.5124,5.4301,42.3988,9.9094,11.7143
3/9/2025,MSH-0331-Chiwaridzo 2,CELL_TDD,MSH-0331-Chiwaridzo 2_LTE_2,2,MSH-0331-Chiwaridzo 2_LTE,100%,100,99.8071,99.9661,97.6791,99.8515,1.5045,99.8416,99.9095,100.0003,1014.8975,901.5563,113.3412,21.0356,52,6.4352,5.7633,16.5784,5.0802,0.1819,0,0,61.8903,54.0023,5.2589,35.3259,10.3205,14.6962
3/9/2025,MSH-0331-Chiwaridzo 2,CELL_TDD,MSH-0331-Chiwaridzo 2_LTE_1,1,MSH-0331-Chiwaridzo 2_LTE,100%,100,99.199,99.2492,98.189,99.8092,0.6332,99.9056,99.9597,100.0003,1451.0843,1311.1262,139.9582,37.0763,83,5.6871,5.0628,15.3961,6.0215,0.1703,0,0,72.5708,55.4326,9.2691,46.9894,11.2376,15.2511
3/9/2025,MSH-0112-Bindura Hospital,CELL_TDD,MSH-0112-Bindura Hospital_LTE_1,1,MSH-0112-Bindura Hospital_LTE,100%,100,99.961,99.9979,99.9187,99.9617,0.1493,99.8594,99.984,99.9997,741.7155,591.0982,150.6173,8.9028,23,8.6257,12.8079,14.831,3.838,0.1718,0,0,40.3516,56.5694,2.2257,24.5766,11.4145,14.3321
3/9/2025,MSH-0112-Bindura Hospital,CELL_TDD,MSH-0112-Bindura Hospital_LTE_2,2,MSH-0112-Bindura Hospital_LTE,100%,100,99.7566,99.9153,97.8311,99.8227,0.5081,99.9238,99.9543,99.9997,688.1802,617.7196,70.4606,9.3607,21,12.0293,6.3966,15.7906,3.4482,0.1746,0,0,33.3551,48.1159,2.3402,19.7326,10.4688,14.3948
3/9/2025,MSH-0112-Bindura Hospital,CELL_TDD,MSH-0112-Bindura Hospital_LTE_3,3,MSH-0112-Bindura Hospital_LTE,100%,100,99.7946,99.9399,97.6291,99.7696,0.8598,100,99.8285,99.9997,907.2438,829.2299,78.0139,21.1628,43,6.6339,3.8967,16.6216,4.8825,0.1862,0,0,54.9628,54.4061,5.2907,33.2268,10.704,13.4825
3/9/2025,MSH-0112-Bindura Hospital,CELL_TDD,MSH-0112-Bindura Hospital_LTE_4,4,MSH-0112-Bindura Hospital_LTE,100%,100,99.5984,99.9781,98.2415,99.6376,0.4299,99.9189,99.9279,99.9997,561.4765,503.3976,58.0789,12.0221,28,7.9613,4.3325,13.4079,3.55,0.1553,0,0,32.7568,51.7889,3.0055,27.5283,12.7993,17.4078
3/9/2025,MSH-0112-Bindura Hospital,CELL_TDD,MSH-0112-Bindura Hospital_LTE_5,5,MSH-0112-Bindura Hospital_LTE,100%,100,99.3173,99.6601,97.6762,99.6966,0.8854,100,100,99.9997,396.7549,352.1762,44.5788,7.8834,22,10.6069,5.3382,14.8817,2.9731,0.1674,0,0,22.0659,45.7204,1.9709,19.1348,10.7022,15.5978
3/9/2025,MSH-0112-Bindura Hospital,CELL_TDD,MSH-0112-Bindura Hospital_LTE_6,6,MSH-0112-Bindura Hospital_LTE,100%,100,99.6538,99.8363,97.6783,99.7198,1.0403,99.883,99.9228,99.9997,695.783,641.1978,54.5852,19.8177,42,6.8012,3.5222,17.2267,5.3134,0.2003,0,0,49.4841,52.4797,4.9544,37.458,10.9353,12.1818
3/9/2025,MSH-0014-Chipadze,CELL_TDD,MSH-0014-Chipadze_LTE_6,6,MSH-0014-Chipadze,100%,100,97.6164,99.8728,89.3913,99.6212,2.0465,99.2557,99.3311,99.9987,786.3734,706.1341,80.2393,15.0786,32,5.6778,5.224,17.0004,4.7465,0.182,0,0,50.2666,60.4234,3.7697,24.6053,9.5352,14.9122
3/9/2025,MSH-0014-Chipadze,CELL_TDD,MSH-0014-Chipadze_LTE_5,5,MSH-0014-Chipadze,100%,100,98.926,99.5229,96.8852,99.118,3.6765,98.5832,98.8788,99.9983,633.3881,563.5949,69.7931,26.3708,56,2.1909,2.0347,19.1475,11.1847,0.2129,0,0.0002,68.3804,67.9874,6.5927,34.5,8.0772,11.2908
3/9/2025,MSH-0014-Chipadze,CELL_TDD,MSH-0014-Chipadze_LTE_4,4,MSH-0014-Chipadze,100%,100,99.4008,99.9222,97.0705,99.7097,1.802,98.1105,98.3508,99.9987,492.3517,452.9618,39.3899,17.4413,38,6.895,3.5984,16.7226,5.2932,0.1857,0,0,38.397,54.4843,4.3603,22.0162,10.6247,13.8844
3/9/2025,MSH-0014-Chipadze,CELL_TDD,MSH-0014-Chipadze_LTE_3,3,MSH-0014-Chipadze,100%,100,99.1097,99.8815,92.6989,99.7669,1.2235,99.5029,99.5539,99.9983,1191.7814,1065.5485,126.233,18.8822,37,7.2557,6.5111,15.6541,3.8122,0.1686,0,0,54.2229,59.1626,4.7206,21.0747,9.5348,13.7999
3/9/2025,MSH-0014-Chipadze,CELL_TDD,MSH-0014-Chipadze_LTE_2,2,MSH-0014-Chipadze,100%,100,99.077,99.661,96.2559,99.3493,2.8154,96.1577,97.8466,99.9983,891.6269,770.0799,121.5471,29.5744,53,2.2562,3.1595,17.2709,8.7739,0.1865,0,0,72.8191,68.4083,7.3936,25.5818,7.7995,9.1551
3/9/2025,MSH-0014-Chipadze,CELL_TDD,MSH-0014-Chipadze_LTE_1,1,MSH-0014-Chipadze,100%,100,99.5405,99.9326,97.2883,99.8118,1.5159,98.9226,99.033,99.999,652.5783,596.8026,55.7757,19.2989,39,8.5996,4.5049,16.9085,5.4332,0.1897,0,0,35.4481,53.8982,4.8247,17.5143,10.3363,13.1528
4/9/2025,MSH0013-Bindura-Zaoga,CELL_TDD,Bindura_Zaoga_LTE_6,6,MSH0013-Bindura-Zaoga,100%,100,99.7178,99.8831,95.0549,99.8451,0.8998,98.9429,99,99.9997,660.4961,625.2421,35.254,6.8534,19,7.5683,3.222,12.126,4.5672,0.1455,0,0,46.7289,46.8675,1.7134,33.3444,9.6892,11.8509
4/9/2025,MSH0013-Bindura-Zaoga,CELL_TDD,Bindura_Zaoga_LTE_5,5,MSH0013-Bindura-Zaoga,100%,100,99.5639,99.8067,97.8585,99.4688,2.2893,98.7241,98.9388,99.9997,759.4999,683.6049,75.895,33.322,81,4.8005,3.4182,14.1747,9.1665,0.1669,0,0.0001,57.2653,50.5475,8.3305,44.0787,10.2666,12.7283
4/9/2025,MSH0013-Bindura-Zaoga,CELL_TDD,Bindura_Zaoga_LTE_4,4,MSH0013-Bindura-Zaoga,100%,100,98.2411,99.2083,93.6254,98.7383,3.2599,98.9262,99.1074,99.9997,626.4148,560.7452,65.6696,20.9847,78,4.8267,2.8956,18.6089,12.7638,0.2312,0,0.0003,60.8463,47.2162,5.2462,49.2733,9.1989,10.0599
4/9/2025,MSH0013-Bindura-Zaoga,CELL_TDD,Bindura_Zaoga_LTE_3,3,MSH0013-Bindura-Zaoga,100%,100,99.9354,99.9327,100,100,0.9817,98.6034,98.8331,99.9997,793.3034,716.9782,76.3251,7.1247,18,7.5782,6.9875,11.4221,3.1559,0.1393,0,0,56.4746,47.2765,1.7812,32.8794,9.8242,11.9557
4/9/2025,MSH0013-Bindura-Zaoga,CELL_TDD,Bindura_Zaoga_LTE_2,2,MSH0013-Bindura-Zaoga,100%,100,99.781,99.9072,98.9091,99.6343,1.2964,97.8632,98.6598,99.9997,1258.4791,1124.8956,133.5835,35.3839,91,5.166,4.9374,13.6935,6.1471,0.1556,0,0.0001,61.1332,56.0605,8.846,40.0506,10.1974,12.9411
4/9/2025,MSH0013-Bindura-Zaoga,CELL_TDD,Bindura_Zaoga_LTE_1,1,MSH0013-Bindura-Zaoga,100%,100,98.6303,99.6475,93.7454,99.3861,2.6975,99.0598,99.4233,100.0003,835.4095,768.8254,66.5841,21.8574,81,4.6362,3.0747,16.7555,9.3423,0.2085,0,0.0001,67.0026,50.563,5.4644,44.2727,9.279,10.1208
4/9/2025,MSH-0331-Chiwaridzo 2,CELL_TDD,MSH-0331-Chiwaridzo 2_LTE_6,6,MSH-0331-Chiwaridzo 2_LTE,100%,100,99.4402,99.8517,96.2361,99.4311,0.86,99.9684,99.9609,100.0016,876.0644,782.3825,93.6818,18.2772,43,4.9309,4.7148,18.1095,5.3159,0.2086,0,0,74.4214,54.9174,4.5693,51.9354,10.0799,12.1748
4/9/2025,MSH-0331-Chiwaridzo 2,CELL_TDD,MSH-0331-Chiwaridzo 2_LTE_5,5,MSH-0331-Chiwaridzo 2_LTE,100%,100,99.3918,99.8512,96.5059,99.6938,2.6055,99.8469,99.8712,100.0016,909.4715,848.5043,60.9673,17.8603,49,7.4565,3.6842,16.2906,5.8744,0.185,0,0,52.2972,50.6982,4.4651,38.4925,9.1159,14.2907
4/9/2025,MSH-0331-Chiwaridzo 2,CELL_TDD,MSH-0331-Chiwaridzo 2_LTE_4,4,MSH-0331-Chiwaridzo 2_LTE,100%,100,99.2103,99.3583,97.8333,99.6178,0.9992,99.9201,99.9402,100.0016,1518.6573,1383.9721,134.6851,32.2104,71,6.6823,4.3218,15.95,5.8588,0.1816,0,0,72.157,61.6532,8.0526,54.4511,11.0697,16.8543
4/9/2025,MSH-0331-Chiwaridzo 2,CELL_TDD,MSH-0331-Chiwaridzo 2_LTE_3,3,MSH-0331-Chiwaridzo 2_LTE,100%,100,99.8395,99.9613,97.9335,99.7138,1.0872,99.9221,99.9436,100.0016,1085.8313,961.5457,124.2856,24.1415,55,4.8156,5.2563,18.6464,5.3886,0.2062,0,0,74.2573,57.4508,6.0354,41.367,9.9584,12.3989
4/9/2025,MSH-0331-Chiwaridzo 2,CELL_TDD,MSH-0331-Chiwaridzo 2_LTE_2,2,MSH-0331-Chiwaridzo 2_LTE,100%,100,99.8208,99.959,97.5802,99.9187,1.2587,99.8705,99.9592,100.0019,1012.8553,897.7239,115.1314,19.4693,45,6.6666,6.6665,15.9805,5.0053,0.1775,0,0,55.0702,52.6699,4.8673,31.4664,10.3849,14.4649
4/9/2025,MSH-0331-Chiwaridzo 2,CELL_TDD,MSH-0331-Chiwaridzo 2_LTE_1,1,MSH-0331-Chiwaridzo 2_LTE,100%,100,99.3499,99.3918,98.4114,99.8185,0.7252,99.8598,99.934,100.0022,1418.7096,1298.3374,120.3723,37.8898,75,5.4782,4.368,15.6243,6.155,0.1703,0,0,73.3879,55.416,9.4724,44.1688,11.418,15.1196
4/9/2025,MSH-0112-Bindura Hospital,CELL_TDD,MSH-0112-Bindura Hospital_LTE_1,1,MSH-0112-Bindura Hospital_LTE,100%,100,99.9664,99.9915,99.9382,99.9591,0.1228,99.8941,99.9661,100.0016,1017.412,943.3007,74.1113,10.0374,24,6.9542,5.0782,15.5084,3.9098,0.1738,0,0,54.7288,48.483,2.5094,31.9548,11.5566,15.5624
4/9/2025,MSH-0112-Bindura Hospital,CELL_TDD,MSH-0112-Bindura Hospital_LTE_2,2,MSH-0112-Bindura Hospital_LTE,100%,100,99.7606,99.9503,97.3518,99.8519,0.4714,99.9545,99.9462,100.0016,652.1889,587.2894,64.8996,8.8771,20,13.2749,6.2771,15.1717,3.7721,0.1683,0,0,30.3542,47.0742,2.2193,18.4558,10.0271,13.5111
4/9/2025,MSH-0112-Bindura Hospital,CELL_TDD,MSH-0112-Bindura Hospital_LTE_3,3,MSH-0112-Bindura Hospital_LTE,100%,100,99.8563,99.9641,97.9156,99.8276,0.7499,99.9498,99.5426,100.0019,1072.7322,988.7612,83.971,22.7528,47,7.9719,4.738,15.2831,4.0144,0.1723,0,0,56.5106,51.1052,5.6882,33.5582,10.7089,13.7112
4/9/2025,MSH-0112-Bindura Hospital,CELL_TDD,MSH-0112-Bindura Hospital_LTE_4,4,MSH-0112-Bindura Hospital_LTE,100%,100,99.4529,99.9767,96.5111,99.8625,0.3983,99.9136,99.7983,100.0019,575.4626,531.3222,44.1404,14.8133,29,6.4807,2.9917,14.5403,3.7168,0.1633,0,0,44.2562,51.1697,3.7033,32.2001,12.8417,15.4796
4/9/2025,MSH-0112-Bindura Hospital,CELL_TDD,MSH-0112-Bindura Hospital_LTE_5,5,MSH-0112-Bindura Hospital_LTE,100%,100,99.7007,99.9835,97.9339,99.8048,0.5296,100,100,100.0016,373.6679,340.4937,33.1742,6.7981,18,11.3259,5.8679,14.7719,2.3217,0.1617,0,0.0001,20.6527,43.314,1.6995,17.8383,10.1722,14.9219
4/9/2025,MSH-0112-Bindura Hospital,CELL_TDD,MSH-0112-Bindura Hospital_LTE_6,6,MSH-0112-Bindura Hospital_LTE,100%,100,99.6991,99.9044,97.4046,99.6733,0.8455,99.9719,99.9009,100.0016,717.9762,660.6126,57.3636,21.4219,50,7.7434,3.3266,17.5804,5.503,0.2046,0,0,49.8948,55.5908,5.3555,36.7511,10.6291,12.4828
4/9/2025,MSH-0014-Chipadze,CELL_TDD,MSH-0014-Chipadze_LTE_6,6,MSH-0014-Chipadze,100%,99.9996,97.6835,99.688,88.9846,99.4524,2.2596,99.0192,99.094,100.0013,888.4037,779.8813,108.5225,15.4081,32,5.0889,6.2909,16.6844,4.517,0.1756,0,0,54.6831,63.2288,3.852,26.4623,9.6364,15.3343
4/9/2025,MSH-0014-Chipadze,CELL_TDD,MSH-0014-Chipadze_LTE_5,5,MSH-0014-Chipadze,100%,99.9996,98.5892,99.3919,95.3091,99.3325,2.8677,99.2919,99.1761,100.0013,581.2591,527.5531,53.706,26.0039,57,2.1994,1.9016,18.9744,11.8795,0.2093,0,0.0002,65.4203,63.5885,6.501,32.8468,7.8965,11.227
4/9/2025,MSH-0014-Chipadze,CELL_TDD,MSH-0014-Chipadze_LTE_4,4,MSH-0014-Chipadze,100%,99.9996,99.5808,99.8645,98.2419,99.8906,2.2481,97.3104,97.5524,100.0013,472.603,434.8216,37.7813,15.7364,36,4.9092,3.6921,17.0649,5.8418,0.1935,0,0,42.9587,54.8904,3.9341,24.0585,9.9531,13.2399
4/9/2025,MSH-0014-Chipadze,CELL_TDD,MSH-0014-Chipadze_LTE_3,3,MSH-0014-Chipadze,100%,99.9996,98.4725,99.8023,89.1788,99.644,1.7388,99.3365,99.427,100.0017,1149.9329,971.8738,178.0592,18.5242,37,5.4869,8.4849,16.5749,4.3614,0.1798,0,0,58.3935,64.7566,4.631,21.9004,9.3753,12.0902
4/9/2025,MSH-0014-Chipadze,CELL_TDD,MSH-0014-Chipadze_LTE_2,2,MSH-0014-Chipadze,100%,99.9996,99.0554,99.6753,96.0014,99.4957,2.7226,99.3914,99.1739,100.0013,756.7984,685.1253,71.6731,28.7767,61,2.3107,2.2436,17.2271,9.0112,0.1895,0,0.0001,70.8315,61.286,7.1942,24.4654,7.6508,8.9327
4/9/2025,MSH-0014-Chipadze,CELL_TDD,MSH-0014-Chipadze_LTE_1,1,MSH-0014-Chipadze,100%,99.9996,99.7709,99.9848,98.415,99.7395,1.5503,98.8606,98.9516,100.0017,682.4704,614.3968,68.0736,20.5875,38,7.0416,5.3659,16.6491,5.6191,0.1863,0,0,39.3098,55.2652,5.1469,18.6761,10.6036,12.629
5/9/2025,MSH0013-Bindura-Zaoga,CELL_TDD,Bindura_Zaoga_LTE_6,6,MSH0013-Bindura-Zaoga,100%,100,99.7503,99.8849,97.9592,99.8285,0.914,99.4012,99.3464,99.9997,494.9805,459.9181,35.0624,6.7412,18,5.5668,3.2503,14.1964,4.8552,0.1785,0,0,48.691,50.0931,1.6853,35.1887,10.0808,10.5673
5/9/2025,MSH0013-Bindura-Zaoga,CELL_TDD,Bindura_Zaoga_LTE_5,5,MSH0013-Bindura-Zaoga,100%,100,99.6984,99.838,98.6919,99.5617,1.8089,99.2464,99.3679,99.9997,905.8912,818.2264,87.6649,32.974,81,4.8938,3.9782,14.0673,6.9335,0.1631,0,0.0001,62.187,53.1333,8.2435,44.6003,10.506,13.0506
5/9/2025,MSH0013-Bindura-Zaoga,CELL_TDD,Bindura_Zaoga_LTE_4,4,MSH0013-Bindura-Zaoga,100%,100,98.1312,99.0061,94.0526,98.8247,3.6418,98.8984,99.1742,99.9997,590.5709,529.9212,60.6497,20.166,43,5.0671,2.5974,18.1052,13.1035,0.2266,0,0.0001,56.8831,49.6804,5.0415,47.8227,9.0561,10.0915
5/9/2025,MSH0013-Bindura-Zaoga,CELL_TDD,Bindura_Zaoga_LTE_3,3,MSH0013-Bindura-Zaoga,100%,100,99.9333,99.9823,99.1525,100,0.5134,99.3557,99.3548,99.9997,792.6847,677.8765,114.8082,7.6005,17,8.021,10.0854,11.367,3.0536,0.1373,0,0,54.4436,51.2058,1.9001,31.9614,9.7346,11.4298
5/9/2025,MSH0013-Bindura-Zaoga,CELL_TDD,Bindura_Zaoga_LTE_2,2,MSH0013-Bindura-Zaoga,100%,100,99.798,99.912,99.0258,99.5695,1.4929,99.0108,99.3345,99.9997,1282.4063,1142.1612,140.2451,31.8857,85,5.1061,5.5468,13.2242,6.3208,0.1516,0,0,65.4344,55.6563,7.9714,39.8347,10.2861,12.9836
5/9/2025,MSH0013-Bindura-Zaoga,CELL_TDD,Bindura_Zaoga_LTE_1,1,MSH0013-Bindura-Zaoga,100%,100,98.909,99.6837,95.1202,99.4009,2.4351,97.8556,98.8328,99.9997,641.9485,585.3451,56.6034,20.2206,45,4.5474,2.7526,17.5945,10.0046,0.2212,0,0,60.6133,49.8315,5.0552,42.2138,9.024,8.7548
5/9/2025,MSH-0331-Chiwaridzo 2,CELL_TDD,MSH-0331-Chiwaridzo 2_LTE_6,6,MSH-0331-Chiwaridzo 2_LTE,100%,100,99.2939,99.6464,96.3738,99.3724,1.1387,99.9387,99.9212,99.9983,877.6426,764.8815,112.761,18.3948,46,4.5751,5.7061,17.7685,5.2851,0.1997,0,0,68.9469,57.6689,4.5987,48.5837,9.7563,13.4295
5/9/2025,MSH-0331-Chiwaridzo 2,CELL_TDD,MSH-0331-Chiwaridzo 2_LTE_5,5,MSH-0331-Chiwaridzo 2_LTE,100%,100,99.3456,99.7831,96.725,99.6359,2.4099,99.914,99.9525,99.9983,985.2339,909.3369,75.897,18.7024,50,6.2643,4.4143,16.1886,5.1893,0.1798,0,0,58.8267,59.16,4.6756,42.5966,9.1959,13.6403
5/9/2025,MSH-0331-Chiwaridzo 2,CELL_TDD,MSH-0331-Chiwaridzo 2_LTE_4,4,MSH-0331-Chiwaridzo 2_LTE,100%,100,99.0501,99.262,96.9922,99.6675,0.6219,99.9133,99.9152,99.9983,1656.4453,1505.6716,150.7738,32.8136,69,6.1687,4.8123,16.1213,4.9588,0.1811,0,0,80.6105,62.113,8.2034,57.9917,11.1982,16.6427
5/9/2025,MSH-0331-Chiwaridzo 2,CELL_TDD,MSH-0331-Chiwaridzo 2_LTE_3,3,MSH-0331-Chiwaridzo 2_LTE,100%,100,99.8195,99.9664,97.3581,99.6709,0.6968,99.9238,99.9482,99.9983,1004.0616,882.0089,122.0527,22.032,58,3.9577,6.2023,18.3576,4.5873,0.2015,0,0,69.2781,54.7984,5.508,40.3373,9.9243,12.3265
5/9/2025,MSH-0331-Chiwaridzo 2,CELL_TDD,MSH-0331-Chiwaridzo 2_LTE_2,2,MSH-0331-Chiwaridzo 2_LTE,100%,100,99.8111,99.97,96.7696,99.8962,1.8876,99.9545,99.9776,99.9983,1147.7558,985.7006,162.0552,19.216,46,5.5875,7.3236,16.353,5.8385,0.1809,0,0,64.8015,58.2365,4.804,38.0778,10.0001,14.6624
5/9/2025,MSH-0331-Chiwaridzo 2,CELL_TDD,MSH-0331-Chiwaridzo 2_LTE_1,1,MSH-0331-Chiwaridzo 2_LTE,100%,100,99.4582,99.5186,98.2291,99.8675,0.6589,99.8784,99.9378,99.9993,1699.2543,1560.314,138.9403,36.3803,71,4.4389,4.7993,15.7464,5.7574,0.1695,0,0,86.8235,53.7475,9.0951,49.0651,11.2285,15.1255
5/9/2025,MSH-0112-Bindura Hospital,CELL_TDD,MSH-0112-Bindura Hospital_LTE_1,1,MSH-0112-Bindura Hospital_LTE,100%,100,99.9005,99.9874,99.8025,99.9123,0.1305,99.9171,99.9909,99.9983,1326.4415,1210.2785,116.163,9.8715,21,9.7693,9.0466,13.1961,3.3084,0.1444,0,0,47.7295,50.4359,2.4679,26.9539,11.7527,18.7246
5/9/2025,MSH-0112-Bindura Hospital,CELL_TDD,MSH-0112-Bindura Hospital_LTE_2,2,MSH-0112-Bindura Hospital_LTE,100%,100,99.8547,99.9684,98.5437,99.8644,0.6516,99.9532,99.9852,99.998,901.2493,797.3981,103.8512,8.3957,17,12.5479,10.4945,15.5767,2.5806,0.1769,0,0,39.8879,48.9108,2.0989,20.2383,10.1679,13.3212
5/9/2025,MSH-0112-Bindura Hospital,CELL_TDD,MSH-0112-Bindura Hospital_LTE_3,3,MSH-0112-Bindura Hospital_LTE,100%,100,99.8931,99.9792,98.344,99.8057,0.8829,99.9681,99.226,99.998,948.8328,868.5712,80.2615,20.4481,42,7.2151,4.9607,15.1247,4.127,0.1669,0,0,53.7894,50.7995,5.112,32.4492,10.7148,14.457
5/9/2025,MSH-0112-Bindura Hospital,CELL_TDD,MSH-0112-Bindura Hospital_LTE_4,4,MSH-0112-Bindura Hospital_LTE,100%,100,99.3383,99.9195,96.8069,99.8684,0.3907,100,99.967,99.9983,637.5155,561.2909,76.2246,13.0097,26,7.0335,6.4456,13.3834,2.9947,0.1503,0,0,45.8494,52.3841,3.2524,32.0653,12.6007,15.8148
5/9/2025,MSH-0112-Bindura Hospital,CELL_TDD,MSH-0112-Bindura Hospital_LTE_5,5,MSH-0112-Bindura Hospital_LTE,100%,100,99.298,99.9668,95.6561,99.7223,0.6222,99.946,99.9708,99.998,372.5093,339.2532,33.2561,6.9579,17,10.6544,4.7424,14.8934,2.9242,0.1689,0,0,23.738,43.8832,1.7395,19.1866,9.8508,14.8608
5/9/2025,MSH-0112-Bindura Hospital,CELL_TDD,MSH-0112-Bindura Hospital_LTE_6,6,MSH-0112-Bindura Hospital_LTE,100%,100,99.723,99.9145,97.8934,99.7523,0.9396,99.9189,99.9367,99.9983,766.6906,707.9697,58.7209,18.979,42,7.6309,3.2735,17.3108,4.9136,0.1994,0,0,48.7514,52.9108,4.7447,37.3094,10.0929,12.5342
5/9/2025,MSH-0014-Chipadze,CELL_TDD,MSH-0014-Chipadze_LTE_6,6,MSH-0014-Chipadze,100%,100,98.5012,99.6572,93.508,99.7129,2.6599,99.2485,99.3062,99.999,947.2589,877.2526,70.0063,16.2829,34,6.1806,4.1149,16.8473,4.1476,0.1772,0,0,59.6535,60.65,4.0707,28.3249,9.6258,15.1912
5/9/2025,MSH-0014-Chipadze,CELL_TDD,MSH-0014-Chipadze_LTE_5,5,MSH-0014-Chipadze,100%,100,98.7007,99.226,96.8134,99.1787,3.5089,98.9302,99.1912,99.999,664.2299,607.6005,56.6294,27.7216,59,1.8929,1.7312,18.9947,11.4189,0.2074,0,0.0006,73.0906,64.288,6.9304,35.3298,7.713,11.1951
5/9/2025,MSH-0014-Chipadze,CELL_TDD,MSH-0014-Chipadze_LTE_4,4,MSH-0014-Chipadze,100%,100,99.5168,99.9085,97.7367,99.7928,1.5143,98.6877,98.8183,99.999,448.3057,406.992,41.3136,15.8098,34,7.1954,3.5861,17.1113,5.3859,0.1892,0,0,33.264,71.5167,3.9525,22.6406,9.9395,13.9849
5/9/2025,MSH-0014-Chipadze,CELL_TDD,MSH-0014-Chipadze_LTE_3,3,MSH-0014-Chipadze,100%,100,98.3745,99.6256,91.1243,99.0967,2.3309,99.305,99.3972,99.999,1142.9108,1016.7354,126.1753,19.6574,35,5.5341,5.8975,15.6588,4.184,0.1732,0,0,58.061,61.1179,4.9143,23.0879,9.6404,12.0521
5/9/2025,MSH-0014-Chipadze,CELL_TDD,MSH-0014-Chipadze_LTE_2,2,MSH-0014-Chipadze,100%,100,99.0264,99.574,96.1064,99.2483,2.6525,99.1724,99.4033,99.9993,865.2543,767.2408,98.0135,29.3924,60,2.39,3.097,16.9612,8.8483,0.1864,0,0.0004,72.1843,63.7199,7.3481,25.0157,8.2281,9.3668
5/9/2025,MSH-0014-Chipadze,CELL_TDD,MSH-0014-Chipadze_LTE_1,1,MSH-0014-Chipadze,100%,100,99.7934,100,98.6777,99.6613,1.6653,99.0496,99.1382,99.999,686.5836,588.2957,98.2878,18.9657,35,9.6532,7.2163,16.3103,5.3051,0.179,0,0,33.4533,59.9163,4.7414,17.1599,10.6685,14.2121
6/9/2025,MSH0013-Bindura-Zaoga,CELL_TDD,Bindura_Zaoga_LTE_6,6,MSH0013-Bindura-Zaoga,100%,100,99.6486,99.8976,94.6058,99.7764,1.0052,99.2073,99.2041,100.0004,655.5431,611.1489,44.3943,7.3443,20,6.236,3.6887,13.6998,4.9018,0.1785,0,0.0002,61.1744,50.6845,1.8361,40.4716,10.0605,10.7268
6/9/2025,MSH0013-Bindura-Zaoga,CELL_TDD,Bindura_Zaoga_LTE_5,5,MSH0013-Bindura-Zaoga,100%,100,99.6714,99.8448,97.9762,99.6145,1.9956,98.8378,99.0578,100.0004,750.6889,669.1281,81.5608,27.7594,74,5.0525,3.5575,14.7326,8.729,0.1742,0,0,58.5481,51.7872,6.9399,44.3598,10.2706,12.2535
6/9/2025,MSH0013-Bindura-Zaoga,CELL_TDD,Bindura_Zaoga_LTE_4,4,MSH0013-Bindura-Zaoga,100%,100,97.8767,98.77,94.3162,98.8317,3.6339,98.748,99.0937,100.0004,581.9619,533.8981,48.0638,18.5702,48,6.2171,2.124,17.4527,14.8297,0.2189,0,0.0001,51.2398,45.6347,4.6426,44.4106,9.2337,10.7739
6/9/2025,MSH0013-Bindura-Zaoga,CELL_TDD,Bindura_Zaoga_LTE_3,3,MSH0013-Bindura-Zaoga,100%,100,99.9321,99.9475,99.4595,99.9302,0.3514,98.783,99.1031,100.0004,961.5739,867.54,94.034,7.8248,17,6.4943,7.5088,11.2276,2.6992,0.1319,0,0.0001,65.5892,48.2904,1.9562,35.1198,9.64,11.488
6/9/2025,MSH0013-Bindura-Zaoga,CELL_TDD,Bindura_Zaoga_LTE_2,2,MSH0013-Bindura-Zaoga,100%,100,99.7781,99.9116,98.3908,99.6704,1.5367,98.4677,99.0841,100.0004,1183.4452,1077.7061,105.7391,30.2958,69,5.8942,4.2795,12.9428,6.7674,0.1484,0,0,64.3685,55.926,7.5739,39.0287,10.0922,12.4778
6/9/2025,MSH0013-Bindura-Zaoga,CELL_TDD,Bindura_Zaoga_LTE_1,1,MSH0013-Bindura-Zaoga,100%,100,98.888,99.6611,95.1633,99.3327,3.0314,99.1372,99.3811,100.0011,538.6655,484.5358,54.1297,20.2985,50,4.9987,2.5714,16.1915,11.0521,0.1979,0,0.0001,52.6088,50.1781,5.0746,40.1941,9.1904,9.3299
6/9/2025,MSH-0331-Chiwaridzo 2,CELL_TDD,MSH-0331-Chiwaridzo 2_LTE_6,6,MSH-0331-Chiwaridzo 2_LTE,100%,100,99.1841,99.6423,95.5376,99.3522,0.8155,99.8945,99.9007,100.0021,963.2532,870.5838,92.6694,18.9387,50,4.5515,4.71,17.9001,5.4786,0.2025,0,0,72.7697,54.281,4.7347,50.8203,9.7803,13.2984
6/9/2025,MSH-0331-Chiwaridzo 2,CELL_TDD,MSH-0331-Chiwaridzo 2_LTE_5,5,MSH-0331-Chiwaridzo 2_LTE,100%,100,98.5348,99.7431,90.221,99.6635,2.2149,99.9125,99.9393,100.0025,1092.5347,1023.8543,68.6804,18.2014,38,9.3455,4.5947,15.7924,4.995,0.1766,0,0,56.405,54.3998,4.5503,37.7498,9.2277,14.2891
6/9/2025,MSH-0331-Chiwaridzo 2,CELL_TDD,MSH-0331-Chiwaridzo 2_LTE_4,4,MSH-0331-Chiwaridzo 2_LTE,100%,100,99.1119,99.2054,98.3602,99.5785,0.6769,99.8244,99.825,100.0018,1535.0829,1424.1954,110.8875,31.6342,70,6.0299,3.8706,15.9041,5.7984,0.1804,0,0,76.8167,58.498,7.9086,54.5565,10.9714,16.6666
6/9/2025,MSH-0331-Chiwaridzo 2,CELL_TDD,MSH-0331-Chiwaridzo 2_LTE_3,3,MSH-0331-Chiwaridzo 2_LTE,100%,100,99.8084,99.9024,98.5322,99.7106,0.7704,99.9301,99.9441,100.0018,1162.1077,1023.2206,138.8871,23.403,51,3.7914,5.9038,17.9059,4.769,0.1987,0,0,76.6729,56.3397,5.8507,43.154,9.9213,12.7559
6/9/2025,MSH-0331-Chiwaridzo 2,CELL_TDD,MSH-0331-Chiwaridzo 2_LTE_2,2,MSH-0331-Chiwaridzo 2_LTE,100%,100,99.7899,99.9498,97.3408,99.9007,1.1889,99.9547,99.9704,100.0018,1145.1513,999.3709,145.7805,18.7483,44,7.9899,7.9688,15.1209,4.4976,0.1653,0,0,60.2001,56.745,4.6871,33.3603,9.9964,14.6116
6/9/2025,MSH-0331-Chiwaridzo 2,CELL_TDD,MSH-0331-Chiwaridzo 2_LTE_1,1,MSH-0331-Chiwaridzo 2_LTE,100%,100,98.845,98.9249,97.6419,99.8129,0.6624,99.6573,99.8638,100.0018,1654.0776,1520.6067,133.4709,38.4778,75,4.5733,4.2179,16.4174,6.5164,0.18,0,0,80.5939,54.8934,9.6195,47.1779,11.2043,14.9242
6/9/2025,MSH-0112-Bindura Hospital,CELL_TDD,MSH-0112-Bindura Hospital_LTE_1,1,MSH-0112-Bindura Hospital_LTE,100%,100,99.9694,99.9858,99.9501,99.9294,0.1599,100,99.9494,99.9996,671.3421,596.6049,74.7372,9.6752,22,11.3435,8.3162,13.9572,2.9195,0.1617,0,0,33.9123,47.2124,2.4188,21.5964,11.7951,15.9161
6/9/2025,MSH-0112-Bindura Hospital,CELL_TDD,MSH-0112-Bindura Hospital_LTE_2,2,MSH-0112-Bindura Hospital_LTE,100%,100,99.8572,100,97.7811,99.7873,0.4122,100,99.9829,99.9996,1156.5005,1078.7754,77.7251,7.9191,18,15.2001,7.864,14.7463,2.0577,0.16,0,0,41.0441,46.361,1.9798,18.3962,10.2415,16.0878
6/9/2025,MSH-0112-Bindura Hospital,CELL_TDD,MSH-0112-Bindura Hospital_LTE_3,3,MSH-0112-Bindura Hospital_LTE,100%,100,99.8327,99.9593,98.0175,99.799,0.919,99.9435,95.0039,99.9996,969.433,889.4953,79.9377,18.3302,37,8.0531,4.5885,15.6624,4.5352,0.1746,0,0,55.3078,51.3743,4.5826,32.1467,10.3685,13.1972
6/9/2025,MSH-0112-Bindura Hospital,CELL_TDD,MSH-0112-Bindura Hospital_LTE_4,4,MSH-0112-Bindura Hospital_LTE,100%,100,99.5443,99.9267,97.3541,99.8123,0.3926,100,99.8751,99.9996,515.8037,472.7083,43.0955,13.4273,25,8.7802,3.3166,13.6035,3.9362,0.1594,0,0,30.6315,49.4009,3.3568,24.8063,12.4999,15.9181
6/9/2025,MSH-0112-Bindura Hospital,CELL_TDD,MSH-0112-Bindura Hospital_LTE_5,5,MSH-0112-Bindura Hospital_LTE,100%,100,99.6787,99.895,98.1685,99.3773,0.3573,100,100,99.9986,367.1947,336.004,31.1907,6.3143,18,12.0904,5.6347,16.0353,2.908,0.1794,0,0,25.2354,44.2661,1.5786,17.6877,9.989,13.3735
6/9/2025,MSH-0112-Bindura Hospital,CELL_TDD,MSH-0112-Bindura Hospital_LTE_6,6,MSH-0112-Bindura Hospital_LTE,100%,100,99.6455,99.8726,97.5023,99.7069,1.0823,100,99.9802,99.9996,769.9137,703.7782,66.1355,16.0659,35,7.3775,3.9552,17.254,5.4268,0.1978,0,0,53.1531,53.0349,4.0165,38.326,10.5214,12.1025
6/9/2025,MSH-0014-Chipadze,CELL_TDD,MSH-0014-Chipadze_LTE_6,6,MSH-0014-Chipadze,100%,100,98.5091,99.6993,93.0746,99.6518,3.1941,98.5459,98.6445,99.9989,1098.8905,1016.2881,82.6023,16.3222,31,6.6328,4.7535,16.5205,4.3076,0.177,0,0,63.0125,62.8312,4.0806,27.7546,9.6986,15.9798
6/9/2025,MSH-0014-Chipadze,CELL_TDD,MSH-0014-Chipadze_LTE_5,5,MSH-0014-Chipadze,100%,100,98.5637,99.3941,95.1295,99.2878,3.5146,98.6661,98.913,99.9989,623.3007,567.9276,55.3731,28.7546,58,2.2126,1.65,18.9395,12.5375,0.2122,0,0.0007,67.4582,65.9339,7.1886,34.0838,7.7653,11.1857
6/9/2025,MSH-0014-Chipadze,CELL_TDD,MSH-0014-Chipadze_LTE_4,4,MSH-0014-Chipadze,100%,100,99.7766,99.9071,99.3939,99.7589,1.2762,98.0066,98.2601,99.9989,419.7413,384.013,35.7283,14.2414,32,6.6564,4.0937,16.0689,5.4833,0.1807,0,0,34.0849,53.4762,3.5603,20.6234,9.8212,13.3302
6/9/2025,MSH-0014-Chipadze,CELL_TDD,MSH-0014-Chipadze_LTE_3,3,MSH-0014-Chipadze,100%,100,98.6681,99.6826,92.219,99.4492,2.7769,98.4687,98.6663,99.9989,1297.4128,1190.7631,106.6497,19.7874,36,7.1493,5.4505,16.2444,3.849,0.1785,0,0,58.6831,58.2104,4.9469,22.3483,9.7434,12.6959
6/9/2025,MSH-0014-Chipadze,CELL_TDD,MSH-0014-Chipadze_LTE_2,2,MSH-0014-Chipadze,100%,100,98.8927,99.5369,95.6426,99.13,3.3028,99.0548,99.2537,99.9989,898.5955,813.4337,85.1618,29.9016,57,2.8743,2.5555,17.1407,9.3662,0.1909,0,0.0005,71.9277,64.4477,7.4754,25.0672,8.4542,9.5764
6/9/2025,MSH-0014-Chipadze,CELL_TDD,MSH-0014-Chipadze_LTE_1,1,MSH-0014-Chipadze,100%,100,99.8385,99.9735,98.9196,99.8525,1.1792,98.9509,99.1453,100.0004,535.1639,489.5552,45.6087,16.9941,36,10.5233,4.442,16.2503,5.1002,0.1812,0,0,26.4168,52.4953,4.2485,15.3233,10.9735,13.9539
7/9/2025,MSH0013-Bindura-Zaoga,CELL_TDD,Bindura_Zaoga_LTE_6,6,MSH0013-Bindura-Zaoga,100%,100,99.4972,99.872,94.0741,99.9238,1.1827,98.9368,98.9625,100.0011,525.4457,494.1322,31.3135,6.9188,17,4.9624,2.8805,15.5797,4.8102,0.1992,0,0,56.2592,48.4872,1.7297,38.0477,9.8767,9.1203
7/9/2025,MSH0013-Bindura-Zaoga,CELL_TDD,Bindura_Zaoga_LTE_5,5,MSH0013-Bindura-Zaoga,100%,100,99.6772,99.8574,97.8396,99.6138,0.9815,99.1631,99.2591,100.0011,761.1601,693.2516,67.9085,20.6711,52,5.3569,3.5615,14.3394,7.306,0.1708,0,0,60.8403,51.6041,5.1678,42.9361,9.9466,11.8646
7/9/2025,MSH0013-Bindura-Zaoga,CELL_TDD,Bindura_Zaoga_LTE_4,4,MSH0013-Bindura-Zaoga,100%,100,98.1973,99.1177,93.6341,98.2379,3.2737,98.8341,99.1136,100.0011,625.7103,553.2942,72.4161,21.9922,94,6.12,3.3549,16.8837,14.5595,0.2079,0,0.0002,47.3853,50.3305,5.498,44.038,9.3427,12.1744
7/9/2025,MSH0013-Bindura-Zaoga,CELL_TDD,Bindura_Zaoga_LTE_3,3,MSH0013-Bindura-Zaoga,100%,100,99.9139,99.9545,99.2,99.9774,0.7062,99.1101,99.2516,100.0011,914.4742,834.5323,79.9419,7.4874,16,6.5818,6.0782,11.6904,3.4363,0.143,0,0,70.0531,49.9139,1.8718,37.2165,9.5416,10.3123
7/9/2025,MSH0013-Bindura-Zaoga,CELL_TDD,Bindura_Zaoga_LTE_2,2,MSH0013-Bindura-Zaoga,100%,100,99.7954,99.9132,98.47,99.709,0.8513,98.3911,98.8162,100.0011,1229.4397,1126.027,103.4128,25.468,58,6.4535,4.3883,12.6302,4.8713,0.1443,0,0,65.8933,71.3453,6.367,38.4011,10.2336,12.6979
7/9/2025,MSH0013-Bindura-Zaoga,CELL_TDD,Bindura_Zaoga_LTE_1,1,MSH0013-Bindura-Zaoga,100%,100,98.6979,99.6128,93.7933,98.9536,2.5172,98.9505,99.1886,100,551.2294,488.4138,62.8156,21.2003,94,5.4395,3.2953,16.7478,10.5231,0.2078,0,0.0002,47.259,49.3206,5.3001,38.597,9.2451,10.2488
7/9/2025,MSH-0331-Chiwaridzo 2,CELL_TDD,MSH-0331-Chiwaridzo 2_LTE_6,6,MSH-0331-Chiwaridzo 2_LTE,100%,100,99.2709,99.637,96.1884,99.5448,0.9509,99.8763,99.9078,99.9996,1055.9042,953.9115,101.9926,21.5799,69,5.0191,5.0312,18.0273,5.1838,0.2055,0,0,68.306,55.8789,5.395,50.008,9.9477,14.1921
7/9/2025,MSH-0331-Chiwaridzo 2,CELL_TDD,MSH-0331-Chiwaridzo 2_LTE_5,5,MSH-0331-Chiwaridzo 2_LTE,100%,100,99.301,99.7597,96.8304,99.6159,1.8465,99.9818,99.964,99.9996,1136.8294,1054.5887,82.2407,17.9483,44,8.6957,4.9901,16.2493,5.1361,0.1789,0,0,55.5952,51.1779,4.4871,38.4922,9.1588,13.8954
7/9/2025,MSH-0331-Chiwaridzo 2,CELL_TDD,MSH-0331-Chiwaridzo 2_LTE_4,4,MSH-0331-Chiwaridzo 2_LTE,100%,100,98.8013,99.0353,97.3232,99.2546,0.7673,99.8848,99.8876,99.9996,1327.3478,1214.0037,113.3441,34.8348,72,5.8133,3.6654,16.9983,8.2785,0.191,0,0,74.6656,68.2987,8.7087,55.6167,11.0458,15.5287
7/9/2025,MSH-0331-Chiwaridzo 2,CELL_TDD,MSH-0331-Chiwaridzo 2_LTE_3,3,MSH-0331-Chiwaridzo 2_LTE,100%,100,99.8109,99.8935,98.7723,99.6562,0.7258,99.9721,99.9689,99.9996,1145.0078,1004.4578,140.55,27.848,66,4.2354,6.2657,17.2791,4.3424,0.1896,0,0,70.8275,54.8869,6.962,40.9176,10.1909,13.5015
7/9/2025,MSH-0331-Chiwaridzo 2,CELL_TDD,MSH-0331-Chiwaridzo 2_LTE_2,2,MSH-0331-Chiwaridzo 2_LTE,100%,100,99.8252,99.9598,98.136,99.8732,1.0188,99.9632,99.9708,99.9996,1073.409,994.298,79.111,21.3762,51,7.0615,4.2384,15.7732,4.8624,0.1732,0,0,60.1655,49.844,5.3441,33.4927,10.4503,14.9251
7/9/2025,MSH-0331-Chiwaridzo 2,CELL_TDD,MSH-0331-Chiwaridzo 2_LTE_1,1,MSH-0331-Chiwaridzo 2_LTE,100%,100,97.6583,97.6046,98.417,99.7013,0.7245,99.8704,99.9027,100,1842.8149,1702.1318,140.683,43.8995,87,4.8815,4.269,15.9835,5.6806,0.173,0,0,78.909,53.255,10.9749,47.1491,11.1501,15.3386
7/9/2025,MSH-0112-Bindura Hospital,CELL_TDD,MSH-0112-Bindura Hospital_LTE_1,1,MSH-0112-Bindura Hospital_LTE,100%,100,99.9271,99.9871,99.8597,99.9521,0.1296,100,99.9488,100.0018,732.029,665.0895,66.9395,11.1564,25,8.1041,5.663,15.439,3.5557,0.178,0,0,45.601,49.1331,2.7891,27.5671,11.6833,14.3064
7/9/2025,MSH-0112-Bindura Hospital,CELL_TDD,MSH-0112-Bindura Hospital_LTE_2,2,MSH-0112-Bindura Hospital_LTE,100%,100,99.697,99.9895,95.7326,99.9061,0.5764,100,99.9816,100.0014,1091.4358,982.6023,108.8334,7.9842,18,14.9581,11.1745,14.5494,2.2645,0.1574,0,0,35.4365,48.2955,1.9961,18.8768,10.2267,17.5602
7/9/2025,MSH-0112-Bindura Hospital,CELL_TDD,MSH-0112-Bindura Hospital_LTE_3,3,MSH-0112-Bindura Hospital_LTE,100%,100,99.8794,99.9805,98.3234,99.7728,0.7219,99.9695,87.8324,100.0014,719.0412,659.5645,59.4767,18.7141,37,8.0677,3.633,15.8543,5.0221,0.1801,0,0,50.2359,50.3475,4.6785,31.4249,10.5143,12.9072
7/9/2025,MSH-0112-Bindura Hospital,CELL_TDD,MSH-0112-Bindura Hospital_LTE_4,4,MSH-0112-Bindura Hospital_LTE,100%,100,99.4879,99.9835,97.1316,99.7809,0.4207,99.8825,99.8065,100.0014,663.5906,596.0635,67.5271,12.1729,28,7.316,5.3488,14.3421,3.6016,0.1614,0,0,43.8896,50.7326,3.0432,30.7343,12.4582,15.1914
7/9/2025,MSH-0112-Bindura Hospital,CELL_TDD,MSH-0112-Bindura Hospital_LTE_5,5,MSH-0112-Bindura Hospital_LTE,100%,100,99.5261,99.9135,97.4419,99.7437,0.381,100,100,100.0018,382.6323,345.0279,37.6044,6.1621,18,13.5282,7.345,15.3654,2.2536,0.1719,0,0,23.8656,44.039,1.5405,17.5035,9.7666,12.8156
7/9/2025,MSH-0112-Bindura Hospital,CELL_TDD,MSH-0112-Bindura Hospital_LTE_6,6,MSH-0112-Bindura Hospital_LTE,100%,100,99.6708,99.9216,97.1926,99.6927,0.9173,99.7413,99.8292,100.0014,784.6611,732.6072,52.0539,16.608,39,7.9056,3.1859,16.9747,5.8563,0.196,0,0,50.4801,51.4987,4.152,38.6784,10.1444,11.5449
7/9/2025,MSH-0014-Chipadze,CELL_TDD,MSH-0014-Chipadze_LTE_6,6,MSH-0014-Chipadze,75%,99.9996,99.0196,99.7203,95.1701,99.5531,1.944,99.5538,99.5697,100.0028,627.5774,571.339,56.2384,14.0226,31,6.6915,5.2932,16.3811,3.8607,0.1728,0,0,50.6501,57.8728,3.5056,24.0819,9.5867,16.4868
7/9/2025,MSH-0014-Chipadze,CELL_TDD,MSH-0014-Chipadze_LTE_5,5,MSH-0014-Chipadze,75%,99.9996,97.8441,98.6363,94.3717,99.0701,2.6907,99.4633,99.4983,100.0028,328.7416,297.1215,31.6201,24.338,48,2.2089,1.499,20.0062,13.0895,0.2264,0,0.0005,56.9954,63.19,6.0845,31.9356,8.0985,10.9392
7/9/2025,MSH-0014-Chipadze,CELL_TDD,MSH-0014-Chipadze_LTE_4,4,MSH-0014-Chipadze,75%,99.9996,99.9163,99.9664,99.6694,99.8031,1.0309,98.9086,98.9956,100.0028,217.5774,204.6422,12.9352,11.1075,28,7.2553,3.5338,16.7707,4.9001,0.1873,0,0,26.3103,48.0379,2.7769,17.8172,9.6471,12.9503
7/9/2025,MSH-0014-Chipadze,CELL_TDD,MSH-0014-Chipadze_LTE_3,3,MSH-0014-Chipadze,75%,99.9996,98.9936,99.8932,92.1938,99.65,1.4708,99.5598,99.6176,100.0028,859.5569,788.8975,70.6594,14.9942,33,9.8989,6.4244,15.9833,2.8867,0.1725,0,0,52.6791,56.1767,3.7485,21.0832,10.449,13.3486
7/9/2025,MSH-0014-Chipadze,CELL_TDD,MSH-0014-Chipadze_LTE_2,2,MSH-0014-Chipadze,75%,99.9996,99.0677,99.5926,96.0019,99.3806,2.8403,99.4536,99.6921,100.0028,489.2257,434.23,54.9957,23.7577,47,2.9164,2.7682,18.3896,10.6088,0.2071,0,0.0003,58.2885,65.0406,5.9394,22.8598,8.5518,9.8715
7/9/2025,MSH-0014-Chipadze,CELL_TDD,MSH-0014-Chipadze_LTE_1,1,MSH-0014-Chipadze,75%,99.9996,99.7166,99.956,97.9937,99.8698,0.7966,99.3635,99.4311,100.0034,349.9874,321.8067,28.1806,13.8357,39,11.1496,5.3996,15.8405,4.3866,0.1733,0,0,23.987,48.9521,3.4589,13.4524,11.2808,15.3638
8/9/2025,MSH0013-Bindura-Zaoga,CELL_TDD,Bindura_Zaoga_LTE_6,6,MSH0013-Bindura-Zaoga,100%,100,99.6837,99.7459,98.4436,99.8444,1.3516,99.3348,99.3836,100,584.7843,547.8852,36.8991,8.0471,20,5.6352,3.4038,15.3037,4.7815,0.1927,0,0,52.6931,50.6175,2.0118,35.7853,10.2322,10.3575
8/9/2025,MSH0013-Bindura-Zaoga,CELL_TDD,Bindura_Zaoga_LTE_5,5,MSH0013-Bindura-Zaoga,100%,100,99.6774,99.8581,98.3012,99.5737,1.799,99.1104,99.2724,100,983.2913,900.9551,82.3362,35.177,87,5.5312,3.743,14.5614,7.6914,0.1701,0,0.0001,64.5631,52.3348,8.7942,48.0841,10.0352,13.2307
8/9/2025,MSH0013-Bindura-Zaoga,CELL_TDD,Bindura_Zaoga_LTE_4,4,MSH0013-Bindura-Zaoga,100%,100,98.388,99.1606,93.8751,98.7683,2.7747,98.4919,98.9136,100,634.7772,572.8121,61.9651,35.4659,107,4.6908,2.5215,18.004,13.2692,0.2182,0,0.0004,60.3465,48.8054,8.8665,54.0672,9.8529,11.2975
8/9/2025,MSH0013-Bindura-Zaoga,CELL_TDD,Bindura_Zaoga_LTE_3,3,MSH0013-Bindura-Zaoga,100%,100,99.9196,99.9431,99.5413,99.8875,1.2308,99.4143,99.5227,100,676.4783,627.0422,49.4361,7.4945,17,6.0642,4.5669,12.3547,3.1608,0.1566,0,0,55.2324,44.6806,1.8736,33.2611,9.5166,10.6401
8/9/2025,MSH0013-Bindura-Zaoga,CELL_TDD,Bindura_Zaoga_LTE_2,2,MSH0013-Bindura-Zaoga,100%,100,99.7545,99.9129,98.5008,99.6926,1.2251,99.432,99.5139,100,1243.7952,1136.4753,107.32,35.6342,76,5.5966,3.8681,13.5922,6.392,0.1568,0,0,70.6734,54.6387,8.9086,44.4793,10.2246,13.0365
8/9/2025,MSH0013-Bindura-Zaoga,CELL_TDD,Bindura_Zaoga_LTE_1,1,MSH0013-Bindura-Zaoga,100%,100,99.073,99.6495,95.6198,99.1843,2.2771,99.4726,99.4881,100.001,960.6413,838.3843,122.2571,36.2922,105,5.706,4.1892,17.0254,10.039,0.2016,0,0.0001,58.0497,53.6546,9.073,45.1359,9.4854,12.4074
8/9/2025,MSH-0331-Chiwaridzo 2,CELL_TDD,MSH-0331-Chiwaridzo 2_LTE_6,6,MSH-0331-Chiwaridzo 2_LTE,100%,100,99.3382,99.7905,95.8089,99.4042,1.0184,99.8785,99.8914,99.9984,974.8759,883.4929,91.383,19.073,54,5.2492,5.3615,17.5274,4.0605,0.1991,0,0,67.9293,56.8639,4.7682,48.7592,9.8768,13.9159
8/9/2025,MSH-0331-Chiwaridzo 2,CELL_TDD,MSH-0331-Chiwaridzo 2_LTE_5,5,MSH-0331-Chiwaridzo 2_LTE,100%,100,99.3359,99.8745,95.6452,99.6981,1.3388,99.9612,99.9722,99.9984,904.4696,835.3424,69.1272,18.7703,45,9.0412,3.9766,16.6927,4.7227,0.1885,0,0,49.2927,59.4357,4.6926,37.411,9.1789,13.9887
8/9/2025,MSH-0331-Chiwaridzo 2,CELL_TDD,MSH-0331-Chiwaridzo 2_LTE_4,4,MSH-0331-Chiwaridzo 2_LTE,100%,100,99.5954,99.7903,97.574,99.7478,0.8383,99.8284,99.8775,99.9984,1516.5486,1366.2451,150.3035,33.1194,69,6.2757,5.1181,15.9245,4.6562,0.1777,0,0,73.0096,59.9054,8.2798,53.5159,10.9423,16.7535
8/9/2025,MSH-0331-Chiwaridzo 2,CELL_TDD,MSH-0331-Chiwaridzo 2_LTE_3,3,MSH-0331-Chiwaridzo 2_LTE,100%,100,99.8105,99.883,98.5278,99.6669,0.7207,99.892,99.9446,99.9984,1009.9448,923.4645,86.4803,24.2867,52,4.6551,4.3666,17.6179,4.3537,0.1913,0,0,70.2365,52.6064,6.0717,39.8263,10.4215,13.3654
8/9/2025,MSH-0331-Chiwaridzo 2,CELL_TDD,MSH-0331-Chiwaridzo 2_LTE_2,2,MSH-0331-Chiwaridzo 2_LTE,100%,100,99.9132,99.977,98.86,99.8863,1.6072,99.8926,99.9617,99.9984,764.2815,700.2747,64.0069,15.9274,39,8.3202,4.4314,16.0744,5.7339,0.1825,0,0,51.4667,50.0413,3.9818,28.6266,10.3615,14.0573
8/9/2025,MSH-0331-Chiwaridzo 2,CELL_TDD,MSH-0331-Chiwaridzo 2_LTE_1,1,MSH-0331-Chiwaridzo 2_LTE,100%,100,98.7261,98.7226,98.7902,99.7831,0.7751,99.8441,99.9278,99.9987,1570.7711,1431.0092,139.7619,41.2639,85,5.1822,4.4965,16.3375,6.1995,0.181,0,0,77.3617,53.8832,10.316,47.0495,11.1358,14.7384
8/9/2025,MSH-0112-Bindura Hospital,CELL_TDD,MSH-0112-Bindura Hospital_LTE_1,1,MSH-0112-Bindura Hospital_LTE,100%,100,99.9545,99.9978,99.9066,99.9541,0.1876,100,100,100,764.1694,647.8049,116.3645,10.5366,25,7.3057,9.5168,17.4095,4.2891,0.2037,0,0,47.7027,57.842,2.6341,30.3113,11.4633,13.9358
8/9/2025,MSH-0112-Bindura Hospital,CELL_TDD,MSH-0112-Bindura Hospital_LTE_2,2,MSH-0112-Bindura Hospital_LTE,100%,100,99.8483,99.9763,98.4944,99.8354,1.0412,99.9502,99.9691,99.9997,498.82,463.3432,35.4769,6.6684,18,14.5823,4.7446,13.6839,2.6354,0.1498,0,0,21.7522,42.3674,1.6671,14.3432,10.9297,16.393
8/9/2025,MSH-0112-Bindura Hospital,CELL_TDD,MSH-0112-Bindura Hospital_LTE_3,3,MSH-0112-Bindura Hospital_LTE,100%,100,99.8198,99.952,97.8092,99.8102,0.87,100,93.4884,99.9997,770.3119,717.0826,53.2293,20.4929,41,7.6224,3.6157,16.764,4.3504,0.1894,0,0,50.3399,49.1472,5.1232,31.7128,10.7459,13.4614
8/9/2025,MSH-0112-Bindura Hospital,CELL_TDD,MSH-0112-Bindura Hospital_LTE_4,4,MSH-0112-Bindura Hospital_LTE,100%,100,99.5839,99.9854,97.2701,99.8281,0.4845,99.9186,99.9382,99.9997,562.8795,483.3809,79.4987,12.4266,25,8.0664,6.5394,14.1273,3.5007,0.1669,0,0,35.2705,53.6841,3.1067,27.4675,12.6742,16.864
8/9/2025,MSH-0112-Bindura Hospital,CELL_TDD,MSH-0112-Bindura Hospital_LTE_5,5,MSH-0112-Bindura Hospital_LTE,100%,100,98.5373,99.9382,92.3428,99.8379,0.6606,100,100,99.9997,300.843,276.0155,24.8275,6.1673,15,13.4659,5.418,14.0674,1.9314,0.1554,0,0,17.2944,42.432,1.5418,15.3297,9.4398,12.5045
8/9/2025,MSH-0112-Bindura Hospital,CELL_TDD,MSH-0112-Bindura Hospital_LTE_6,6,MSH-0112-Bindura Hospital_LTE,100%,100,99.6738,99.8832,97.8641,99.5573,1.2462,99.9674,99.9145,99.9987,693.4072,627.806,65.6013,17.9311,40,7.0975,3.8442,17.3062,5.4268,0.2012,0,0,45.9837,53.146,4.4828,38.7085,10.5313,11.3894
8/9/2025,MSH-0014-Chipadze,CELL_TDD,MSH-0014-Chipadze_LTE_6,6,MSH-0014-Chipadze,79%,99.9998,98.7121,99.7019,95.1685,99.7274,1.9976,99.2211,99.2673,99.9968,908.3132,839.1719,69.1414,18.7653,32,6.9555,4.8651,16.2228,3.5895,0.1697,0,0,59.9878,59.5156,4.6913,27.5018,9.7108,16.3225
8/9/2025,MSH-0014-Chipadze,CELL_TDD,MSH-0014-Chipadze_LTE_5,5,MSH-0014-Chipadze,79%,99.9998,98.2609,98.9112,95.6317,99.2685,3.682,95.6641,97.1391,99.9968,458.6208,418.7459,39.8749,26.6212,54,2.66,1.7063,18.7944,12.4785,0.2122,0,0.0013,64.757,67.1404,6.6553,33.1569,8.3353,11.1262
8/9/2025,MSH-0014-Chipadze,CELL_TDD,MSH-0014-Chipadze_LTE_4,4,MSH-0014-Chipadze,79%,99.9998,99.5604,99.8881,98.0866,99.6759,1.3352,96.0699,96.5569,99.9976,432.206,395.3014,36.9046,18.5467,39,5.6991,3.6013,17.4983,6.4112,0.1929,0,0,45.3383,58.7749,4.6367,24.0172,10.0743,13.2291
8/9/2025,MSH-0014-Chipadze,CELL_TDD,MSH-0014-Chipadze_LTE_3,3,MSH-0014-Chipadze,79%,99.9998,98.4046,99.7556,91.5373,99.6721,2.138,99.019,99.2248,99.9968,1158.1219,985.9133,172.2086,18.9025,36,5.9829,9.3524,16.4689,3.9112,0.1807,0,0,63.8469,67.7304,4.7256,23.7631,9.6526,12.8294
8/9/2025,MSH-0014-Chipadze,CELL_TDD,MSH-0014-Chipadze_LTE_2,2,MSH-0014-Chipadze,79%,99.9998,98.8993,99.5913,95.5191,99.4355,3.4447,99.6748,99.7976,99.9968,583.1124,522.9116,60.2008,27.4758,55,3.4237,2.7026,17.5842,9.0828,0.1984,0,0.0009,62.3794,62.7132,6.8689,22.7197,7.9916,9.5075
8/9/2025,MSH-0014-Chipadze,CELL_TDD,MSH-0014-Chipadze_LTE_1,1,MSH-0014-Chipadze,79%,99.9998,99.6467,99.9529,98.1221,99.7708,1.8787,97.5919,98.1731,99.998,569.7308,521.4071,48.3236,18.0243,35,8.6702,4.5147,16.9567,6.293,0.191,0,0,39.6621,56.3697,4.5061,17.727,10.0458,13.0074
9/9/2025,MSH0013-Bindura-Zaoga,CELL_TDD,Bindura_Zaoga_LTE_6,6,MSH0013-Bindura-Zaoga,100%,100,99.6628,99.9116,94.5701,99.8022,1.0232,99.2266,99.1447,99.9991,396.3019,374.6484,21.6535,5.517,18,6.1227,2.9907,15.7891,5.1227,0.2114,0,0.0001,48.0612,48.5597,1.3792,32.4915,9.9024,9.4118
9/9/2025,MSH0013-Bindura-Zaoga,CELL_TDD,Bindura_Zaoga_LTE_5,5,MSH0013-Bindura-Zaoga,100%,100,99.6835,99.8447,98.4113,99.585,1.8799,99.2224,99.3628,99.9991,1012.2829,933.2982,78.9847,31.8665,78,5.4608,3.1722,14.2142,6.0352,0.1663,0,0.0001,62.3081,58.2666,7.9666,46.35,10.3191,13.7179
9/9/2025,MSH0013-Bindura-Zaoga,CELL_TDD,Bindura_Zaoga_LTE_4,4,MSH0013-Bindura-Zaoga,100%,100,98.3004,99.2202,92.7039,99.0639,2.9236,98.9463,99.1491,99.9991,545.0432,482.8889,62.1543,22.0038,77,5.2529,2.7791,16.6618,12.6268,0.2057,0,0.0003,51.5464,50.3135,5.501,45.6536,9.5749,11.3231
9/9/2025,MSH0013-Bindura-Zaoga,CELL_TDD,Bindura_Zaoga_LTE_3,3,MSH0013-Bindura-Zaoga,100%,100,99.9501,99.9656,99.5146,99.9657,0.5135,99.709,99.7394,99.9994,777.6648,729.6286,48.0362,7.9764,18,9.9512,5.3975,11.4713,3.0831,0.1351,0,0,41.3561,45.8629,1.9941,24.3494,10.3329,13.1278
9/9/2025,MSH0013-Bindura-Zaoga,CELL_TDD,Bindura_Zaoga_LTE_2,2,MSH0013-Bindura-Zaoga,100%,100,99.822,99.9323,98.8605,99.6497,1.339,98.9719,99.238,99.9991,1066.861,969.6718,97.1893,36.3691,89,5.1376,3.5601,13.3452,6.4342,0.1542,0,0,59.76,53.1545,9.0923,40.2586,10.4002,12.9974
9/9/2025,MSH0013-Bindura-Zaoga,CELL_TDD,Bindura_Zaoga_LTE_1,1,MSH0013-Bindura-Zaoga,100%,100,98.9965,99.6142,95.2944,99.4258,2.5873,98.9893,99.1343,99.9994,648.9931,599.0879,49.9051,18.8368,79,4.9547,2.7491,15.9383,9.4065,0.1959,0,0.0001,51.9452,49.0295,4.7092,39.0423,9.3632,11.0564
9/9/2025,MSH-0331-Chiwaridzo 2,CELL_TDD,MSH-0331-Chiwaridzo 2_LTE_6,6,MSH-0331-Chiwaridzo 2_LTE,100%,100,99.2102,99.6237,96.0889,99.364,0.7927,99.8075,99.8181,99.9997,793.7942,718.3771,75.4171,18.4137,49,4.991,4.0417,18.5026,5.7553,0.2169,0,0,65.4511,53.2931,4.6034,47.4663,10.2086,12.815
9/9/2025,MSH-0331-Chiwaridzo 2,CELL_TDD,MSH-0331-Chiwaridzo 2_LTE_5,5,MSH-0331-Chiwaridzo 2_LTE,100%,100,99.3521,99.804,95.9139,99.7376,1.6109,99.9432,99.9464,100,685.6345,635.9978,49.6367,19.606,60,8.2107,3.0896,17.6297,6.1679,0.2059,0,0,42.0953,49.7622,4.9015,33.4371,9.1103,13.6053
9/9/2025,MSH-0331-Chiwaridzo 2,CELL_TDD,MSH-0331-Chiwaridzo 2_LTE_4,4,MSH-0331-Chiwaridzo 2_LTE,100%,100,99.2711,99.423,97.5626,99.6746,0.9625,99.8461,99.8658,99.9997,1373.5067,1255.1468,118.3599,34.5438,73,6.0663,4.354,16.6981,5.4903,0.1879,0,0,72.9366,56.5786,8.6359,54.9925,11,15.8086
9/9/2025,MSH-0331-Chiwaridzo 2,CELL_TDD,MSH-0331-Chiwaridzo 2_LTE_3,3,MSH-0331-Chiwaridzo 2_LTE,100%,100,99.8208,99.8988,98.6835,99.6677,0.9934,99.9025,99.9426,99.9997,868.1399,791.9787,76.1611,21.7009,55,5.0961,4.1398,17.7695,4.7086,0.1987,0,0,66.7975,51.0308,5.4252,39.1973,10.2127,12.4844
9/9/2025,MSH-0331-Chiwaridzo 2,CELL_TDD,MSH-0331-Chiwaridzo 2_LTE_2,2,MSH-0331-Chiwaridzo 2_LTE,100%,100,99.8088,99.9623,97.4209,99.862,1.1171,99.9603,99.9685,99.9997,921.1077,838.6353,82.4724,17.5881,47,7.2002,5.1072,17.1648,4.6486,0.1913,0,0,56.2063,51.3733,4.397,31.7077,10.2327,14.0528
9/9/2025,MSH-0331-Chiwaridzo 2,CELL_TDD,MSH-0331-Chiwaridzo 2_LTE_1,1,MSH-0331-Chiwaridzo 2_LTE,100%,100,99.4227,99.4613,98.651,99.7883,0.6996,99.7925,99.8547,99.9997,1456.2002,1327.6487,128.5515,40.2657,73,5.0264,4.3785,16.4152,7.0741,0.1823,0,0,75.0605,54.2725,10.0664,46.0779,11.2449,14.7757
9/9/2025,MSH-0112-Bindura Hospital,CELL_TDD,MSH-0112-Bindura Hospital_LTE_1,1,MSH-0112-Bindura Hospital_LTE,100%,100,99.8229,99.9711,99.6592,99.9592,0.1825,100,100,100.0016,687.5218,566.3101,121.2117,10.4256,24,8.2118,10.7071,15.7924,3.8568,0.1849,0,0,38.0714,54.6524,2.6064,26.273,11.8268,15.6235
9/9/2025,MSH-0112-Bindura Hospital,CELL_TDD,MSH-0112-Bindura Hospital_LTE_2,2,MSH-0112-Bindura Hospital_LTE,100%,100,99.8858,100,98.5274,99.7766,0.763,99.9305,99.9644,100.0012,453.426,414.4608,38.9653,5.5375,14,13.7621,6.5789,13.8989,2.2453,0.157,0,0,21.3208,42.0725,1.3844,14.9899,10.9824,16.2781
9/9/2025,MSH-0112-Bindura Hospital,CELL_TDD,MSH-0112-Bindura Hospital_LTE_3,3,MSH-0112-Bindura Hospital_LTE,100%,100,99.8793,99.9644,98.3888,99.7888,0.8994,99.9557,90.6196,100.0012,796.6215,734.6659,61.9556,21.1557,43,9.2279,3.8406,16.8901,4.5858,0.1918,0,0,45.4132,50.6872,5.2889,30.6294,10.9053,13.8113
9/9/2025,MSH-0112-Bindura Hospital,CELL_TDD,MSH-0112-Bindura Hospital_LTE_4,4,MSH-0112-Bindura Hospital_LTE,100%,100,99.4014,99.9423,96.8568,99.7737,0.4615,100,99.9238,100.0012,624.8163,457.599,167.2173,11.7319,30,8.4519,12.8339,13.1782,2.6424,0.153,0,0,31.3851,63.1606,2.933,25.4808,12.7309,17.4646
9/9/2025,MSH-0112-Bindura Hospital,CELL_TDD,MSH-0112-Bindura Hospital_LTE_5,5,MSH-0112-Bindura Hospital_LTE,100%,100,98.9485,99.687,94.6809,99.7815,0.5305,99.8998,99.9344,100.0012,229.9456,204.9317,25.0139,6.358,16,13.2872,4.7445,14.2805,2.5222,0.1641,0,0,13.3075,43.6309,1.5895,14.7271,9.9632,13.1522
9/9/2025,MSH-0112-Bindura Hospital,CELL_TDD,MSH-0112-Bindura Hospital_LTE_6,6,MSH-0112-Bindura Hospital_LTE,100%,100,99.7735,99.9134,98.0474,99.7112,1.0238,99.9656,99.9252,100.0012,595.8738,550.2604,45.6134,18.4934,40,8.6609,3.1205,17.2295,5.2642,0.2012,0,0,40.4981,51.5833,4.6234,33.4436,10.7551,11.9708
9/9/2025,MSH-0014-Chipadze,CELL_TDD,MSH-0014-Chipadze_LTE_6,6,MSH-0014-Chipadze,100%,99.9988,98.3267,99.61,92.893,99.8184,2.202,98.7265,98.88,99.9976,940.1275,857.5072,82.6204,14.5253,27,7.6645,5.3597,16.2028,3.7105,0.1722,0,0,51.2448,61.8231,3.6313,25.5702,10.2298,17.6392
9/9/2025,MSH-0014-Chipadze,CELL_TDD,MSH-0014-Chipadze_LTE_5,5,MSH-0014-Chipadze,100%,99.9988,98.7657,99.5754,95.3506,99.4454,3.1389,97.5379,98.2609,99.9976,381.5446,341.214,40.3306,20.1312,50,2.8127,1.9348,19.1275,11.8899,0.2138,0,0.0006,53.1136,63.3152,5.0328,29.4949,8.2941,10.9263
9/9/2025,MSH-0014-Chipadze,CELL_TDD,MSH-0014-Chipadze_LTE_4,4,MSH-0014-Chipadze,100%,99.9988,99.6588,99.8392,98.6478,99.8884,1.0495,96.4437,97.1292,99.9976,323.5861,295.501,28.0852,13.407,32,6.7691,3.6959,17.4122,5.8249,0.1933,0,0,33.6561,53.1085,3.3517,20.2267,10.351,13.0824
9/9/2025,MSH-0014-Chipadze,CELL_TDD,MSH-0014-Chipadze_LTE_3,3,MSH-0014-Chipadze,100%,99.9988,99.2646,99.8494,94.905,99.6808,1.5352,99.2908,99.3878,99.9976,1194.4294,1031.978,162.4513,16.6107,36,7.8136,8.7889,15.8554,3.5641,0.1723,0,0,55.1616,66.9254,4.1527,21.7385,10.3449,14.964
9/9/2025,MSH-0014-Chipadze,CELL_TDD,MSH-0014-Chipadze_LTE_2,2,MSH-0014-Chipadze,100%,99.9988,98.2911,99.6361,89.7335,99.6164,2.1289,96.2547,98.2526,99.9976,515.7886,461.7622,54.0265,22.1142,59,3.4772,2.5328,17.9456,9.0795,0.2021,0,0.0005,53.009,62.4628,5.5286,20.8854,8.228,9.4754
9/9/2025,MSH-0014-Chipadze,CELL_TDD,MSH-0014-Chipadze_LTE_1,1,MSH-0014-Chipadze,100%,99.9988,99.8795,100,99.1297,99.8081,1.4419,98.5177,98.903,99.9976,436.7815,394.0673,42.7142,12.4455,32,11.659,5.6784,16.7278,4.9242,0.1886,0,0,23.3402,51.2587,3.1114,14.0397,10.7744,14.5206
10/9/2025,MSH0013-Bindura-Zaoga,CELL_TDD,Bindura_Zaoga_LTE_6,6,MSH0013-Bindura-Zaoga,100%,100,99.646,99.9564,92.9907,99.8702,0.7111,99.6189,99.6382,99.999,307.6265,289.6767,17.9498,5.0989,14,9.4568,2.8219,12.2303,4.5009,0.1515,0,0,24.0454,44.7741,1.2747,20.8075,10.1452,11.9529
10/9/2025,MSH0013-Bindura-Zaoga,CELL_TDD,Bindura_Zaoga_LTE_5,5,MSH0013-Bindura-Zaoga,100%,100,99.621,99.769,98.6039,99.542,1.5669,98.9009,99.0829,99.999,797.7579,716.2685,81.4894,33.3559,81,5.1272,3.4904,14.4165,7.7888,0.1705,0,0.0001,59.7672,51.7199,8.339,45.2987,10.5881,13.7209
10/9/2025,MSH0013-Bindura-Zaoga,CELL_TDD,Bindura_Zaoga_LTE_4,4,MSH0013-Bindura-Zaoga,100%,100,98.2332,98.9969,94.0076,98.6233,2.8191,99.3115,99.497,99.999,495.0169,443.2652,51.7517,22.754,92,5.6713,2.047,16.6776,12.8742,0.2081,0,0.0002,45.1121,48.8273,5.6885,43.1392,9.6512,11.2692
10/9/2025,MSH0013-Bindura-Zaoga,CELL_TDD,Bindura_Zaoga_LTE_3,3,MSH0013-Bindura-Zaoga,100%,100,99.9148,99.9825,97.5309,99.8957,0.49,99.3166,99.4595,99.999,571.5998,529.4498,42.15,7.7451,18,9.959,5.8029,11.1973,2.8126,0.1293,0,0,29.7273,44.9297,1.9363,20.9959,10.156,13.4164
10/9/2025,MSH0013-Bindura-Zaoga,CELL_TDD,Bindura_Zaoga_LTE_2,2,MSH0013-Bindura-Zaoga,100%,100,99.8148,99.9258,99.0346,99.5578,1.2425,98.2529,98.7558,99.999,1420.3198,1293.3039,127.0159,35.023,81,5.7857,4.0203,13.2867,6.0104,0.1518,0,0,65.9328,58.4878,8.7557,41.8447,10.645,13.5905
10/9/2025,MSH0013-Bindura-Zaoga,CELL_TDD,Bindura_Zaoga_LTE_1,1,MSH0013-Bindura-Zaoga,100%,100,98.9944,99.681,95.3153,99.4413,2.6091,99.4033,99.5663,99.9997,658.4049,586.0348,72.3701,21.5231,95,5.8124,3.4732,15.8866,9.7826,0.1974,0,0.0001,47.3693,50.1965,5.3808,37.0183,9.6033,10.7107
10/9/2025,MSH-0331-Chiwaridzo 2,CELL_TDD,MSH-0331-Chiwaridzo 2_LTE_6,6,MSH-0331-Chiwaridzo 2_LTE,100%,100,99.2784,99.6386,96.0334,99.3766,1.062,99.9031,99.924,100.0016,731.827,674.6666,57.1605,18.9322,49,5.4222,3.4798,18.9375,4.9322,0.2201,0,0,60.3925,53.123,4.7331,42.594,10.5162,13.1474
10/9/2025,MSH-0331-Chiwaridzo 2,CELL_TDD,MSH-0331-Chiwaridzo 2_LTE_5,5,MSH-0331-Chiwaridzo 2_LTE,100%,100,99.3204,99.8692,95.2122,99.6456,2.6318,99.8946,99.8886,100.0013,681.2664,619.6462,61.6202,19.9743,59,7.5195,3.7635,18.6041,8.4509,0.2206,0,0,45.5,52.3501,4.9936,36.5075,8.9861,12.6092
10/9/2025,MSH-0331-Chiwaridzo 2,CELL_TDD,MSH-0331-Chiwaridzo 2_LTE_4,4,MSH-0331-Chiwaridzo 2_LTE,100%,100,98.9981,99.1028,97.9474,99.6789,0.7454,99.9583,99.9435,100.0016,1284.326,1156.0916,128.2344,33.3824,71,6.0354,4.4574,16.5039,5.256,0.1856,0,0,69.6398,60.8776,8.3456,51.946,11.1491,15.529
10/9/2025,MSH-0331-Chiwaridzo 2,CELL_TDD,MSH-0331-Chiwaridzo 2_LTE_3,3,MSH-0331-Chiwaridzo 2_LTE,100%,100,99.5973,99.6792,98.0925,99.7845,1.0507,99.5147,99.8061,100.0016,907.8134,811.5728,96.2406,21.5273,55,4.5087,5.0282,18.7479,5.0148,0.2114,0,0,66.2622,53.8733,5.3818,39.3754,10.2162,12.0771
10/9/2025,MSH-0331-Chiwaridzo 2,CELL_TDD,MSH-0331-Chiwaridzo 2_LTE_2,2,MSH-0331-Chiwaridzo 2_LTE,100%,100,99.7939,99.9806,95.9387,99.888,1.1561,99.91,99.9603,100.0013,900.3451,817.7016,82.6435,18.5261,50,7.1201,5.3906,17.7619,4.8013,0.1938,0,0,55.1091,51.0705,4.6315,29.7525,10.3014,12.8847
10/9/2025,MSH-0331-Chiwaridzo 2,CELL_TDD,MSH-0331-Chiwaridzo 2_LTE_1,1,MSH-0331-Chiwaridzo 2_LTE,100%,100,99.2594,99.2981,98.4609,99.8323,0.582,99.9006,99.9554,100.0016,1558.68,1413.9029,144.7771,36.1812,72,5.1363,5.1284,16.3076,6.2863,0.1813,0,0,76.0402,56.9176,9.0453,45.1714,11.2722,14.7812
10/9/2025,MSH-0112-Bindura Hospital,CELL_TDD,MSH-0112-Bindura Hospital_LTE_1,1,MSH-0112-Bindura Hospital_LTE,100%,100,99.9648,99.998,99.9257,99.9411,0.1563,99.9063,99.9903,99.9984,602.8111,554.6212,48.1899,9.7828,21,7.5051,4.8727,16.4126,3.6023,0.1945,0,0,40.6342,45.6999,2.4457,26.4125,11.8176,14.4175
10/9/2025,MSH-0112-Bindura Hospital,CELL_TDD,MSH-0112-Bindura Hospital_LTE_2,2,MSH-0112-Bindura Hospital_LTE,100%,100,99.8973,99.9799,98.7805,99.8608,0.732,99.9345,99.9796,99.9977,490.8778,424.043,66.8348,6.3036,16,16.6776,11.8145,13.2661,2.3233,0.1452,0,0,17.8313,45.4417,1.5759,13.0654,10.7428,17.4906
10/9/2025,MSH-0112-Bindura Hospital,CELL_TDD,MSH-0112-Bindura Hospital_LTE_3,3,MSH-0112-Bindura Hospital_LTE,100%,100,99.8557,99.9682,97.9482,99.7541,0.7063,99.9323,81.5912,99.9977,782.9456,719.026,63.9196,21.4326,42,9.2751,3.7059,16.3081,4.4882,0.184,0,0,45.5462,51.4665,5.3581,31.1835,10.8193,14.114
10/9/2025,MSH-0112-Bindura Hospital,CELL_TDD,MSH-0112-Bindura Hospital_LTE_4,4,MSH-0112-Bindura Hospital_LTE,100%,100,99.6845,99.9489,98.2813,99.8001,0.6282,100,100,99.9977,556.5537,478.0546,78.4991,12.7552,27,8.8871,6.4107,14.1117,3.2013,0.1682,0,0,31.2838,60.0708,3.1888,25.7441,12.6746,17.3848
10/9/2025,MSH-0112-Bindura Hospital,CELL_TDD,MSH-0112-Bindura Hospital_LTE_5,5,MSH-0112-Bindura Hospital_LTE,100%,100,99.6563,100,97.2885,99.7821,0.5952,100,100,99.9977,308.0374,252.535,55.5023,7.4562,18,13.739,5.1707,14.2976,3.3362,0.1632,0,0,13.8623,50.7328,1.864,17.4097,10.3256,15.7878
10/9/2025,MSH-0112-Bindura Hospital,CELL_TDD,MSH-0112-Bindura Hospital_LTE_6,6,MSH-0112-Bindura Hospital_LTE,100%,100,99.6555,99.8798,97.5553,99.7229,1.0415,99.8752,99.8769,99.9981,652.9235,589.5483,63.3752,18.2489,44,8.008,4.1207,17.141,5.1823,0.1975,0,0,43.6765,53.4705,4.5622,35.0648,10.5467,11.9661
10/9/2025,MSH-0014-Chipadze,CELL_TDD,MSH-0014-Chipadze_LTE_6,6,MSH-0014-Chipadze,100%,99.9987,97.8583,99.5884,90.2371,99.5591,2.0777,99.2332,99.3126,99.9981,805.8158,717.4566,88.3592,13.8445,31,7.4719,6.7097,16.1047,4.1413,0.1694,0,0,47.8763,59.9391,3.4611,23.7002,10.1982,16.5844
10/9/2025,MSH-0014-Chipadze,CELL_TDD,MSH-0014-Chipadze_LTE_5,5,MSH-0014-Chipadze,100%,99.9987,98.0821,98.8527,94.9782,98.9736,3.2314,97.2763,98.5951,99.9985,460.8805,407.3768,53.5036,23.2093,61,2.6415,1.9618,19.496,12.0786,0.2212,0,0.0008,57.9193,68.6944,5.8023,31.8503,8.3386,10.9635
10/9/2025,MSH-0014-Chipadze,CELL_TDD,MSH-0014-Chipadze_LTE_4,4,MSH-0014-Chipadze,100%,99.9987,99.719,99.8076,99.3377,99.6156,1.2886,98.2606,98.4375,99.9981,358.7628,328.0568,30.706,12.3505,30,6.1714,3.5824,17.2374,5.9237,0.1925,0,0,36.3059,53.8931,3.0876,21.2003,10.1123,13.7588
10/9/2025,MSH-0014-Chipadze,CELL_TDD,MSH-0014-Chipadze_LTE_3,3,MSH-0014-Chipadze,100%,99.9987,97.1639,99.7267,82.2148,99.6204,1.7425,98.4403,98.5608,99.9981,1206.2535,1056.7867,149.4669,15.6346,32,7.5936,7.5961,15.6185,3.5683,0.1693,0,0,52.9337,67.6506,3.9086,21.5535,9.8935,14.1886
10/9/2025,MSH-0014-Chipadze,CELL_TDD,MSH-0014-Chipadze_LTE_2,2,MSH-0014-Chipadze,100%,99.9987,99.135,99.5911,96.1855,99.5859,2.2485,99.5153,99.6156,99.9981,576.0484,516.6219,59.4265,24.2687,58,2.6637,2.4817,18.818,9.4512,0.2126,0,0.0005,59.262,61.8565,6.0672,22.5937,8.4294,9.4528
10/9/2025,MSH-0014-Chipadze,CELL_TDD,MSH-0014-Chipadze_LTE_1,1,MSH-0014-Chipadze,100%,99.9987,99.8206,99.9602,99.06,99.7028,1.51,99.281,99.4069,99.9985,550.6453,505.9943,44.6509,14.3105,38,10.2769,4.2696,16.5408,5.2888,0.1856,0,0,30.7536,53.0932,3.5776,16.4502,10.2973,14.2583
11/9/2025,MSH0013-Bindura-Zaoga,CELL_TDD,Bindura_Zaoga_LTE_6,6,MSH0013-Bindura-Zaoga,100%,100,99.5237,99.8589,94.4915,99.777,1.3928,99.1039,99.1482,99.9909,390.8379,364.6428,26.1951,5.7817,15,10.0439,3.3261,12.4821,4.2037,0.1557,0,0,26.2175,46.5505,1.4454,23.1491,10.1745,12.0812
11/9/2025,MSH0013-Bindura-Zaoga,CELL_TDD,Bindura_Zaoga_LTE_5,5,MSH0013-Bindura-Zaoga,100%,100,99.7072,99.864,98.5728,99.5602,1.4743,97.1342,97.5426,99.9906,762.5419,690.1459,72.396,32.8634,88,4.8231,3.4086,14.6154,6.4749,0.1745,0,0.0001,58.7571,52.9472,8.2159,44.3564,10.5659,13.2153
11/9/2025,MSH0013-Bindura-Zaoga,CELL_TDD,Bindura_Zaoga_LTE_4,4,MSH0013-Bindura-Zaoga,100%,100,98.0211,99.1745,92.4511,98.755,3.1874,99.0658,99.1377,99.9909,602.7669,551.6937,51.0732,24.3623,87,6.1809,2.2856,16.7014,13.1859,0.2048,0,0.0004,46.939,47.9039,6.0906,44.4546,9.6038,12.1721
11/9/2025,MSH0013-Bindura-Zaoga,CELL_TDD,Bindura_Zaoga_LTE_3,3,MSH0013-Bindura-Zaoga,100%,100,99.8662,99.9847,95.7672,99.9543,0.3246,99.7319,99.7704,99.9906,368.0513,338.9324,29.1189,7.9726,17,9.9144,4.6938,11.072,3.2168,0.1433,0,0,28.6253,44.2679,1.9932,20.7304,10.3201,10.4505
11/9/2025,MSH0013-Bindura-Zaoga,CELL_TDD,Bindura_Zaoga_LTE_2,2,MSH0013-Bindura-Zaoga,100%,100,99.8011,99.9153,99.079,99.593,1.3476,97.0694,97.7994,99.9909,1257.2587,1156.1879,101.0708,34.9203,83,6.1103,3.663,13.3601,5.6301,0.1544,0,0,60.8004,68.7745,8.7301,38.6,10.9728,13.653
11/9/2025,MSH0013-Bindura-Zaoga,CELL_TDD,Bindura_Zaoga_LTE_1,1,MSH0013-Bindura-Zaoga,100%,100,98.833,99.591,94.6592,99.152,2.5925,99.3371,99.4979,99.9918,652.9673,556.1287,96.8387,24.441,82,5.7196,4.4344,16.7642,10.404,0.2046,0,0.0001,49.0171,52.2993,6.1103,40.2398,9.4288,10.3878
11/9/2025,MSH-0331-Chiwaridzo 2,CELL_TDD,MSH-0331-Chiwaridzo 2_LTE_6,6,MSH-0331-Chiwaridzo 2_LTE,100%,100,99.2728,99.7028,95.7041,99.339,0.9646,99.8667,99.8392,100,755.275,687.5669,67.7081,20.2468,48,5.3327,3.7402,18.6816,5.2542,0.2156,0,0,56.7635,55.0649,5.0617,42.6167,10.4689,13.6324
11/9/2025,MSH-0331-Chiwaridzo 2,CELL_TDD,MSH-0331-Chiwaridzo 2_LTE_5,5,MSH-0331-Chiwaridzo 2_LTE,100%,100,99.0724,99.8673,93.211,99.6128,1.6962,99.928,99.9383,100,938.9304,863.1557,75.7748,18.3358,49,7.921,3.6535,17.2918,6.8555,0.1987,0,0,52.9411,52.46,4.584,39.4735,9.0097,13.6201
11/9/2025,MSH-0331-Chiwaridzo 2,CELL_TDD,MSH-0331-Chiwaridzo 2_LTE_4,4,MSH-0331-Chiwaridzo 2_LTE,100%,100,99.0528,99.2822,96.8779,99.6823,0.9918,99.8933,99.8643,100.0003,1123.6304,982.0091,141.6212,31.3949,69,6.2383,4.8513,17.6856,6.4504,0.1998,0,0,64.2017,63.0764,7.8487,49.4519,11.0662,14.6842
11/9/2025,MSH-0331-Chiwaridzo 2,CELL_TDD,MSH-0331-Chiwaridzo 2_LTE_3,3,MSH-0331-Chiwaridzo 2_LTE,100%,100,99.8754,99.9485,98.6233,99.7553,1.0988,99.6065,99.8208,100,714.8275,654.0762,60.7513,20.2264,52,4.0029,3.2995,20.3045,5.359,0.2314,0,0,65.9944,52.33,5.0566,39.5541,10.2869,10.5195
11/9/2025,MSH-0331-Chiwaridzo 2,CELL_TDD,MSH-0331-Chiwaridzo 2_LTE_2,2,MSH-0331-Chiwaridzo 2_LTE,100%,100,99.7834,99.9737,96.4844,99.8103,1.2728,99.8171,99.9402,100,872.1339,814.7719,57.3619,19.9755,42,6.686,3.4388,16.5433,5.7705,0.1827,0,0,56.2501,50.5537,4.9939,31.1959,10.3971,14.0593
11/9/2025,MSH-0331-Chiwaridzo 2,CELL_TDD,MSH-0331-Chiwaridzo 2_LTE_1,1,MSH-0331-Chiwaridzo 2_LTE,100%,100,99.2006,99.2621,97.8699,99.8074,0.6276,99.8366,99.9349,100,1219.6059,1106.4644,113.1415,37.5742,83,5.8724,3.933,16.78,8.0396,0.1891,0,0,66.6986,53.8543,9.3935,43.7467,11.1037,14.082
11/9/2025,MSH-0112-Bindura Hospital,CELL_TDD,MSH-0112-Bindura Hospital_LTE_1,1,MSH-0112-Bindura Hospital_LTE,100%,100,99.9672,99.9872,99.9446,99.9404,0.1286,100,100,100.001,635.6005,574.9648,60.6357,10.3939,25,10.7858,6.2131,14.417,3.2482,0.1676,0,0,33.443,47.2973,2.5985,23.1007,11.509,15.6417
11/9/2025,MSH-0112-Bindura Hospital,CELL_TDD,MSH-0112-Bindura Hospital_LTE_2,2,MSH-0112-Bindura Hospital_LTE,100%,100,99.9319,99.9791,99.2908,99.9066,0.6034,99.8532,99.9094,100.0016,445.066,411.2311,33.8349,6.5315,20,13.4622,4.0382,14.1257,3.0004,0.1578,0,0,24.7254,44.2018,1.6329,16.3337,10.9406,15.3883
11/9/2025,MSH-0112-Bindura Hospital,CELL_TDD,MSH-0112-Bindura Hospital_LTE_3,3,MSH-0112-Bindura Hospital_LTE,100%,100,99.9129,99.9762,98.8015,99.8177,0.8453,100,88.9999,100.001,858.6662,800.2073,58.4588,21.9174,41,10.3763,3.7152,15.567,4.2897,0.1752,0,0,44.2444,49.0451,5.4793,28.7989,10.8324,14.0837
11/9/2025,MSH-0112-Bindura Hospital,CELL_TDD,MSH-0112-Bindura Hospital_LTE_4,4,MSH-0112-Bindura Hospital_LTE,100%,100,99.694,99.9594,98.3243,99.8812,0.3967,99.8598,99.9181,100.001,416.1045,389.1199,26.9846,10.8423,25,11.5257,3.2961,13.3314,2.6894,0.1555,0,0,22.5529,44.7037,2.7106,19.4484,12.6906,16.9146
11/9/2025,MSH-0112-Bindura Hospital,CELL_TDD,MSH-0112-Bindura Hospital_LTE_5,5,MSH-0112-Bindura Hospital_LTE,100%,100,99.4419,99.8078,97.9671,99.7645,0.6924,99.9404,99.955,100.0013,438.3132,397.2763,41.037,6.7852,17,13.5846,4.8287,14.7046,2.4975,0.1625,0,0,20.4347,44.6706,1.6963,17.055,10.1201,16.553
11/9/2025,MSH-0112-Bindura Hospital,CELL_TDD,MSH-0112-Bindura Hospital_LTE_6,6,MSH-0112-Bindura Hospital_LTE,100%,100,99.7424,99.905,97.9536,99.6993,1.0145,99.9531,99.9553,100.0013,547.4025,502.2632,45.1393,16.3873,39,7.99,3.309,17.0877,5.1485,0.2024,0,0,41.6361,51.3351,4.0968,32.8684,10.5662,11.8093
11/9/2025,MSH-0014-Chipadze,CELL_TDD,MSH-0014-Chipadze_LTE_6,6,MSH-0014-Chipadze,95%,99.9982,97.3335,99.6216,86.9505,99.5496,2.3697,98.723,98.8483,99.9966,725.8864,655.1816,70.7048,14.1401,30,6.5351,5.611,16.1796,5.1503,0.1741,0,0,52.5878,60.1279,3.535,24.5374,9.7788,16.0926
11/9/2025,MSH-0014-Chipadze,CELL_TDD,MSH-0014-Chipadze_LTE_5,5,MSH-0014-Chipadze,95%,99.9982,98.8351,99.4192,96.5032,99.5417,3.9317,98.1521,98.8046,99.997,362.1585,329.8514,32.3071,22.891,59,1.9503,1.6185,20.0168,12.4272,0.2306,0,0.0015,56.1184,61.0579,5.7228,30.5912,8.3597,10.259
11/9/2025,MSH-0014-Chipadze,CELL_TDD,MSH-0014-Chipadze_LTE_4,4,MSH-0014-Chipadze,95%,99.9982,98.1167,99.8817,91.8951,99.672,1.656,96.8613,97.2988,99.9966,365.9829,335.851,30.1319,12.6596,30,6.8043,3.921,16.3428,5.0804,0.1781,0,0,36.5912,54.8254,3.1649,21.3572,9.9576,13.7249
11/9/2025,MSH-0014-Chipadze,CELL_TDD,MSH-0014-Chipadze_LTE_3,3,MSH-0014-Chipadze,95%,99.9982,97.7407,99.8467,86.8386,99.7777,1.9941,98.8412,99.0972,99.9966,1132.201,1021.1511,111.0499,16.9541,42,8.2298,6.2976,15.4406,3.9918,0.1694,0,0,52.3727,60.2314,4.2385,21.7853,10.2525,14.7135
11/9/2025,MSH-0014-Chipadze,CELL_TDD,MSH-0014-Chipadze_LTE_2,2,MSH-0014-Chipadze,95%,99.9982,99.0512,99.5753,95.8549,99.5268,3.1061,98.5006,99.2661,99.9966,541.5681,493.7393,47.8287,23.3348,54,2.9634,2.1657,18.4033,9.7071,0.2083,0,0.0008,57.5998,61.0059,5.8337,21.6532,8.1986,10.15
11/9/2025,MSH-0014-Chipadze,CELL_TDD,MSH-0014-Chipadze_LTE_1,1,MSH-0014-Chipadze,95%,99.9982,99.7897,99.9579,98.9576,99.7669,1.715,97.5415,97.9737,99.997,539.29,489.1683,50.1217,14.1748,32,9.8512,4.9537,16.8821,5.489,0.1899,0,0,30.579,54.0085,3.5437,16.4994,10.6334,14.0874
12/9/2025,MSH0013-Bindura-Zaoga,CELL_TDD,Bindura_Zaoga_LTE_6,6,MSH0013-Bindura-Zaoga,100%,100,99.6579,99.7926,96.8127,99.8499,1.1038,98.5795,98.6089,99.9997,350.977,329.7086,21.2684,5.2566,15,8.3084,2.8783,13.5866,4.7899,0.1715,0,0.0001,27.7375,46.3463,1.3141,24.2766,10.0987,11.3501
12/9/2025,MSH0013-Bindura-Zaoga,CELL_TDD,Bindura_Zaoga_LTE_5,5,MSH0013-Bindura-Zaoga,100%,100,99.7352,99.8545,98.9503,99.5639,1.8474,98.8573,99.0741,99.9993,639.9748,568.8412,71.1337,30.5476,78,4.9767,3.5488,15.1176,7.4713,0.1836,0,0.0001,52.2968,53.6828,7.6369,41.6247,10.595,12.2213
12/9/2025,MSH0013-Bindura-Zaoga,CELL_TDD,Bindura_Zaoga_LTE_4,4,MSH0013-Bindura-Zaoga,100%,100,97.8937,99.2251,90.958,99.197,2.4979,98.2558,98.5523,99.9993,666.2792,617.0434,49.2359,18.0238,84,5.3714,2.3578,15.9058,11.1644,0.1933,0,0.0001,61.1376,47.4813,4.506,47.5079,9.3735,10.9679
12/9/2025,MSH0013-Bindura-Zaoga,CELL_TDD,Bindura_Zaoga_LTE_3,3,MSH0013-Bindura-Zaoga,100%,100,99.905,99.9582,97.9899,99.9445,0.3932,98.6357,98.7209,99.9993,270.6988,244.4789,26.2199,7.8261,16,9.1818,4.7398,11.2727,3.2633,0.1415,0,0,21.8339,44.1211,1.9565,18.6954,10.192,10.683
12/9/2025,MSH0013-Bindura-Zaoga,CELL_TDD,Bindura_Zaoga_LTE_2,2,MSH0013-Bindura-Zaoga,100%,100,99.7757,99.9118,98.8318,99.5295,1.3091,97.7321,98.6169,99.9993,1108.9449,1002.0083,106.9366,34.1652,83,6.3263,3.9326,13.6201,6.4908,0.1591,0,0,54.5111,54.0267,8.5413,37.7583,10.8202,13.6209
12/9/2025,MSH0013-Bindura-Zaoga,CELL_TDD,Bindura_Zaoga_LTE_1,1,MSH0013-Bindura-Zaoga,100%,100,97.6098,99.7227,86.6829,99.5984,2.4339,98.9107,99.2198,99.9997,800.4262,731.5707,68.8555,19.522,73,5.0289,3.3505,16.0834,9.5602,0.1984,0,0.0001,60.8973,50.7632,4.8805,42.6867,9.2242,10.8751
12/9/2025,MSH-0331-Chiwaridzo 2,CELL_TDD,MSH-0331-Chiwaridzo 2_LTE_6,6,MSH-0331-Chiwaridzo 2_LTE,100%,100,99.5363,99.8071,96.9778,99.5329,1.1006,99.8666,99.888,100.0003,705.9039,647.9604,57.9435,19.6054,50,5.3255,3.6621,17.7812,5.0645,0.204,0,0,54.6846,52.1443,4.9013,40.0321,10.0209,13.8365
12/9/2025,MSH-0331-Chiwaridzo 2,CELL_TDD,MSH-0331-Chiwaridzo 2_LTE_5,5,MSH-0331-Chiwaridzo 2_LTE,100%,100,98.7979,99.8536,91.0805,99.7152,1.8266,99.9083,99.944,100.0007,1055.2389,966.3933,88.8456,19.8718,47,7.4372,4.1944,16.6779,6.4548,0.186,0,0,56.5275,53.4817,4.968,41.2215,9.3178,14.0406
12/9/2025,MSH-0331-Chiwaridzo 2,CELL_TDD,MSH-0331-Chiwaridzo 2_LTE_4,4,MSH-0331-Chiwaridzo 2_LTE,100%,100,99.469,99.7095,97.2019,99.682,1.0511,99.883,99.8613,100.0003,1412.7234,1270.8647,141.8587,30.3794,68,6.0545,4.7729,16.6336,5.5451,0.1855,0,0,73.0451,60.8652,7.5948,54.2862,10.9058,16.1873
12/9/2025,MSH-0331-Chiwaridzo 2,CELL_TDD,MSH-0331-Chiwaridzo 2_LTE_3,3,MSH-0331-Chiwaridzo 2_LTE,100%,100,99.8855,99.9568,98.503,99.789,0.5872,99.8351,99.9149,100.0003,738.5723,664.4017,74.1706,20.0129,46,3.8729,4.3438,19.612,5.0927,0.2212,0,0,63.2888,51.4346,5.0032,38.4965,9.6908,11.2471
12/9/2025,MSH-0331-Chiwaridzo 2,CELL_TDD,MSH-0331-Chiwaridzo 2_LTE_2,2,MSH-0331-Chiwaridzo 2_LTE,100%,100,99.7688,99.9418,96.8944,99.8972,2.3372,99.9353,99.9729,100.0003,1046.3342,942.8322,103.5019,20.4625,46,6.6097,6.1226,16.2559,5.4013,0.1781,0,0,60.6039,52.4946,5.1156,33.0858,10.4534,14.2625
12/9/2025,MSH-0331-Chiwaridzo 2,CELL_TDD,MSH-0331-Chiwaridzo 2_LTE_1,1,MSH-0331-Chiwaridzo 2_LTE,100%,100,99.4425,99.4833,98.5644,99.7929,0.639,99.8674,99.9454,100.0003,1381.3383,1262.9399,118.3984,37.125,63,5.073,4.1753,16.1495,6.9983,0.1787,0,0,72.4726,54.8659,9.2812,45.1001,11.2692,14.8289
12/9/2025,MSH-0112-Bindura Hospital,CELL_TDD,MSH-0112-Bindura Hospital_LTE_1,1,MSH-0112-Bindura Hospital_LTE,100%,100,99.8969,99.982,99.8062,99.9502,0.14,99.8947,99.9846,100.0007,631.8342,553.1951,78.6391,9.5503,21,7.7801,7.2405,16.7983,3.7202,0.1959,0,0,43.2205,50.5915,2.3876,27.4185,11.2061,13.3141
12/9/2025,MSH-0112-Bindura Hospital,CELL_TDD,MSH-0112-Bindura Hospital_LTE_2,2,MSH-0112-Bindura Hospital_LTE,100%,100,99.7185,99.9724,96.5238,99.5615,0.4864,99.9192,99.9614,100.0007,503.4774,467.9937,35.4838,7.424,21,15.0825,3.9598,14.1275,3.1163,0.156,0,0,21.4856,44.4558,1.856,15.9133,11.1256,17.2102
12/9/2025,MSH-0112-Bindura Hospital,CELL_TDD,MSH-0112-Bindura Hospital_LTE_3,3,MSH-0112-Bindura Hospital_LTE,100%,100,99.847,99.9514,98.2937,99.7632,0.7345,100,93.1774,100.0003,919.9178,820.1007,99.8171,20.1483,38,9.1509,6.3838,15.8107,4.3045,0.1753,0,0,50.3531,54.0765,5.0371,30.6468,10.762,14.0623
12/9/2025,MSH-0112-Bindura Hospital,CELL_TDD,MSH-0112-Bindura Hospital_LTE_4,4,MSH-0112-Bindura Hospital_LTE,100%,100,99.4148,99.9915,96.2157,99.8161,0.6387,99.4924,99.7106,100.0003,541.6168,476.5523,65.0644,12.3583,26,8.8989,5.9672,13.8337,3.187,0.1637,0,0,32.0133,49.9105,3.0896,25.2749,12.5376,16.4821
12/9/2025,MSH-0112-Bindura Hospital,CELL_TDD,MSH-0112-Bindura Hospital_LTE_5,5,MSH-0112-Bindura Hospital_LTE,100%,100,99.0999,99.9359,95.5292,99.496,0.6551,99.9368,99.9509,100.0003,356.129,317.6035,38.5255,6.6404,16,14.5061,4.9976,13.7265,2.226,0.1515,0,0,15.7087,45.1309,1.6601,15.6432,9.9781,16.3949
12/9/2025,MSH-0112-Bindura Hospital,CELL_TDD,MSH-0112-Bindura Hospital_LTE_6,6,MSH-0112-Bindura Hospital_LTE,100%,100,99.6994,99.9366,97.3291,99.7913,1.0386,99.9713,99.9655,100.0003,793.9922,739.1241,54.8682,15.6172,32,9.4372,3.8137,16.7077,5.2988,0.1924,0,0,47.6653,52.2747,3.9043,34.6985,10.7175,12.134
12/9/2025,MSH-0014-Chipadze,CELL_TDD,MSH-0014-Chipadze_LTE_6,6,MSH-0014-Chipadze,95%,99.9999,96.9394,99.6463,87.963,99.7886,2.6437,99.1853,99.2697,99.9988,787.1717,710.0365,77.1352,13.588,30,7.52,5.4566,16.3222,5.4019,0.1781,0,0,46.1484,60.0064,3.397,23.163,9.9817,16.2771
12/9/2025,MSH-0014-Chipadze,CELL_TDD,MSH-0014-Chipadze_LTE_5,5,MSH-0014-Chipadze,95%,99.9999,98.4797,99.4934,94.5967,99.3396,3.5556,98.3663,98.7293,99.9985,479.2761,432.5806,46.6955,22.9793,61,2.2374,2,19.5901,11.0505,0.2217,0,0.0011,63.3703,63.9651,5.7448,31.8705,8.4204,10.592
12/9/2025,MSH-0014-Chipadze,CELL_TDD,MSH-0014-Chipadze_LTE_4,4,MSH-0014-Chipadze,95%,99.9999,99.7335,99.9627,98.6636,99.7956,1.6858,96.6378,97.0732,99.9985,422.3365,383.3461,38.9904,15.2625,35,6.0987,4.4972,17.5848,5.6114,0.2007,0,0,37.4888,54.4792,3.8156,21.5448,10.4444,13.744
12/9/2025,MSH-0014-Chipadze,CELL_TDD,MSH-0014-Chipadze_LTE_3,3,MSH-0014-Chipadze,95%,99.9999,98.4547,99.7607,88.6531,99.6778,1.1456,98.6529,98.8095,99.9985,1234.6122,1121.4419,113.1703,17.5003,34,9.0948,5.8163,15.2043,3.2787,0.1665,0,0,51.0803,58.0975,4.3751,20.9177,10.136,14.3515
12/9/2025,MSH-0014-Chipadze,CELL_TDD,MSH-0014-Chipadze_LTE_2,2,MSH-0014-Chipadze,95%,99.9999,98.9269,99.6211,94.908,99.4212,2.354,98.3886,99.0909,99.9985,681.6727,616.6521,65.0206,26.0422,48,2.776,2.6694,17.5672,8.043,0.1935,0,0.0006,63.6789,61.1052,6.5106,22.6517,8.1633,9.4744
12/9/2025,MSH-0014-Chipadze,CELL_TDD,MSH-0014-Chipadze_LTE_1,1,MSH-0014-Chipadze,95%,99.9999,99.691,99.9781,97.9844,99.6681,1.6415,99.0161,99.1285,99.9992,577.6894,504.7247,72.9647,15.6194,37,9.8835,7.1597,16.9992,5.3983,0.1951,0,0,29.8388,55.0671,3.9049,15.8696,10.8806,14.3218
13/9/2025,MSH0013-Bindura-Zaoga,CELL_TDD,Bindura_Zaoga_LTE_6,6,MSH0013-Bindura-Zaoga,100%,100,99.6165,99.7856,96.6102,99.7636,1.0803,98.8152,98.8922,100.0003,339.3439,303.8913,35.4526,4.5632,13,9.8566,5.9786,12.1252,4.5509,0.1521,0,0,25.0799,46.878,1.1408,21.6974,9.7829,10.7734
13/9/2025,MSH0013-Bindura-Zaoga,CELL_TDD,Bindura_Zaoga_LTE_5,5,MSH0013-Bindura-Zaoga,100%,100,99.7913,99.9326,98.3983,99.6275,1.3437,99.0728,99.209,100.0003,909.1075,821.6221,87.4854,26.0457,65,6.3167,3.6962,14.0013,6.9458,0.1679,0,0,60.2484,56.1845,6.5114,41.325,10.656,13.0954
13/9/2025,MSH0013-Bindura-Zaoga,CELL_TDD,Bindura_Zaoga_LTE_4,4,MSH0013-Bindura-Zaoga,100%,100,98.3883,99.2283,94.1017,98.8737,3.0956,98.7619,99.0716,100.0003,486.5522,430.8131,55.7391,24.8648,100,5.425,2.5705,17.1635,13.1408,0.2123,0,0.0003,43.3837,50.5728,6.2162,42.8493,9.6916,11.6803
13/9/2025,MSH0013-Bindura-Zaoga,CELL_TDD,Bindura_Zaoga_LTE_3,3,MSH0013-Bindura-Zaoga,100%,100,99.9692,100,98.7421,99.9215,0.3337,99.3798,99.4798,100.0003,383.7898,350.5522,33.2376,7.6689,16,10.2744,5.5517,11.5401,2.9662,0.1446,0,0,27.2296,44.3259,1.9172,19.525,10.4358,11.0136
13/9/2025,MSH0013-Bindura-Zaoga,CELL_TDD,Bindura_Zaoga_LTE_2,2,MSH0013-Bindura-Zaoga,100%,100,99.8161,99.9478,98.3784,99.6748,1.1155,97.2844,98.0964,100.0007,1012.8029,893.0736,119.7294,30.276,74,6.4489,5.0769,13.2331,6.0179,0.1556,0,0,55.2201,58.5924,7.569,35.0884,10.8059,13.3965
13/9/2025,MSH0013-Bindura-Zaoga,CELL_TDD,Bindura_Zaoga_LTE_1,1,MSH0013-Bindura-Zaoga,100%,100,99.0281,99.6651,95.0625,99.3336,2.5476,98.7317,99.2741,100.0007,809.0145,737.6246,71.3899,25.7155,91,5.943,2.5663,15.5011,10.8862,0.1867,0,0.0001,51.3066,52.942,6.4289,41.3578,9.5994,11.8664
13/9/2025,MSH-0331-Chiwaridzo 2,CELL_TDD,MSH-0331-Chiwaridzo 2_LTE_6,6,MSH-0331-Chiwaridzo 2_LTE,100%,100,99.0798,99.5793,95.6567,99.391,1.6156,99.8451,99.8715,100,830.3829,760.0928,70.29,19.6151,54,6.1144,3.7484,17.8157,7.5888,0.2064,0,0.0001,53.8236,52.414,4.9038,41.9554,9.9067,14.148
13/9/2025,MSH-0331-Chiwaridzo 2,CELL_TDD,MSH-0331-Chiwaridzo 2_LTE_5,5,MSH-0331-Chiwaridzo 2_LTE,100%,100,98.9094,99.7906,92.8266,99.4655,2.1608,99.9784,99.9521,100,1058.269,963.9929,94.276,19.2917,46,6.3183,4.6802,16.868,6.0812,0.1889,0,0,59.7236,55.0811,4.8229,42.7163,9.4177,13.9057
13/9/2025,MSH-0331-Chiwaridzo 2,CELL_TDD,MSH-0331-Chiwaridzo 2_LTE_4,4,MSH-0331-Chiwaridzo 2_LTE,100%,100,99.1284,99.3163,97.5772,99.6861,0.9854,99.9318,99.9394,100,1507.3958,1370.087,137.3088,32.2513,72,6.8032,5.0707,16.0781,4.7923,0.1812,0,0.0001,70.4343,60.5761,8.0628,52.2343,11.1489,16.1843
13/9/2025,MSH-0331-Chiwaridzo 2,CELL_TDD,MSH-0331-Chiwaridzo 2_LTE_3,3,MSH-0331-Chiwaridzo 2_LTE,100%,100,99.84,99.9533,97.8691,99.8121,0.8334,99.5285,99.826,100,800.1644,716.8605,83.3039,21.5805,50,4.8479,4.4179,18.4716,5.1655,0.2079,0,0,60.0419,54.268,5.3951,36.66,9.9984,12.0612
13/9/2025,MSH-0331-Chiwaridzo 2,CELL_TDD,MSH-0331-Chiwaridzo 2_LTE_2,2,MSH-0331-Chiwaridzo 2_LTE,100%,100,99.8324,99.9543,97.9937,99.8356,2.5385,99.8987,99.9585,100.0003,1365.6489,1218.9392,146.7097,21.3589,49,5.0943,7.3244,16.2728,5.5468,0.1736,0,0,65.969,55.4138,5.3397,36.4251,10.3244,15.1712
13/9/2025,MSH-0331-Chiwaridzo 2,CELL_TDD,MSH-0331-Chiwaridzo 2_LTE_1,1,MSH-0331-Chiwaridzo 2_LTE,100%,100,99.7297,99.7552,99.2917,99.7372,0.6895,99.8177,99.8983,100.0003,1390.5341,1291.4671,99.067,40.1124,86,4.9377,3.5104,16.5968,5.207,0.1864,0,0,72.4551,52.7871,10.0281,43.0102,11.1013,14.8853
13/9/2025,MSH-0112-Bindura Hospital,CELL_TDD,MSH-0112-Bindura Hospital_LTE_1,1,MSH-0112-Bindura Hospital_LTE,100%,100,99.9638,99.9892,99.9358,99.8852,0.174,99.8948,99.9546,100,535.2636,474.9142,60.3494,10.4331,21,12.2172,5.7927,14.1671,4.4267,0.1674,0,0,31.0627,47.1822,2.6083,22.0458,11.5628,15.1699
13/9/2025,MSH-0112-Bindura Hospital,CELL_TDD,MSH-0112-Bindura Hospital_LTE_2,2,MSH-0112-Bindura Hospital_LTE,100%,100,99.84,100,97.8829,99.8785,0.6575,100,99.927,100.0003,635.0775,581.4258,53.6517,7.3495,17,15.6783,4.7564,14.0994,3.5741,0.1492,0,0,24.8583,47.1421,1.8374,16.2652,10.8718,16.7632
13/9/2025,MSH-0112-Bindura Hospital,CELL_TDD,MSH-0112-Bindura Hospital_LTE_3,3,MSH-0112-Bindura Hospital_LTE,100%,100,99.8309,99.9844,97.3502,99.8068,0.6936,99.978,96.1671,100,873.812,814.7686,59.0434,18.2937,36,10.339,3.8183,16.3483,4.2882,0.1846,0,0,45.7309,49.4618,4.5734,28.5017,10.6252,13.1833
13/9/2025,MSH-0112-Bindura Hospital,CELL_TDD,MSH-0112-Bindura Hospital_LTE_4,4,MSH-0112-Bindura Hospital_LTE,100%,100,99.4705,99.8011,97.9449,99.6189,0.7753,100,100,100,675.6161,525.9013,149.7147,10.7668,23,6.7852,9.8508,13.7567,4.0738,0.1568,0,0,41.1708,59.6209,2.6917,31.4987,12.1115,15.6223
13/9/2025,MSH-0112-Bindura Hospital,CELL_TDD,MSH-0112-Bindura Hospital_LTE_5,5,MSH-0112-Bindura Hospital_LTE,100%,100,99.7599,99.9433,98.75,99.9254,0.6471,99.9404,99.9634,100,506.6713,479.4912,27.1802,6.8279,16,16.3078,4.2745,14.2139,1.6589,0.152,0,0,22.7313,42.0638,1.707,16.8009,10.0157,16.0215
13/9/2025,MSH-0112-Bindura Hospital,CELL_TDD,MSH-0112-Bindura Hospital_LTE_6,6,MSH-0112-Bindura Hospital_LTE,100%,100,99.8423,99.9412,98.7208,99.8072,1.0293,99.897,99.9297,100.0003,517.5749,476.2294,41.3455,13.778,30,7.6845,2.8115,18.3361,5.5658,0.2165,0,0,42.9476,52.6673,3.4445,33.1041,10.2735,11.1366
13/9/2025,MSH-0014-Chipadze,CELL_TDD,MSH-0014-Chipadze_LTE_6,6,MSH-0014-Chipadze,100%,99.9957,97.6604,99.7742,89.6337,99.6018,2.3908,99.378,99.4169,99.9937,910.451,839.2869,71.1641,12.4705,28,6.9833,5.0026,16.0593,4.4967,0.1728,0,0,51.5546,61.3982,3.1176,25.3703,10.2919,17.8566
13/9/2025,MSH-0014-Chipadze,CELL_TDD,MSH-0014-Chipadze_LTE_5,5,MSH-0014-Chipadze,100%,99.9957,98.0676,99.1149,93.8356,99.2191,2.8694,93.7919,95.8974,99.9932,390.6602,348.6386,42.0216,20.8974,52,2.0846,1.9832,19.8377,11.8933,0.2222,0,0.0001,56.105,61.8994,5.2244,31.1115,8.4381,10.4116
13/9/2025,MSH-0014-Chipadze,CELL_TDD,MSH-0014-Chipadze_LTE_4,4,MSH-0014-Chipadze,100%,99.9957,99.906,99.9749,99.5674,99.7686,1.2657,98.2675,98.5294,99.9932,338.2923,302.126,36.1663,13.6274,35,6.2271,5.3065,16.8333,5.2172,0.1879,0,0,33.2045,55,3.4068,20.9611,10.1706,13.2055
13/9/2025,MSH-0014-Chipadze,CELL_TDD,MSH-0014-Chipadze_LTE_3,3,MSH-0014-Chipadze,100%,99.9957,98.8797,99.8681,90.1379,99.7514,1.3664,99.1976,99.3109,99.9937,1066.0108,955.79,110.2208,16.3714,38,8.8541,7.0707,15.3344,3.319,0.1685,0,0,51.0231,59.6892,4.0928,20.8223,10.272,14.1087
13/9/2025,MSH-0014-Chipadze,CELL_TDD,MSH-0014-Chipadze_LTE_2,2,MSH-0014-Chipadze,100%,99.9957,98.7768,99.5045,95.3957,99.5001,2.9648,93.6324,95.2953,99.9932,623.9875,564.1934,59.7941,21.8384,53,2.8792,2.8792,17.504,8.2664,0.1931,0,0,58.5077,60.1284,5.4596,22.5759,8.3247,10.0857
13/9/2025,MSH-0014-Chipadze,CELL_TDD,MSH-0014-Chipadze_LTE_1,1,MSH-0014-Chipadze,100%,99.9957,99.6663,99.9846,98.0453,99.7,1.1947,99.3754,99.4824,99.9946,561.0205,512.4563,48.5642,13.3253,39,9.6614,5.3521,15.8577,5.2824,0.1794,0,0,32.6032,53.0152,3.3313,17.548,10.7914,13.8103
14/9/2025,MSH0013-Bindura-Zaoga,CELL_TDD,Bindura_Zaoga_LTE_6,6,MSH0013-Bindura-Zaoga,100%,100,99.7439,99.8775,97.9839,99.6971,1.5177,98.8856,98.9803,100,282.9352,255.5947,27.3406,4.3864,16,6.8194,3.7332,13.7758,5.3648,0.1824,0,0.0001,31.2628,45.6032,1.0966,26.4552,9.4558,9.1685
14/9/2025,MSH0013-Bindura-Zaoga,CELL_TDD,Bindura_Zaoga_LTE_5,5,MSH0013-Bindura-Zaoga,100%,100,99.7411,99.8846,98.7189,99.7101,1.2955,99.1619,99.2795,100,529.2754,469.4555,59.8199,22.3849,49,5.8101,3.2277,14.0572,7.0364,0.1697,0,0.0001,54.306,53.9579,5.5962,39.8024,10.6665,12.8532
14/9/2025,MSH0013-Bindura-Zaoga,CELL_TDD,Bindura_Zaoga_LTE_4,4,MSH0013-Bindura-Zaoga,100%,100,98.091,99.0458,93.3549,98.1513,2.9049,98.2504,98.7565,100.0003,762.1966,701.2129,60.9837,28.3342,112,6.3978,2.676,16.1516,13.4754,0.1986,0,0.0004,54.072,49.1424,7.0835,47.3337,9.5353,12.8349
14/9/2025,MSH0013-Bindura-Zaoga,CELL_TDD,Bindura_Zaoga_LTE_3,3,MSH0013-Bindura-Zaoga,100%,100,99.8946,99.9635,98.1735,99.9093,0.6753,99.2806,99.0872,100.0003,530.2845,502.739,27.5455,7.5221,16,9.021,3.7009,11.5159,3.4113,0.1423,0,0,37.5687,43.6763,1.8805,23.4738,10.2785,10.732
14/9/2025,MSH0013-Bindura-Zaoga,CELL_TDD,Bindura_Zaoga_LTE_2,2,MSH0013-Bindura-Zaoga,100%,100,99.8282,99.9231,99.1494,99.7688,0.8845,98.7054,99.0498,100,1288.4615,1156.4873,131.9742,23.8356,54,8.3956,5.4126,12.673,5.4203,0.1442,0,0,55.8694,61.1145,5.9589,36.1676,10.4241,14.3361
14/9/2025,MSH0013-Bindura-Zaoga,CELL_TDD,Bindura_Zaoga_LTE_1,1,MSH0013-Bindura-Zaoga,100%,100,99.1226,99.6611,96.1301,99.0588,2.539,98.7895,99.1505,100.0007,1065.5156,986.8502,78.6654,29.3874,102,5.9458,3.0146,15.1612,9.4398,0.1783,0,0.0002,64.804,50.413,7.3469,44.9912,9.6312,12.4082
14/9/2025,MSH-0331-Chiwaridzo 2,CELL_TDD,MSH-0331-Chiwaridzo 2_LTE_6,6,MSH-0331-Chiwaridzo 2_LTE,100%,99.9998,98.9588,99.6342,94.2337,99.4546,0.9243,99.8713,99.8686,99.9997,748.1551,674.7755,73.3796,20.6797,55,5.6527,3.8858,18.1046,5.9743,0.2079,0,0.0001,55.0209,52.1002,5.1699,42.6689,9.921,13.8549
14/9/2025,MSH-0331-Chiwaridzo 2,CELL_TDD,MSH-0331-Chiwaridzo 2_LTE_5,5,MSH-0331-Chiwaridzo 2_LTE,100%,99.9998,99.2294,99.5773,96.4148,99.6913,1.4327,99.9493,99.9633,99.9997,1034.6889,932.9021,101.7869,21.0924,79,7.2937,5.2028,16.1281,4.6567,0.1789,0,0,56.749,65.8434,5.2731,40.9025,9.2583,14.568
14/9/2025,MSH-0331-Chiwaridzo 2,CELL_TDD,MSH-0331-Chiwaridzo 2_LTE_4,4,MSH-0331-Chiwaridzo 2_LTE,100%,99.9998,99.241,99.3889,97.9616,99.7238,0.7441,99.9333,99.9475,99.9997,1666.0525,1540.2229,125.8296,34.2752,71,6.9536,4.265,15.9826,6.1108,0.1761,0,0,73.7774,58.5399,8.5688,53.5193,11.1961,16.8735
14/9/2025,MSH-0331-Chiwaridzo 2,CELL_TDD,MSH-0331-Chiwaridzo 2_LTE_3,3,MSH-0331-Chiwaridzo 2_LTE,100%,99.9998,99.5907,99.777,96.9419,99.717,0.7454,99.9098,99.9464,100,905.3276,812.5754,92.7522,24.1747,112,5.2435,4.8558,18.5968,5.0025,0.2075,0,0.0001,63.4742,53.533,6.0437,37.4201,10.1141,12.0468
14/9/2025,MSH-0331-Chiwaridzo 2,CELL_TDD,MSH-0331-Chiwaridzo 2_LTE_2,2,MSH-0331-Chiwaridzo 2_LTE,100%,99.9998,99.6127,99.7574,97.1584,99.9042,1.4161,99.8756,99.9495,99.9997,1159.7476,1058.8984,100.8492,22.0836,81,6.1821,5.0251,16.7,4.832,0.1803,0,0,66.4209,52.8795,5.5209,34.9453,10.5207,14.136
14/9/2025,MSH-0331-Chiwaridzo 2,CELL_TDD,MSH-0331-Chiwaridzo 2_LTE_1,1,MSH-0331-Chiwaridzo 2_LTE,100%,99.9998,99.6644,99.7202,98.8066,99.8106,0.6948,99.9234,99.9453,100,1516.0105,1399.6554,116.3551,40.0357,132,4.9372,3.7701,16.1561,5.9688,0.178,0,0,78.6374,52.8111,10.0089,47.1063,11.2184,15.1123
14/9/2025,MSH-0112-Bindura Hospital,CELL_TDD,MSH-0112-Bindura Hospital_LTE_1,1,MSH-0112-Bindura Hospital_LTE,100%,100,99.9609,99.9902,99.9314,99.9367,0.098,99.646,99.8973,100.0017,566.3737,489.593,76.7807,8.9753,22,7.2784,7.8167,17.7382,3.8181,0.2133,0,0.0001,41.8383,52.0356,2.2438,26.3756,11.0129,12.9524
14/9/2025,MSH-0112-Bindura Hospital,CELL_TDD,MSH-0112-Bindura Hospital_LTE_2,2,MSH-0112-Bindura Hospital_LTE,100%,100,99.8397,100,97.6934,99.8888,0.5478,100,99.9718,100.0013,611.3345,558.3255,53.009,7.6554,17,17.9765,5.9215,13.7355,2.9573,0.1473,0,0,22.4604,46.4144,1.9139,14.2842,10.862,17.3536
14/9/2025,MSH-0112-Bindura Hospital,CELL_TDD,MSH-0112-Bindura Hospital_LTE_3,3,MSH-0112-Bindura Hospital_LTE,100%,100,99.8414,99.9589,97.9578,99.8534,1.031,99.9483,98.3529,100.001,761.8167,706.614,55.2027,16.1784,31,12.484,4.399,15.4565,3.8114,0.1723,0,0,39.4646,48.1436,4.0446,25.4842,10.6494,14.388
14/9/2025,MSH-0112-Bindura Hospital,CELL_TDD,MSH-0112-Bindura Hospital_LTE_4,4,MSH-0112-Bindura Hospital_LTE,100%,100,99.7986,99.9803,98.9809,99.8071,0.6362,99.8755,99.909,100.0013,454.1085,383.9088,70.1998,9.9921,21,8.5352,6.8138,12.8251,3.3139,0.165,0,0,29.3382,52.3205,2.498,23.6228,12.5095,16.3833
14/9/2025,MSH-0112-Bindura Hospital,CELL_TDD,MSH-0112-Bindura Hospital_LTE_5,5,MSH-0112-Bindura Hospital_LTE,100%,100,99.7247,99.9794,98.4227,99.7977,0.4522,100,99.9393,100.001,338.8913,309.4523,29.4389,6.0539,19,17.074,5.4517,13.6366,1.9028,0.1527,0,0,16.1101,42.5907,1.5135,14.705,10.3058,14.3485
14/9/2025,MSH-0112-Bindura Hospital,CELL_TDD,MSH-0112-Bindura Hospital_LTE_6,6,MSH-0112-Bindura Hospital_LTE,100%,100,99.7859,99.9468,97.8797,99.7759,1.0774,99.9194,99.9268,100.001,653.2053,596.8789,56.3264,13.3888,29,11.3176,4.0999,16.4836,4.9014,0.1924,0,0,39.6583,52.319,3.3472,29.41,10.4565,12.1181
14/9/2025,MSH-0014-Chipadze,CELL_TDD,MSH-0014-Chipadze_LTE_6,6,MSH-0014-Chipadze,87%,99.9991,96.7536,99.9255,86.9432,99.8067,2.377,98.75,98.9061,99.9989,657.6287,597.486,60.1427,11.2474,27,8.6152,5.3124,15.4893,5.0019,0.165,0,0,47.1043,59.7076,2.8118,23.5542,10.0179,17.5466
14/9/2025,MSH-0014-Chipadze,CELL_TDD,MSH-0014-Chipadze_LTE_5,5,MSH-0014-Chipadze,87%,99.9991,98.5264,98.9915,96.613,99.3725,2.7037,95.1172,97.6168,99.9989,364.9385,327.3188,37.6196,20.571,45,2.0815,1.8726,19.6318,11.9053,0.2212,0,0.0007,65.0312,66.4788,5.1427,32.6176,8.5224,10.5165
14/9/2025,MSH-0014-Chipadze,CELL_TDD,MSH-0014-Chipadze_LTE_4,4,MSH-0014-Chipadze,87%,99.9991,99.8686,99.954,99.3578,99.806,1.1126,97.0407,97.4221,99.9989,205.265,187.0013,18.2637,12.1868,28,6.5865,3.8055,16.8831,5.0013,0.1906,0,0,29.134,51.7736,3.0467,18.4597,10.5697,12.4442
14/9/2025,MSH-0014-Chipadze,CELL_TDD,MSH-0014-Chipadze_LTE_3,3,MSH-0014-Chipadze,87%,99.9991,97.6773,99.9844,82.0675,99.4783,1.0556,98.2022,98.6099,99.9989,804.4545,726.493,77.9616,13.9237,28,9.0637,6.5285,15.6495,3.7519,0.1703,0,0,46.8871,58.3592,3.4809,19.0053,10.0073,14.3814
14/9/2025,MSH-0014-Chipadze,CELL_TDD,MSH-0014-Chipadze_LTE_2,2,MSH-0014-Chipadze,87%,99.9991,99.2513,99.5816,97.5651,99.6883,2.5514,98.9426,99.3603,99.9989,537.8744,484.6511,53.2233,24.3295,55,2.7447,2.8556,17.546,9.1485,0.1949,0,0.0005,61.7133,63.5048,6.0824,22.5227,8.1484,10.0387
14/9/2025,MSH-0014-Chipadze,CELL_TDD,MSH-0014-Chipadze_LTE_1,1,MSH-0014-Chipadze,87%,99.9991,99.5967,99.9647,97.5562,99.5342,1.4058,99.3506,99.3333,99.9995,369.6197,335.8249,33.7947,11.6594,34,11.8941,5.9234,16.2655,4.7733,0.1828,0,0,26.0291,49.8284,2.9148,14.7321,10.8449,14.1897
15/9/2025,MSH0013-Bindura-Zaoga,CELL_TDD,Bindura_Zaoga_LTE_6,6,MSH0013-Bindura-Zaoga,100%,100,99.8408,99.9654,98.419,99.8969,1.7462,98.9382,98.9215,100.0027,317.7025,293.361,24.3415,4.4375,13,10.3794,4.0961,11.6389,4.1758,0.1447,0,0.0001,21.1462,46.1375,1.1094,19.2403,10.2836,13.2971
15/9/2025,MSH0013-Bindura-Zaoga,CELL_TDD,Bindura_Zaoga_LTE_5,5,MSH0013-Bindura-Zaoga,100%,100,99.5995,99.7892,98.2629,99.4849,1.3041,98.8261,99.025,100.0027,677.1032,606.3063,70.7969,31.6674,83,5.3443,3.6539,14.9272,7.7235,0.1789,0,0.0001,50.8309,52.1342,7.9168,39.4107,10.701,12.781
15/9/2025,MSH0013-Bindura-Zaoga,CELL_TDD,Bindura_Zaoga_LTE_4,4,MSH0013-Bindura-Zaoga,100%,100,94.9,96.7805,88.269,96.1525,2.8761,98.3861,98.6984,100.0027,582.9447,526.5125,56.4322,26.0054,169,4.6107,2.335,17.2053,11.3138,0.2063,0,0.0003,55.8067,49.5057,6.5014,49.664,9.6751,11.9361
15/9/2025,MSH0013-Bindura-Zaoga,CELL_TDD,Bindura_Zaoga_LTE_3,3,MSH0013-Bindura-Zaoga,100%,100,99.9635,100,99.1304,100,0.9099,99.5,99.4451,100.0027,315.6103,285.591,30.0192,6.5993,13,8.0575,5.3611,13.6593,3.8208,0.1781,0,0,27.0992,45.1176,1.6498,20.2368,10.0774,8.7786
15/9/2025,MSH0013-Bindura-Zaoga,CELL_TDD,Bindura_Zaoga_LTE_2,2,MSH0013-Bindura-Zaoga,100%,100,99.7923,99.8979,98.8461,99.5904,1.0813,99.4056,99.5681,100.0027,1089.1817,979.9044,109.2772,34.8307,87,6.4181,4.3004,13.154,6.1274,0.152,0,0,52.2333,53.3753,8.7077,35.9421,10.608,13.7877
15/9/2025,MSH0013-Bindura-Zaoga,CELL_TDD,Bindura_Zaoga_LTE_1,1,MSH0013-Bindura-Zaoga,100%,100,97.6669,98.7611,93.3324,97.5142,2.6314,98.8952,99.1756,100.0031,783.1916,707.4886,75.703,25.7269,244,5.5387,3.2697,16.429,9.3925,0.2023,0,0.0001,57.2232,52.3096,6.4317,41.9688,9.4057,11.2013
15/9/2025,MSH-0331-Chiwaridzo 2,CELL_TDD,MSH-0331-Chiwaridzo 2_LTE_6,6,MSH-0331-Chiwaridzo 2_LTE,91%,99.9998,99.5517,99.8224,97.5024,99.651,1.2944,99.8492,99.8791,100.0039,547.297,500.2072,47.0898,18.2349,41,6.4881,3.304,18.4096,4.5024,0.2134,0,0,49.5177,52.0663,4.5587,37.0689,10.4939,13.529
15/9/2025,MSH-0331-Chiwaridzo 2,CELL_TDD,MSH-0331-Chiwaridzo 2_LTE_5,5,MSH-0331-Chiwaridzo 2_LTE,91%,99.9998,99.3709,99.8815,95.8438,99.7946,2.3738,99.8793,99.9096,100.0039,741.4554,679.2909,62.1645,18.808,44,9.5921,4.1577,16.1336,5.748,0.1836,0,0,45.9868,51.8625,4.702,36.194,9.1593,13.2902
15/9/2025,MSH-0331-Chiwaridzo 2,CELL_TDD,MSH-0331-Chiwaridzo 2_LTE_4,4,MSH-0331-Chiwaridzo 2_LTE,91%,99.9998,99.1147,99.1904,98.378,99.788,0.4709,99.8314,99.8931,100.0039,1242.0826,1139.9137,102.1689,29.6032,59,7.4786,4.4027,15.2762,5.9958,0.17,0,0,67.1448,58.4268,7.4008,50.2807,11.2872,15.7235
15/9/2025,MSH-0331-Chiwaridzo 2,CELL_TDD,MSH-0331-Chiwaridzo 2_LTE_3,3,MSH-0331-Chiwaridzo 2_LTE,91%,99.9998,99.8303,99.9413,97.9817,99.8176,0.6172,99.9578,99.9642,100.0039,653.2161,591.4917,61.7243,19.1784,42,6.5607,4.6818,17.221,4.4823,0.1927,0,0,52.8378,52.3188,4.7946,30.5222,10.2831,12.4952
15/9/2025,MSH-0331-Chiwaridzo 2,CELL_TDD,MSH-0331-Chiwaridzo 2_LTE_2,2,MSH-0331-Chiwaridzo 2_LTE,91%,99.9998,99.6403,99.9779,94.9163,99.9296,0.7915,99.6562,99.9074,100.0039,659.162,601.1042,58.0578,17.9167,42,7.3706,4.6903,18.949,5.1004,0.2184,0,0,55.5418,52.5923,4.4792,30.8819,10.4262,12.6903
15/9/2025,MSH-0331-Chiwaridzo 2,CELL_TDD,MSH-0331-Chiwaridzo 2_LTE_1,1,MSH-0331-Chiwaridzo 2_LTE,91%,99.9998,99.6489,99.6853,98.9043,99.8936,0.482,99.8511,99.8456,100.0039,1154.1054,1043.0076,111.0978,34.332,62,6.4197,5.0121,15.2672,5.6597,0.1674,0,0,69.422,55.0683,8.583,43.4138,11.2338,14.0268
15/9/2025,MSH-0112-Bindura Hospital,CELL_TDD,MSH-0112-Bindura Hospital_LTE_1,1,MSH-0112-Bindura Hospital_LTE,100%,100,99.9717,99.9975,99.9461,99.95,0.139,99.9574,99.9765,99.9975,569.2375,521.1542,48.0832,10.5244,23,7.5166,4.5927,15.6128,3.2772,0.1839,0,0,41.1699,46.865,2.6311,26.6441,11.6155,13.4836
15/9/2025,MSH-0112-Bindura Hospital,CELL_TDD,MSH-0112-Bindura Hospital_LTE_2,2,MSH-0112-Bindura Hospital_LTE,100%,100,99.8656,99.9886,98.6637,99.932,0.7234,100,100,99.9972,470.6818,431.2267,39.4551,8.4357,19,16.9841,4.9418,13.9228,2.6401,0.1515,0,0,18.489,44.5834,2.1089,13.1934,10.7272,15.267
15/9/2025,MSH-0112-Bindura Hospital,CELL_TDD,MSH-0112-Bindura Hospital_LTE_3,3,MSH-0112-Bindura Hospital_LTE,100%,100,99.842,99.965,98.0401,99.8106,0.7537,99.9215,96.7833,99.9975,841.5092,775.8812,65.628,19.6879,43,10.1587,4.1667,15.1271,4.5256,0.1706,0,0,43.7794,50.266,4.922,29.2476,10.5893,13.286
15/9/2025,MSH-0112-Bindura Hospital,CELL_TDD,MSH-0112-Bindura Hospital_LTE_4,4,MSH-0112-Bindura Hospital_LTE,100%,100,99.6923,99.9736,98.4633,99.836,0.6127,99.8926,99.8374,99.9972,536.9069,404.4512,132.4557,9.6128,24,7.6464,11.5679,12.1838,2.7453,0.1423,0,0,32.1372,57.8215,2.4032,26.2706,12.4241,15.7846
15/9/2025,MSH-0112-Bindura Hospital,CELL_TDD,MSH-0112-Bindura Hospital_LTE_5,5,MSH-0112-Bindura Hospital_LTE,100%,100,99.8125,99.9658,99.2556,99.8817,0.5967,100,99.9391,99.9972,211.4434,182.2495,29.1939,5.8955,18,15.5457,6.1468,12.6425,2.0166,0.1429,0,0,11.3455,43.3768,1.4739,12.4703,10.8751,15.0215
15/9/2025,MSH-0112-Bindura Hospital,CELL_TDD,MSH-0112-Bindura Hospital_LTE_6,6,MSH-0112-Bindura Hospital_LTE,100%,100,99.6587,99.8998,97.6665,99.6634,0.9197,99.9746,99.9334,99.9972,688.2739,634.9571,53.3168,16.5289,36,9.8298,3.0545,15.3561,5.3413,0.1773,0,0,44.2889,53.7553,4.1322,33.772,10.675,12.5424
15/9/2025,MSH-0014-Chipadze,CELL_TDD,MSH-0014-Chipadze_LTE_6,6,MSH-0014-Chipadze,91%,99.9974,97.4805,99.7113,90.9043,99.5595,1.2204,99.0566,99.0368,99.9982,921.8106,804.8759,116.9348,12.5906,27,7.2344,8.5729,16.1654,3.4991,0.1723,0,0,52.1375,63.5424,3.1477,25.0626,10.0595,17.6738
15/9/2025,MSH-0014-Chipadze,CELL_TDD,MSH-0014-Chipadze_LTE_5,5,MSH-0014-Chipadze,91%,99.9974,98.4772,99.2183,95.6072,99.5274,2.5343,96.6431,97.8628,99.9982,354.6968,320.5101,34.1867,19.022,47,2.523,1.6699,19.2944,10.8342,0.217,0,0.0001,55.0776,63.6426,4.7555,29.4458,8.2949,10.2977
15/9/2025,MSH-0014-Chipadze,CELL_TDD,MSH-0014-Chipadze_LTE_4,4,MSH-0014-Chipadze,91%,99.9974,99.6275,99.8574,98.7554,99.7366,1.1185,95.0673,96.0346,99.9982,330.7812,297.5672,33.2139,15.1297,35,7.1564,3.8941,16.5499,5.1743,0.1808,0,0,33.67,56.7401,3.7824,19.9584,10.7109,13.4749
15/9/2025,MSH-0014-Chipadze,CELL_TDD,MSH-0014-Chipadze_LTE_3,3,MSH-0014-Chipadze,91%,99.9974,98.7635,99.909,92.2964,99.5776,1.2464,98.3482,98.5207,99.9982,1037.8858,884.3253,153.5605,16.8627,30,7.8563,8.9442,15.8145,4.0298,0.1745,0,0,47.862,66.2072,4.2157,20.541,9.8648,14.5835
15/9/2025,MSH-0014-Chipadze,CELL_TDD,MSH-0014-Chipadze_LTE_2,2,MSH-0014-Chipadze,91%,99.9974,99.2979,99.7162,97.2211,99.6279,1.9946,98.8722,99.3919,99.9982,616.5215,527.1615,89.36,22.7159,47,3.474,3.5747,17.6988,8.6533,0.1965,0,0.0001,56.7575,73.0894,5.679,22.5733,8.9189,10.2607
15/9/2025,MSH-0014-Chipadze,CELL_TDD,MSH-0014-Chipadze_LTE_1,1,MSH-0014-Chipadze,91%,99.9974,99.7983,99.9872,98.882,99.7746,1.0079,97.8042,98.2505,99.9987,451.0895,407.6257,43.4638,15.0635,35,7.8313,5.1603,17.6131,5.7949,0.1961,0,0,35.6941,52.8223,3.7659,16.1063,10.6934,12.0691
16/9/2025,MSH0013-Bindura-Zaoga,CELL_TDD,Bindura_Zaoga_LTE_6,6,MSH0013-Bindura-Zaoga,100%,100,99.4288,99.6388,96.2963,99.9324,1.21,98.7243,98.7359,99.996,444.5727,397.0953,47.4774,5.008,15,8.6442,5.7906,11.7233,4.6171,0.1404,0,0,26.6434,47.9823,1.252,24.577,9.5048,13.2248
16/9/2025,MSH0013-Bindura-Zaoga,CELL_TDD,Bindura_Zaoga_LTE_5,5,MSH0013-Bindura-Zaoga,100%,100,99.6584,99.8755,98.2377,99.5426,1.4703,98.7876,99.0208,99.996,847.6302,776.8255,70.8047,33.802,84,4.9114,3.522,14.4375,7.478,0.1711,0,0.0001,59.3998,50.2616,8.4505,44.4063,10.5152,13.0112
16/9/2025,MSH0013-Bindura-Zaoga,CELL_TDD,Bindura_Zaoga_LTE_4,4,MSH0013-Bindura-Zaoga,100%,100,98.3639,99.1284,94.8942,98.6073,3.101,99.1742,99.4163,99.9964,593.9649,524.4135,69.5514,42.7715,200,6.011,2.5888,17.1341,13.8134,0.2034,0,0.0001,44.4892,51.4972,10.6929,45.4729,9.8159,13.2868
16/9/2025,MSH0013-Bindura-Zaoga,CELL_TDD,Bindura_Zaoga_LTE_3,3,MSH0013-Bindura-Zaoga,100%,100,99.8672,99.9718,98.2143,99.8596,0.5492,98.7212,98.7682,99.996,283.2845,265.9243,17.3603,5.3356,14,9.0235,3.3043,11.1711,3.5948,0.1419,0,0,24.5545,41.9111,1.3339,19.677,9.9336,10.7638
16/9/2025,MSH0013-Bindura-Zaoga,CELL_TDD,Bindura_Zaoga_LTE_2,2,MSH0013-Bindura-Zaoga,100%,100,99.8102,99.9031,99.2158,99.624,1.1165,98.0923,98.7336,99.996,1312.7478,1181.354,131.3938,34.1248,81,5.6484,4.5362,13.2145,6.4019,0.1503,0,0,60.0071,56.3839,8.5312,38.2933,10.9068,14.4033
16/9/2025,MSH0013-Bindura-Zaoga,CELL_TDD,Bindura_Zaoga_LTE_1,1,MSH0013-Bindura-Zaoga,100%,100,99.2093,99.7133,96.8212,99.1111,2.3081,98.9489,99.4283,99.9968,679.0219,586.7786,92.2433,44.1907,237,5.7426,3.0384,17.9551,11.2105,0.2026,0,0.0001,45.8708,51.0332,11.0477,40.8198,9.9923,13.5474
16/9/2025,MSH-0331-Chiwaridzo 2,CELL_TDD,MSH-0331-Chiwaridzo 2_LTE_6,6,MSH-0331-Chiwaridzo 2_LTE,75%,99.9999,99.6022,99.8454,97.3496,99.5212,0.7823,99.8432,99.878,99.9995,428.0875,379.7747,48.3128,17.7339,48,4.5875,4.6598,18.6284,4.8254,0.2078,0,0,48.5969,51.0536,4.4335,38.3435,10.3534,13.7033
16/9/2025,MSH-0331-Chiwaridzo 2,CELL_TDD,MSH-0331-Chiwaridzo 2_LTE_5,5,MSH-0331-Chiwaridzo 2_LTE,75%,99.9999,99.4933,99.8229,96.9769,99.8677,2.6807,99.8691,99.9114,99.9995,573.0409,535.0507,37.9902,18.0901,56,8.5819,3.9108,17.01,5.5861,0.1916,0,0,47.6428,50.0102,4.5225,34.969,9.3878,13.7132
16/9/2025,MSH-0331-Chiwaridzo 2,CELL_TDD,MSH-0331-Chiwaridzo 2_LTE_4,4,MSH-0331-Chiwaridzo 2_LTE,75%,99.9999,98.5067,98.4897,98.7032,99.7821,0.6678,99.8666,99.9073,99.9995,709.1591,648.255,60.9041,31.0431,70,6.7321,3.4088,16.7029,7.4088,0.1947,0,0.0001,57.7665,63.5911,7.7608,46.8956,11.4708,15.7255
16/9/2025,MSH-0331-Chiwaridzo 2,CELL_TDD,MSH-0331-Chiwaridzo 2_LTE_3,3,MSH-0331-Chiwaridzo 2_LTE,75%,99.9999,99.8577,99.9483,98.2645,99.8273,1.0223,99.7287,99.8666,99.9995,503.3365,449.3342,54.0023,19.5968,55,4.626,4.5347,18.0256,5.1638,0.2011,0,0,51.1217,53.6054,4.8992,32.5342,10.5135,12.3837
16/9/2025,MSH-0331-Chiwaridzo 2,CELL_TDD,MSH-0331-Chiwaridzo 2_LTE_2,2,MSH-0331-Chiwaridzo 2_LTE,75%,99.9999,99.8434,99.9596,98.1697,99.943,2.6171,99.7966,99.9234,100,574.3113,525.7382,48.5731,17.5658,48,7.024,4.606,16.6331,6.4688,0.1875,0,0,48.352,51.0762,4.3914,30.0609,10.232,14.209
16/9/2025,MSH-0331-Chiwaridzo 2,CELL_TDD,MSH-0331-Chiwaridzo 2_LTE_1,1,MSH-0331-Chiwaridzo 2_LTE,75%,99.9999,99.1174,99.1276,98.9205,99.8327,0.5126,99.7108,99.8664,100,866.2286,804.1175,62.1111,30.2919,66,5.8413,3.4571,16.0972,7.0709,0.1793,0,0,63.4935,52.3912,7.573,40.5363,11.2027,14.4615
16/9/2025,MSH-0112-Bindura Hospital,CELL_TDD,MSH-0112-Bindura Hospital_LTE_1,1,MSH-0112-Bindura Hospital_LTE,100%,100,99.9739,99.9975,99.9502,99.9284,0.1627,99.9279,99.9731,100.0021,663.4725,607.7301,55.7424,9.6109,21,7.8222,5.2167,16.2818,4.0016,0.1902,0,0,44.5346,49.1712,2.4027,27.2194,11.5573,13.3115
16/9/2025,MSH-0112-Bindura Hospital,CELL_TDD,MSH-0112-Bindura Hospital_LTE_2,2,MSH-0112-Bindura Hospital_LTE,100%,100,99.6908,100,96.1915,99.8854,0.4681,99.9505,99.9356,100.0024,697.8453,645.5316,52.3137,9.8483,21,15.2935,4.626,14.6051,2.5954,0.1598,0,0,27.53,54.445,2.4621,18.677,10.8513,15.8685
16/9/2025,MSH-0112-Bindura Hospital,CELL_TDD,MSH-0112-Bindura Hospital_LTE_3,3,MSH-0112-Bindura Hospital_LTE,100%,100,99.8734,99.9613,98.5935,99.7737,0.8821,99.9294,75.517,100.0024,772.4305,708.6166,63.814,22.3339,46,8.6112,3.3198,15.3146,5.1432,0.1735,0,0,43.6335,52.285,5.5835,31.4469,10.7619,13.6799
16/9/2025,MSH-0112-Bindura Hospital,CELL_TDD,MSH-0112-Bindura Hospital_LTE_4,4,MSH-0112-Bindura Hospital_LTE,100%,100,99.5964,99.8988,97.9612,99.8285,0.6917,99.9005,99.8293,100.0021,466.5124,417.7143,48.7982,10.7937,20,8.4825,4.8634,14.1036,3.5195,0.1691,0,0,31.5435,50.1441,2.6984,24.659,12.3457,15.7852
16/9/2025,MSH-0112-Bindura Hospital,CELL_TDD,MSH-0112-Bindura Hospital_LTE_5,5,MSH-0112-Bindura Hospital_LTE,100%,100,99.7231,100,98.1449,99.7853,0.3657,99.9278,99.9538,100.0021,391.8047,361.0717,30.733,6.8479,19,13.8778,4.9709,13.614,2.3142,0.1505,0,0,19.8332,43.872,1.712,16.17,10.8844,14.9986
16/9/2025,MSH-0112-Bindura Hospital,CELL_TDD,MSH-0112-Bindura Hospital_LTE_6,6,MSH-0112-Bindura Hospital_LTE,100%,100,99.7181,99.9272,97.2626,99.806,1.4093,99.9751,99.9182,100.0024,709.7145,648.3196,61.3949,19.4709,38,7.9696,3.4826,16.0696,5.8055,0.1885,0,0,45.0831,53.9353,4.8677,35.8643,10.6289,12.5721
16/9/2025,MSH-0014-Chipadze,CELL_TDD,MSH-0014-Chipadze_LTE_6,6,MSH-0014-Chipadze,100%,100,98.3107,99.914,91.0902,99.7727,2.2298,99.2371,99.313,99.9847,1379.0582,1238.9761,140.0821,16.6687,29,6.6094,6.7672,15.9828,4.5838,0.1674,0,0,62.3319,66.8062,4.1672,26.9668,10.0839,17.396
16/9/2025,MSH-0014-Chipadze,CELL_TDD,MSH-0014-Chipadze_LTE_5,5,MSH-0014-Chipadze,100%,100,98.4903,99.3,94.7881,99.3271,3.8123,98.6902,99.0065,99.9847,651.5005,582.1195,69.381,41.3365,98,1.9087,1.9451,20.1118,13.3911,0.2254,0,0,64.9786,65.4501,10.3341,35.2892,8.8205,12.0228
16/9/2025,MSH-0014-Chipadze,CELL_TDD,MSH-0014-Chipadze_LTE_4,4,MSH-0014-Chipadze,100%,100,99.7389,99.8884,99.0287,99.6588,1.4869,97.7341,98.0714,99.9847,538.59,476.9654,61.6245,16.6014,37,5.4939,5.6513,16.8876,5.8779,0.186,0,0,41.0166,57.2138,4.1504,23.4781,9.8622,13.8055
16/9/2025,MSH-0014-Chipadze,CELL_TDD,MSH-0014-Chipadze_LTE_3,3,MSH-0014-Chipadze,100%,100,99.0085,99.9233,93.3254,99.5021,1.8715,99.1984,99.2116,99.9847,1821.3922,1636.3919,185.0003,21.9579,36,7.1064,6.5179,15.349,3.3376,0.1691,0,0,66.0244,64.4173,5.4895,25.1683,10.1779,12.9341
16/9/2025,MSH-0014-Chipadze,CELL_TDD,MSH-0014-Chipadze_LTE_2,2,MSH-0014-Chipadze,100%,100,98.9677,99.5452,95.9434,99.4532,3.1145,98.3389,98.9917,99.9847,861.8779,761.3817,100.4962,38.7818,81,2.3179,2.4667,18.0712,10.602,0.2029,0,0,70.0097,64.0926,9.6954,26.0879,8.0557,9.1666
16/9/2025,MSH-0014-Chipadze,CELL_TDD,MSH-0014-Chipadze_LTE_1,1,MSH-0014-Chipadze,100%,100,99.6811,99.8913,98.4048,99.7156,1.6005,98.4904,98.8698,99.985,814.9724,727.2972,87.6752,20.3252,41,7.9751,6.0554,15.9222,5.5577,0.1777,0,0,37.6538,57.601,5.0813,18.6289,10.7841,13.34
17/9/2025,MSH0013-Bindura-Zaoga,CELL_TDD,Bindura_Zaoga_LTE_6,6,MSH0013-Bindura-Zaoga,100%,100,99.7131,99.8586,97.9933,99.9159,1.4283,98.777,98.7747,100.0003,417.287,393.6057,23.6814,4.4667,12,10.4892,3.5319,11.3253,4.3188,0.1402,0,0,27.9057,44.3761,1.1167,22.8203,9.4179,12.1739
17/9/2025,MSH0013-Bindura-Zaoga,CELL_TDD,Bindura_Zaoga_LTE_5,5,MSH0013-Bindura-Zaoga,100%,100,99.0794,99.237,97.9971,99.2785,1.9152,98.6862,98.8877,100,945.1754,854.1689,91.0065,32.139,88,6.0964,4.1701,14.0957,7.8595,0.1673,0,0.0001,58.75,54.8047,8.0347,44.0725,10.7566,14.0905
17/9/2025,MSH0013-Bindura-Zaoga,CELL_TDD,Bindura_Zaoga_LTE_4,4,MSH0013-Bindura-Zaoga,100%,100,92.6264,94.5782,86.9427,91.9595,3.3365,99.1159,99.2296,99.9984,512.2862,454.5215,57.7646,28.809,143,5.2587,2.5188,17.443,14.1582,0.2138,0.0001,0.0002,48.572,50.2782,7.2022,47.0281,9.5739,11.2043
17/9/2025,MSH0013-Bindura-Zaoga,CELL_TDD,Bindura_Zaoga_LTE_3,3,MSH0013-Bindura-Zaoga,100%,100,99.9316,99.9642,99.2188,99.9822,0.429,99.7576,99.5776,100,299.4364,262.6802,36.7562,5.8727,15,8.7618,7.451,11.8559,3.7754,0.1514,0,0,26.2383,44.9206,1.4682,20.1564,10.1794,10.0895
17/9/2025,MSH0013-Bindura-Zaoga,CELL_TDD,Bindura_Zaoga_LTE_2,2,MSH0013-Bindura-Zaoga,100%,100,99.726,99.8829,98.6445,99.5718,1.2946,99.1199,99.3462,100,1271.073,1155.0798,115.9932,33.3482,84,6.5927,4.0727,12.982,6.7465,0.1503,0,0,60.4158,56.0194,8.3371,38.5291,10.9117,14.0821
17/9/2025,MSH0013-Bindura-Zaoga,CELL_TDD,Bindura_Zaoga_LTE_1,1,MSH0013-Bindura-Zaoga,100%,100,94.9803,96.9506,88.2955,93.4438,3.3675,99.3594,99.4317,100,601.7591,536.6227,65.1363,29.8791,132,5.3635,2.9207,17.6531,10.9715,0.2121,0,0.0002,46.1299,49.6112,7.4698,40.5635,9.6785,10.9856
17/9/2025,MSH-0331-Chiwaridzo 2,CELL_TDD,MSH-0331-Chiwaridzo 2_LTE_6,6,MSH-0331-Chiwaridzo 2_LTE,100%,99.9899,99.352,99.6233,96.7403,99.5416,1.0468,99.8712,99.9,99.9996,625.2077,556.2093,68.9984,17.9568,45,5.534,4.9128,17.0106,5.3465,0.1923,0,0,47.0411,55.5269,4.4892,36.6181,10.6664,15.0746
17/9/2025,MSH-0331-Chiwaridzo 2,CELL_TDD,MSH-0331-Chiwaridzo 2_LTE_5,5,MSH-0331-Chiwaridzo 2_LTE,100%,99.9899,99.6379,99.8272,98.0613,99.7956,2.7019,99.7778,99.8437,99.9996,714.441,640.9146,73.5264,17.2029,51,7.3025,5.7071,16.4352,6.2763,0.1921,0,0,42.8948,54.9048,4.3007,37.2483,9.4863,12.7686
17/9/2025,MSH-0331-Chiwaridzo 2,CELL_TDD,MSH-0331-Chiwaridzo 2_LTE_4,4,MSH-0331-Chiwaridzo 2_LTE,100%,99.9899,98.8859,98.9854,97.764,99.5841,0.6989,99.6562,99.7482,99.9996,965.5735,879.7954,85.7781,25.8333,74,6.2987,4.0229,16.2698,6.7828,0.1878,0,0,61.4505,59.6492,6.4583,48.5223,11.29,15.2626
17/9/2025,MSH-0331-Chiwaridzo 2,CELL_TDD,MSH-0331-Chiwaridzo 2_LTE_3,3,MSH-0331-Chiwaridzo 2_LTE,100%,99.9899,99.7293,99.8754,97.6107,99.7487,0.7438,99.8667,99.9165,99.9996,655.0252,598.7013,56.3239,18.1214,52,4.2083,3.8935,18.5454,4.9812,0.2057,0,0.0001,56.996,51.2447,4.5303,34.4364,10.4463,12.4223
17/9/2025,MSH-0331-Chiwaridzo 2,CELL_TDD,MSH-0331-Chiwaridzo 2_LTE_2,2,MSH-0331-Chiwaridzo 2_LTE,100%,99.9899,99.7782,99.8873,97.7554,99.8802,1.1943,99.8679,99.9546,99.9996,775.9133,672.5487,103.3647,18.7614,49,6.174,7.1443,16.8708,4.8588,0.1862,0,0,46.9577,53.4509,4.6904,30.7916,10.2863,13.5322
17/9/2025,MSH-0331-Chiwaridzo 2,CELL_TDD,MSH-0331-Chiwaridzo 2_LTE_1,1,MSH-0331-Chiwaridzo 2_LTE,100%,99.9899,97.7461,97.754,97.5964,99.7559,0.6296,99.8944,99.9129,100.0008,1125.5131,1029.9135,95.5995,30.724,74,6.0525,4.0375,15.2755,6.3435,0.1696,0,0,61.4541,53.9052,7.681,41.725,11.2062,14.5013
17/9/2025,MSH-0112-Bindura Hospital,CELL_TDD,MSH-0112-Bindura Hospital_LTE_1,1,MSH-0112-Bindura Hospital_LTE,100%,100,99.9729,99.993,99.9521,99.9665,0.1527,100,100,99.9997,493.9327,452.1737,41.759,9.9824,24,6.9049,4.6623,18.3559,3.6235,0.2158,0,0,39.7206,47.3595,2.4956,24.6809,11.6361,13.0765
17/9/2025,MSH-0112-Bindura Hospital,CELL_TDD,MSH-0112-Bindura Hospital_LTE_2,2,MSH-0112-Bindura Hospital_LTE,100%,100,99.8103,99.9792,98.0952,99.7622,0.8104,99.9478,99.9395,99.9994,643.4789,582.861,60.6179,9.0883,24,12.638,5.5244,15.3168,3.0554,0.1762,0,0,30.1084,53.7903,2.2721,20.442,10.8044,15.4141
17/9/2025,MSH-0112-Bindura Hospital,CELL_TDD,MSH-0112-Bindura Hospital_LTE_3,3,MSH-0112-Bindura Hospital_LTE,100%,100,99.8682,99.9841,97.9528,99.7894,0.8375,99.9343,97.6269,99.9997,853.8883,778.9919,74.8964,20.8143,40,8.4669,4.0343,16.0905,5.285,0.1848,0,0,48.1732,50.8744,5.2036,32.2135,10.8805,13.617
17/9/2025,MSH-0112-Bindura Hospital,CELL_TDD,MSH-0112-Bindura Hospital_LTE_4,4,MSH-0112-Bindura Hospital_LTE,100%,100,99.3634,99.9318,96.9178,99.6998,0.5775,100,99.9195,99.9994,410.0956,379.8969,30.1987,9.7585,24,10.5877,3.3245,13.7369,3.3146,0.1634,0,0,23.6241,47.3807,2.4396,19.8292,12.427,16.7489
17/9/2025,MSH-0112-Bindura Hospital,CELL_TDD,MSH-0112-Bindura Hospital_LTE_5,5,MSH-0112-Bindura Hospital_LTE,100%,100,99.7214,99.9862,98.3101,99.8502,0.3877,100,100,99.9994,388.644,355.8938,32.7502,7.4268,19,13.0191,5.776,14.246,2.2235,0.1609,0,0,20.989,44.7695,1.8567,17.664,10.6749,13.6396
17/9/2025,MSH-0112-Bindura Hospital,CELL_TDD,MSH-0112-Bindura Hospital_LTE_6,6,MSH-0112-Bindura Hospital_LTE,100%,100,99.7233,99.8995,97.764,99.7283,1.1933,99.8433,99.8244,99.9994,713.4978,640.766,72.7317,18.5888,38,7.9629,3.8759,16.6658,6.0905,0.1957,0,0,45.8981,54.9467,4.6472,37.1954,10.6403,11.9992
17/9/2025,MSH-0014-Chipadze,CELL_TDD,MSH-0014-Chipadze_LTE_6,6,MSH-0014-Chipadze,100%,99.9945,96.7531,98.7654,90.754,99.0446,2.2679,99.3233,99.4043,99.6499,897.8466,782.8877,114.9589,13.231,40,6.4108,8.3519,15.68,4.3378,0.1658,0,0,46.1837,61.868,3.3078,23.8995,10.2454,17.3199
17/9/2025,MSH-0014-Chipadze,CELL_TDD,MSH-0014-Chipadze_LTE_5,5,MSH-0014-Chipadze,100%,99.9945,97.7912,98.2652,95.4276,99.3813,3.2357,97.9806,98.4925,99.6499,506.1632,459.909,46.2541,23.6048,87,2.4136,2.029,19.1261,11.9518,0.2187,0,0.0001,60.1526,64.2345,5.9012,31.6574,8.6517,11.1751
17/9/2025,MSH-0014-Chipadze,CELL_TDD,MSH-0014-Chipadze_LTE_4,4,MSH-0014-Chipadze,100%,99.9945,98.9764,99.1118,98.3218,99.8174,1.1517,97.7113,98.002,99.6499,397.3605,365.5306,31.8299,16.0258,48,4.7539,4.0125,17.179,5.2991,0.1902,0,0,35.2695,52.876,4.0065,22.2803,10.3538,13.8048
17/9/2025,MSH-0014-Chipadze,CELL_TDD,MSH-0014-Chipadze_LTE_3,3,MSH-0014-Chipadze,100%,99.9945,98.2775,99.2042,91.5517,99.8696,1.725,99.2674,99.4062,99.6442,1403.3998,1244.5069,158.8929,18.1622,40,8.8961,7.9484,15.5612,3.5134,0.1684,0,0,48.4878,61.4243,4.5405,21.5536,10.436,14.9727
17/9/2025,MSH-0014-Chipadze,CELL_TDD,MSH-0014-Chipadze_LTE_2,2,MSH-0014-Chipadze,100%,99.9945,98.311,98.6064,96.9828,99.4039,2.6408,99.3023,99.6516,99.6442,644.5972,579.419,65.1783,24.7154,73,2.8458,2.2896,18.1434,9.4153,0.2092,0,0,54.3635,61.5323,6.1789,22.0615,8.7021,10.2314
17/9/2025,MSH-0014-Chipadze,CELL_TDD,MSH-0014-Chipadze_LTE_1,1,MSH-0014-Chipadze,100%,99.9945,99.0049,99.1074,98.4,99.7961,1.4287,98.9474,99.0555,99.6446,509.1919,467.4471,41.7448,14.3469,57,7.4886,4.3394,16.7013,5.7747,0.1891,0,0,30.6845,53.2232,3.5867,16.6479,10.7862,12.4853
18/9/2025,MSH0013-Bindura-Zaoga,CELL_TDD,Bindura_Zaoga_LTE_6,6,MSH0013-Bindura-Zaoga,100%,100,99.6912,99.911,95.8333,99.8533,1.2032,98.5566,98.5075,99.9997,561.9663,529.9577,32.0086,5.2474,15,8.5383,4.086,11.4854,4.2197,0.1369,0,0,35.144,44.023,1.3118,25.8666,9.4768,12.9835
18/9/2025,MSH0013-Bindura-Zaoga,CELL_TDD,Bindura_Zaoga_LTE_5,5,MSH0013-Bindura-Zaoga,100%,100,99.7223,99.8808,98.7033,99.7026,1.655,99.3479,99.4557,99.9997,924.8046,854.2521,70.5525,29.4983,69,5.2785,3.0746,14.0191,7.9308,0.164,0,0,62.1571,51.0917,7.3746,43.1406,10.4049,12.8812
18/9/2025,MSH0013-Bindura-Zaoga,CELL_TDD,Bindura_Zaoga_LTE_4,4,MSH0013-Bindura-Zaoga,100%,100,98.5288,99.2918,94.4928,98.9387,3.4453,98.9405,99.1714,99.9997,591.333,546.1278,45.2052,20.5981,79,5.3726,2.1697,17.1788,15.1469,0.2143,0,0.0001,55.2918,47.0352,5.1495,45.9888,9.2992,10.3046
18/9/2025,MSH0013-Bindura-Zaoga,CELL_TDD,Bindura_Zaoga_LTE_3,3,MSH0013-Bindura-Zaoga,100%,100,99.9147,99.9474,98.6928,99.9825,0.4537,99.2021,99.1726,100,257.8881,243.8639,14.0241,6.9128,15,9.386,2.4547,11.4341,4.0435,0.1403,0,0,23.3472,42.8396,1.7282,18.6976,10.4649,11.5648
18/9/2025,MSH0013-Bindura-Zaoga,CELL_TDD,Bindura_Zaoga_LTE_2,2,MSH0013-Bindura-Zaoga,100%,100,99.798,99.9184,98.8334,99.6617,1.3541,98.8022,99.1578,99.9997,1320.0768,1182.2361,137.8407,31.2976,80,5.8966,5.0412,12.88,5.7651,0.1449,0,0,61.4875,58.1107,7.8244,37.1315,10.7279,14.2271
18/9/2025,MSH0013-Bindura-Zaoga,CELL_TDD,Bindura_Zaoga_LTE_1,1,MSH0013-Bindura-Zaoga,100%,100,99.09,99.7573,95.3511,99.4672,2.3416,98.9203,99.1459,99.9997,671.8576,611.3033,60.5543,21.1247,65,5.965,2.7187,15.5738,9.2677,0.1916,0,0,48.1418,49.3921,5.2812,38.3814,9.3214,11.1417
18/9/2025,MSH-0331-Chiwaridzo 2,CELL_TDD,MSH-0331-Chiwaridzo 2_LTE_6,6,MSH-0331-Chiwaridzo 2_LTE,100%,100,99.494,99.7399,97.3294,99.594,0.9184,99.9195,99.9496,99.9983,711.2176,654.2029,57.0147,20.4464,50,5.4207,3.1038,17.807,5.0237,0.2044,0,0,54.3226,53.4467,5.1116,39.7424,10.3713,14.2222
18/9/2025,MSH-0331-Chiwaridzo 2,CELL_TDD,MSH-0331-Chiwaridzo 2_LTE_5,5,MSH-0331-Chiwaridzo 2_LTE,100%,100,99.5109,99.7491,97.7414,99.866,1.1605,99.9354,99.9387,99.9983,830.8809,778.7948,52.0861,17.3073,47,8.1066,3.6204,17.0366,4.593,0.1944,0,0,44.3248,48.9659,4.3268,33.2658,9.1303,13.9396
18/9/2025,MSH-0331-Chiwaridzo 2,CELL_TDD,MSH-0331-Chiwaridzo 2_LTE_4,4,MSH-0331-Chiwaridzo 2_LTE,100%,100,99.3011,99.3893,98.1577,99.7951,0.6399,99.8897,99.9244,99.9983,1266.5692,1146.2153,120.3538,31.8021,71,7.0488,4.461,16.0684,5.864,0.1823,0,0,62.8957,59.2558,7.9505,50.708,11.2747,15.1733
18/9/2025,MSH-0331-Chiwaridzo 2,CELL_TDD,MSH-0331-Chiwaridzo 2_LTE_3,3,MSH-0331-Chiwaridzo 2_LTE,100%,100,99.9036,99.9583,99.0557,99.7971,0.7351,99.7691,99.9067,99.9983,859.6544,784.7473,74.9071,19.334,51,4.6149,4.6647,19.2462,4.8895,0.2174,0,0,62.8981,51.6917,4.8335,35.9718,10.3462,12.3692
18/9/2025,MSH-0331-Chiwaridzo 2,CELL_TDD,MSH-0331-Chiwaridzo 2_LTE_2,2,MSH-0331-Chiwaridzo 2_LTE,100%,100,99.8145,99.9592,97.2182,99.9114,1.1334,99.8624,99.9409,99.9983,830.1426,772.0085,58.1341,19.4444,50,6.6913,3.3765,17.3241,4.7043,0.1922,0,0,53.1383,49.0864,4.8611,31.4389,10.2447,13.6237
18/9/2025,MSH-0331-Chiwaridzo 2,CELL_TDD,MSH-0331-Chiwaridzo 2_LTE_1,1,MSH-0331-Chiwaridzo 2_LTE,100%,100,99.3167,99.3734,98.2069,99.882,0.5631,99.8916,99.9508,99.9993,1272.4297,1135.1871,137.2426,34.6444,81,6.8709,4.5057,15.4472,6.4519,0.1748,0,0,62.3613,57.4867,8.6611,41.7404,11.1007,15.0356
18/9/2025,MSH-0112-Bindura Hospital,CELL_TDD,MSH-0112-Bindura Hospital_LTE_1,1,MSH-0112-Bindura Hospital_LTE,100%,100,99.9549,99.9914,99.9147,99.89,0.1881,99.9,99.9508,99.9997,625.2251,558.8973,66.3278,10.4535,26,7.4232,5.6889,17.194,3.9607,0.2007,0,0,42.8929,50.6043,2.6134,27.3001,11.2354,13.4382
18/9/2025,MSH-0112-Bindura Hospital,CELL_TDD,MSH-0112-Bindura Hospital_LTE_2,2,MSH-0112-Bindura Hospital_LTE,100%,100,99.8289,99.9608,98.3462,99.8246,0.3642,99.9595,99.9588,99.9993,626.46,586.2667,40.1933,8.8139,21,16.0445,4.4678,15.2051,2.7237,0.169,0,0,22.652,44.3406,2.2035,15.648,10.8206,16.7868
18/9/2025,MSH-0112-Bindura Hospital,CELL_TDD,MSH-0112-Bindura Hospital_LTE_3,3,MSH-0112-Bindura Hospital_LTE,100%,100,99.8837,99.9612,98.6479,99.7904,0.7044,99.9737,98.9224,99.9997,860.1917,781.3126,78.8791,20.1417,40,9.2073,4.9444,15.5615,4.3101,0.1766,0,0,45.8124,51.8166,5.0354,30.7096,10.8089,13.3839
18/9/2025,MSH-0112-Bindura Hospital,CELL_TDD,MSH-0112-Bindura Hospital_LTE_4,4,MSH-0112-Bindura Hospital_LTE,100%,100,99.2064,99.7232,96.7163,99.5522,0.6826,99.827,99.9002,99.9993,431.9307,390.8175,41.1132,10.9023,25,7.7937,3.928,14.1629,3.9412,0.173,0,0,29.7284,48.5309,2.7256,25.0252,12.5322,15.7848
18/9/2025,MSH-0112-Bindura Hospital,CELL_TDD,MSH-0112-Bindura Hospital_LTE_5,5,MSH-0112-Bindura Hospital_LTE,100%,100,99.6271,99.9172,98.4375,99.7221,0.6342,100,100,99.9993,250.1262,219.1647,30.9615,6.4458,16,14.0199,6.4619,14.0332,2.3385,0.1611,0,0,14.6194,44.0357,1.6114,14.8151,10.5492,14.0721
18/9/2025,MSH-0112-Bindura Hospital,CELL_TDD,MSH-0112-Bindura Hospital_LTE_6,6,MSH-0112-Bindura Hospital_LTE,100%,100,99.7635,99.9121,97.9512,99.823,1.2452,100,99.9672,99.9997,715.5895,649.9574,65.6321,17.3719,36,8.658,3.9794,16.2242,5.4929,0.1911,0,0,45.8741,54.7518,4.343,36.8905,10.7221,11.7141
18/9/2025,MSH-0014-Chipadze,CELL_TDD,MSH-0014-Chipadze_LTE_6,6,MSH-0014-Chipadze,100%,99.9991,98.4129,99.8056,90.8386,99.7609,1.9174,99.1961,99.2897,99.9977,1165.1751,1072.7138,92.4613,14.7678,31,8.0129,6.1758,15.6029,3.9307,0.1648,0,0,57.0461,59.7194,3.6919,25.3935,9.8143,17.1994
18/9/2025,MSH-0014-Chipadze,CELL_TDD,MSH-0014-Chipadze_LTE_5,5,MSH-0014-Chipadze,100%,99.9991,98.7553,99.4518,95.4328,99.5125,2.4997,98.1778,98.5222,99.9977,454.8671,407.9582,46.9089,21.98,54,2.075,1.863,19.818,11.0689,0.2225,0,0.0001,59.8047,63.8162,5.495,32.0961,8.5166,10.5172
18/9/2025,MSH-0014-Chipadze,CELL_TDD,MSH-0014-Chipadze_LTE_4,4,MSH-0014-Chipadze,100%,99.9991,99.3753,99.9376,97.2538,99.7686,1.2351,97.9493,98.3348,99.9977,454.871,403.9931,50.8779,15.6831,35,5.3484,4.8823,16.786,5.6537,0.1838,0,0,38.2508,58.0136,3.9208,22.9461,10.0607,13.9103
18/9/2025,MSH-0014-Chipadze,CELL_TDD,MSH-0014-Chipadze_LTE_3,3,MSH-0014-Chipadze,100%,99.9991,98.6614,99.8524,89.3617,99.4749,1.4816,99.1049,99.2947,99.9981,1396.5831,1258.2616,138.3214,16.4141,34,8.3713,7.1741,15.5735,3.3568,0.1696,0,0,56.0882,60.3533,4.1035,22.9943,10.0306,14.4963
18/9/2025,MSH-0014-Chipadze,CELL_TDD,MSH-0014-Chipadze_LTE_2,2,MSH-0014-Chipadze,100%,99.9991,98.7446,99.3766,95.7682,99.4462,2.9491,99.1438,99.458,99.9977,677.538,618.9746,58.5633,24.0442,58,2.96,2.1246,17.93,8.7197,0.2002,0,0,65.8517,63.8937,6.011,23.2909,8.3943,9.7063
18/9/2025,MSH-0014-Chipadze,CELL_TDD,MSH-0014-Chipadze_LTE_1,1,MSH-0014-Chipadze,100%,99.9991,99.8545,99.9452,99.4114,99.7744,1.2958,98.3347,98.5542,99.9985,603.4921,542.1312,61.3609,15.7623,34,8.7637,5.522,16.1741,5.2617,0.1811,0,0,33.1243,54.6232,3.9406,17.6489,10.281,13.5387
19/9/2025,MSH0013-Bindura-Zaoga,CELL_TDD,Bindura_Zaoga_LTE_6,6,MSH0013-Bindura-Zaoga,100%,100,99.6307,99.7929,96.5,99.7938,1.1199,99.322,99.3502,100.0016,459.6725,433.4848,26.1877,5.0039,13,8.2569,3.2757,12.4117,4.6894,0.1606,0,0,36.4961,44.6481,1.251,27.4781,9.5554,11.4515
19/9/2025,MSH0013-Bindura-Zaoga,CELL_TDD,Bindura_Zaoga_LTE_5,5,MSH0013-Bindura-Zaoga,100%,100,99.6099,99.8071,98.2169,99.4854,2.0562,99.5297,99.5772,100.0016,727.7689,658.2275,69.5414,29.6377,78,5.338,3.3713,14.6157,7.2554,0.1738,0,0,55.189,53.7926,7.4094,41.5417,10.4688,12.646
19/9/2025,MSH0013-Bindura-Zaoga,CELL_TDD,Bindura_Zaoga_LTE_4,4,MSH0013-Bindura-Zaoga,100%,100,97.9363,98.9967,93.229,98.659,3.1043,99.3051,99.1682,100.0016,461.0326,416.2286,44.804,27.367,141,5.9766,1.7494,17.1577,14.8927,0.2129,0,0.0002,42.0263,46.3323,6.8417,43.7195,9.4833,11.9398
19/9/2025,MSH0013-Bindura-Zaoga,CELL_TDD,Bindura_Zaoga_LTE_3,3,MSH0013-Bindura-Zaoga,100%,100,99.9391,99.9682,99.2832,99.8891,0.5016,99.0733,99.0313,100.0016,305.2218,281.9537,23.2681,6.7861,17,7.8818,4.3901,11.7178,3.1197,0.1455,0,0,24.203,43.3205,1.6965,20.2504,10.2926,11.3046
19/9/2025,MSH0013-Bindura-Zaoga,CELL_TDD,Bindura_Zaoga_LTE_2,2,MSH0013-Bindura-Zaoga,100%,100,99.7886,99.9288,98.6836,99.6542,1.4023,99.125,99.3502,100.0016,1184.47,1077.4034,107.0667,31.6108,75,5.5078,4.148,13.6282,6.1781,0.1565,0,0,59.9582,55.1563,7.9027,39.0311,10.7666,13.9481
19/9/2025,MSH0013-Bindura-Zaoga,CELL_TDD,Bindura_Zaoga_LTE_1,1,MSH0013-Bindura-Zaoga,100%,100,98.5619,99.4239,94.88,98.9109,2.4867,99.144,99.2463,100.002,868.4292,798.4563,69.973,27.2447,141,7.7778,2.6231,15.0824,10.1678,0.1763,0,0.0001,47.7947,51.9045,6.8112,38.7291,9.7705,13.1128
19/9/2025,MSH-0331-Chiwaridzo 2,CELL_TDD,MSH-0331-Chiwaridzo 2_LTE_6,6,MSH-0331-Chiwaridzo 2_LTE,100%,99.9964,99.175,99.5195,96.2905,99.5468,1.0814,99.8792,99.8625,100.001,694.7666,633.5197,61.2469,18.9056,50,5.8167,3.4401,17.8217,4.9261,0.2053,0,0,50.4205,58.5993,4.7264,38.245,10.4789,14.2948
19/9/2025,MSH-0331-Chiwaridzo 2,CELL_TDD,MSH-0331-Chiwaridzo 2_LTE_5,5,MSH-0331-Chiwaridzo 2_LTE,100%,99.9964,99.4961,99.7874,96.4978,99.7738,4.0005,99.8536,99.8887,100.0014,802.4097,743.1858,59.2239,19.8451,49,7.6223,3.6812,15.6304,8.0416,0.1787,0,0,48.7027,51.5391,4.9613,37.4075,9.6405,14.2494
19/9/2025,MSH-0331-Chiwaridzo 2,CELL_TDD,MSH-0331-Chiwaridzo 2_LTE_4,4,MSH-0331-Chiwaridzo 2_LTE,100%,99.9964,99.3489,99.4266,98.4798,99.7187,0.587,99.9256,99.9447,100.001,1352.3494,1228.3196,124.0298,28.2842,68,7.1076,5.0513,15.4479,5.1794,0.1721,0,0,62.3954,59.0352,7.071,48.4863,11.147,16.2021
19/9/2025,MSH-0331-Chiwaridzo 2,CELL_TDD,MSH-0331-Chiwaridzo 2_LTE_3,3,MSH-0331-Chiwaridzo 2_LTE,100%,99.9964,99.7393,99.8856,97.454,99.7421,0.8823,99.8796,99.9334,100.0014,717.978,641.1155,76.8625,17.8459,54,4.5915,4.5803,18.242,5.4557,0.2104,0,0,59.9303,54.0906,4.4615,34.2699,10.4392,12.1998
19/9/2025,MSH-0331-Chiwaridzo 2,CELL_TDD,MSH-0331-Chiwaridzo 2_LTE_2,2,MSH-0331-Chiwaridzo 2_LTE,100%,99.9964,99.7411,99.895,97.0395,99.9069,0.7947,99.9531,99.9565,100.001,1056.6932,947.5759,109.1173,19.0748,52,6.3005,6.3213,16.2045,4.3522,0.181,0,0,57.5956,53.9855,4.7687,35.0192,10.1997,13.5926
19/9/2025,MSH-0331-Chiwaridzo 2,CELL_TDD,MSH-0331-Chiwaridzo 2_LTE_1,1,MSH-0331-Chiwaridzo 2_LTE,100%,99.9964,99.135,99.1763,98.3038,99.8372,0.487,99.9393,99.961,100.0017,1200.2209,1072.7692,127.4517,32.8578,73,5.9734,4.6027,15.2548,5.7693,0.1691,0,0,63.7497,57.8709,8.2144,41.7989,11.1193,14.9729
19/9/2025,MSH-0112-Bindura Hospital,CELL_TDD,MSH-0112-Bindura Hospital_LTE_1,1,MSH-0112-Bindura Hospital_LTE,100%,100,99.9303,99.9911,99.8663,99.9184,0.1256,100,99.9867,100.0026,652.2871,582.687,69.6001,10.7254,27,8.4739,5.8992,16.306,3.7907,0.1932,0,0,41.967,51.2169,2.6813,26.9065,11.2221,13.7276
19/9/2025,MSH-0112-Bindura Hospital,CELL_TDD,MSH-0112-Bindura Hospital_LTE_2,2,MSH-0112-Bindura Hospital_LTE,100%,100,99.7355,99.896,97.7612,99.8708,0.6234,100,99.9798,100.0016,758.0856,710.7938,47.2918,9.0883,21,17.0176,5.1778,15.1136,3.0042,0.1697,0,0,27.0684,46.0004,2.2721,16.7605,11.1723,16.5757
19/9/2025,MSH-0112-Bindura Hospital,CELL_TDD,MSH-0112-Bindura Hospital_LTE_3,3,MSH-0112-Bindura Hospital_LTE,100%,100,99.8328,99.9566,97.6138,99.7946,1.02,99.9541,98.303,100.002,771.6004,707.6137,63.9867,19.9149,40,9.891,4.4497,16.1662,4.4692,0.1847,0,0,43.6014,50.9428,4.9787,28.5041,10.8261,13.9066
19/9/2025,MSH-0112-Bindura Hospital,CELL_TDD,MSH-0112-Bindura Hospital_LTE_4,4,MSH-0112-Bindura Hospital_LTE,100%,100,99.5053,99.9819,97.1744,99.7527,0.4675,99.931,99.9374,100.002,566.6524,509.9197,56.7327,12.2121,26,8.1726,4.9754,14.0937,3.7151,0.1702,0,0,37.8639,52.3622,3.053,29.5586,12.4604,15.9877
19/9/2025,MSH-0112-Bindura Hospital,CELL_TDD,MSH-0112-Bindura Hospital_LTE_5,5,MSH-0112-Bindura Hospital_LTE,100%,100,99.2485,99.5365,97.8827,99.646,1.3153,99.8715,99.913,100.0016,264.6963,246.4459,18.2504,6.6298,17,12.4456,3.0201,13.732,3.4708,0.1597,0,0,17.1728,45.0947,1.6575,16.4642,10.5664,13.8921
19/9/2025,MSH-0112-Bindura Hospital,CELL_TDD,MSH-0112-Bindura Hospital_LTE_6,6,MSH-0112-Bindura Hospital_LTE,100%,100,99.8077,99.933,98.3879,99.7855,1.0477,99.9772,99.9688,100.0016,801.942,718.6009,83.3411,18.5199,38,8.5181,4.3569,16.2668,5.8953,0.1878,0,0,45.3042,56.3058,4.63,35.9936,10.5309,12.098
19/9/2025,MSH-0014-Chipadze,CELL_TDD,MSH-0014-Chipadze_LTE_6,6,MSH-0014-Chipadze,100%,99.9953,97.6994,99.2191,89.6166,99.543,1.5939,99.1945,99.2664,100.002,887.0016,776.8331,110.1684,13.0984,31,6.7064,7.6705,16.3071,4.3734,0.1724,0,0,50.9678,64.6825,3.2746,25.783,9.9594,16.8384
19/9/2025,MSH-0014-Chipadze,CELL_TDD,MSH-0014-Chipadze_LTE_5,5,MSH-0014-Chipadze,100%,99.9953,97.8693,98.8732,93.8833,99.2231,3.5176,99.1717,99.2582,100.0016,477.8658,431.2106,46.6552,23.6909,64,2.2402,1.9711,19.3646,12.3061,0.2199,0,0.0001,66.8782,65.4853,5.9227,33.2434,8.1794,10.6631
19/9/2025,MSH-0014-Chipadze,CELL_TDD,MSH-0014-Chipadze_LTE_4,4,MSH-0014-Chipadze,100%,99.9953,99.6084,99.7141,98.9091,99.8591,1.5861,97.261,97.7313,100.0016,433.7393,393.452,40.2873,14.746,45,6.8517,4.6207,17.117,5.4322,0.1948,0,0,36.4974,55.9619,3.6865,22.1823,10.2044,14.7145
19/9/2025,MSH-0014-Chipadze,CELL_TDD,MSH-0014-Chipadze_LTE_3,3,MSH-0014-Chipadze,100%,99.9953,98.5507,99.432,92.9371,99.6548,1.4443,98.5969,98.8708,100.0016,1500.5966,1328.3944,172.2023,17.3447,42,8.6238,7.8269,15.0937,3.5278,0.1626,0,0,58.8795,66.0625,4.3362,22.6786,9.8915,14.6966
19/9/2025,MSH-0014-Chipadze,CELL_TDD,MSH-0014-Chipadze_LTE_2,2,MSH-0014-Chipadze,100%,99.9952,98.5606,99.3984,94.8408,99.2581,2.9709,98.6214,99.0272,100.0016,586.2102,526.2372,59.973,23.153,51,2.7017,2.4742,18.3173,8.9039,0.2106,0,0.0001,59.6928,61.6756,5.7883,22.6375,8.4331,9.7344
19/9/2025,MSH-0014-Chipadze,CELL_TDD,MSH-0014-Chipadze_LTE_1,1,MSH-0014-Chipadze,100%,99.9953,99.3154,99.796,96.3235,99.9047,1.64,98.8379,99.0222,100.002,508.8369,461.1398,47.6971,15.0852,39,9.5491,4.6941,16.9182,5.7964,0.1907,0,0,31.6396,54.1807,3.7713,16.4033,10.4126,13.4704
20/9/2025,MSH0013-Bindura-Zaoga,CELL_TDD,Bindura_Zaoga_LTE_6,6,MSH0013-Bindura-Zaoga,100%,100,99.4797,99.6349,96.5174,99.818,1.2183,97.7355,97.9658,99.9986,328.4312,306.6198,21.8115,4.8015,14,6.0753,2.6593,16.5518,6.2534,0.2408,0,0.0001,35.2166,49.0043,1.2004,28.9951,9.5852,9.0478
20/9/2025,MSH0013-Bindura-Zaoga,CELL_TDD,Bindura_Zaoga_LTE_5,5,MSH0013-Bindura-Zaoga,100%,100,99.0084,99.586,94.6593,99.1374,2.2454,98.7843,99.0406,99.9986,729.4336,652.4739,76.9597,26.2384,63,5.9068,4.2298,13.6049,9.562,0.1669,0,0.0001,53.5563,53.2313,6.5596,40.2158,10.3255,13.0638
20/9/2025,MSH0013-Bindura-Zaoga,CELL_TDD,Bindura_Zaoga_LTE_4,4,MSH0013-Bindura-Zaoga,100%,100,97.9825,99.0118,91.5978,98.8286,3.357,99.0291,98.8372,99.9986,797.5943,735.4735,62.1208,21.7072,73,7.2139,2.6937,15.9083,14.2159,0.1952,0,0.0002,51.343,49.6813,5.4268,45.3568,9.0852,12.4572
20/9/2025,MSH0013-Bindura-Zaoga,CELL_TDD,Bindura_Zaoga_LTE_3,3,MSH0013-Bindura-Zaoga,100%,100,99.8797,99.9791,97.5962,99.9792,0.5264,98.1022,98.3193,99.9986,388.8095,363.6512,25.1584,6.2563,18,8.8091,4.1754,11.9315,3.4684,0.1485,0,0,30.1885,44.6011,1.5641,22.1283,10.2213,11.2219
20/9/2025,MSH0013-Bindura-Zaoga,CELL_TDD,Bindura_Zaoga_LTE_2,2,MSH0013-Bindura-Zaoga,100%,100,99.4801,99.793,96.4942,99.4345,1.658,99.3885,99.594,99.9986,1359.5627,1228.5071,131.0556,28.9579,64,8.1779,4.7747,13.2204,7.0213,0.1534,0,0,58.7279,57.8609,7.2395,37.8248,10.4811,14.4341
20/9/2025,MSH0013-Bindura-Zaoga,CELL_TDD,Bindura_Zaoga_LTE_1,1,MSH0013-Bindura-Zaoga,100%,100,98.705,99.6004,93.8097,99.3185,2.83,99.0794,98.8897,99.9986,677.7119,623.0892,54.6227,21.5497,65,7.4365,2.5279,14.7154,10.7287,0.1815,0,0.0001,45.9395,49.9794,5.3874,37.7232,9.5234,12.1663
20/9/2025,MSH-0331-Chiwaridzo 2,CELL_TDD,MSH-0331-Chiwaridzo 2_LTE_6,6,MSH-0331-Chiwaridzo 2_LTE,100%,100,99.0663,99.5694,95.4966,99.3616,0.9669,99.8619,99.8686,100.0007,660.5953,603.4333,57.162,15.5421,35,6.5684,4.5076,17.067,4.0656,0.1919,0,0,46.9506,49.9739,3.8855,34.2812,10.2326,14.1524
20/9/2025,MSH-0331-Chiwaridzo 2,CELL_TDD,MSH-0331-Chiwaridzo 2_LTE_5,5,MSH-0331-Chiwaridzo 2_LTE,100%,100,99.2073,99.7674,95.0546,99.7055,1.8898,99.9408,99.9505,100.001,1012.8294,923.5668,89.2626,20.8534,41,6.4446,4.8373,17.1022,5.1838,0.1897,0,0,56.3492,53.2127,5.2134,40.7721,9.2081,13.6498
20/9/2025,MSH-0331-Chiwaridzo 2,CELL_TDD,MSH-0331-Chiwaridzo 2_LTE_4,4,MSH-0331-Chiwaridzo 2_LTE,100%,100,99.5186,99.6156,98.4521,99.8239,0.8163,99.807,99.8444,100.001,1578.3162,1446.2965,132.0197,30.7656,70,7.1195,4.4259,16.5331,5.3871,0.184,0,0,74.1905,62.6326,7.6914,53.1921,11.0512,15.168
20/9/2025,MSH-0331-Chiwaridzo 2,CELL_TDD,MSH-0331-Chiwaridzo 2_LTE_3,3,MSH-0331-Chiwaridzo 2_LTE,100%,100,99.8631,99.9585,98.2619,99.754,0.773,99.8624,99.9281,100.0007,776.9086,721.1146,55.794,18.0988,46,5.4318,3.8575,18.5034,4.0841,0.2078,0,0,57.896,49.2377,4.5247,32.7359,10.1671,12.4014
20/9/2025,MSH-0331-Chiwaridzo 2,CELL_TDD,MSH-0331-Chiwaridzo 2_LTE_2,2,MSH-0331-Chiwaridzo 2_LTE,100%,100,99.8109,99.9686,97.3697,99.9285,0.9641,99.9827,99.994,100.001,1167.6901,1081.4247,86.2654,23.972,56,5.5046,4.3869,16.8131,4.5682,0.1861,0,0,62.9782,49.9699,5.993,36.0696,10.2051,14.4215
20/9/2025,MSH-0331-Chiwaridzo 2,CELL_TDD,MSH-0331-Chiwaridzo 2_LTE_1,1,MSH-0331-Chiwaridzo 2_LTE,100%,100,99.0252,99.0488,98.5704,99.8426,0.5684,99.9354,99.9513,100.0007,1329.118,1225.8714,103.2466,39.5019,75,5.5531,3.4638,16.1109,6.6622,0.1803,0,0,70.9702,51.5877,9.8755,43.4175,11.1938,14.8491
20/9/2025,MSH-0112-Bindura Hospital,CELL_TDD,MSH-0112-Bindura Hospital_LTE_1,1,MSH-0112-Bindura Hospital_LTE,100%,100,99.8859,99.9812,99.7908,99.9072,0.2539,100,99.6091,99.9993,604.0553,556.8194,47.2358,10.1259,25,7.7124,4.8019,17.0809,3.8033,0.2035,0,0,44.6755,47.1244,2.5315,27.7434,11.4169,13.2825
20/9/2025,MSH-0112-Bindura Hospital,CELL_TDD,MSH-0112-Bindura Hospital_LTE_2,2,MSH-0112-Bindura Hospital_LTE,100%,100,99.7775,99.9086,98.6395,99.7413,0.7058,100,99.9805,99.999,681.7794,593.6806,88.0988,8.07,18,18.4138,10.07,14.4289,3.0333,0.1667,0,0,24.7798,49.0394,2.0175,15.9439,10.9651,15.7224
20/9/2025,MSH-0112-Bindura Hospital,CELL_TDD,MSH-0112-Bindura Hospital_LTE_3,3,MSH-0112-Bindura Hospital_LTE,100%,100,99.8294,99.9385,97.9935,99.8096,0.7313,100,98.9271,99.999,1000.2258,896.9248,103.301,16.9833,38,10.2267,6.5245,15.542,4.6826,0.1751,0,0,48.1726,54.392,4.2458,29.6925,10.4858,14.758
20/9/2025,MSH-0112-Bindura Hospital,CELL_TDD,MSH-0112-Bindura Hospital_LTE_4,4,MSH-0112-Bindura Hospital_LTE,100%,100,99.0213,99.8932,95.7481,99.6387,1.166,99.8166,99.2492,99.9993,560.5305,527.8576,32.673,10.9658,23,6.5733,2.4732,16.1807,4.5158,0.1978,0,0,47.2864,50.9131,2.7415,34.0047,12.0833,14.7221
20/9/2025,MSH-0112-Bindura Hospital,CELL_TDD,MSH-0112-Bindura Hospital_LTE_5,5,MSH-0112-Bindura Hospital_LTE,100%,100,99.565,99.7949,97.9798,99.8697,0.8,99.9403,99.9312,99.999,266.2747,236.5683,29.7064,6.9188,18,10.373,4.1123,15.4984,3.255,0.1874,0,0,19.6007,45.1088,1.7297,17.7836,10.4553,12.9834
20/9/2025,MSH-0112-Bindura Hospital,CELL_TDD,MSH-0112-Bindura Hospital_LTE_6,6,MSH-0112-Bindura Hospital_LTE,100%,100,99.5793,99.8149,97.4916,99.8073,1.1805,99.9426,99.9268,99.999,874.8582,793.9002,80.9581,13.998,31,8.3139,4.6757,16.3557,5.5656,0.1865,0,0,58.405,54.065,3.4995,38.9885,9.9914,11.5854
20/9/2025,MSH-0014-Chipadze,CELL_TDD,MSH-0014-Chipadze_LTE_6,6,MSH-0014-Chipadze,100%,99.9999,91.0088,96.5148,75.0315,97.5,3.4307,99.3655,99.4142,99.7402,858.0856,796.9652,61.1204,13.1664,27,9.4768,4.6675,15.4965,6.7327,0.1639,0,0,42.2759,55.4103,3.2916,22.743,9.6364,16.8372
20/9/2025,MSH-0014-Chipadze,CELL_TDD,MSH-0014-Chipadze_LTE_5,5,MSH-0014-Chipadze,100%,99.9999,98.5137,99.4324,94.3432,99.4215,2.5898,97.3684,98.0008,99.7354,652.1053,595.2113,56.894,27.0218,57,1.9963,1.8343,18.9556,11.0126,0.2115,0,0.0001,72.6471,65.0828,6.7555,35.1763,8.4898,11.3714
20/9/2025,MSH-0014-Chipadze,CELL_TDD,MSH-0014-Chipadze_LTE_4,4,MSH-0014-Chipadze,100%,99.9999,99.6035,99.9511,97.8916,99.8693,1.5264,98.3302,98.5231,99.7399,511.6479,477.3334,34.3145,15.2853,31,5.613,3.7287,16.5422,5.1874,0.1873,0,0,39.8519,53.2523,3.8213,23.0292,10.3201,13.5905
20/9/2025,MSH-0014-Chipadze,CELL_TDD,MSH-0014-Chipadze_LTE_3,3,MSH-0014-Chipadze,100%,99.9999,94.492,97.8921,78.8845,98.7492,2.9573,99.1756,99.1809,99.7399,1302.3342,1191.7133,110.6209,17.9987,38,10.6586,6.3198,15.8672,4.2263,0.1721,0,0,44.9098,57.2722,4.4997,19.7508,10.0951,15.2398
20/9/2025,MSH-0014-Chipadze,CELL_TDD,MSH-0014-Chipadze_LTE_2,2,MSH-0014-Chipadze,100%,99.9999,99.2602,99.6973,96.9304,99.4848,2.7837,99.3946,99.4182,99.7354,899.253,815.93,83.323,29.0246,54,2.9641,2.8522,18.4993,8.8296,0.2082,0,0,70.9669,65.7537,7.2562,24.1588,8.795,10.5811
20/9/2025,MSH-0014-Chipadze,CELL_TDD,MSH-0014-Chipadze_LTE_1,1,MSH-0014-Chipadze,100%,99.9999,99.8075,99.9702,98.6162,99.7554,1.3184,98.7136,98.7914,99.7406,576.722,533.1306,43.5914,15.6496,34,7.5092,3.7449,16.6683,5.0222,0.1885,0,0,35.1301,60.7979,3.9124,17.634,10.5806,11.9816
21/9/2025,MSH0013-Bindura-Zaoga,CELL_TDD,Bindura_Zaoga_LTE_6,6,MSH0013-Bindura-Zaoga,100%,100,99.0612,99.2889,95.6731,99.4527,1.4169,98.1259,98.2361,99.9993,586.5695,552.7139,33.8556,5.0098,12,8.1637,3.2442,13.7181,6.0755,0.1835,0,0,43.7792,48.0556,1.2524,32.9496,9.1684,10.2318
21/9/2025,MSH0013-Bindura-Zaoga,CELL_TDD,Bindura_Zaoga_LTE_5,5,MSH0013-Bindura-Zaoga,100%,100,99.495,99.8184,96.5964,99.6685,1.4312,98.9146,99.0603,99.9993,948.5028,843.1609,105.3419,20.0624,45,6.4677,4.899,13.612,6.4162,0.1629,0,0,58.5903,58.5457,5.0156,41.19,10.0863,13.0491
21/9/2025,MSH0013-Bindura-Zaoga,CELL_TDD,Bindura_Zaoga_LTE_4,4,MSH0013-Bindura-Zaoga,100%,100,98.3728,99.2361,92.8305,98.9541,3.5011,99.3503,99.5355,99.9993,779.1109,710.5127,68.5982,23.0731,72,6.8715,2.794,15.3673,14.2557,0.1858,0,0.0002,54.1492,49.6964,5.7683,46.2216,8.9478,12.4059
21/9/2025,MSH0013-Bindura-Zaoga,CELL_TDD,Bindura_Zaoga_LTE_3,3,MSH0013-Bindura-Zaoga,100%,100,99.8297,99.9804,95.8974,99.9609,0.7782,99.35,99.3661,99.9993,470.1238,433.7956,36.3282,7.3378,17,6.752,4.4363,12.3538,4.152,0.1595,0,0.0001,43.3261,47.1497,1.8344,27.9207,10.1134,10.6915
21/9/2025,MSH0013-Bindura-Zaoga,CELL_TDD,Bindura_Zaoga_LTE_2,2,MSH0013-Bindura-Zaoga,100%,100,99.857,99.9678,99.1253,99.7644,0.8123,98.7509,99.0884,99.9993,883.678,816.7294,66.9486,24.8718,53,5.8373,3.4732,13.4502,5.5488,0.1567,0,0,56.2343,53.2842,6.2179,35.8762,10.3128,12.7867
21/9/2025,MSH0013-Bindura-Zaoga,CELL_TDD,Bindura_Zaoga_LTE_1,1,MSH0013-Bindura-Zaoga,100%,100,98.8808,99.6177,94.5171,99.2197,2.6247,98.957,99.2051,100.0004,762.8734,689.7934,73.08,22.9388,61,5.6025,2.8846,15.1098,10.2799,0.1815,0,0.0001,54.9258,52.6317,5.7347,41.2681,9.5839,11.0085
21/9/2025,MSH-0331-Chiwaridzo 2,CELL_TDD,MSH-0331-Chiwaridzo 2_LTE_6,6,MSH-0331-Chiwaridzo 2_LTE,100%,99.9997,99.2886,99.7106,95.6324,99.5988,1.1021,99.8415,99.8684,99.9989,789.9156,720.9233,68.9923,19.0512,44,5.1563,3.6369,17.9514,5.2863,0.2042,0,0,61.0605,61.3208,4.7628,43.0151,10.3213,13.779
21/9/2025,MSH-0331-Chiwaridzo 2,CELL_TDD,MSH-0331-Chiwaridzo 2_LTE_5,5,MSH-0331-Chiwaridzo 2_LTE,100%,99.9997,99.4881,99.7238,97.3749,99.7461,1.4938,99.927,99.9172,99.9989,988.4908,871.7833,116.7075,21.5947,53,7.3468,6.0749,16.6038,5.4399,0.1865,0,0,56.5256,55.465,5.3987,41.7552,9.0639,13.1724
21/9/2025,MSH-0331-Chiwaridzo 2,CELL_TDD,MSH-0331-Chiwaridzo 2_LTE_4,4,MSH-0331-Chiwaridzo 2_LTE,100%,99.9997,99.5132,99.6237,98.4277,99.6629,0.8948,99.9188,99.9278,99.9989,1450.8076,1334.5471,116.2605,38.4347,72,5.7967,4.1664,16.8272,5.729,0.183,0,0,74.0173,56.6616,9.6087,55.3549,11.0296,15.8979
21/9/2025,MSH-0331-Chiwaridzo 2,CELL_TDD,MSH-0331-Chiwaridzo 2_LTE_3,3,MSH-0331-Chiwaridzo 2_LTE,100%,99.9997,99.7615,99.9149,97.569,99.7806,0.9124,99.7661,99.8761,99.9989,1193.4122,1096.0271,97.3851,22.1115,49,4.8479,4.6426,16.7393,4.8843,0.1856,0,0,68.5999,52.97,5.5279,38.428,10.0935,14.2255
21/9/2025,MSH-0331-Chiwaridzo 2,CELL_TDD,MSH-0331-Chiwaridzo 2_LTE_2,2,MSH-0331-Chiwaridzo 2_LTE,100%,99.9997,99.7703,99.916,97.2131,99.8767,3.7009,99.839,99.9372,99.9989,1147.6169,1057.1061,90.5108,23.4699,50,6.9373,4.9317,15.6396,7.0953,0.1746,0,0,61.0768,51.1255,5.8675,34.4737,10.1658,14.6736
21/9/2025,MSH-0331-Chiwaridzo 2,CELL_TDD,MSH-0331-Chiwaridzo 2_LTE_1,1,MSH-0331-Chiwaridzo 2_LTE,100%,99.9997,98.4994,98.4995,98.4974,99.8402,0.5618,99.7663,99.8748,99.9993,1591.8778,1461.8581,130.0197,41.8885,81,5.1322,4.0222,15.7844,6.8257,0.1731,0,0,72.5629,52.1637,10.4721,44.6341,10.9712,15.4204
21/9/2025,MSH-0112-Bindura Hospital,CELL_TDD,MSH-0112-Bindura Hospital_LTE_1,1,MSH-0112-Bindura Hospital_LTE,100%,100,99.9523,99.9765,99.9231,99.9092,0.2711,100,100,100.0004,730.3898,584.8284,145.5614,9.5535,22,7.8651,12.1402,16.3907,4.2276,0.1884,0,0,46.3976,54.7296,2.3884,29.6421,10.9271,13.3543
21/9/2025,MSH-0112-Bindura Hospital,CELL_TDD,MSH-0112-Bindura Hospital_LTE_2,2,MSH-0112-Bindura Hospital_LTE,100%,100,99.7759,99.986,98.0505,99.6269,0.8217,100,99.9602,100.0004,762.1313,571.434,190.6973,7.5889,19,14.1944,14.1897,14.4274,2.9562,0.1589,0,0,26.7481,61.038,1.8972,18.2246,10.3826,15.1928
21/9/2025,MSH-0112-Bindura Hospital,CELL_TDD,MSH-0112-Bindura Hospital_LTE_3,3,MSH-0112-Bindura Hospital_LTE,100%,100,99.8834,99.9702,98.2017,99.852,0.6878,99.9511,96.5795,100.0004,920.023,839.3351,80.6879,19.3269,40,8.4975,4.581,16.262,4.943,0.1834,0,0,54.8097,52.7797,4.8317,32.3296,10.7207,13.6562
21/9/2025,MSH-0112-Bindura Hospital,CELL_TDD,MSH-0112-Bindura Hospital_LTE_4,4,MSH-0112-Bindura Hospital_LTE,100%,100,99.5624,99.8411,97.9679,99.7334,0.7558,99.9081,99.9706,100.0007,509.5262,474.9327,34.5935,11.0342,25,6.7688,3.1606,15.0266,3.6831,0.1765,0,0,44.7991,50.2977,2.7585,32.26,12.2671,13.953
21/9/2025,MSH-0112-Bindura Hospital,CELL_TDD,MSH-0112-Bindura Hospital_LTE_5,5,MSH-0112-Bindura Hospital_LTE,100%,100,99.5365,99.8979,97.4659,99.9326,1.1734,99.914,99.961,100.0004,293.9125,254.6508,39.2617,7.587,20,11.5467,4.8963,14.7568,3.0917,0.1721,0,0,20.4262,47.3384,1.8968,17.875,10.3054,13.2235
21/9/2025,MSH-0112-Bindura Hospital,CELL_TDD,MSH-0112-Bindura Hospital_LTE_6,6,MSH-0112-Bindura Hospital_LTE,100%,100,99.7301,99.9084,97.7322,99.829,0.9033,99.9785,99.9593,100.0004,948.9242,871.5057,77.4185,16.5727,32,8.468,4.369,16.9496,4.8271,0.1949,0,0,55.3946,54.6718,4.1432,39.6042,10.0125,11.7653
21/9/2025,MSH-0014-Chipadze,CELL_TDD,MSH-0014-Chipadze_LTE_6,6,MSH-0014-Chipadze,100%,100,97.6068,99.5262,91.1609,99.2969,2.4532,99.0589,99.1322,100.0004,1281.7461,1195.1397,86.6064,14.4656,29,8.0146,4.6566,15.2455,4.0058,0.1601,0,0,58.7612,59.0048,3.6164,27.2191,9.999,17.923
21/9/2025,MSH-0014-Chipadze,CELL_TDD,MSH-0014-Chipadze_LTE_5,5,MSH-0014-Chipadze,100%,100,98.619,99.2795,95.8498,99.3284,3.6326,98.5256,98.7955,100.0004,627.463,557.7317,69.7313,27.5467,114,2.1337,2.1,20.0916,11.7444,0.2245,0,0.0002,68.0495,68.7798,6.8867,34.9001,8.8299,11.1389
21/9/2025,MSH-0014-Chipadze,CELL_TDD,MSH-0014-Chipadze_LTE_4,4,MSH-0014-Chipadze,100%,100,99.5321,99.8808,97.8226,99.0826,1.2105,98.9732,99.0885,100.0004,462.4876,429.0633,33.4243,15.3175,33,5.4894,3.6461,16.9641,5.2206,0.1921,0,0,40.9354,57.5245,3.8294,22.5415,10.4625,13.1521
21/9/2025,MSH-0014-Chipadze,CELL_TDD,MSH-0014-Chipadze_LTE_3,3,MSH-0014-Chipadze,100%,100,99.1401,99.8485,94.2659,99.518,2.3697,98.8286,98.9711,100.0007,1551.5159,1406.4607,145.0552,19.5404,35,8.4829,6.3927,15.5443,3.8703,0.1686,0,0,60.0578,60.8619,4.8851,24.0709,9.7752,12.9327
21/9/2025,MSH-0014-Chipadze,CELL_TDD,MSH-0014-Chipadze_LTE_2,2,MSH-0014-Chipadze,100%,100,99.0838,99.5062,96.1879,99.6152,2.4679,98.846,99.0387,100.0004,907.3858,822.2679,85.118,36.716,100,2.2524,2.4444,17.8167,10.0356,0.1984,0,0.0001,73.9088,63.839,9.179,25.3948,8.1346,9.5405
21/9/2025,MSH-0014-Chipadze,CELL_TDD,MSH-0014-Chipadze_LTE_1,1,MSH-0014-Chipadze,100%,100,99.7141,99.96,98.1181,99.4549,1.2255,98.9696,99.0152,100.0014,616.0306,571.1403,44.8904,16.8721,37,7.048,4.3606,18.0231,4.9693,0.2056,0,0,42.3453,64.1914,4.218,17.6759,10.3221,11.5575
22/9/2025,MSH0013-Bindura-Zaoga,CELL_TDD,Bindura_Zaoga_LTE_6,6,MSH0013-Bindura-Zaoga,100%,100,99.7205,99.9509,95.4955,99.9026,0.8986,98.1877,98.2843,100.0028,391.3174,347.0879,44.2295,4.6938,13,8.2155,5.1428,12.3785,4.8933,0.1575,0,0,31.3832,48.1068,1.1734,25.4141,9.6847,11.2032
22/9/2025,MSH0013-Bindura-Zaoga,CELL_TDD,Bindura_Zaoga_LTE_5,5,MSH0013-Bindura-Zaoga,100%,100,99.7199,99.8821,98.309,99.4375,1.9233,98.5725,98.8253,100.0024,748.2335,674.9773,73.2562,31.1429,82,4.7106,3.4146,14.0748,7.4867,0.1695,0,0,56.5101,54.3009,7.7857,42.9759,10.468,12.9975
22/9/2025,MSH0013-Bindura-Zaoga,CELL_TDD,Bindura_Zaoga_LTE_4,4,MSH0013-Bindura-Zaoga,100%,100,97.6715,98.8355,92.0999,98.6573,3.1718,98.9075,99.1083,100.0024,520.7278,462.0649,58.6628,29.3596,139,5.2344,2.3899,18.4004,14.0358,0.2201,0,0.0002,48.1704,49.0005,7.3399,47.0734,9.634,11.1782
22/9/2025,MSH0013-Bindura-Zaoga,CELL_TDD,Bindura_Zaoga_LTE_3,3,MSH0013-Bindura-Zaoga,100%,100,99.8097,99.9283,96.4824,99.858,0.4647,99.2701,99.2562,100.0024,431.9709,398.9262,33.0447,6.9898,16,11.3331,4.8301,11.0072,3.4328,0.136,0,0,25.9742,44.4985,1.7474,20.8579,10.3433,10.9868
22/9/2025,MSH0013-Bindura-Zaoga,CELL_TDD,Bindura_Zaoga_LTE_2,2,MSH0013-Bindura-Zaoga,100%,100,99.7535,99.9005,98.4187,99.4825,1.7658,98.8337,99.203,100.0024,1282.9638,1176.3357,106.6281,33.3947,77,5.9237,3.9792,13.5684,6.4334,0.1556,0,0,59.6106,54.1181,8.3487,38.6881,10.8372,14.3275
22/9/2025,MSH0013-Bindura-Zaoga,CELL_TDD,Bindura_Zaoga_LTE_1,1,MSH0013-Bindura-Zaoga,100%,100,98.7543,99.5691,94.6043,99.0841,2.5783,98.9912,99.2674,100.0028,675.5881,598.626,76.9621,28.2887,154,7.0466,2.7031,16.282,11.4512,0.1936,0,0.0001,40.7805,49.6194,7.0722,38.0955,9.4949,12.5572
22/9/2025,MSH-0331-Chiwaridzo 2,CELL_TDD,MSH-0331-Chiwaridzo 2_LTE_6,6,MSH-0331-Chiwaridzo 2_LTE,66%,99.9998,99.4078,99.7548,96.7556,99.6317,1.2543,99.9455,99.9646,100.0034,439.8458,402.0343,37.8115,15.8867,49,5.0815,3.5256,16.4784,4.9385,0.1845,0,0,54.0212,52.8124,3.9717,40.9313,10.2537,15.035
22/9/2025,MSH-0331-Chiwaridzo 2,CELL_TDD,MSH-0331-Chiwaridzo 2_LTE_5,5,MSH-0331-Chiwaridzo 2_LTE,66%,99.9998,99.6355,99.7737,98.341,99.8457,0.534,99.9438,99.9247,100.0029,576.8666,532.0925,44.7741,19.9305,51,8.0773,4.4682,15.9328,3.598,0.174,0,0,47.6797,51.0079,4.9826,34.3074,9.0918,13.7894
22/9/2025,MSH-0331-Chiwaridzo 2,CELL_TDD,MSH-0331-Chiwaridzo 2_LTE_4,4,MSH-0331-Chiwaridzo 2_LTE,66%,99.9998,99.6053,99.717,98.2306,99.7128,0.5793,99.8955,99.8965,100.0029,872.8294,800.7767,72.0527,32.1554,70,5.841,4.3063,16.5723,5.2686,0.1843,0,0,68.9883,58.9277,8.0388,52.1073,11.2681,15.5477
22/9/2025,MSH-0331-Chiwaridzo 2,CELL_TDD,MSH-0331-Chiwaridzo 2_LTE_3,3,MSH-0331-Chiwaridzo 2_LTE,66%,99.9998,99.9499,99.9912,99.2576,99.8425,0.7038,99.7359,99.8596,100.0029,507.8814,468.0885,39.7929,20.8705,55,5.0008,4.0576,18.0124,4.3723,0.2028,0,0,56.919,48.1014,5.2176,32.4767,10.5119,12.7472
22/9/2025,MSH-0331-Chiwaridzo 2,CELL_TDD,MSH-0331-Chiwaridzo 2_LTE_2,2,MSH-0331-Chiwaridzo 2_LTE,66%,99.9998,99.8994,99.9693,98.367,99.9043,0.9523,99.748,99.9239,100.0029,565.2935,498.8588,66.4347,21.2682,52,7.304,5.5916,15.914,4.6123,0.1748,0,0,51.0369,53.9045,5.3171,30.4918,10.3191,13.9607
22/9/2025,MSH-0331-Chiwaridzo 2,CELL_TDD,MSH-0331-Chiwaridzo 2_LTE_1,1,MSH-0331-Chiwaridzo 2_LTE,66%,99.9998,99.0317,99.0869,97.8399,99.7794,0.7164,99.6636,99.8185,100.0029,822.5746,727.1849,95.3898,36.9596,78,4.8616,4.6436,16.2723,7.9521,0.1832,0,0,64.7469,58.6047,9.2399,42.7445,11.1682,15.2772
22/9/2025,MSH-0112-Bindura Hospital,CELL_TDD,MSH-0112-Bindura Hospital_LTE_1,1,MSH-0112-Bindura Hospital_LTE,100%,100,99.8716,100,97.7415,99.8721,0.7458,100,99.9167,99.9997,522.5062,386.2063,136.2999,8.2521,21,10.6146,12.6518,14.7944,3.3774,0.1691,0,0,26.2602,53.2579,2.063,21.8002,11.2262,14.129
22/9/2025,MSH-0112-Bindura Hospital,CELL_TDD,MSH-0112-Bindura Hospital_LTE_2,2,MSH-0112-Bindura Hospital_LTE,100%,100,99.7211,99.7927,99.0968,99.956,0.7692,99.9361,99.9714,99.9993,635.7181,504.7643,130.9539,7.7474,16,11.6879,10.1549,14.4026,2.6776,0.1601,0,0,27.4063,84.5594,1.9368,20.4937,10.9957,15.0978
22/9/2025,MSH-0112-Bindura Hospital,CELL_TDD,MSH-0112-Bindura Hospital_LTE_3,3,MSH-0112-Bindura Hospital_LTE,100%,100,99.8493,99.9431,98.0963,99.7744,0.7958,99.9721,88.6662,99.9993,739.8405,667.769,72.0715,19.737,39,9.176,4.1878,16.2625,4.954,0.1863,0,0,44.928,51.2955,4.9342,29.4699,10.954,13.3892
22/9/2025,MSH-0112-Bindura Hospital,CELL_TDD,MSH-0112-Bindura Hospital_LTE_4,4,MSH-0112-Bindura Hospital_LTE,100%,100,99.5674,99.9688,95.7802,99.7431,0.4882,99.5043,99.5593,99.9993,419.8469,385.3977,34.4492,11.0327,26,9.7409,4.305,13.7626,2.9615,0.1636,0,0,25.3568,45.9384,2.7582,22.0167,12.6185,15.9321
22/9/2025,MSH-0112-Bindura Hospital,CELL_TDD,MSH-0112-Bindura Hospital_LTE_5,5,MSH-0112-Bindura Hospital_LTE,100%,100,99.545,99.8917,97.7186,99.8052,0.993,99.8375,99.9192,99.9993,278.9946,233.2507,45.7439,7.3385,17,10.3892,6.0423,15.5769,3.2236,0.1852,0,0,18.8771,49.4403,1.8346,17.622,10.8131,12.5053
22/9/2025,MSH-0112-Bindura Hospital,CELL_TDD,MSH-0112-Bindura Hospital_LTE_6,6,MSH-0112-Bindura Hospital_LTE,100%,100,99.7168,99.9196,97.8044,99.6727,1.1806,99.97,99.9642,99.9993,692.2623,591.8828,100.3795,17.5465,41,9.4788,5.0949,16.6934,5.3917,0.1928,0,0,39.7821,61.8234,4.3866,33.6795,10.6585,12.1026
22/9/2025,MSH-0014-Chipadze,CELL_TDD,MSH-0014-Chipadze_LTE_6,6,MSH-0014-Chipadze,100%,99.9985,97.9326,99.4666,91.9017,99.4466,2.136,98.7766,98.8771,99.9944,799.8725,716.5776,83.2949,12.9501,30,6.6248,6.205,16.0718,4.4911,0.1717,0,0,49.8167,59.3426,3.2375,24.1052,9.9761,16.3871
22/9/2025,MSH-0014-Chipadze,CELL_TDD,MSH-0014-Chipadze_LTE_5,5,MSH-0014-Chipadze,100%,99.9985,98.2529,99.1365,94.42,99.2921,2.84,98.6235,98.9918,99.9944,626.1469,567.2756,58.8713,36.3083,89,2.2161,1.7945,20.0143,12.5284,0.2229,0,0.0001,63.4252,64.2719,9.0771,35.2709,8.9896,12.6513
22/9/2025,MSH-0014-Chipadze,CELL_TDD,MSH-0014-Chipadze_LTE_4,4,MSH-0014-Chipadze,100%,99.9985,99.5486,99.9419,97.6667,99.7074,1.2922,97.9341,98.1989,99.9944,438.4706,400.6284,37.8421,15.4765,33,5.4325,4.1608,17.3616,6.1146,0.1912,0,0,44.5628,55.3688,3.8691,23.5106,9.9832,12.9992
22/9/2025,MSH-0014-Chipadze,CELL_TDD,MSH-0014-Chipadze_LTE_3,3,MSH-0014-Chipadze,100%,99.9985,98.7393,99.7747,90.4151,99.6949,1.4017,99.7035,99.7168,99.9941,1419.1611,1286.4246,132.7366,19.1582,36,9.6794,6.3473,14.4427,3.1828,0.1566,0,0,51.2506,61.0808,4.7895,21.975,10.4691,15.8298
22/9/2025,MSH-0014-Chipadze,CELL_TDD,MSH-0014-Chipadze_LTE_2,2,MSH-0014-Chipadze,100%,99.9985,99.0376,99.6072,95.5412,99.4404,2.5759,99.7824,99.7196,99.9929,857.1046,760.4787,96.626,38.8076,90,2.6283,2.6725,18.2538,10.4454,0.2078,0,0,67.8796,63.7745,9.7019,25.7679,8.3098,10.296
22/9/2025,MSH-0014-Chipadze,CELL_TDD,MSH-0014-Chipadze_LTE_1,1,MSH-0014-Chipadze,100%,99.9985,99.7665,99.9896,98.3356,99.5145,1.7905,99.1684,99.2027,99.9944,658.9461,612.7496,46.1965,18.5706,42,7.9916,4.2536,16.0777,5.279,0.1826,0,0,37.8461,52.7388,4.6427,18.151,10.6719,12.4304
23/9/2025,MSH0013-Bindura-Zaoga,CELL_TDD,Bindura_Zaoga_LTE_6,6,MSH0013-Bindura-Zaoga,100%,100,99.7544,99.8735,95.8333,99.916,0.7498,99.0015,99.053,99.9996,477.6755,442.6682,35.0072,6.2998,14,8.3304,3.5066,13.4581,5.338,0.1755,0,0,34.8716,49.2016,1.575,27.3476,10.1639,11.4669
23/9/2025,MSH0013-Bindura-Zaoga,CELL_TDD,Bindura_Zaoga_LTE_5,5,MSH0013-Bindura-Zaoga,100%,100,99.6583,99.8278,98.1491,99.5468,1.4486,98.7761,98.9758,99.9996,767.0324,703.4875,63.5449,30.0835,76,5.5075,3.135,14.2997,7.3549,0.1721,0,0.0001,57.4081,51.0408,7.5209,41.7002,10.5485,12.1808
23/9/2025,MSH0013-Bindura-Zaoga,CELL_TDD,Bindura_Zaoga_LTE_4,4,MSH0013-Bindura-Zaoga,100%,100,98.144,99.3081,91.5324,99.0735,3.4911,98.9381,99.1019,100,495.9216,432.2897,63.6319,31.1833,141,6.2334,2.4432,18.1982,14.3114,0.2186,0.0001,0.0004,42.0725,51.5041,7.7958,43.9797,9.8132,12.0462
23/9/2025,MSH0013-Bindura-Zaoga,CELL_TDD,Bindura_Zaoga_LTE_3,3,MSH0013-Bindura-Zaoga,100%,100,99.9239,99.9406,99.5169,99.9212,0.6235,98.7294,98.8017,99.9996,343.206,322.6619,20.5441,7.5577,16,8.48,3.4029,11.5271,3.4676,0.1451,0,0,27.9848,43.9606,1.8894,20.2923,10.0769,10.6755
23/9/2025,MSH0013-Bindura-Zaoga,CELL_TDD,Bindura_Zaoga_LTE_2,2,MSH0013-Bindura-Zaoga,100%,100,99.7774,99.9407,98.1717,99.5759,1.3676,98.1501,98.7712,99.9996,1223.2109,1093.099,130.1118,34.6931,80,6.4942,4.3202,13.6007,6.39,0.1559,0,0,59.7783,60.4071,8.6733,39.0226,10.9202,14.3355
23/9/2025,MSH0013-Bindura-Zaoga,CELL_TDD,Bindura_Zaoga_LTE_1,1,MSH0013-Bindura-Zaoga,100%,100,98.7194,99.6843,93.351,99.1379,3.2692,98.4884,99.0347,99.9996,646.3919,556.1968,90.1951,33.6989,162,6.0017,3.1161,17.35,10.9553,0.2052,0,0.0002,43.4478,54.3218,8.4247,40.388,9.6216,11.4626
23/9/2025,MSH-0331-Chiwaridzo 2,CELL_TDD,MSH-0331-Chiwaridzo 2_LTE_6,6,MSH-0331-Chiwaridzo 2_LTE,41%,99.9997,99.9171,100,98.6034,99.9653,0.5756,100,100,99.9987,90.1985,80.3395,9.859,9.486,31,6.0579,3.8339,17.8308,3.4551,0.2113,0,0,28.9957,46.7297,2.3715,26.2752,11.1695,12.2034
23/9/2025,MSH-0331-Chiwaridzo 2,CELL_TDD,MSH-0331-Chiwaridzo 2_LTE_5,5,MSH-0331-Chiwaridzo 2_LTE,41%,99.9997,99.7945,99.9685,97.4576,99.9216,0.2637,100,100,99.9987,138.7566,117.9762,20.7804,11.9243,37,12.5224,8.7143,13.5478,2.7368,0.1503,0,0,20.9918,50.4396,2.9811,21.1906,10.0645,13.2023
23/9/2025,MSH-0331-Chiwaridzo 2,CELL_TDD,MSH-0331-Chiwaridzo 2_LTE_4,4,MSH-0331-Chiwaridzo 2_LTE,41%,99.9997,99.7644,99.9354,98.0132,99.9038,0.5371,99.5595,99.6945,99.9987,368.9138,342.8019,26.1119,13.6271,36,9.0057,4.3396,13.4873,4.3834,0.1526,0,0,58.6643,58.6832,3.4068,46.0037,11.4789,13.8384
23/9/2025,MSH-0331-Chiwaridzo 2,CELL_TDD,MSH-0331-Chiwaridzo 2_LTE_3,3,MSH-0331-Chiwaridzo 2_LTE,41%,99.9997,99.9135,99.9184,99.7845,99.9675,0.4297,99.6732,99.8919,99.9987,114.6413,92.7601,21.8812,11.9672,36,6.0218,8.498,21.1065,4.2466,0.2498,0,0,33.7901,51.1376,2.9918,24.4459,10.9641,9.8265
23/9/2025,MSH-0331-Chiwaridzo 2,CELL_TDD,MSH-0331-Chiwaridzo 2_LTE_2,2,MSH-0331-Chiwaridzo 2_LTE,41%,99.9997,99.9273,99.9924,98.4589,99.9773,0.1519,99.8227,99.975,99.9987,152.5828,109.1004,43.4824,11.8347,33,14.6569,17.5376,13.731,3.1393,0.1554,0,0,23.5363,54.0891,2.9587,16.7076,11.1263,14.6706
23/9/2025,MSH-0331-Chiwaridzo 2,CELL_TDD,MSH-0331-Chiwaridzo 2_LTE_1,1,MSH-0331-Chiwaridzo 2_LTE,41%,99.9997,99.8557,99.9059,98.1788,99.916,0.218,99.9196,99.9507,100,177.1707,152.0482,25.1224,21.2272,52,10.7619,3.5299,15.351,6.8755,0.1767,0,0,40.7194,54.6441,5.3068,34.9221,11.3044,15.5932
23/9/2025,MSH-0112-Bindura Hospital,CELL_TDD,MSH-0112-Bindura Hospital_LTE_1,1,MSH-0112-Bindura Hospital_LTE,100%,100,99.8793,99.97,98.2432,99.8213,0.9084,100,100,100.0018,435.1814,406.4564,28.725,8.1853,21,7.9954,3.3674,15.7864,3.7417,0.1842,0,0,31.7829,44.306,2.0463,20.816,11.1822,13.6605
23/9/2025,MSH-0112-Bindura Hospital,CELL_TDD,MSH-0112-Bindura Hospital_LTE_2,2,MSH-0112-Bindura Hospital_LTE,100%,100,99.8064,100,98.1027,99.9371,0.3871,100,100,100.0011,574.1277,446.0932,128.0345,7.1755,17,16.2469,11.0485,13.6214,2.5464,0.1495,0,0,20.0587,79.4918,1.7939,17.1806,11.069,15.6362
23/9/2025,MSH-0112-Bindura Hospital,CELL_TDD,MSH-0112-Bindura Hospital_LTE_3,3,MSH-0112-Bindura Hospital_LTE,100%,100,99.8896,99.9792,98.5993,99.7872,0.7775,99.9769,96.4462,100.0007,740.7964,664.4784,76.318,19.7358,39,10.7803,5.4799,15.2544,4.2121,0.1715,0,0,41.1549,51.1509,4.9339,27.7044,10.9147,14.4666
23/9/2025,MSH-0112-Bindura Hospital,CELL_TDD,MSH-0112-Bindura Hospital_LTE_4,4,MSH-0112-Bindura Hospital_LTE,100%,100,99.6587,99.9493,96.7146,99.7902,0.4286,100,100,100.0007,448.4426,409.5022,38.9404,9.655,22,7.6274,4.6326,13.7531,3.1423,0.1642,0,0,28.5241,45.851,2.4137,22.9639,12.6233,15.8848
23/9/2025,MSH-0112-Bindura Hospital,CELL_TDD,MSH-0112-Bindura Hospital_LTE_5,5,MSH-0112-Bindura Hospital_LTE,100%,100,99.7106,99.984,98.427,99.937,0.525,100,100,100.0007,237.1813,186.5497,50.6316,6.8017,21,12.5937,9.3351,14.2836,2.5652,0.17,0,0,14.4003,47.4599,1.7004,14.8417,10.9323,13.4529
23/9/2025,MSH-0112-Bindura Hospital,CELL_TDD,MSH-0112-Bindura Hospital_LTE_6,6,MSH-0112-Bindura Hospital_LTE,100%,100,99.7755,99.9054,98.4704,99.7895,1.2324,99.9543,99.9529,100.0007,773.993,695.3202,78.6727,17.0762,34,10.6622,5.0892,16.323,4.8678,0.1899,0,0,41.3559,55.9521,4.269,33.302,10.5236,12.4063
23/9/2025,MSH-0014-Chipadze,CELL_TDD,MSH-0014-Chipadze_LTE_6,6,MSH-0014-Chipadze,100%,99.9985,96.5767,99.1506,86.8437,99.3479,1.6968,99.1218,99.222,100.0008,1128.0876,1016.3378,111.7499,13.7881,34,10.2061,7.2265,15.2405,4.6687,0.1591,0,0,48.2855,61.6306,3.447,23.1509,10.3751,18.6725
23/9/2025,MSH-0014-Chipadze,CELL_TDD,MSH-0014-Chipadze_LTE_5,5,MSH-0014-Chipadze,100%,99.9985,98.0938,98.9964,94.2154,99.0792,2.9089,98.4917,99.1864,100.0008,646.1456,572.078,74.0677,53.8658,133,2.2127,1.9147,19.8317,12.8173,0.2174,0,0.0005,62.1732,68.9541,13.4664,36.5668,8.8786,13.1111
23/9/2025,MSH-0014-Chipadze,CELL_TDD,MSH-0014-Chipadze_LTE_4,4,MSH-0014-Chipadze,100%,99.9985,99.8389,99.9135,99.48,99.7594,1.4284,97.5096,97.9123,100.0008,420.9031,385.9851,34.918,15.3087,36,5.9376,4.3572,16.7878,5.8007,0.1885,0,0,39.5958,54.4912,3.8272,21.86,10.5115,13.3076
23/9/2025,MSH-0014-Chipadze,CELL_TDD,MSH-0014-Chipadze_LTE_3,3,MSH-0014-Chipadze,100%,99.9985,98.8425,99.7308,93.391,99.6121,1.4732,99.8752,99.8776,100.0008,1292.6241,1169.6201,123.004,17.9577,38,9.5102,6.8178,15.219,3.39,0.1641,0,0,47.2432,57.2101,4.4894,19.3457,10.2627,16.0954
23/9/2025,MSH-0014-Chipadze,CELL_TDD,MSH-0014-Chipadze_LTE_2,2,MSH-0014-Chipadze,100%,99.9985,98.9332,99.5014,96.0773,99.3719,2.4732,99.9078,99.9061,100.0008,897.6558,805.2483,92.4075,52.2756,131,2.9221,2.345,17.8578,11.3995,0.2024,0,0.0004,64.2369,59.4101,13.0689,27.5637,8.6991,9.803
23/9/2025,MSH-0014-Chipadze,CELL_TDD,MSH-0014-Chipadze_LTE_1,1,MSH-0014-Chipadze,100%,99.9985,99.8579,99.9293,99.3411,99.8712,1.474,98.6832,98.8318,100.0008,611.6824,555.5912,56.0912,18.8258,40,9.517,5.6518,17.161,4.9807,0.1925,0,0,32.9788,52.7578,4.7065,16.3124,10.739,13.4632
24/9/2025,MSH0013-Bindura-Zaoga,CELL_TDD,Bindura_Zaoga_LTE_6,6,MSH0013-Bindura-Zaoga,100%,100,99.6712,99.8222,95.5102,99.9114,0.8318,98.7536,98.7174,99.9989,368.4231,343.6804,24.7427,6.6302,15,6.9747,2.9813,14.4673,4.8572,0.1872,0,0,36.6338,48.6254,1.6575,27.349,10.1609,11.0279
24/9/2025,MSH0013-Bindura-Zaoga,CELL_TDD,Bindura_Zaoga_LTE_5,5,MSH0013-Bindura-Zaoga,100%,100,99.5302,99.7723,97.4768,99.5421,1.6067,98.4978,98.7449,99.9989,1113.929,1006.3052,107.6238,30.5338,69,5.5332,4.4713,13.6673,6.6983,0.1594,0,0,66.0585,55.0146,7.6334,46.1165,10.5627,13.9746
24/9/2025,MSH0013-Bindura-Zaoga,CELL_TDD,Bindura_Zaoga_LTE_4,4,MSH0013-Bindura-Zaoga,100%,100,97.936,99.1144,91.1126,98.6678,2.412,98.4831,98.5921,99.9989,491.5528,443.1906,48.3622,34.3863,85,5.9098,1.6081,18.1848,15.4784,0.2161,0,0.0003,44.6281,45.7073,8.5966,47.4442,9.4014,11.7466
24/9/2025,MSH0013-Bindura-Zaoga,CELL_TDD,Bindura_Zaoga_LTE_3,3,MSH0013-Bindura-Zaoga,100%,100,99.9349,99.9659,99.2565,99.9154,0.6296,99.3171,99.3031,99.9989,406.922,370.7478,36.1742,7.1662,18,10.151,5.8149,11.2203,3.6784,0.14,0,0,26.7486,45.1019,1.7916,19.7192,10.052,11.1008
24/9/2025,MSH0013-Bindura-Zaoga,CELL_TDD,Bindura_Zaoga_LTE_2,2,MSH0013-Bindura-Zaoga,100%,100,99.7501,99.9356,98.4593,99.6216,1.2345,98.167,98.8292,99.9993,1300.9912,1162.049,138.9422,35.3719,90,5.4037,5.1406,13.1992,5.8229,0.1498,0,0,63.4073,60.2233,8.843,40.0625,10.8983,14.6134
24/9/2025,MSH0013-Bindura-Zaoga,CELL_TDD,Bindura_Zaoga_LTE_1,1,MSH0013-Bindura-Zaoga,100%,100,98.6158,99.5718,93.2892,99.1397,2.2801,98.4394,98.7333,99.9993,531.405,480.129,51.2759,38.909,89,5.9291,1.7744,17.798,12.6848,0.2113,0,0.0001,40.6413,45.1249,9.7272,41.8124,9.3198,10.8372
24/9/2025,MSH-0331-Chiwaridzo 2,CELL_TDD,MSH-0331-Chiwaridzo 2_LTE_6,6,MSH-0331-Chiwaridzo 2_LTE,70%,99.9997,99.3546,99.7638,96.2674,99.4898,1.2757,99.9732,99.971,99.9982,584.9344,530.987,53.9474,21.7967,50,5.1186,4.1366,18.1249,5.2372,0.2062,0,0,62.1698,53.3562,5.4492,44.581,9.9308,14.2294
24/9/2025,MSH-0331-Chiwaridzo 2,CELL_TDD,MSH-0331-Chiwaridzo 2_LTE_5,5,MSH-0331-Chiwaridzo 2_LTE,70%,99.9997,99.2908,99.7891,95.9433,99.6287,1.3432,99.9829,99.9268,99.9956,731.4494,663.9482,67.5013,23.1654,48,7.886,4.7321,16.5034,5.3538,0.1847,0,0,56.8106,54.4024,5.7914,43.1835,8.9936,13.6541
24/9/2025,MSH-0331-Chiwaridzo 2,CELL_TDD,MSH-0331-Chiwaridzo 2_LTE_4,4,MSH-0331-Chiwaridzo 2_LTE,70%,99.9997,99.4099,99.5193,98.2052,99.6602,0.9567,99.9539,99.9511,99.9978,1305.1395,1208.5068,96.6326,35.7754,69,6.6894,4.2071,14.9999,5.0364,0.1626,0,0,81.7458,60.3699,8.9438,58.3744,11.1398,16.8385
24/9/2025,MSH-0331-Chiwaridzo 2,CELL_TDD,MSH-0331-Chiwaridzo 2_LTE_3,3,MSH-0331-Chiwaridzo 2_LTE,70%,99.9997,99.7678,99.9259,98.0137,99.6783,1.4035,99.9273,99.9539,99.996,776.4912,714.5127,61.9784,21.0304,52,4.4521,4.3579,17.6301,5.1403,0.1939,0,0,75.4604,51.5255,5.2576,41.9922,9.8601,12.7945
24/9/2025,MSH-0331-Chiwaridzo 2,CELL_TDD,MSH-0331-Chiwaridzo 2_LTE_2,2,MSH-0331-Chiwaridzo 2_LTE,70%,99.9997,99.6001,99.9564,94.8117,99.8646,3.0586,99.9248,99.9558,99.9956,749.4162,653.3341,96.0821,18.2595,44,5.9921,7.0674,16.7206,6.2314,0.1849,0,0,64.0218,56.9075,4.5649,36.6726,10.3561,14.0595
24/9/2025,MSH-0331-Chiwaridzo 2,CELL_TDD,MSH-0331-Chiwaridzo 2_LTE_1,1,MSH-0331-Chiwaridzo 2_LTE,70%,99.9997,97.6311,97.547,99.0721,99.8167,0.7553,99.9444,99.9445,99.996,1320.3677,1202.6182,117.7495,39.9932,75,5.2269,5.2309,15.2536,5.3689,0.1662,0,0,85.372,56.6049,9.9983,52.048,11.2256,15.1635
24/9/2025,MSH-0112-Bindura Hospital,CELL_TDD,MSH-0112-Bindura Hospital_LTE_1,1,MSH-0112-Bindura Hospital_LTE,100%,100,99.8982,99.9924,98.091,99.8935,0.3744,99.9597,99.9878,99.9997,658.915,606.0692,52.8458,9.7575,24,7.075,5.6178,16.2182,3.1978,0.1804,0,0,47.2173,46.694,2.4394,27.2481,11.5406,13.9554
24/9/2025,MSH-0112-Bindura Hospital,CELL_TDD,MSH-0112-Bindura Hospital_LTE_2,2,MSH-0112-Bindura Hospital_LTE,100%,100,99.7341,99.8648,98.536,99.8657,0.5535,99.9496,99.9741,99.9993,652.5872,520.3085,132.2787,7.0383,16,16.9457,12.163,13.0498,2.3092,0.1403,0,0,19.3981,65.367,1.7596,15.599,10.8293,16.2965
24/9/2025,MSH-0112-Bindura Hospital,CELL_TDD,MSH-0112-Bindura Hospital_LTE_3,3,MSH-0112-Bindura Hospital_LTE,100%,100,99.8426,99.9684,97.8228,99.8501,0.6418,100,96.7021,99.9993,809.2876,743.9079,65.3798,20.5083,39,9.2865,3.8569,15.871,4.4643,0.1807,0,0,44.8611,53.1206,5.1271,29.5965,10.6568,13.6827
24/9/2025,MSH-0112-Bindura Hospital,CELL_TDD,MSH-0112-Bindura Hospital_LTE_4,4,MSH-0112-Bindura Hospital_LTE,100%,100,99.6478,99.9627,95.987,99.8616,0.4133,100,99.9671,99.9993,477.6665,410.3387,67.3277,10.9014,24,5.9655,6.5068,15.2521,3.5744,0.1859,0,0,41.1429,49.762,2.7253,29.6224,12.5867,14.4441
24/9/2025,MSH-0112-Bindura Hospital,CELL_TDD,MSH-0112-Bindura Hospital_LTE_5,5,MSH-0112-Bindura Hospital_LTE,100%,100,99.6211,100,97.6642,99.8329,0.8567,99.9173,99.8975,99.9993,196.4371,182.0165,14.4206,6.9622,17,12.835,3.1301,13.8249,2.4962,0.159,0,0,14.2635,42.3296,1.7406,13.8519,10.7647,13.7658
24/9/2025,MSH-0112-Bindura Hospital,CELL_TDD,MSH-0112-Bindura Hospital_LTE_6,6,MSH-0112-Bindura Hospital_LTE,100%,100,99.666,99.9126,97.3527,99.6588,1.0244,99.9771,99.9436,99.9993,645.7608,565.2469,80.5139,17.0284,35,9.3617,5.9288,16.2938,4.5411,0.1877,0,0,39.3986,54.9554,4.2571,31.1517,10.686,12.5592
24/9/2025,MSH-0014-Chipadze,CELL_TDD,MSH-0014-Chipadze_LTE_6,6,MSH-0014-Chipadze,100%,99.9992,96.2183,99.6093,79.0014,99.7222,1.443,99.6929,99.7321,99.9958,963.6699,875.1778,88.4921,14.0341,31,8.2264,5.8408,15.3173,4.1708,0.16,0,0,46.0595,61.1561,3.5085,23.2235,9.7969,17.8095
24/9/2025,MSH-0014-Chipadze,CELL_TDD,MSH-0014-Chipadze_LTE_5,5,MSH-0014-Chipadze,100%,99.9992,98.4479,99.3494,93.0046,99.4458,1.9165,98.464,98.6615,99.9958,671.9663,606.1068,65.8595,32.727,85,2.2757,1.8091,19.7535,12.1389,0.2189,0,0,73.4722,69.7821,8.1817,36.4833,8.6276,11.7152
24/9/2025,MSH-0014-Chipadze,CELL_TDD,MSH-0014-Chipadze_LTE_4,4,MSH-0014-Chipadze,100%,99.9992,99.7598,99.9254,98.923,99.9063,1.5914,98.229,98.6276,99.9958,450.3847,412.0492,38.3356,15.6957,37,5.9906,4.3526,17.0344,5.701,0.1895,0,0,39.1491,54.4984,3.9239,21.9421,10.2863,13.625
24/9/2025,MSH-0014-Chipadze,CELL_TDD,MSH-0014-Chipadze_LTE_3,3,MSH-0014-Chipadze,100%,99.9992,98.8888,99.7385,93.2849,99.5162,1.8313,99.7862,99.7945,99.9958,1221.4883,1061.9894,159.4989,18.0833,32,7.9608,8.0763,15.5444,3.1551,0.1704,0,0,50.4044,62.3799,4.5208,20.794,10.0565,14.5487
24/9/2025,MSH-0014-Chipadze,CELL_TDD,MSH-0014-Chipadze_LTE_2,2,MSH-0014-Chipadze,100%,99.9992,99.4182,99.8588,96.2668,99.5665,1.928,99.7506,99.7552,99.9962,995.1856,894.1225,101.0631,41.5233,111,2.9696,2.5397,17.1771,9.953,0.1936,0,0,76.8124,63.8619,10.3808,27.5428,8.4998,10.0222
24/9/2025,MSH-0014-Chipadze,CELL_TDD,MSH-0014-Chipadze_LTE_1,1,MSH-0014-Chipadze,100%,99.9992,99.8492,99.9716,98.9216,99.7957,1.557,99.0406,99.2611,99.9958,582.9725,516.6786,66.2939,18.2138,41,8.1597,6.4288,18.2302,4.9472,0.207,0,0,37.0199,62.2034,4.5534,16.6838,10.9799,12.6813
25/9/2025,MSH0013-Bindura-Zaoga,CELL_TDD,Bindura_Zaoga_LTE_6,6,MSH0013-Bindura-Zaoga,100%,100,99.6934,99.8927,95.7082,99.5735,1.368,98.8383,98.9021,100.0003,436.5039,409.3994,27.1045,5.8126,16,8.2253,3.1514,12.15,5.1475,0.1535,0,0,32.0446,54.057,1.4531,26.2223,9.8399,12.535
25/9/2025,MSH0013-Bindura-Zaoga,CELL_TDD,Bindura_Zaoga_LTE_5,5,MSH0013-Bindura-Zaoga,100%,100,99.7325,99.8935,98.3333,99.57,1.3051,98.6062,98.8522,100.0003,1002.7241,916.538,86.186,31.1963,79,6.6436,3.7817,13.6841,7.4518,0.1624,0,0,61.0306,53.8777,7.799,43.1524,10.4862,13.6338
25/9/2025,MSH0013-Bindura-Zaoga,CELL_TDD,Bindura_Zaoga_LTE_4,4,MSH0013-Bindura-Zaoga,100%,100,98.5803,99.4193,93.6895,99.0634,2.5859,98.9579,99.1842,99.9987,661.7137,609.4881,52.2256,22.2985,94,4.6809,2.1954,17.883,12.288,0.2181,0,0.0001,64.0586,48.2053,5.5746,51.6285,9.3025,10.0867
25/9/2025,MSH0013-Bindura-Zaoga,CELL_TDD,Bindura_Zaoga_LTE_3,3,MSH0013-Bindura-Zaoga,100%,100,99.843,99.9458,96.9849,99.9461,0.7083,98.9876,99.1228,100.0003,323.1231,294.7806,28.3425,6.589,17,9.3661,5.1536,11.2142,3.5582,0.1447,0,0,24.764,44.0098,1.6473,19.4155,9.9121,11.6609
25/9/2025,MSH0013-Bindura-Zaoga,CELL_TDD,Bindura_Zaoga_LTE_2,2,MSH0013-Bindura-Zaoga,100%,100,99.8075,99.9184,98.7509,99.5872,1.2932,98.6928,99.0922,100.0003,1346.1005,1206.6126,139.4879,32.9212,75,6.7428,5.1849,13.0203,5.85,0.1487,0,0,60.6032,58.4294,8.2303,37.9188,10.7015,14.6713
25/9/2025,MSH0013-Bindura-Zaoga,CELL_TDD,Bindura_Zaoga_LTE_1,1,MSH0013-Bindura-Zaoga,100%,100,98.7656,99.6765,92.2815,99.3353,1.8988,99.2742,99.3984,100.0006,687.4855,626.0258,61.4597,23.6547,109,4.6544,2.6564,16.203,9.7726,0.2004,0,0.0001,59.2425,50.2807,5.9137,42.5212,9.4461,10.4739
25/9/2025,MSH-0331-Chiwaridzo 2,CELL_TDD,MSH-0331-Chiwaridzo 2_LTE_6,6,MSH-0331-Chiwaridzo 2_LTE,100%,100,99.1827,99.7053,94.7478,99.3313,0.9947,99.911,99.9266,99.9997,656.7314,600.8513,55.8801,20.1026,54,4.5664,3.4879,18.7267,5.107,0.2141,0,0,55.2179,52.0652,5.0256,40.2641,10.1846,13.1526
25/9/2025,MSH-0331-Chiwaridzo 2,CELL_TDD,MSH-0331-Chiwaridzo 2_LTE_5,5,MSH-0331-Chiwaridzo 2_LTE,100%,100,99.3474,99.7668,96.7436,99.745,1.3082,99.9275,99.923,99.9997,1038.1166,949.0945,89.0221,19.7497,53,8.7203,5.48,15.6402,4.1114,0.1715,0,0,51.0794,56.0879,4.9374,37.775,8.9138,13.938
25/9/2025,MSH-0331-Chiwaridzo 2,CELL_TDD,MSH-0331-Chiwaridzo 2_LTE_4,4,MSH-0331-Chiwaridzo 2_LTE,100%,100,99.5347,99.6653,98.1705,99.7556,0.6369,99.9441,99.9482,99.9997,1442.7324,1316.2384,126.494,31.2117,72,6.829,4.9659,15.449,4.5534,0.1707,0,0,68.6072,57.6443,7.8029,50.671,11.1293,15.7987
25/9/2025,MSH-0331-Chiwaridzo 2,CELL_TDD,MSH-0331-Chiwaridzo 2_LTE_3,3,MSH-0331-Chiwaridzo 2_LTE,100%,100,99.7428,99.9405,96.8059,99.7132,0.9249,99.919,99.9582,99.9997,842.9785,772.3091,70.6694,20.8642,48,4.3913,4.3617,18.3954,4.907,0.206,0,0,59.4704,50.1177,5.216,35.2235,9.8961,12.2331
25/9/2025,MSH-0331-Chiwaridzo 2,CELL_TDD,MSH-0331-Chiwaridzo 2_LTE_2,2,MSH-0331-Chiwaridzo 2_LTE,100%,100,99.7358,99.9713,96.5096,99.9056,1.6568,99.8878,99.9529,99.9997,822.941,753.2692,69.6719,21.705,46,8.0152,4.5519,15.7257,4.9449,0.1738,0,0,53.7676,49.2846,5.4262,31.0782,10.5537,14.5187
25/9/2025,MSH-0331-Chiwaridzo 2,CELL_TDD,MSH-0331-Chiwaridzo 2_LTE_1,1,MSH-0331-Chiwaridzo 2_LTE,100%,100,99.5112,99.5291,99.1901,99.8465,0.7324,99.9275,99.9543,100.0003,1516.7485,1357.6657,159.0828,37.6463,89,5.0035,5.7225,16.0383,5.6648,0.1768,0,0,71.4538,57.05,9.4116,44.7282,11.2978,15.1222
25/9/2025,MSH-0112-Bindura Hospital,CELL_TDD,MSH-0112-Bindura Hospital_LTE_1,1,MSH-0112-Bindura Hospital_LTE,100%,100,99.8112,99.9615,97.6552,99.8097,1.1284,100,99.975,100,626.672,566.4588,60.2132,9.8659,22,8.3514,5.8229,16.0276,3.4895,0.1815,0,0,38.2199,49.5714,2.4665,24.7333,11.3689,14.0391
25/9/2025,MSH-0112-Bindura Hospital,CELL_TDD,MSH-0112-Bindura Hospital_LTE_2,2,MSH-0112-Bindura Hospital_LTE,100%,100,99.9082,99.9617,99.4363,99.7234,1.1886,99.9479,99.9728,100,517.3975,482.4258,34.9717,7.1227,17,16.3274,4.03,13.7888,2.1435,0.1525,0,0,20.802,64.5367,1.7807,15.5736,10.5135,15.788
25/9/2025,MSH-0112-Bindura Hospital,CELL_TDD,MSH-0112-Bindura Hospital_LTE_3,3,MSH-0112-Bindura Hospital_LTE,100%,100,99.892,99.9796,98.7805,99.818,0.864,99.9801,95.1288,100.0003,859.987,790.8788,69.1082,19.8886,37,10.1705,4.7999,17.0151,4.7597,0.196,0,0,43.9211,50.6128,4.9721,28.9793,10.7965,13.3654
25/9/2025,MSH-0112-Bindura Hospital,CELL_TDD,MSH-0112-Bindura Hospital_LTE_4,4,MSH-0112-Bindura Hospital_LTE,100%,100,99.7062,99.9556,97.1264,99.792,0.5929,99.9185,99.946,100,408.7132,339.416,69.2973,10.847,25,8.6036,6.4667,13.1265,3.4257,0.1618,0,0,25.4103,56.4036,2.7117,23.8099,12.3814,16.5827
25/9/2025,MSH-0112-Bindura Hospital,CELL_TDD,MSH-0112-Bindura Hospital_LTE_5,5,MSH-0112-Bindura Hospital_LTE,100%,100,99.5795,99.8721,98.2264,99.6255,0.8625,99.9546,99.9655,100,242.1371,213.4964,28.6407,6.5989,17,11.9687,5.7206,13.8318,2.5831,0.1581,0,0,14.1757,44.6975,1.6497,13.8475,10.9911,14.7488
25/9/2025,MSH-0112-Bindura Hospital,CELL_TDD,MSH-0112-Bindura Hospital_LTE_6,6,MSH-0112-Bindura Hospital_LTE,100%,100,99.6283,99.8967,97.4618,99.636,1.031,99.9841,99.9548,100,509.5329,454.0341,55.4988,16.1806,36,9.0148,4.5866,16.9993,5.0571,0.2004,0,0,37.9709,52.312,4.0452,29.6001,10.5261,12.4764
25/9/2025,MSH-0014-Chipadze,CELL_TDD,MSH-0014-Chipadze_LTE_6,6,MSH-0014-Chipadze,100%,99.9985,97.6075,99.1668,90.9091,99.2751,2.3688,99.5086,99.5784,99.9941,703.1604,637.9002,65.2602,15.8294,33,7.4162,5.1523,16.375,5.7938,0.1744,0,0,43.7721,58.5394,3.9573,22.1254,9.8056,16.0456
25/9/2025,MSH-0014-Chipadze,CELL_TDD,MSH-0014-Chipadze_LTE_5,5,MSH-0014-Chipadze,100%,99.9985,99.0479,99.7646,95.033,99.5761,2.2434,97.4286,97.7669,99.9941,410.7543,365.8139,44.9404,22.7574,54,2.2109,1.9039,20.0668,10.7794,0.2266,0,0.0001,56.0501,64.8529,5.6893,30.6689,8.3093,10.204
25/9/2025,MSH-0014-Chipadze,CELL_TDD,MSH-0014-Chipadze_LTE_4,4,MSH-0014-Chipadze,100%,99.9985,99.2874,99.9767,95.9799,99.6293,1.489,97.9269,98.1903,99.9941,358.1163,324.8693,33.247,15.8898,34,5.4361,4.2415,17.3987,6.0359,0.1969,0,0,41.817,54.0207,3.9724,21.8588,10.3237,12.0822
25/9/2025,MSH-0014-Chipadze,CELL_TDD,MSH-0014-Chipadze_LTE_3,3,MSH-0014-Chipadze,100%,99.9985,98.4724,99.4155,91.726,99.5361,2.0635,99.2849,99.4176,99.9941,1026.7242,907.5381,119.1862,16.6442,32,9.54,7.2816,15.5809,3.7706,0.1704,0,0,43.5606,58.8568,4.161,19.9176,10.1388,14.4406
25/9/2025,MSH-0014-Chipadze,CELL_TDD,MSH-0014-Chipadze_LTE_2,2,MSH-0014-Chipadze,100%,99.9985,99.1418,99.7915,94.5588,99.6603,1.7331,98.8646,99.1466,99.9941,625.0888,570.9154,54.1735,25.3577,58,3.1512,2.247,19.3333,8.5643,0.2207,0,0,59.0673,60.2052,6.3394,22.3642,8.5835,9.8718
25/9/2025,MSH-0014-Chipadze,CELL_TDD,MSH-0014-Chipadze_LTE_1,1,MSH-0014-Chipadze,100%,99.9985,99.6879,99.8537,98.4179,99.6621,1.1526,98.4694,98.698,99.9941,561.9159,518.3166,43.5993,19.8282,41,9.3011,4.4244,16.5931,5.4424,0.1854,0,0,31.9229,51.6798,4.9571,17.0265,10.9966,13.6044
26/9/2025,MSH0013-Bindura-Zaoga,CELL_TDD,Bindura_Zaoga_LTE_6,6,MSH0013-Bindura-Zaoga,100%,100,99.6887,99.8536,97.479,99.8191,1.0243,98.9411,98.9965,100.0003,489.174,462.2326,26.9414,6.2647,18,7.9738,2.9585,12.6552,4.9531,0.1618,0,0,35.4239,47.009,1.5662,27.6564,9.4824,11.4881
26/9/2025,MSH0013-Bindura-Zaoga,CELL_TDD,Bindura_Zaoga_LTE_5,5,MSH0013-Bindura-Zaoga,100%,100,99.6217,99.8206,97.884,99.457,1.7884,99.3944,99.4886,100.0003,1036.5102,940.251,96.2591,31.1006,76,5.2337,3.9737,13.7437,6.6212,0.1599,0,0,73.2175,56.0162,7.7751,47.8632,10.6949,13.3465
26/9/2025,MSH0013-Bindura-Zaoga,CELL_TDD,Bindura_Zaoga_LTE_4,4,MSH0013-Bindura-Zaoga,100%,100,97.5964,98.7655,92.1694,98.4291,5.1749,98.3319,98.6579,100.0003,457.2921,406.6181,50.674,24.4399,165,5.1084,2.2266,19.2574,16.5939,0.2413,0.0001,0.0003,45.7592,48.3323,6.11,45.5813,9.2873,10.2998
26/9/2025,MSH0013-Bindura-Zaoga,CELL_TDD,Bindura_Zaoga_LTE_3,3,MSH0013-Bindura-Zaoga,100%,100,99.8758,99.9762,99.2163,99.9352,0.5512,98.4821,98.4433,100.0006,284.8542,264.9719,19.8823,5.7595,16,5.5953,2.7561,18.0781,4.7601,0.2455,0,0,35.5978,46.9803,1.4399,24.2614,9.4614,7.9756
26/9/2025,MSH0013-Bindura-Zaoga,CELL_TDD,Bindura_Zaoga_LTE_2,2,MSH0013-Bindura-Zaoga,100%,100,99.8508,99.9273,99.0563,99.6313,1.6202,99.1704,99.3979,100.0003,1521.0797,1379.0268,142.0529,33.2984,75,6.5094,5.2264,12.8627,5.5172,0.1476,0,0,69.3241,57.4378,8.3246,40.5355,10.817,14.2709
26/9/2025,MSH0013-Bindura-Zaoga,CELL_TDD,Bindura_Zaoga_LTE_1,1,MSH0013-Bindura-Zaoga,100%,100,98.9401,99.5314,95.3668,99.2204,2.7908,98.586,98.8627,100.0006,654.636,576.6327,78.0034,28.6203,152,5.6464,2.8289,18.4156,11.4473,0.227,0,0.0001,51.4772,51.5542,7.1551,42.2819,9.4728,10.2158
26/9/2025,MSH-0331-Chiwaridzo 2,CELL_TDD,MSH-0331-Chiwaridzo 2_LTE_6,6,MSH-0331-Chiwaridzo 2_LTE,79%,99.9998,99.5531,99.8748,95.539,99.5956,0.6995,99.8555,99.8612,100.0009,390.4215,358.8368,31.5847,18.9462,38,5.3835,2.8576,19.3231,5.8536,0.2264,0,0,51.7485,50.3334,4.7365,38.0385,10.297,12.0784
26/9/2025,MSH-0331-Chiwaridzo 2,CELL_TDD,MSH-0331-Chiwaridzo 2_LTE_5,5,MSH-0331-Chiwaridzo 2_LTE,79%,99.9998,99.2371,99.6822,95.9157,99.5495,1.3743,99.7634,99.8029,100,794.8971,726.9505,67.9466,18.0284,39,10.4405,6.2105,15.5167,4.4562,0.1726,0,0,52.4191,52.714,4.5071,37.7417,9.031,13.5063
26/9/2025,MSH-0331-Chiwaridzo 2,CELL_TDD,MSH-0331-Chiwaridzo 2_LTE_4,4,MSH-0331-Chiwaridzo 2_LTE,79%,99.9998,99.4722,99.5617,98.45,99.7329,0.5929,99.9023,99.9361,100.0009,1048.6945,947.994,100.7004,32.2802,67,6.4773,4.4791,16.3723,5.9213,0.1833,0,0,72.9296,58.2529,8.07,55.1085,11.2891,15.9493
26/9/2025,MSH-0331-Chiwaridzo 2,CELL_TDD,MSH-0331-Chiwaridzo 2_LTE_3,3,MSH-0331-Chiwaridzo 2_LTE,79%,99.9998,99.8554,99.919,98.669,99.8398,0.5332,99.9367,99.9718,100.0009,649.7409,596.0567,53.6842,16.9813,42,4.6281,4.5499,18.1872,4.9814,0.2134,0,0,74.813,50.5527,4.2453,42.4031,9.8589,12.0334
26/9/2025,MSH-0331-Chiwaridzo 2,CELL_TDD,MSH-0331-Chiwaridzo 2_LTE_2,2,MSH-0331-Chiwaridzo 2_LTE,79%,99.9998,99.6618,99.9683,93.9304,99.878,2.5198,99.8896,99.9591,100.0014,557.1381,504.5919,52.5462,19.6606,50,9.3048,4.7902,15.5953,6.2612,0.1768,0,0,55.0531,52.7123,4.9152,30.2061,10.4362,13.7665
26/9/2025,MSH-0331-Chiwaridzo 2,CELL_TDD,MSH-0331-Chiwaridzo 2_LTE_1,1,MSH-0331-Chiwaridzo 2_LTE,79%,99.9998,99.4102,99.4197,99.2012,99.8624,0.4543,99.9247,99.9672,100.0009,1192.9658,1072.0052,120.9606,36.5675,69,5.4195,5.0925,15.612,6.3686,0.1707,0,0,78.1867,57.0939,9.1419,46.946,11.0927,14.5148
26/9/2025,MSH-0112-Bindura Hospital,CELL_TDD,MSH-0112-Bindura Hospital_LTE_1,1,MSH-0112-Bindura Hospital_LTE,100%,100,99.8399,99.9929,97.2586,99.7825,0.9653,100,99.9719,100.0003,693.5079,629.6948,63.8131,11.1431,24,9.348,5.3334,13.9964,3.3289,0.1524,0,0,37.6802,49.0422,2.7858,24.1455,11.6216,15.8253
26/9/2025,MSH-0112-Bindura Hospital,CELL_TDD,MSH-0112-Bindura Hospital_LTE_2,2,MSH-0112-Bindura Hospital_LTE,100%,100,99.7895,99.891,98.7063,99.8324,0.3543,100,99.9515,100.0003,481.8177,442.5636,39.2541,6.2325,16,12.6563,5.7759,13.9548,2.6278,0.157,0,0,27.9776,45.1168,1.5581,17.7856,10.4811,13.1248
26/9/2025,MSH-0112-Bindura Hospital,CELL_TDD,MSH-0112-Bindura Hospital_LTE_3,3,MSH-0112-Bindura Hospital_LTE,100%,100,99.8927,99.9666,98.6607,99.8278,0.7891,100,95.863,100.0003,834.0306,742.0475,91.9831,18.426,35,7.6934,5.927,16.6729,4.7168,0.1874,0,0,50.9595,53.7873,4.6065,31.1416,10.782,13.5066
26/9/2025,MSH-0112-Bindura Hospital,CELL_TDD,MSH-0112-Bindura Hospital_LTE_4,4,MSH-0112-Bindura Hospital_LTE,100%,100,99.4612,99.8949,95.5827,99.5873,0.5074,99.9116,99.9464,100.0003,485.3374,448.8091,36.5283,10.9128,22,8.2013,4.4212,13.1322,2.7246,0.1515,0,0,33.4038,45.1282,2.7282,25.3286,12.3585,15.6527
26/9/2025,MSH-0112-Bindura Hospital,CELL_TDD,MSH-0112-Bindura Hospital_LTE_5,5,MSH-0112-Bindura Hospital_LTE,100%,100,99.557,99.9508,97.4245,99.8711,0.4731,100,99.8626,100.0003,286.7712,261.6446,25.1266,6.4649,16,10.9416,4.1747,14.2929,2.71,0.1597,0,0,20.0857,44.2616,1.6162,17.1054,10.6613,13.4196
26/9/2025,MSH-0112-Bindura Hospital,CELL_TDD,MSH-0112-Bindura Hospital_LTE_6,6,MSH-0112-Bindura Hospital_LTE,100%,100,99.6557,99.9324,97.2,99.805,1.0479,99.9563,99.9455,100.0003,679.6565,626.5633,53.0933,16.5986,35,8.0021,4.3691,16.7983,4.3561,0.1913,0,0,43.9667,50.3796,4.1496,32.2016,10.4402,12.1539
26/9/2025,MSH-0014-Chipadze,CELL_TDD,MSH-0014-Chipadze_LTE_6,6,MSH-0014-Chipadze,100%,99.9992,98.0995,99.6787,91.5179,99.8073,1.7314,99.0601,99.2275,99.9976,669.1627,616.6207,52.542,14.0099,29,7.0726,4.3919,15.6857,5.3028,0.1681,0,0,43.6845,55.4873,3.5025,22.0161,9.8868,15.8515
26/9/2025,MSH-0014-Chipadze,CELL_TDD,MSH-0014-Chipadze_LTE_5,5,MSH-0014-Chipadze,100%,99.9992,98.2477,99.2618,93.2803,99.2468,2.9608,97.7921,98.5722,99.9976,562.2852,495.4765,66.8087,38.1148,122,2.02,1.9975,20.401,12.8471,0.2297,0,0.0004,64.4401,68.3914,9.5287,34.0115,8.7263,11.4245
26/9/2025,MSH-0014-Chipadze,CELL_TDD,MSH-0014-Chipadze_LTE_4,4,MSH-0014-Chipadze,100%,99.9992,99.6622,99.8094,99.0677,99.8691,1.4543,97.1817,97.6802,99.9979,687.558,643.0177,44.5404,16.7765,38,7.9364,3.9875,17.4218,6.3394,0.1978,0,0,49.7647,58.4435,4.1941,24.1585,10.0079,13.9214
26/9/2025,MSH-0014-Chipadze,CELL_TDD,MSH-0014-Chipadze_LTE_3,3,MSH-0014-Chipadze,100%,99.9992,98.731,99.7542,91.2432,99.7598,1.977,99.1617,99.3607,99.9979,1130.1579,1030.3504,99.8075,18.6199,36,10.1667,6.3016,15.3384,3.2866,0.1687,0,0,44.9728,55.4842,4.655,18.7706,9.9829,15.0253
26/9/2025,MSH-0014-Chipadze,CELL_TDD,MSH-0014-Chipadze_LTE_2,2,MSH-0014-Chipadze,100%,99.9992,98.6597,99.4436,94.1933,99.2936,3.0184,98.9691,99.1565,99.9976,832.767,748.7096,84.0574,38.6015,117,2.456,2.4708,18.3675,9.9866,0.2083,0,0.0003,65.9186,62.3353,9.6504,25.5079,8.6035,9.5001
26/9/2025,MSH-0014-Chipadze,CELL_TDD,MSH-0014-Chipadze_LTE_1,1,MSH-0014-Chipadze,100%,99.9992,99.7776,99.9043,98.9923,99.4673,1.8345,98.0415,98.4241,99.9976,706.5413,658.4714,48.0699,19.4369,41,9.232,4.1461,17.0555,5.5004,0.1896,0,0,37.5629,53.0015,4.8592,17.0523,10.5489,13.7155
27/9/2025,MSH0013-Bindura-Zaoga,CELL_TDD,Bindura_Zaoga_LTE_6,6,MSH0013-Bindura-Zaoga,100%,100,99.6546,99.8188,96.2963,99.7305,1.4947,98.9717,99.0527,100.0004,299.9826,280.598,19.3846,4.4065,12,7.4084,3.1439,14.2444,5.0301,0.1926,0,0,31.2338,45.7764,1.1016,25.372,9.4583,8.3858
27/9/2025,MSH0013-Bindura-Zaoga,CELL_TDD,Bindura_Zaoga_LTE_5,5,MSH0013-Bindura-Zaoga,100%,100,99.7808,99.9148,98.538,99.6002,1.2639,98.2988,98.5976,99.9996,1266.1908,1169.6292,96.5616,26.406,65,6.6222,3.9316,13.5461,6.0723,0.1573,0,0,69.2395,59.2974,6.6015,45.5933,10.3951,14.5477
27/9/2025,MSH0013-Bindura-Zaoga,CELL_TDD,Bindura_Zaoga_LTE_4,4,MSH0013-Bindura-Zaoga,100%,100,97.9713,99.2103,91.9615,98.693,3.4701,98.388,98.7436,100,519.6741,475.3737,44.3004,28.8784,150,5.6432,1.6972,17.9684,14.411,0.2198,0,0.0002,48.0251,46.1205,7.2196,47.9559,9.2977,11.3767
27/9/2025,MSH0013-Bindura-Zaoga,CELL_TDD,Bindura_Zaoga_LTE_3,3,MSH0013-Bindura-Zaoga,100%,100,99.8732,99.9626,97.093,99.9257,0.6952,98.9418,99.0868,99.9996,528.8451,472.5122,56.3329,7.1194,14,10.1713,6.7044,10.9036,3.4564,0.1297,0,0,33.5563,49.1921,1.7798,23.1531,9.9764,11.9459
27/9/2025,MSH0013-Bindura-Zaoga,CELL_TDD,Bindura_Zaoga_LTE_2,2,MSH0013-Bindura-Zaoga,100%,100,99.8503,99.9511,98.6594,99.6919,1.0768,98.7932,99.0059,99.9996,1228.328,1118.8529,109.4751,33.3611,74,6.555,3.8686,12.8132,6.2319,0.1494,0,0,66.3422,56.7489,8.3403,40.1897,10.555,14.0848
27/9/2025,MSH0013-Bindura-Zaoga,CELL_TDD,Bindura_Zaoga_LTE_1,1,MSH0013-Bindura-Zaoga,100%,100,98.6925,99.5122,94.3834,99.0373,2.8565,98.9032,99.3248,99.9996,693.3552,628.6867,64.6685,28.1229,142,6.3209,2.5605,15.9798,10.8538,0.1915,0,0.0001,48.6604,48.7156,7.0307,40.5774,9.3184,11.5318
27/9/2025,MSH-0331-Chiwaridzo 2,CELL_TDD,MSH-0331-Chiwaridzo 2_LTE_6,6,MSH-0331-Chiwaridzo 2_LTE,87%,99.9998,99.4139,99.8285,96.1073,99.4582,0.7618,99.8374,99.8783,99.9977,554.9208,512.8754,42.0455,16.6635,38,5.5423,3.1629,17.6214,6.1374,0.2025,0,0,50.7112,50.0631,4.1659,37.6547,10.0927,14.0298
27/9/2025,MSH-0331-Chiwaridzo 2,CELL_TDD,MSH-0331-Chiwaridzo 2_LTE_5,5,MSH-0331-Chiwaridzo 2_LTE,87%,99.9998,99.4609,99.8174,96.5795,99.7649,1.7755,100,100,99.9977,923.7322,852.4787,71.2536,18.3819,46,6.832,4.857,16.5081,5.4018,0.1814,0,0,60.8872,52.201,4.5955,43.0384,8.9036,13.6274
27/9/2025,MSH-0331-Chiwaridzo 2,CELL_TDD,MSH-0331-Chiwaridzo 2_LTE_4,4,MSH-0331-Chiwaridzo 2_LTE,87%,99.9998,99.4979,99.7086,97.3121,99.7813,0.6977,99.8971,99.9247,99.9977,1071.8288,980.5206,91.3082,28.3448,69,6.1311,3.9264,16.7404,6.0264,0.1887,0,0,74.9954,57.5798,7.0862,53.1506,10.8559,15.3626
27/9/2025,MSH-0331-Chiwaridzo 2,CELL_TDD,MSH-0331-Chiwaridzo 2_LTE_3,3,MSH-0331-Chiwaridzo 2_LTE,87%,99.9998,99.7824,99.9273,97.5352,99.771,0.8373,99.9316,99.9739,99.9981,719.0269,663.8967,55.1302,17.2086,54,5.1734,4.8442,16.8804,4.1099,0.186,0,0,62.862,47.5408,4.3022,34.7549,10.1361,12.9197
27/9/2025,MSH-0331-Chiwaridzo 2,CELL_TDD,MSH-0331-Chiwaridzo 2_LTE_2,2,MSH-0331-Chiwaridzo 2_LTE,87%,99.9998,99.8401,99.9197,98.5086,99.8497,0.9779,99.9616,99.983,99.9977,869.5594,808.4489,61.1105,18.0672,46,6.4016,4.354,16.032,4.7958,0.1758,0,0,63.8921,51.2386,4.5168,34.0201,10.2368,14.2026
27/9/2025,MSH-0331-Chiwaridzo 2,CELL_TDD,MSH-0331-Chiwaridzo 2_LTE_1,1,MSH-0331-Chiwaridzo 2_LTE,87%,99.9998,98.7713,98.7513,99.1736,99.8766,0.5982,99.7106,99.7696,99.9981,1373.0459,1259.65,113.3959,32.757,68,5.5041,4.4615,15.992,5.8696,0.1752,0,0,77.4125,55.4861,8.1892,45.7088,10.923,14.9718
27/9/2025,MSH-0112-Bindura Hospital,CELL_TDD,MSH-0112-Bindura Hospital_LTE_1,1,MSH-0112-Bindura Hospital_LTE,100%,100,99.7157,99.9594,97.4576,99.7989,1.9231,99.7951,99.8112,100.0015,544.1588,489.3278,54.831,8.417,19,6.5556,4.9143,18.3325,4.8517,0.214,0,0,46.2838,51.3194,2.1042,27.722,11.2004,12.5551
27/9/2025,MSH-0112-Bindura Hospital,CELL_TDD,MSH-0112-Bindura Hospital_LTE_2,2,MSH-0112-Bindura Hospital_LTE,100%,100,99.2817,99.9888,89.9259,99.911,0.401,99.9476,99.9271,100.0015,360.3998,336.618,23.7817,6.992,17,12.2354,4.1463,14.5492,2.8359,0.1654,0,0,23.4546,42.8668,1.748,15.6374,10.2134,13.2487
27/9/2025,MSH-0112-Bindura Hospital,CELL_TDD,MSH-0112-Bindura Hospital_LTE_3,3,MSH-0112-Bindura Hospital_LTE,100%,100,99.8363,99.9711,97.546,99.8102,0.6658,99.9461,98.787,100.0015,1261.3221,1137.9446,123.3775,19.1359,35,7.6061,6.1364,16.3077,4.8486,0.1799,0,0,69.7145,55.9244,4.784,41.0889,10.6671,13.6287
27/9/2025,MSH-0112-Bindura Hospital,CELL_TDD,MSH-0112-Bindura Hospital_LTE_4,4,MSH-0112-Bindura Hospital_LTE,100%,100,99.2988,99.808,96.1131,99.5004,1.3566,99.873,99.5262,100.0015,577.5094,532.6441,44.8653,11.5868,23,8.1328,3.1845,13.9491,5.1116,0.1674,0,0,39.1371,50.2059,2.8967,30.4564,12.0654,15.0711
27/9/2025,MSH-0112-Bindura Hospital,CELL_TDD,MSH-0112-Bindura Hospital_LTE_5,5,MSH-0112-Bindura Hospital_LTE,100%,100,99.2273,99.8974,95.8027,99.6772,0.4606,99.9299,99.9498,100.0015,351.931,325.2299,26.7011,5.7881,14,14.8414,5.2128,14.0329,2.429,0.1622,0,0,18.6043,43.4529,1.447,16.5485,9.8356,12.1736
27/9/2025,MSH-0112-Bindura Hospital,CELL_TDD,MSH-0112-Bindura Hospital_LTE_6,6,MSH-0112-Bindura Hospital_LTE,100%,100,99.5094,99.8765,97.045,99.6836,0.9333,99.8467,99.8788,100.0018,911.4677,861.5654,49.9023,15.1986,34,8.0079,3.117,17.1999,5.3483,0.1987,0,0,63.1958,52.6721,3.7996,42.0283,10.1492,12.4096
27/9/2025,MSH-0014-Chipadze,CELL_TDD,MSH-0014-Chipadze_LTE_6,6,MSH-0014-Chipadze,100%,99.9978,98.78,99.8973,93.361,99.7504,1.5054,99.2736,99.3427,99.9935,674.2045,613.1226,61.082,13.0688,27,8.4383,5.5847,16.6375,4.204,0.177,0,0,41.7992,57.1579,3.2672,21.476,10.4326,16.1578
27/9/2025,MSH-0014-Chipadze,CELL_TDD,MSH-0014-Chipadze_LTE_5,5,MSH-0014-Chipadze,100%,99.9978,97.7988,98.9382,92.7868,99.2596,3.2944,98.5876,99.0444,99.9935,593.8703,526.7623,67.108,31.5986,102,1.9214,2.0234,20.3327,12.3922,0.2257,0,0,72.0751,71.6323,7.8996,35.98,8.673,11.684
27/9/2025,MSH-0014-Chipadze,CELL_TDD,MSH-0014-Chipadze_LTE_4,4,MSH-0014-Chipadze,100%,99.9978,99.7257,99.9285,98.9198,99.8095,1.5634,97.72,98.0159,99.9935,479.9543,441.0344,38.9199,13.6257,32,6.9018,4.2539,16.2946,5.3202,0.1781,0,0,37.4386,55.0683,3.4064,23.1139,9.9483,14.3825
27/9/2025,MSH-0014-Chipadze,CELL_TDD,MSH-0014-Chipadze_LTE_3,3,MSH-0014-Chipadze,100%,99.9978,99.3303,99.9004,95.4501,99.8895,1.3001,99.4172,99.5096,99.9935,961.0393,884.5218,76.5176,14.198,28,10.4911,6.1635,15.3269,3.026,0.1656,0,0,41.2629,53.7067,3.5495,17.8348,9.952,15.1974
27/9/2025,MSH-0014-Chipadze,CELL_TDD,MSH-0014-Chipadze_LTE_2,2,MSH-0014-Chipadze,100%,99.9978,99.1252,99.7959,94.9146,99.5912,2.5685,98.9955,99.4194,99.9935,882.3069,808.9741,73.3328,30.9684,84,3.4994,2.4433,17.8136,9.3282,0.1979,0,0.0001,65.953,62.8299,7.7421,24.7729,8.8456,10.8677
27/9/2025,MSH-0014-Chipadze,CELL_TDD,MSH-0014-Chipadze_LTE_1,1,MSH-0014-Chipadze,100%,99.9978,99.7166,99.9416,98.2628,99.83,1.717,97.9079,98.3133,99.9935,577.9352,535.0548,42.8803,15.8298,40,9.292,4.4374,16.7195,5.3831,0.1897,0,0,34.6541,52.5777,3.9575,16.6744,10.7344,13.7182
28/9/2025,MSH0013-Bindura-Zaoga,CELL_TDD,Bindura_Zaoga_LTE_6,6,MSH0013-Bindura-Zaoga,100%,100,99.7173,99.9093,95.2128,99.7975,1.07,98.5774,98.6811,100,548.742,520.3381,28.4038,4.6932,17,9.2269,3.3176,12.7833,4.5936,0.1627,0,0,33.969,46.2494,1.1733,25.7201,10.1774,12.5407
28/9/2025,MSH0013-Bindura-Zaoga,CELL_TDD,Bindura_Zaoga_LTE_5,5,MSH0013-Bindura-Zaoga,100%,100,99.4607,99.6852,97.3083,99.3662,1.2269,99.3449,99.475,100,603.2917,559.5835,43.7081,16.7685,38,5.6163,2.589,14.4505,8.2736,0.1758,0,0,58.8795,49.4492,4.1921,40.8138,10.1105,11.7603
28/9/2025,MSH0013-Bindura-Zaoga,CELL_TDD,Bindura_Zaoga_LTE_4,4,MSH0013-Bindura-Zaoga,100%,100,98.4203,99.3765,93.3876,99.15,3.3313,98.5507,98.8341,99.9989,509.3273,467.2941,42.0332,21.9664,92,5.469,1.8528,17.3399,13.478,0.2158,0,0.0003,49.9929,45.8186,5.4916,45.1831,9.3088,10.6948
28/9/2025,MSH0013-Bindura-Zaoga,CELL_TDD,Bindura_Zaoga_LTE_3,3,MSH0013-Bindura-Zaoga,100%,100,99.9082,99.9808,98.3871,99.866,0.5413,98.7849,98.8421,100.0004,286.4564,264.8288,21.6277,6.1082,17,8.261,4.0414,11.1801,3.7827,0.1449,0,0,25.1955,44.0718,1.527,18.532,10.4176,11.9925
28/9/2025,MSH0013-Bindura-Zaoga,CELL_TDD,Bindura_Zaoga_LTE_2,2,MSH0013-Bindura-Zaoga,100%,100,99.81,99.9373,98.2649,99.7692,0.8833,99.3187,99.5419,100.0004,1381.6586,1270.7836,110.8749,24.6173,51,10.2895,5.1313,12.1979,5.1919,0.1381,0,0,53.6205,56.0053,6.1543,31.931,10.8726,14.931
28/9/2025,MSH0013-Bindura-Zaoga,CELL_TDD,Bindura_Zaoga_LTE_1,1,MSH0013-Bindura-Zaoga,100%,100,98.8033,99.7235,93.1451,99.5354,2.2265,98.1735,98.762,100.0004,589.9762,544.9253,45.051,20.6275,90,6.4386,2.1084,15.669,9.5513,0.1923,0,0.0002,44.429,47.131,5.1569,36.9414,9.3329,10.8974
28/9/2025,MSH-0331-Chiwaridzo 2,CELL_TDD,MSH-0331-Chiwaridzo 2_LTE_6,6,MSH-0331-Chiwaridzo 2_LTE,100%,100,99.3907,99.7444,96.342,99.5513,1.0742,99.961,99.966,99.9996,735.1567,670.5951,64.5615,18.8819,41,5.0113,3.9957,18.6436,5.1203,0.2127,0,0,59.7262,52.4319,4.7205,41.4464,10.1255,13.6064
28/9/2025,MSH-0331-Chiwaridzo 2,CELL_TDD,MSH-0331-Chiwaridzo 2_LTE_5,5,MSH-0331-Chiwaridzo 2_LTE,100%,100,99.6767,99.8845,98.0578,99.703,1.4365,99.9498,99.9534,99.9996,1033.375,941.6556,91.7193,21.5213,43,7.3924,5.2723,16.2925,4.8075,0.1818,0,0,55.4815,53.2802,5.3803,40.1492,9.0904,13.9737
28/9/2025,MSH-0331-Chiwaridzo 2,CELL_TDD,MSH-0331-Chiwaridzo 2_LTE_4,4,MSH-0331-Chiwaridzo 2_LTE,100%,100,99.1858,99.5975,95.5233,99.6765,0.7904,99.9596,99.9744,99.9996,1490.1521,1366.0839,124.0682,31.8299,73,6.1999,4.0368,16.9551,6.3996,0.1903,0,0,75.7993,56.3907,7.9575,55.2699,10.8921,16.1539
28/9/2025,MSH-0331-Chiwaridzo 2,CELL_TDD,MSH-0331-Chiwaridzo 2_LTE_3,3,MSH-0331-Chiwaridzo 2_LTE,100%,100,99.8186,99.9366,98.1183,99.6544,1.1406,99.9573,99.9234,99.9985,908.7679,827.57,81.1979,20.0889,52,3.8603,4.6612,19.1136,4.987,0.2119,0,0,69.8567,51.3674,5.0222,39.5752,10.1856,11.466
28/9/2025,MSH-0331-Chiwaridzo 2,CELL_TDD,MSH-0331-Chiwaridzo 2_LTE_2,2,MSH-0331-Chiwaridzo 2_LTE,100%,100,99.8824,99.9844,98.1742,99.824,1.0587,99.9508,99.9821,99.9996,896.2278,818.0692,78.1586,21.036,50,5.3749,4.3984,16.4261,4.9672,0.1851,0,0,61.7327,49.1332,5.259,36.3304,10.0525,13.4332
28/9/2025,MSH-0331-Chiwaridzo 2,CELL_TDD,MSH-0331-Chiwaridzo 2_LTE_1,1,MSH-0331-Chiwaridzo 2_LTE,100%,100,99.0747,99.0939,98.6603,99.8501,0.5785,99.9386,99.9528,100.0004,1414.1847,1300.1135,114.0712,35.9882,86,5.1468,4.0363,15.9159,5.7448,0.1762,0,0,74.1504,53.7896,8.9971,42.823,10.9278,14.7124
28/9/2025,MSH-0112-Bindura Hospital,CELL_TDD,MSH-0112-Bindura Hospital_LTE_1,1,MSH-0112-Bindura Hospital_LTE,100%,100,99.6752,99.9581,97.9203,99.6969,1.0468,99.919,99.9718,99.9996,635.7514,580.2784,55.473,8.8284,20,8.6528,4.0481,16.1122,4.5431,0.1796,0,0,44.3039,51.5783,2.2071,25.8638,11.2967,13.5186
28/9/2025,MSH-0112-Bindura Hospital,CELL_TDD,MSH-0112-Bindura Hospital_LTE_2,2,MSH-0112-Bindura Hospital_LTE,100%,100,99.7749,100,97.2671,99.9001,0.5575,99.8963,99.971,99.9993,343.9273,311.8014,32.1259,6.4511,20,15.228,5.5599,14.071,2.8641,0.1586,0,0,18.9207,43.1215,1.6128,13.8123,10.7452,13.6812
28/9/2025,MSH-0112-Bindura Hospital,CELL_TDD,MSH-0112-Bindura Hospital_LTE_3,3,MSH-0112-Bindura Hospital_LTE,100%,100,99.869,99.9819,97.5664,99.8494,0.5604,99.8621,99.5687,99.9985,951.5737,883.2693,68.3044,18.8245,40,9.1392,4.575,15.5692,4.1716,0.1726,0,0,52.6974,50.0507,4.7061,30.1868,10.8723,14.8658
28/9/2025,MSH-0112-Bindura Hospital,CELL_TDD,MSH-0112-Bindura Hospital_LTE_4,4,MSH-0112-Bindura Hospital_LTE,100%,100,99.3259,99.8108,97.0035,99.4326,1.1537,100,99.9555,99.9985,602.3763,558.4263,43.95,9.3263,18,10.0857,3.67,12.1448,3.7858,0.1393,0,0,33.0392,50.3304,2.3316,25.7881,12.2898,17.7243
28/9/2025,MSH-0112-Bindura Hospital,CELL_TDD,MSH-0112-Bindura Hospital_LTE_5,5,MSH-0112-Bindura Hospital_LTE,100%,100,99.6497,99.9557,98.4937,99.9347,0.4346,100,100,99.9989,306.537,281.934,24.6031,5.9521,19,16.2892,4.5666,13.7221,2.2828,0.1539,0,0,14.9362,43.8469,1.488,14.8811,9.8907,12.2875
28/9/2025,MSH-0112-Bindura Hospital,CELL_TDD,MSH-0112-Bindura Hospital_LTE_6,6,MSH-0112-Bindura Hospital_LTE,100%,100,99.6568,99.9114,97.2078,99.7821,0.7927,99.9647,99.9484,99.9985,837.3559,792.9587,44.3972,14.7076,34,10.2958,3.4347,16.5375,4.5942,0.1874,0,0,48.3822,48.7388,3.6769,34.3108,10.3307,12.2342
28/9/2025,MSH-0014-Chipadze,CELL_TDD,MSH-0014-Chipadze_LTE_6,6,MSH-0014-Chipadze,100%,99.9992,97.0847,99.1726,88.647,99.5087,1.8148,99.6422,99.6393,99.9984,718.333,655.1341,63.1989,12.3364,30,7.2804,4.5598,16.4897,4.9416,0.1754,0,0.0001,44.9065,57.2645,3.0841,23.8637,9.7542,15.6735
28/9/2025,MSH-0014-Chipadze,CELL_TDD,MSH-0014-Chipadze_LTE_5,5,MSH-0014-Chipadze,100%,99.9992,98.9937,99.6817,95.5104,99.519,2.9821,98.8953,99.2295,99.9976,634.0564,575.082,58.9744,25.0249,52,1.8855,1.9529,19.4559,12.0202,0.2146,0,0.0001,69.5187,65.4865,6.2562,34.8445,8.545,11.4686
28/9/2025,MSH-0014-Chipadze,CELL_TDD,MSH-0014-Chipadze_LTE_4,4,MSH-0014-Chipadze,100%,99.9992,99.4769,99.8486,97.9554,99.7225,1.4626,98.917,99.02,99.9976,457.055,425.0346,32.0204,11.6093,30,5.7044,3.5506,16.3016,5.0247,0.1793,0,0,41.1909,53.6705,2.9023,23.5373,9.7569,13.0324
28/9/2025,MSH-0014-Chipadze,CELL_TDD,MSH-0014-Chipadze_LTE_3,3,MSH-0014-Chipadze,100%,99.9992,99.0218,99.7625,94.0932,99.5993,1.5422,99.4975,99.5855,99.9976,945.9283,853.3099,92.6184,15.7001,35,8.745,5.6428,15.2879,3.4816,0.1657,0,0,42.0535,55.2919,3.925,18.7957,10.0565,14.0451
28/9/2025,MSH-0014-Chipadze,CELL_TDD,MSH-0014-Chipadze_LTE_2,2,MSH-0014-Chipadze,100%,99.9992,99.0823,99.8472,94.6456,99.5284,2.4902,97.351,98.6042,99.9976,943.287,865.9009,77.386,28.049,58,2.5261,2.3821,17.1343,8.6762,0.1883,0,0.0001,67.6794,63.9562,7.0122,25.7226,8.6459,10.759
28/9/2025,MSH-0014-Chipadze,CELL_TDD,MSH-0014-Chipadze_LTE_1,1,MSH-0014-Chipadze,100%,99.9992,99.7205,99.9537,98.2507,99.8418,1.4354,98.7485,98.9484,99.9976,695.0843,650.5337,44.5506,15.2948,37,8.7273,3.9239,16.776,4.7668,0.1936,0,0,36.9849,54.3726,3.8237,18.065,10.6882,13.1513
29/9/2025,MSH0013-Bindura-Zaoga,CELL_TDD,Bindura_Zaoga_LTE_6,6,MSH0013-Bindura-Zaoga,100%,100,99.9401,99.9792,98.9305,99.8971,0.4475,98.8651,98.9412,99.9993,262.1939,223.2599,38.934,4.7966,13,6.711,4.8646,16.928,4.8089,0.2248,0,0,22.5033,48.822,1.1991,21.124,10.3487,9.2298
29/9/2025,MSH0013-Bindura-Zaoga,CELL_TDD,Bindura_Zaoga_LTE_5,5,MSH0013-Bindura-Zaoga,100%,100,99.7113,99.8212,98.6681,99.5194,1.4097,99.067,99.2104,99.9993,829.8453,760.1493,69.696,28.9255,79,6.3659,3.3443,13.7565,7.2796,0.1672,0,0.0001,57.9478,52.5803,7.2314,40.5811,10.9125,14.1114
29/9/2025,MSH0013-Bindura-Zaoga,CELL_TDD,Bindura_Zaoga_LTE_4,4,MSH0013-Bindura-Zaoga,100%,100,98.4964,99.5492,93.3794,98.9222,3.5809,99.057,99.1833,99.9993,507.6362,465.0733,42.5629,19.9374,82,5.6982,1.7455,15.9392,13.3474,0.2008,0,0.0002,51.1858,47.3338,4.9844,43.9012,9.3006,10.6338
29/9/2025,MSH0013-Bindura-Zaoga,CELL_TDD,Bindura_Zaoga_LTE_3,3,MSH0013-Bindura-Zaoga,100%,100,99.8663,99.9305,98.2353,99.977,0.453,99.7587,99.7852,99.9993,313.463,278.7707,34.6923,6.7372,16,10.7857,5.411,10.52,3.1404,0.1306,0,0,20.8991,46.8653,1.6843,17.3773,10.6596,11.956
29/9/2025,MSH0013-Bindura-Zaoga,CELL_TDD,Bindura_Zaoga_LTE_2,2,MSH0013-Bindura-Zaoga,100%,100,99.805,99.9447,98.4972,99.6503,1.0486,99.3543,99.5562,99.9993,1556.4383,1426.6072,129.8311,32.2128,81,8.1524,4.9133,12.7671,5.2409,0.1467,0,0,63.3141,58.0931,8.0532,37.2764,11.0208,14.8684
29/9/2025,MSH0013-Bindura-Zaoga,CELL_TDD,Bindura_Zaoga_LTE_1,1,MSH0013-Bindura-Zaoga,100%,100,99.2027,99.7927,95.3751,99.5307,2.774,99.4278,99.4511,100,745.4664,680.0727,65.3937,23.1213,79,6.0829,2.6426,15.0114,9.1799,0.181,0,0,50.0741,53.0769,5.7803,39.7763,9.3848,11.8345
29/9/2025,MSH-0331-Chiwaridzo 2,CELL_TDD,MSH-0331-Chiwaridzo 2_LTE_6,6,MSH-0331-Chiwaridzo 2_LTE,100%,100,99.5258,99.7715,97.7835,99.5721,0.8034,99.8525,99.8304,100,714.1763,654.5267,59.6496,15.2595,48,5.5718,4.2422,16.6351,4.6192,0.1894,0,0,47.8227,50.3136,3.8149,35.2038,10.4751,15.7313
29/9/2025,MSH-0331-Chiwaridzo 2,CELL_TDD,MSH-0331-Chiwaridzo 2_LTE_5,5,MSH-0331-Chiwaridzo 2_LTE,100%,100,99.4798,99.8088,96.968,99.507,1.1354,99.9253,99.8884,100,660.8594,604.4548,56.4047,19.4817,49,7.0794,2.9028,17.1118,5.1993,0.1947,0,0,40.4896,65.4683,4.8704,36.5474,9.0008,12.6743
29/9/2025,MSH-0331-Chiwaridzo 2,CELL_TDD,MSH-0331-Chiwaridzo 2_LTE_4,4,MSH-0331-Chiwaridzo 2_LTE,100%,100,99.2662,99.5754,96.3997,99.7656,1.0903,99.8954,99.9231,100,1307.3358,1190.9053,116.4305,28.0777,67,7.5772,3.8032,15.8047,6.2495,0.1785,0,0,65.8318,58.6725,7.0194,51.1283,11.0479,15.5514
29/9/2025,MSH-0331-Chiwaridzo 2,CELL_TDD,MSH-0331-Chiwaridzo 2_LTE_3,3,MSH-0331-Chiwaridzo 2_LTE,100%,100,99.8765,99.9632,98.6714,99.75,0.6502,99.9463,99.9497,100,737.9676,669.8752,68.0925,18.4582,53,4.7582,4.5836,18.548,5.3427,0.2081,0,0,52.1775,50.0484,4.6145,30.6598,10.3046,12.4903
29/9/2025,MSH-0331-Chiwaridzo 2,CELL_TDD,MSH-0331-Chiwaridzo 2_LTE_2,2,MSH-0331-Chiwaridzo 2_LTE,100%,100,99.9103,99.9864,98.7104,99.8988,1.0744,99.86,99.937,100,700.2657,645.7973,54.4684,18.9827,57,6.7686,3.4733,17.0654,5.2774,0.1942,0,0,46.1792,48.3801,4.7457,30.1234,10.0717,12.8077
29/9/2025,MSH-0331-Chiwaridzo 2,CELL_TDD,MSH-0331-Chiwaridzo 2_LTE_1,1,MSH-0331-Chiwaridzo 2_LTE,100%,100,99.6999,99.7567,98.5753,99.834,0.5232,99.9727,99.9804,100.0003,1423.0589,1285.9561,137.1027,34.7783,72,7.016,5.2199,15.3402,5.3635,0.1708,0,0,65.2175,57.1848,8.6946,40.9156,11.2657,15.5301
29/9/2025,MSH-0112-Bindura Hospital,CELL_TDD,MSH-0112-Bindura Hospital_LTE_1,1,MSH-0112-Bindura Hospital_LTE,100%,100,99.8596,99.948,99.0741,99.6142,1.0051,99.7719,99.9468,99.9997,520.5156,392.8339,127.6817,8.041,20,8.4579,9.4345,14.8003,4.0788,0.1707,0,0,31.1141,54.1309,2.0102,22.4112,11.1551,13.3025
29/9/2025,MSH-0112-Bindura Hospital,CELL_TDD,MSH-0112-Bindura Hospital_LTE_2,2,MSH-0112-Bindura Hospital_LTE,100%,100,99.7961,99.9368,98.1481,99.8119,0.7309,100,100,100,427.4507,405.8708,21.5799,6.3059,18,20.0518,3.2904,14.535,3.3224,0.1567,0,0,19.5208,42.8491,1.5765,12.241,10.8461,14.9326
29/9/2025,MSH-0112-Bindura Hospital,CELL_TDD,MSH-0112-Bindura Hospital_LTE_3,3,MSH-0112-Bindura Hospital_LTE,100%,100,99.8784,99.9791,98.273,99.7581,0.5995,100,91.9456,99.9997,719.3949,654.3993,64.9956,16.8568,34,11.6137,4.8157,15.3465,4.4936,0.1729,0,0,32.985,51.415,4.2142,23.2878,10.7807,14.0491
29/9/2025,MSH-0112-Bindura Hospital,CELL_TDD,MSH-0112-Bindura Hospital_LTE_4,4,MSH-0112-Bindura Hospital_LTE,100%,100,99.5091,99.9228,97.383,99.3803,1.3293,100,100,99.9997,416.5362,367.1569,49.3792,8.9134,22,8.3521,5.0494,13.5678,3.3009,0.1668,0,0,28.3745,51.2759,2.2284,23.9499,12.563,15.0889
29/9/2025,MSH-0112-Bindura Hospital,CELL_TDD,MSH-0112-Bindura Hospital_LTE_5,5,MSH-0112-Bindura Hospital_LTE,100%,100,99.7605,99.981,98.6139,99.628,0.7495,99.9243,99.9419,100,281.371,257.0631,24.3079,6.3936,17,16.3886,4.1479,13.0884,2.6353,0.1499,0,0,13.2343,43.9225,1.5984,13.8226,10.7951,13.9811
29/9/2025,MSH-0112-Bindura Hospital,CELL_TDD,MSH-0112-Bindura Hospital_LTE_6,6,MSH-0112-Bindura Hospital_LTE,100%,100,99.6315,99.9009,97.5956,99.6579,1.3605,99.8392,99.8788,99.9997,491.6566,442.1016,49.5551,13.4412,31,9.4415,4.6086,15.9381,8.6104,0.188,0,0,30.2138,51.9603,3.3603,25.7413,10.5234,12.8657
29/9/2025,MSH-0014-Chipadze,CELL_TDD,MSH-0014-Chipadze_LTE_6,6,MSH-0014-Chipadze,100%,99.9958,98.2932,99.9537,91.1037,99.6238,1.3164,98.6894,98.7713,100,655.1711,584.3415,70.8296,13.7889,35,7.4743,6.0375,15.6779,4.7904,0.1709,0,0,39.9059,60.8691,3.4472,21.7348,10.1562,17.1
29/9/2025,MSH-0014-Chipadze,CELL_TDD,MSH-0014-Chipadze_LTE_5,5,MSH-0014-Chipadze,100%,99.9958,98.9739,99.7511,95.7613,99.3154,2.9507,98.4791,98.715,100,485.4161,420.785,64.6311,21.5246,54,2.3597,2.7135,19.5114,10.0029,0.2163,0,0.0002,62.4371,67.4086,5.3811,31.5932,8.9455,10.8762
29/9/2025,MSH-0014-Chipadze,CELL_TDD,MSH-0014-Chipadze_LTE_4,4,MSH-0014-Chipadze,100%,99.9958,99.7989,99.9224,99.2415,99.7898,1.6534,96.7624,97.1888,100,390.4583,353.2482,37.2101,14.2749,33,6.1005,4.11,17.3724,5.8512,0.1951,0,0,37.6672,56.3335,3.5687,21.7878,10.3277,13.7405
29/9/2025,MSH-0014-Chipadze,CELL_TDD,MSH-0014-Chipadze_LTE_3,3,MSH-0014-Chipadze,100%,99.9958,98.7842,99.8632,93.2751,99.6668,1.8149,98.7952,99.0053,100,749.3688,657.5481,91.8208,14.106,33,9.4895,6.7605,16.2283,4.9717,0.1792,0,0,35.603,59.8594,3.5265,16.9792,10.2788,14.6701
29/9/2025,MSH-0014-Chipadze,CELL_TDD,MSH-0014-Chipadze_LTE_2,2,MSH-0014-Chipadze,100%,99.9958,99.127,99.668,95.2928,99.6203,1.7055,98.2337,98.9451,100,707.7789,634.6422,73.1367,24.0697,59,3.3528,2.455,16.9471,8.5475,0.1907,0,0.0001,59.0249,65.7856,6.0174,23.3355,9.0448,10.107
29/9/2025,MSH-0014-Chipadze,CELL_TDD,MSH-0014-Chipadze_LTE_1,1,MSH-0014-Chipadze,100%,99.9958,99.8263,99.958,98.9466,99.7746,1.7166,97.8998,98.3476,100.0004,481.9474,442.7692,39.1783,16.5222,38,7.4051,3.6072,17.5594,6.3697,0.1984,0,0,34.7242,54.5761,4.1305,16.4071,10.6956,12.5473
30/9/2025,MSH0013-Bindura-Zaoga,CELL_TDD,Bindura_Zaoga_LTE_6,6,MSH0013-Bindura-Zaoga,100%,100,99.7364,99.8058,98.6577,99.8714,1.1321,98.5819,98.6162,100.001,389.8603,364.9645,24.8958,5.8059,15,7.5456,3.2093,14.4564,4.5519,0.1891,0,0,32.2634,47.6884,1.4515,25.2485,10.259,11.5839
30/9/2025,MSH0013-Bindura-Zaoga,CELL_TDD,Bindura_Zaoga_LTE_5,5,MSH0013-Bindura-Zaoga,100%,100,99.7221,99.8818,98.2209,99.5698,1.5485,98.8209,98.9828,100.001,789.2118,725.905,63.3068,34.6677,99,4.8484,3.0589,14.3481,7.377,0.1725,0,0.0001,57.5956,50.7494,8.6669,43.5854,10.5609,13.6473
30/9/2025,MSH0013-Bindura-Zaoga,CELL_TDD,Bindura_Zaoga_LTE_4,4,MSH0013-Bindura-Zaoga,100%,100,98.3092,99.2597,93.4905,98.8759,2.5929,98.2493,98.4355,100.001,532.9437,480.2816,52.6621,24.6159,118,5.3364,2.0564,16.4655,12.6727,0.2045,0,0.0006,50.521,47.7578,6.154,45.206,9.3963,10.7732
30/9/2025,MSH0013-Bindura-Zaoga,CELL_TDD,Bindura_Zaoga_LTE_3,3,MSH0013-Bindura-Zaoga,100%,100,99.9051,99.9827,99.0724,99.9828,0.7272,99.1604,99.1625,100.001,355.5571,325.6919,29.8651,7.4464,21,10.1708,4.0477,10.8931,3.4517,0.1312,0,0,22.7915,44.0931,1.8616,19.3373,10.2095,12.4111
30/9/2025,MSH0013-Bindura-Zaoga,CELL_TDD,Bindura_Zaoga_LTE_2,2,MSH0013-Bindura-Zaoga,100%,100,99.8369,99.9288,99.2103,99.624,1.2425,97.7136,98.4272,100.001,1328.8025,1224.4033,104.3992,30.8128,70,6.4159,4.0112,13.3572,6.0207,0.1543,0,0,63.2718,56.01,7.7032,37.8633,10.7082,13.584
30/9/2025,MSH0013-Bindura-Zaoga,CELL_TDD,Bindura_Zaoga_LTE_1,1,MSH0013-Bindura-Zaoga,100%,100,98.9031,99.6196,95.3139,99.0436,2.7825,98.9601,99.0914,100.0013,564.9836,503.975,61.0086,21.7936,108,5.6939,2.6719,17.7839,12.3717,0.2228,0,0.0003,47.846,48.766,5.4483,39.3175,9.2715,9.6259
30/9/2025,MSH-0331-Chiwaridzo 2,CELL_TDD,MSH-0331-Chiwaridzo 2_LTE_6,6,MSH-0331-Chiwaridzo 2_LTE,100%,100,99.4716,99.8645,96.0346,99.6823,0.6627,99.9863,99.9908,100.0007,657.181,602.2854,54.8956,17.7347,49,5.6542,3.5469,18.1348,5.3024,0.2124,0,0.0001,49.5022,50.1256,4.4337,37.7815,10.4273,14.0398
30/9/2025,MSH-0331-Chiwaridzo 2,CELL_TDD,MSH-0331-Chiwaridzo 2_LTE_5,5,MSH-0331-Chiwaridzo 2_LTE,100%,100,99.3668,99.7942,95.4722,99.8126,1.3691,99.9127,99.9308,100,772.2879,709.881,62.4069,17.9961,46,7.6216,4.3678,16.4765,4.7912,0.1882,0,0,43.9592,50.5949,4.499,32.9248,9.394,13.7057
30/9/2025,MSH-0331-Chiwaridzo 2,CELL_TDD,MSH-0331-Chiwaridzo 2_LTE_4,4,MSH-0331-Chiwaridzo 2_LTE,100%,100,99.2922,99.3425,98.6459,99.7422,0.7703,99.9253,99.9454,100,1297.1698,1186.8689,110.3009,30.2373,71,7.553,3.8635,16.1525,5.1144,0.1827,0,0.0001,63.5399,61.6141,7.5593,49.4778,11.2136,16.3016
30/9/2025,MSH-0331-Chiwaridzo 2,CELL_TDD,MSH-0331-Chiwaridzo 2_LTE_3,3,MSH-0331-Chiwaridzo 2_LTE,100%,100,99.7756,99.9332,97.3556,99.8402,0.5129,99.9071,99.9387,100.0003,745.0979,682.3666,62.7313,18.389,46,4.5947,4.0374,19.1681,4.575,0.2172,0,0,62.764,50.186,4.5973,37.2448,10.2558,11.4368
30/9/2025,MSH-0331-Chiwaridzo 2,CELL_TDD,MSH-0331-Chiwaridzo 2_LTE_2,2,MSH-0331-Chiwaridzo 2_LTE,100%,100,99.6424,99.963,94.7782,99.9046,1.2079,99.9036,99.9554,100,701.3118,647.1071,54.2048,19.4638,49,5.1181,3.3262,17.7621,5.2721,0.1995,0,0,50.5441,48.0232,4.866,31.6596,10.1208,12.8759
30/9/2025,MSH-0331-Chiwaridzo 2,CELL_TDD,MSH-0331-Chiwaridzo 2_LTE_1,1,MSH-0331-Chiwaridzo 2_LTE,100%,100,98.8797,98.9116,98.2405,99.8557,0.6144,99.9231,99.9446,100.001,1270.9053,1137.9878,132.9175,30.4866,74,6.5379,5.3252,15.3956,5.9933,0.1707,0,0,62.3729,56.7035,7.6217,38.2709,11.2658,15.1311
30/9/2025,MSH-0112-Bindura Hospital,CELL_TDD,MSH-0112-Bindura Hospital_LTE_1,1,MSH-0112-Bindura Hospital_LTE,100%,100,99.7805,99.9729,97.0551,99.8569,1.3227,99.9692,99.9884,100.0007,636.0615,521.4942,114.5673,8.0885,18,9.4326,11.4317,14.8051,3.2132,0.1685,0,0,37.6714,51.8368,2.0221,22.7023,11.5478,14.9473
30/9/2025,MSH-0112-Bindura Hospital,CELL_TDD,MSH-0112-Bindura Hospital_LTE_2,2,MSH-0112-Bindura Hospital_LTE,100%,100,99.884,100,98.2968,99.8498,0.3728,100,100,100.0003,421.3315,402.9166,18.4149,6.6054,18,19.5744,3.389,14.3163,2.8273,0.1591,0,0,18.5358,41.125,1.6513,12.8126,10.728,14.9238
30/9/2025,MSH-0112-Bindura Hospital,CELL_TDD,MSH-0112-Bindura Hospital_LTE_3,3,MSH-0112-Bindura Hospital_LTE,100%,100,99.8562,99.9821,97.6378,99.7758,0.5984,99.9407,94.3487,100.0003,775.4852,721.9894,53.4957,19.6731,44,9.0427,3.9113,15.4976,4.4571,0.1757,0,0,43.0991,49.5263,4.9183,27.6556,10.8337,14.0108
30/9/2025,MSH-0112-Bindura Hospital,CELL_TDD,MSH-0112-Bindura Hospital_LTE_4,4,MSH-0112-Bindura Hospital_LTE,100%,100,99.059,99.9043,93.3395,99.6555,1.0723,98.9273,99.3392,100.0007,403.6605,369.0252,34.6353,9.1153,21,8.6536,3.5155,13.4735,3.4925,0.1592,0,0,27.247,46.6946,2.2788,23.224,12.2568,15.1894
30/9/2025,MSH-0112-Bindura Hospital,CELL_TDD,MSH-0112-Bindura Hospital_LTE_5,5,MSH-0112-Bindura Hospital_LTE,100%,100,99.5877,99.929,97.4781,99.8079,0.2892,100,100,100.0003,199.9123,174.1015,25.8108,6.7847,16,10.5731,5.7981,15.1849,2.1623,0.1834,0,0,13.505,42.8994,1.6962,14.0977,10.1105,11.3019
30/9/2025,MSH-0112-Bindura Hospital,CELL_TDD,MSH-0112-Bindura Hospital_LTE_6,6,MSH-0112-Bindura Hospital_LTE,100%,100,99.6928,99.9274,97.5334,99.6919,0.9437,100,99.9339,100.0003,613.4417,547.898,65.5437,15.5433,39,8.652,4.8926,16.2845,4.9614,0.1853,0,0,40.2073,54.4968,3.8858,30.6539,10.755,12.7461
30/9/2025,MSH-0014-Chipadze,CELL_TDD,MSH-0014-Chipadze_LTE_6,6,MSH-0014-Chipadze,100%,99.9989,98.7441,99.8342,94.6092,99.7819,1.4292,99.365,99.3581,99.9993,749.0815,661.8469,87.2346,15.7381,25,7.3197,6.4119,16.3899,5.0267,0.1828,0,0.0001,44.1468,60.553,3.9345,23.1291,10.2852,16.3094
30/9/2025,MSH-0014-Chipadze,CELL_TDD,MSH-0014-Chipadze_LTE_5,5,MSH-0014-Chipadze,100%,99.9989,99.0496,99.7058,96.1838,99.4758,2.7948,98.7871,99.0732,99.999,587.4241,515.6871,71.737,22.864,57,2.4116,2.6363,19.7413,10.8069,0.2188,0,0.0003,66.0049,69.0004,5.716,33.137,8.9024,11.1463
30/9/2025,MSH-0014-Chipadze,CELL_TDD,MSH-0014-Chipadze_LTE_4,4,MSH-0014-Chipadze,100%,99.9989,99.8432,99.9692,99.3305,99.8361,1.4845,97.3438,97.6406,99.999,523.843,476.881,46.962,17.3365,34,5.9935,3.8031,17.4198,6.3927,0.1959,0,0,40.2161,58.3148,4.3341,23.3308,10.315,14.1928
30/9/2025,MSH-0014-Chipadze,CELL_TDD,MSH-0014-Chipadze_LTE_3,3,MSH-0014-Chipadze,100%,99.9989,99.0593,99.8333,95.3887,99.6479,1.5421,98.6542,98.8428,99.9993,862.5287,744.3628,118.1659,14.3648,32,8.7855,7.6828,16.0685,5.7179,0.1776,0,0,35.9604,64.3267,3.5912,17.0348,10.0926,14.8837
30/9/2025,MSH-0014-Chipadze,CELL_TDD,MSH-0014-Chipadze_LTE_2,2,MSH-0014-Chipadze,100%,99.9989,99.0346,99.6272,94.3461,99.5723,1.9722,97.8974,98.6997,99.999,771.5758,692.9418,78.6339,27.1528,57,2.5927,2.372,17.68,9.9162,0.1979,0,0.0002,64.0687,65.0309,6.7882,23.6205,8.2544,9.8775
30/9/2025,MSH-0014-Chipadze,CELL_TDD,MSH-0014-Chipadze_LTE_1,1,MSH-0014-Chipadze,100%,99.9989,99.6791,99.9297,98.3563,99.6154,1.5122,97.8015,98.203,99.999,688.9916,626.0999,62.8917,17.5208,44,7.5347,4.2763,16.7737,6.8611,0.1893,0,0,37.9892,57.1386,4.3802,19.0451,10.6791,13.1158
1/10/2025,MSH0013-Bindura-Zaoga,CELL_TDD,Bindura_Zaoga_LTE_6,6,MSH0013-Bindura-Zaoga,100%,100,99.8738,99.9436,98.2456,99.5139,0.9675,98.786,98.7993,100.0013,420.1251,391.8832,28.2419,5.6592,16,9.2106,3.6548,12.3398,4.7567,0.1539,0,0,32.5925,46.5472,1.4148,25.0788,10.0671,11.8083
1/10/2025,MSH0013-Bindura-Zaoga,CELL_TDD,Bindura_Zaoga_LTE_5,5,MSH0013-Bindura-Zaoga,100%,100,99.7453,99.8829,98.566,99.5459,1.3695,99.1478,99.2691,100.0013,829.4693,757.3126,72.1567,33.1223,79,4.7362,3.4327,13.9815,7.2054,0.1641,0,0,58.0739,49.5862,8.2806,42.4598,10.4359,12.9095
1/10/2025,MSH0013-Bindura-Zaoga,CELL_TDD,Bindura_Zaoga_LTE_4,4,MSH0013-Bindura-Zaoga,100%,100,98.0982,99.3581,91.5381,99.1594,2.3401,98.8671,99.0068,100.0013,708.6379,653.9321,54.7058,19.5111,41,5.7058,2.5734,15.9011,12.3732,0.1947,0,0.0001,51.9089,47.3368,4.8778,43.2905,9.4318,12.6618
1/10/2025,MSH0013-Bindura-Zaoga,CELL_TDD,Bindura_Zaoga_LTE_3,3,MSH0013-Bindura-Zaoga,100%,100,99.8655,99.9825,96.9027,99.948,0.6617,97.9085,98.2103,100.0016,443.5775,392.2661,51.3114,8.259,22,11.3645,6.6148,11.0957,3.5239,0.1316,0,0,26.1969,48.7385,2.0648,20.4851,10.2544,12.1582
1/10/2025,MSH0013-Bindura-Zaoga,CELL_TDD,Bindura_Zaoga_LTE_2,2,MSH0013-Bindura-Zaoga,100%,100,99.8278,99.9427,98.7309,99.6133,1.226,98.978,99.3672,100.0016,1210.6326,1096.7797,113.853,35.9817,88,6.0019,4.3952,13.1275,5.3236,0.1511,0,0,60.0658,63.643,8.9954,37.6231,10.6793,13.6792
1/10/2025,MSH0013-Bindura-Zaoga,CELL_TDD,Bindura_Zaoga_LTE_1,1,MSH0013-Bindura-Zaoga,100%,100,98.903,99.7227,94.4831,99.4022,2.0595,99.2378,99.4112,100.0013,566.852,520.5774,46.2746,18.8385,41,5.5226,2.4569,16.0128,9.8958,0.1949,0,0.0001,48.88,46.1376,4.7096,37.6188,9.1475,9.6911
1/10/2025,MSH-0331-Chiwaridzo 2,CELL_TDD,MSH-0331-Chiwaridzo 2_LTE_6,6,MSH-0331-Chiwaridzo 2_LTE,100%,100,99.4152,99.766,96.5015,99.3266,0.6186,99.9567,99.9584,100,617.8268,555.169,62.6578,18.4633,51,5.2903,4.3948,17.7865,4.2887,0.2024,0,0,45.9776,51.0687,4.6158,35.3326,10.5347,14.0666
1/10/2025,MSH-0331-Chiwaridzo 2,CELL_TDD,MSH-0331-Chiwaridzo 2_LTE_5,5,MSH-0331-Chiwaridzo 2_LTE,100%,100,99.5085,99.8743,97.2973,99.3019,1.079,99.8455,99.861,100.0003,857.4735,787.1335,70.34,18.7315,45,7.1923,4.6457,16.8451,4.6285,0.1911,0,0,52.3553,54.3419,4.6829,37.1598,9.4002,12.9944
1/10/2025,MSH-0331-Chiwaridzo 2,CELL_TDD,MSH-0331-Chiwaridzo 2_LTE_4,4,MSH-0331-Chiwaridzo 2_LTE,100%,100,99.1129,99.1442,98.692,99.726,0.848,99.9208,99.946,100,1263.9671,1151.7279,112.2393,31.3144,70,7.1719,4.3842,16.2784,5.8891,0.1826,0,0,61.2978,57.2332,7.8286,47.2267,11.3337,16.2313
1/10/2025,MSH-0331-Chiwaridzo 2,CELL_TDD,MSH-0331-Chiwaridzo 2_LTE_3,3,MSH-0331-Chiwaridzo 2_LTE,100%,100,99.7022,99.9632,96.2255,99.5324,0.6581,99.9482,99.969,100,676.8145,622.6682,54.1463,18.8168,51,4.3664,3.8222,17.2567,4.4381,0.1915,0,0,51.5172,48.1925,4.7042,32.1365,10.4521,12.3101
1/10/2025,MSH-0331-Chiwaridzo 2,CELL_TDD,MSH-0331-Chiwaridzo 2_LTE_2,2,MSH-0331-Chiwaridzo 2_LTE,100%,100,99.5949,99.9501,94.8966,99.6538,0.9723,99.9268,99.9635,100.0003,744.6393,692.9777,51.6616,19.2837,48,4.6906,3.0805,18.5884,5.3352,0.2081,0,0,61.6362,48.7583,4.8209,36.3859,10.1569,11.5927
1/10/2025,MSH-0331-Chiwaridzo 2,CELL_TDD,MSH-0331-Chiwaridzo 2_LTE_1,1,MSH-0331-Chiwaridzo 2_LTE,100%,100,99.568,99.5884,99.1393,99.7711,0.6261,99.9158,99.95,100,1255.5463,1137.7429,117.8035,35.597,77,5.2284,4.6383,16.449,5.672,0.1814,0,0,65.5862,54.522,8.8993,41.5415,10.9417,14.2885
1/10/2025,MSH-0112-Bindura Hospital,CELL_TDD,MSH-0112-Bindura Hospital_LTE_1,1,MSH-0112-Bindura Hospital_LTE,100%,100,98.6359,99.9783,86.6924,99.8076,0.7404,99.8868,99.9027,100.0003,475.8004,414.9952,60.8052,8.7077,21,9.4297,6.1333,15.0533,3.6154,0.1756,0,0,31.4119,46.7847,2.1769,22.5075,11.2146,14.125
1/10/2025,MSH-0112-Bindura Hospital,CELL_TDD,MSH-0112-Bindura Hospital_LTE_2,2,MSH-0112-Bindura Hospital_LTE,100%,100,99.8888,99.992,98.6904,99.8323,0.7178,100,100,100,403.6178,372.9634,30.6544,7.9808,18,14.2627,4.8672,14.7969,3.1232,0.1668,0,0,20.6218,44.2299,1.9952,14.3896,10.7711,13.8693
1/10/2025,MSH-0112-Bindura Hospital,CELL_TDD,MSH-0112-Bindura Hospital_LTE_3,3,MSH-0112-Bindura Hospital_LTE,100%,100,99.875,99.969,98.4119,99.7525,0.7947,99.9354,96.0943,100,815.6758,746.8105,68.8652,21.5831,38,9.284,4.2745,16.1053,4.6001,0.1835,0,0,47.9353,51.9286,5.3958,30.8456,10.7668,13.7718
1/10/2025,MSH-0112-Bindura Hospital,CELL_TDD,MSH-0112-Bindura Hospital_LTE_4,4,MSH-0112-Bindura Hospital_LTE,100%,100,99.0804,99.8343,94.0778,99.5152,0.5665,99.8741,99.9055,100,390.2248,355.3087,34.9161,9.4845,20,10.9882,4.0021,12.295,3.3403,0.148,0,0,20.2424,45.3181,2.3711,18.9684,12.5134,17.21
1/10/2025,MSH-0112-Bindura Hospital,CELL_TDD,MSH-0112-Bindura Hospital_LTE_5,5,MSH-0112-Bindura Hospital_LTE,100%,100,99.6416,99.9837,98.1534,99.7428,0.5896,100,100,100.0003,211.6037,190.3456,21.2581,6.6403,16,10.5788,4.2777,16.6181,2.8273,0.2136,0,0,15.6426,43.7674,1.6601,15.3156,9.938,10.7424
1/10/2025,MSH-0112-Bindura Hospital,CELL_TDD,MSH-0112-Bindura Hospital_LTE_6,6,MSH-0112-Bindura Hospital_LTE,100%,100,99.7168,99.9166,98.1316,99.6676,1.1266,99.8812,99.9047,100,760.3122,704.2648,56.0474,16.2234,38,8.3865,3.5336,16.5636,5.1692,0.1899,0,0,48.7039,52.8486,4.0558,37.3868,10.3835,11.5206
1/10/2025,MSH-0014-Chipadze,CELL_TDD,MSH-0014-Chipadze_LTE_6,6,MSH-0014-Chipadze,100%,100,98.7366,99.8499,89.8305,99.8608,0.8424,99.2462,99.3461,100.0006,827.8053,713.5741,114.2312,13.396,28,8.5924,7.5359,16.1463,3.9314,0.1734,0,0,44.2987,60.8001,3.349,23.1148,10.176,16.1004
1/10/2025,MSH-0014-Chipadze,CELL_TDD,MSH-0014-Chipadze_LTE_5,5,MSH-0014-Chipadze,100%,100,98.881,99.6355,94.3271,99.6396,2.35,96.9931,98.0159,100.0003,658.1815,590.3442,67.8373,24.1331,63,2.4985,2.1017,19.7706,11.239,0.2176,0,0.0001,67.6208,69.3861,6.0333,33.5353,8.71,11.4923
1/10/2025,MSH-0014-Chipadze,CELL_TDD,MSH-0014-Chipadze_LTE_4,4,MSH-0014-Chipadze,100%,100,99.8002,99.9505,98.7738,99.8992,0.8496,96.6236,97.1749,100.0003,510.5007,460.6536,49.8471,15.9518,36,6.5832,3.9223,17.0196,5.9805,0.1891,0,0,36.6212,58.2717,3.9879,22.7805,10.0651,14.1332
1/10/2025,MSH-0014-Chipadze,CELL_TDD,MSH-0014-Chipadze_LTE_3,3,MSH-0014-Chipadze,100%,100,99.3149,99.7817,93.6032,99.7782,0.9041,99.386,99.47,100.0003,1411.7398,1265.5143,146.2255,18.6151,39,10.9595,6.683,15.7174,3.4688,0.1733,0,0,49.1548,60.2596,4.6538,21.0495,10.19,15.7146
1/10/2025,MSH-0014-Chipadze,CELL_TDD,MSH-0014-Chipadze_LTE_2,2,MSH-0014-Chipadze,100%,100,99.1811,99.8084,92.7065,99.7109,1.7948,98.9529,99.3344,100.0003,918.9349,826.128,92.8069,26.841,56,2.9066,2.7481,18.1968,8.6268,0.2046,0,0.0001,71.6949,65.6581,6.7103,25.3234,8.7253,9.7061
1/10/2025,MSH-0014-Chipadze,CELL_TDD,MSH-0014-Chipadze_LTE_1,1,MSH-0014-Chipadze,100%,100,99.8754,99.9668,99.0462,99.8596,0.9413,98.6749,98.8722,100.0006,806.5401,732.3069,74.2332,21.387,45,9.6448,4.5359,16.3672,5.5588,0.183,0,0,37.3064,58.2344,5.3467,18.1396,10.759,14.0736
2/10/2025,MSH0013-Bindura-Zaoga,CELL_TDD,Bindura_Zaoga_LTE_6,6,MSH0013-Bindura-Zaoga,100%,100,99.2975,99.8524,92.8367,99.659,1.236,99.1185,99.1724,99.9989,352.7876,327.2993,25.4883,5.247,15,7.867,3.3232,12.4801,4.7462,0.1598,0,0,34.8059,46.3066,1.3118,26.0826,10.085,10.3362
2/10/2025,MSH0013-Bindura-Zaoga,CELL_TDD,Bindura_Zaoga_LTE_5,5,MSH0013-Bindura-Zaoga,100%,100,99.7609,99.9143,98.4774,99.5858,1.5296,99.1897,99.3262,99.9986,659.2087,605.3283,53.8805,32.1695,76,4.6896,2.8209,14.5133,7.6222,0.1758,0,0.0001,61.5301,49.1167,8.0424,44.3006,10.336,11.82
2/10/2025,MSH0013-Bindura-Zaoga,CELL_TDD,Bindura_Zaoga_LTE_4,4,MSH0013-Bindura-Zaoga,100%,100,98.1185,99.1327,92.3161,98.9914,2.1957,98.6812,98.8837,99.9989,548.1862,502.2214,45.9648,22.3576,49,5.9642,1.8787,15.8633,12.35,0.1952,0,0.0002,49.3751,48.5786,5.5894,43.1722,9.4823,11.3167
2/10/2025,MSH0013-Bindura-Zaoga,CELL_TDD,Bindura_Zaoga_LTE_3,3,MSH0013-Bindura-Zaoga,100%,100,99.7346,99.8708,97.2549,99.872,1.1001,99.2181,99.3151,99.9986,699.5031,648.2199,51.2832,7.7453,15,10.669,5.4799,11.2636,3.1049,0.1302,0,0,34.879,45.4411,1.9363,24.0755,10.2895,12.719
2/10/2025,MSH0013-Bindura-Zaoga,CELL_TDD,Bindura_Zaoga_LTE_2,2,MSH0013-Bindura-Zaoga,100%,100,99.8798,99.9554,99.0757,99.7159,1.0386,98.5948,99.0381,99.9986,1315.1983,1215.2899,99.9083,35.511,84,6.3299,3.9151,13.425,5.831,0.1534,0,0,62.8926,54.3172,8.8778,39.3792,10.4617,13.2849
2/10/2025,MSH0013-Bindura-Zaoga,CELL_TDD,Bindura_Zaoga_LTE_1,1,MSH0013-Bindura-Zaoga,100%,100,99.2022,99.813,95.0943,99.6781,1.6929,98.8451,99.1429,99.9989,664.3294,591.5267,72.8027,20.0033,44,6.6768,3.2042,14.6434,9.4681,0.1797,0,0.0001,46.1045,53.8174,5.0008,36.8436,9.3646,11.7282
2/10/2025,MSH-0331-Chiwaridzo 2,CELL_TDD,MSH-0331-Chiwaridzo 2_LTE_6,6,MSH-0331-Chiwaridzo 2_LTE,100%,100,99.6243,99.9033,97.6606,99.5209,0.6095,99.8351,99.9036,99.9986,770.8016,678.0629,92.7387,16.7544,39,5.5301,5.4956,17.8937,4.4551,0.2043,0,0,54.7847,55.172,4.1886,40.4246,10.3362,14.7046
2/10/2025,MSH-0331-Chiwaridzo 2,CELL_TDD,MSH-0331-Chiwaridzo 2_LTE_5,5,MSH-0331-Chiwaridzo 2_LTE,100%,100,99.3182,99.7252,96.7294,99.6438,1.2979,99.9198,99.8887,99.9997,888.2523,805.5558,82.6965,19.1725,49,6.7545,4.9333,17.2851,4.0454,0.1985,0,0,53.7379,53.915,4.7931,40.1306,9.4586,13.2679
2/10/2025,MSH-0331-Chiwaridzo 2,CELL_TDD,MSH-0331-Chiwaridzo 2_LTE_4,4,MSH-0331-Chiwaridzo 2_LTE,100%,100,99.0644,99.1263,98.382,99.6714,0.7171,99.9405,99.9494,99.9997,1231.3281,1123.2409,108.0872,30.9154,69,7.0898,3.8497,16.2992,6.1383,0.1839,0,0,64.1337,63.5443,7.7288,50.4875,11.1313,15.2005
2/10/2025,MSH-0331-Chiwaridzo 2,CELL_TDD,MSH-0331-Chiwaridzo 2_LTE_3,3,MSH-0331-Chiwaridzo 2_LTE,100%,100,99.8417,99.9187,98.7246,99.8099,0.6055,99.9785,99.9918,99.9997,912.2951,826.7572,85.5379,20.5828,49,5.7618,4.9277,16.4854,4.6071,0.1824,0,0,58.7561,52.2748,5.1457,35.0641,10.5229,13.8383
2/10/2025,MSH-0331-Chiwaridzo 2,CELL_TDD,MSH-0331-Chiwaridzo 2_LTE_2,2,MSH-0331-Chiwaridzo 2_LTE,100%,100,99.6878,99.971,95.6159,99.8099,1.1973,99.9306,99.9705,100,715.9453,665.5777,50.3676,19.4289,49,5.5196,3.224,18.6803,4.9012,0.2148,0,0,58.3488,48.3883,4.8572,34.3112,10.1941,11.7704
2/10/2025,MSH-0331-Chiwaridzo 2,CELL_TDD,MSH-0331-Chiwaridzo 2_LTE_1,1,MSH-0331-Chiwaridzo 2_LTE,100%,100,99.2112,99.2113,99.2075,99.8107,0.549,99.9559,99.9668,99.9997,1316.8149,1196.9905,119.8244,37.6885,70,6.9691,4.5984,15.373,6.7006,0.1706,0,0,65.2508,56.5461,9.4221,41.4797,11.1869,14.6607
2/10/2025,MSH-0112-Bindura Hospital,CELL_TDD,MSH-0112-Bindura Hospital_LTE_1,1,MSH-0112-Bindura Hospital_LTE,100%,100,99.832,99.9731,98.0913,99.8869,0.69,99.8883,99.9869,99.9997,558.0986,488.8771,69.2215,10.1732,23,9.6871,6.2938,15.3737,3.9466,0.1783,0,0,34.4586,48.7868,2.5433,22.5745,11.255,14.4543
2/10/2025,MSH-0112-Bindura Hospital,CELL_TDD,MSH-0112-Bindura Hospital_LTE_2,2,MSH-0112-Bindura Hospital_LTE,100%,100,99.8909,99.9723,99.0663,99.8628,0.6253,100,100,100,568.6358,519.6907,48.9451,8.0092,20,16.41,6.9905,14.6631,2.8168,0.1603,0,0,21.5664,45.6353,2.0023,14.6205,10.5478,15.7538
2/10/2025,MSH-0112-Bindura Hospital,CELL_TDD,MSH-0112-Bindura Hospital_LTE_3,3,MSH-0112-Bindura Hospital_LTE,100%,100,99.8849,99.9781,98.2033,99.8484,0.554,99.9463,95.8026,99.9997,780.0944,717.4106,62.6837,21.6655,38,9.2455,4.4942,15.7171,4.1903,0.1782,0,0,46.2477,49.6336,5.4164,29.447,10.7339,13.7477
2/10/2025,MSH-0112-Bindura Hospital,CELL_TDD,MSH-0112-Bindura Hospital_LTE_4,4,MSH-0112-Bindura Hospital_LTE,100%,100,99.4838,99.9201,96.9536,99.7436,0.4403,99.8423,99.9207,99.9997,480.9584,449.4409,31.5176,10.7963,25,9.8042,2.8994,13.2958,3.697,0.1523,0,0,28.3903,45.8832,2.6991,22.3126,12.3753,16.1283
2/10/2025,MSH-0112-Bindura Hospital,CELL_TDD,MSH-0112-Bindura Hospital_LTE_5,5,MSH-0112-Bindura Hospital_LTE,100%,100,99.6757,99.9571,98.9491,99.7268,0.4803,99.809,99.8664,99.9997,199.4699,175.6104,23.8595,6.1373,14,12.7062,6.1791,13.6334,2.0233,0.1609,0,0,14.1833,42.4881,1.5343,14.2816,10.1269,12.4756
2/10/2025,MSH-0112-Bindura Hospital,CELL_TDD,MSH-0112-Bindura Hospital_LTE_6,6,MSH-0112-Bindura Hospital_LTE,100%,100,99.6095,99.8099,98.2196,99.6883,0.8197,99.9105,99.9062,100,762.3942,694.4411,67.9531,16.2217,33,9.4317,4.8483,16.0283,4.5621,0.1828,0,0,46.5457,55.0994,4.0554,35.0579,10.5386,12.0758
2/10/2025,MSH-0014-Chipadze,CELL_TDD,MSH-0014-Chipadze_LTE_6,6,MSH-0014-Chipadze,100%,100,99.1586,99.9163,92.0833,99.8787,0.6135,99.2147,99.2754,100.0003,764.6294,700.9899,63.6395,14.4188,33,8.2455,4.8385,16.5756,4.2821,0.1812,0,0,45.6401,55.6847,3.6047,25.0294,9.8408,15.9985
2/10/2025,MSH-0014-Chipadze,CELL_TDD,MSH-0014-Chipadze_LTE_5,5,MSH-0014-Chipadze,100%,100,99.2384,99.826,94.9492,99.7642,1.7362,97.0709,97.3396,100.0003,600.6757,531.3679,69.3078,22.9343,62,1.9217,2.4074,19.9385,10.4946,0.2203,0,0.0003,68.9641,67.6049,5.7336,33.4375,8.5099,10.8551
2/10/2025,MSH-0014-Chipadze,CELL_TDD,MSH-0014-Chipadze_LTE_4,4,MSH-0014-Chipadze,100%,100,99.6938,99.8847,98.2175,99.8815,0.8677,98.1275,98.3377,100.0003,490.3982,441.3547,49.0436,13.201,31,5.333,4.0914,17.3464,6.3969,0.1913,0,0,42.1543,56.643,3.3003,23.5908,9.8952,13.2809
2/10/2025,MSH-0014-Chipadze,CELL_TDD,MSH-0014-Chipadze_LTE_3,3,MSH-0014-Chipadze,100%,100,99.2639,99.8617,89.9857,99.7812,0.6307,99.6192,99.6256,100.0003,1204.1587,1088.0059,116.1529,17.8525,40,10.8057,6.4214,15.8567,4.2409,0.1749,0,0,43.0191,57.5946,4.4631,18.7614,10.5012,15.276
2/10/2025,MSH-0014-Chipadze,CELL_TDD,MSH-0014-Chipadze_LTE_2,2,MSH-0014-Chipadze,100%,100,99.5923,99.8615,95.974,99.764,1.5917,99.6368,99.6533,100.0003,987.9614,887.5851,100.3763,27.4389,59,2.8878,3.1859,16.8041,8.0524,0.1874,0,0.0002,69.5032,64.6806,6.8597,24.7069,9.0366,10.3322
2/10/2025,MSH-0014-Chipadze,CELL_TDD,MSH-0014-Chipadze_LTE_1,1,MSH-0014-Chipadze,100%,100,99.8035,99.9742,97.4883,99.9066,0.7091,98.4277,98.6365,100.0017,799.3999,724.3572,75.0427,19.8429,42,8.4853,4.389,16.5069,5.2221,0.1834,0,0,38.0547,59.9813,4.9607,18.0353,10.5876,13.4179
3/10/2025,MSH0013-Bindura-Zaoga,CELL_TDD,Bindura_Zaoga_LTE_6,6,MSH0013-Bindura-Zaoga,100%,100,99.5217,99.7787,94.5313,99.8416,1.2423,99.4548,99.4298,100.0006,495.6018,456.8132,38.7886,5.0542,13,8.5688,6.0775,11.9466,4.2363,0.148,0,0,35.6092,46.2856,1.2635,25.7094,10.3154,12.6342
3/10/2025,MSH0013-Bindura-Zaoga,CELL_TDD,Bindura_Zaoga_LTE_5,5,MSH0013-Bindura-Zaoga,100%,100,99.7232,99.9057,97.9528,99.6464,1.5025,98.9564,99.0705,100.0003,628.9236,571.5263,57.3973,33.5901,82,4.4409,2.9573,15.5319,8.1453,0.1891,0,0.0001,55.5721,49.2566,8.3975,43.1175,10.5191,11.9486
3/10/2025,MSH0013-Bindura-Zaoga,CELL_TDD,Bindura_Zaoga_LTE_4,4,MSH0013-Bindura-Zaoga,100%,100,98.4407,99.3642,92.3255,98.9973,2.6226,99.0751,99.1107,100.0006,543.7138,502.5495,41.1643,22.1213,71,5.5412,1.9271,17.4695,12.8109,0.22,0,0.0003,48.6362,46.1218,5.5303,43.334,9.412,11.1922
3/10/2025,MSH0013-Bindura-Zaoga,CELL_TDD,Bindura_Zaoga_LTE_3,3,MSH0013-Bindura-Zaoga,100%,100,99.9242,99.9605,99.0566,99.9415,0.9019,98.8439,98.855,100.0003,499.181,467.3103,31.8707,5.7556,14,11.3575,4.5193,10.8166,3.1119,0.1304,0,0,29.3231,42.2157,1.4389,20.7621,10.1237,11.6837
3/10/2025,MSH0013-Bindura-Zaoga,CELL_TDD,Bindura_Zaoga_LTE_2,2,MSH0013-Bindura-Zaoga,100%,100,99.8414,99.9435,98.8416,99.6737,1.3222,97.8943,98.7001,100.0003,1172.2696,1052.6148,119.6548,33.5843,73,5.7167,4.331,13.2258,5.5858,0.1509,0,0,61.7085,73.5752,8.3961,38.8393,10.563,12.699
3/10/2025,MSH0013-Bindura-Zaoga,CELL_TDD,Bindura_Zaoga_LTE_1,1,MSH0013-Bindura-Zaoga,100%,100,98.841,99.6942,93.5679,99.5713,2.2364,99.2485,99.2278,100.0011,639.6029,581.9333,57.6696,23.3169,89,5.4317,2.5309,15.7554,9.7839,0.1944,0,0.0001,50.39,49.0426,5.8292,39.9571,9.2828,11.0879
3/10/2025,MSH-0331-Chiwaridzo 2,CELL_TDD,MSH-0331-Chiwaridzo 2_LTE_6,6,MSH-0331-Chiwaridzo 2_LTE,100%,100,99.2624,99.7938,94.4762,99.5897,0.8579,99.8877,99.8732,100.0011,855.0924,781.88,73.2124,19.9468,43,5.8509,4.057,17.3489,5.2804,0.2015,0,0,55.7465,52.7991,4.9867,40.1733,10.4769,14.7781
3/10/2025,MSH-0331-Chiwaridzo 2,CELL_TDD,MSH-0331-Chiwaridzo 2_LTE_5,5,MSH-0331-Chiwaridzo 2_LTE,100%,100,99.518,99.7509,97.6096,99.7157,1.2617,99.9323,99.9327,100.0009,829.0911,757.0162,72.075,19.3913,49,6.9127,4.9355,16.9468,4.5337,0.1907,0,0,49.366,51.5001,4.8478,35.4082,9.7119,13.2842
3/10/2025,MSH-0331-Chiwaridzo 2,CELL_TDD,MSH-0331-Chiwaridzo 2_LTE_4,4,MSH-0331-Chiwaridzo 2_LTE,100%,100,99.315,99.4127,97.9362,99.6817,0.8633,99.8922,99.8877,100.0006,1269.5825,1170.884,98.6985,32.9477,69,7.0414,3.5051,16.1897,6.818,0.1841,0,0,66.9834,56.9757,8.2369,49.6673,11.3406,16.2167
3/10/2025,MSH-0331-Chiwaridzo 2,CELL_TDD,MSH-0331-Chiwaridzo 2_LTE_3,3,MSH-0331-Chiwaridzo 2_LTE,100%,100,99.8649,99.9711,98.364,99.7929,0.7572,99.8882,99.9462,100.0009,865.9547,796.9914,68.9633,20.767,56,3.9397,4.2646,19.3541,4.6732,0.2174,0,0,68.614,49.7367,5.1918,39.3563,10.1149,11.9268
3/10/2025,MSH-0331-Chiwaridzo 2,CELL_TDD,MSH-0331-Chiwaridzo 2_LTE_2,2,MSH-0331-Chiwaridzo 2_LTE,100%,100,99.8045,99.9584,97.4374,99.869,2.0511,99.9379,99.9766,100.0006,820.9947,745.6009,75.3939,20.0938,53,5.133,4.4024,17.861,5.5872,0.2015,0,0,56.1309,51.1139,5.0234,33.6531,10.0557,12.7186
3/10/2025,MSH-0331-Chiwaridzo 2,CELL_TDD,MSH-0331-Chiwaridzo 2_LTE_1,1,MSH-0331-Chiwaridzo 2_LTE,100%,100,98.6035,98.6224,98.2115,99.7736,0.6949,99.9079,99.9297,100.0009,1324.7108,1218.8025,105.9082,33.7012,67,5.6431,4.0114,16.2228,6.7452,0.181,0,0,70.8129,55.2009,8.4253,43.1846,11.1203,14.1673
3/10/2025,MSH-0112-Bindura Hospital,CELL_TDD,MSH-0112-Bindura Hospital_LTE_1,1,MSH-0112-Bindura Hospital_LTE,100%,100,99.7529,99.9913,96.9574,99.8288,0.9945,100,99.9159,100.0006,679.4,618.9071,60.4929,10.7734,23,7.7786,4.8107,16.1428,3.562,0.1853,0,0,43.8441,47.9288,2.6934,26.0281,11.2646,14.2345
3/10/2025,MSH-0112-Bindura Hospital,CELL_TDD,MSH-0112-Bindura Hospital_LTE_2,2,MSH-0112-Bindura Hospital_LTE,100%,100,99.9087,99.9802,99.0533,99.8822,0.702,99.9671,99.9826,100,593.8208,523.6748,70.146,8.1984,20,15.1363,9.5876,14.0589,3.0075,0.1573,0,0,23.1749,49.003,2.0496,15.0075,11.0183,15.3076
3/10/2025,MSH-0112-Bindura Hospital,CELL_TDD,MSH-0112-Bindura Hospital_LTE_3,3,MSH-0112-Bindura Hospital_LTE,100%,100,99.9046,99.9675,98.6812,99.8684,0.6793,99.9593,95.8919,100,936.0785,878.9042,57.1743,20.2609,40,9.2671,3.9269,15.6049,4.1485,0.1743,0,0,50.6121,49.474,5.0652,29.0074,10.6196,13.9114
3/10/2025,MSH-0112-Bindura Hospital,CELL_TDD,MSH-0112-Bindura Hospital_LTE_4,4,MSH-0112-Bindura Hospital_LTE,100%,100,99.1399,99.6324,94.6168,99.5291,0.8889,99.8586,99.6878,100,519.4518,480.996,38.4558,11.7739,27,8.2189,3.0837,14.1867,4.1942,0.1629,0,0,36.8301,46.2526,2.9435,27.7459,12.3465,15.2394
3/10/2025,MSH-0112-Bindura Hospital,CELL_TDD,MSH-0112-Bindura Hospital_LTE_5,5,MSH-0112-Bindura Hospital_LTE,100%,100,99.6803,99.9251,98.2548,99.8672,0.6782,99.9412,99.9113,100,268.0764,241.4688,26.6076,6.9445,19,11.1168,6.4517,13.805,2.2601,0.1581,0,0,17.721,42.7908,1.7361,15.8589,10.754,13.7648
3/10/2025,MSH-0112-Bindura Hospital,CELL_TDD,MSH-0112-Bindura Hospital_LTE_6,6,MSH-0112-Bindura Hospital_LTE,100%,100,99.6544,99.9055,97.3297,99.7751,0.9132,99.9114,99.9413,100,683.3399,626.8405,56.4994,16.3853,35,7.2192,4.0302,16.8752,4.5722,0.1931,0,0,49.8921,51.1499,4.0963,36.8382,10.6291,12.1272
3/10/2025,MSH-0014-Chipadze,CELL_TDD,MSH-0014-Chipadze_LTE_6,6,MSH-0014-Chipadze,100%,99.9996,99.1098,99.7736,91.7444,99.8338,0.8423,99.0892,99.1922,100.0006,1058.5994,965.6535,92.9459,15.0061,30,8.1735,5.6327,15.9441,3.734,0.1694,0,0,51.2813,59.2207,3.7515,25.8156,9.888,17.3268
3/10/2025,MSH-0014-Chipadze,CELL_TDD,MSH-0014-Chipadze_LTE_5,5,MSH-0014-Chipadze,100%,99.9996,99.1997,99.7623,95.0498,99.7669,2.2101,97.6366,98.275,100.0003,628.4878,554.3482,74.1396,21.1358,52,1.7943,2.6681,19.7805,9.8314,0.2161,0,0.0001,69.6296,68.6918,5.284,34.617,8.8341,11.2066
3/10/2025,MSH-0014-Chipadze,CELL_TDD,MSH-0014-Chipadze_LTE_4,4,MSH-0014-Chipadze,100%,99.9996,99.7663,99.9397,98.0912,99.8814,0.8094,97.561,97.8909,99.6935,455.3595,416.0903,39.2691,14.5463,37,5.6139,3.6293,17.136,5.6595,0.1885,0,0,41.4813,54.6263,3.6366,22.714,9.688,13.1222
3/10/2025,MSH-0014-Chipadze,CELL_TDD,MSH-0014-Chipadze_LTE_3,3,MSH-0014-Chipadze,100%,99.9996,99.602,99.9378,93.8017,99.8302,0.5352,99.215,99.3093,100.0006,1192.6204,1098.5069,94.1135,18.2939,34,8.903,5.3769,15.3312,3.47,0.1669,0,0,49.1534,55.8752,4.5735,19.7666,10.2844,15.4709
3/10/2025,MSH-0014-Chipadze,CELL_TDD,MSH-0014-Chipadze_LTE_2,2,MSH-0014-Chipadze,100%,99.9996,99.5764,99.8677,95.5793,99.8192,1.9428,98.899,98.902,100.0003,825.7304,728.7734,96.957,25.878,52,1.971,3.4277,17.2235,7.6847,0.1917,0,0.0001,74.2308,63.9541,6.4695,24.5324,8.1031,8.6935
3/10/2025,MSH-0014-Chipadze,CELL_TDD,MSH-0014-Chipadze_LTE_1,1,MSH-0014-Chipadze,100%,99.9996,99.8766,99.9788,98.2432,99.9245,0.6,98.4683,98.7238,100.0006,665.1924,602.0998,63.0925,17.7452,39,7.58,4.9231,16.0614,5.1327,0.1785,0,0,40.2654,54.714,4.4363,17.8908,10.4904,12.0966
4/10/2025,MSH0013-Bindura-Zaoga,CELL_TDD,Bindura_Zaoga_LTE_6,6,MSH0013-Bindura-Zaoga,100%,100,99.7767,99.8434,98.4962,99.8643,0.9002,99.0457,99.0476,100,502.8822,466.0534,36.8287,5.981,16,9.0296,4.6485,12.0761,4.2471,0.1454,0,0,38.1486,46.3264,1.4953,28.0245,10.1167,11.481
4/10/2025,MSH0013-Bindura-Zaoga,CELL_TDD,Bindura_Zaoga_LTE_5,5,MSH0013-Bindura-Zaoga,100%,100,99.7473,99.8859,98.3853,99.6196,1.3271,99.1292,99.2883,99.9997,738.0826,676.676,61.4065,29.4747,77,3.7714,2.9871,14.101,8.0717,0.1677,0,0.0001,62.7197,51.4031,7.3687,44.2147,10.4345,11.9965
4/10/2025,MSH0013-Bindura-Zaoga,CELL_TDD,Bindura_Zaoga_LTE_4,4,MSH0013-Bindura-Zaoga,100%,100,98.3062,99.3437,91.6442,98.9299,3.0266,98.0611,98.3559,99.9997,565.228,521.829,43.3989,22.8518,52,6.3132,1.776,16.5832,14.56,0.2109,0,0.0001,47.0939,45.7055,5.713,43.028,9.185,11.1014
4/10/2025,MSH0013-Bindura-Zaoga,CELL_TDD,Bindura_Zaoga_LTE_3,3,MSH0013-Bindura-Zaoga,100%,100,99.8798,99.9568,98.8889,99.8927,0.7041,99.1803,99.3421,99.9997,650.9291,606.4143,44.5148,6.1632,15,10.2652,4.5341,10.9262,3.7165,0.1354,0,0,42.3845,44.9943,1.5408,24.1924,10.1695,12.4113
4/10/2025,MSH0013-Bindura-Zaoga,CELL_TDD,Bindura_Zaoga_LTE_2,2,MSH0013-Bindura-Zaoga,100%,100,99.7831,99.8861,98.6124,99.7426,1.0992,98.5149,98.9618,99.9997,1462.6504,1323.8076,138.8427,31.58,72,5.3783,5.109,12.7459,5.6172,0.1434,0,0,68.3487,56.9963,7.895,39.2872,10.487,13.2864
4/10/2025,MSH0013-Bindura-Zaoga,CELL_TDD,Bindura_Zaoga_LTE_1,1,MSH0013-Bindura-Zaoga,100%,100,98.8222,99.683,92.9301,99.5019,2.1663,97.8764,98.5634,99.9997,604.5484,557.5204,47.028,23.8456,51,5.2985,2.132,16.4663,9.9671,0.2035,0,0.0001,49.8335,48.0014,5.9614,39.7286,9.2559,10.1717
4/10/2025,MSH-0331-Chiwaridzo 2,CELL_TDD,MSH-0331-Chiwaridzo 2_LTE_6,6,MSH-0331-Chiwaridzo 2_LTE,100%,100,99.3066,99.8481,94.9979,99.3997,1.0057,99.9446,99.9456,99.9985,938.1468,863.4811,74.6657,19.5944,43,5.4699,4.019,17.8511,6.0866,0.21,0,0,63.8804,53.5743,4.8986,44.3602,10.1592,14.7219
4/10/2025,MSH-0331-Chiwaridzo 2,CELL_TDD,MSH-0331-Chiwaridzo 2_LTE_5,5,MSH-0331-Chiwaridzo 2_LTE,100%,100,99.386,99.7347,96.7627,99.504,1.3891,99.9715,99.98,99.9985,1121.9547,1031.3283,90.6264,19.7371,48,6.5697,5.1123,17.068,4.1935,0.1893,0,0,63.6383,54.1302,4.9343,42.2118,8.8806,13.8427
4/10/2025,MSH-0331-Chiwaridzo 2,CELL_TDD,MSH-0331-Chiwaridzo 2_LTE_4,4,MSH-0331-Chiwaridzo 2_LTE,100%,100,99.2706,99.5812,95.2417,99.821,0.6063,99.9511,99.9381,99.9988,1562.8788,1463.0273,99.8515,29.4961,70,6.5453,3.6019,16.8942,5.9647,0.1891,0,0,74.1393,63.0492,7.374,52.2652,11.1116,15.6349
4/10/2025,MSH-0331-Chiwaridzo 2,CELL_TDD,MSH-0331-Chiwaridzo 2_LTE_3,3,MSH-0331-Chiwaridzo 2_LTE,100%,100,99.8508,99.9547,98.4173,99.6572,0.7437,99.966,99.9603,99.9985,1058.9782,943.8448,115.1335,23.0708,62,4.304,5.766,17.4808,4.8722,0.195,0,0,69.3545,54.6888,5.7677,39.3644,9.7329,12.7086
4/10/2025,MSH-0331-Chiwaridzo 2,CELL_TDD,MSH-0331-Chiwaridzo 2_LTE_2,2,MSH-0331-Chiwaridzo 2_LTE,100%,100,99.83,99.9522,98.0207,99.8487,2.2433,99.9547,99.9727,99.9991,1061.2942,963.8747,97.4195,23.471,55,5.4291,4.796,17.2311,5.6894,0.1924,0,0.0001,63.0685,54.5527,5.8678,35.049,10.1976,14.1559
4/10/2025,MSH-0331-Chiwaridzo 2,CELL_TDD,MSH-0331-Chiwaridzo 2_LTE_1,1,MSH-0331-Chiwaridzo 2_LTE,100%,100,98.7882,98.7939,98.6359,99.7929,0.6692,99.9094,99.7976,99.9985,1443.7211,1340.3604,103.3607,39.1875,70,4.96,3.6277,17.264,6.1305,0.1893,0,0,76.6305,53.999,9.7969,44.547,11.0384,14.5999
4/10/2025,MSH-0112-Bindura Hospital,CELL_TDD,MSH-0112-Bindura Hospital_LTE_1,1,MSH-0112-Bindura Hospital_LTE,100%,100,99.8421,99.9794,98.2622,99.8089,1.8681,99.6709,99.9211,100.0009,610.9129,536.055,74.8579,9.1575,21,7.2999,5.8877,17.0013,4.3243,0.2055,0,0,44.3319,49.9802,2.2894,26.8682,11.3565,13.8914
4/10/2025,MSH-0112-Bindura Hospital,CELL_TDD,MSH-0112-Bindura Hospital_LTE_2,2,MSH-0112-Bindura Hospital_LTE,100%,100,99.9545,99.9828,99.7428,99.9598,0.515,100,99.9842,100.0006,680.7522,611.3815,69.3706,8.7868,20,12.3792,6.4307,16.4021,3.2601,0.1808,0,0,29.9573,59.8251,2.1967,18.7974,10.3461,13.6766
4/10/2025,MSH-0112-Bindura Hospital,CELL_TDD,MSH-0112-Bindura Hospital_LTE_3,3,MSH-0112-Bindura Hospital_LTE,100%,100,99.8141,99.9612,97.4432,99.8122,0.9697,99.9065,95.4005,100.0006,926.1896,862.9116,63.278,18.931,37,7.8434,3.7104,16.2941,4.7636,0.1824,0,0,53.1117,50.0452,4.7328,31.9393,10.2685,13.4455
4/10/2025,MSH-0112-Bindura Hospital,CELL_TDD,MSH-0112-Bindura Hospital_LTE_4,4,MSH-0112-Bindura Hospital_LTE,100%,100,99.5227,99.8794,96.9186,99.7142,0.7825,99.019,99.4582,100.0006,583.5674,549.1351,34.4323,13.3008,26,8.6612,3.1168,14.0333,3.787,0.1691,0,0,38.6308,47.1254,3.3252,28.4624,12.4088,16.1407
4/10/2025,MSH-0112-Bindura Hospital,CELL_TDD,MSH-0112-Bindura Hospital_LTE_5,5,MSH-0112-Bindura Hospital_LTE,100%,100,99.6646,99.9291,98.4336,99.918,0.4733,99.8655,99.9102,100.0006,328.7802,289.7998,38.9804,6.6018,17,9.3619,7.0846,15.4723,2.4426,0.1839,0,0,22.34,44.6537,1.6504,18.5422,10.2693,12.1311
4/10/2025,MSH-0112-Bindura Hospital,CELL_TDD,MSH-0112-Bindura Hospital_LTE_6,6,MSH-0112-Bindura Hospital_LTE,100%,100,99.5435,99.8576,97.2048,99.6857,1.0671,99.9171,99.8872,100.0006,707.781,653.1226,54.6584,14.4166,31,8.3162,4.0836,16.6076,4.7622,0.1893,0,0,47.3441,50.3841,3.6042,33.6417,10.4816,12.676
4/10/2025,MSH-0014-Chipadze,CELL_TDD,MSH-0014-Chipadze_LTE_6,6,MSH-0014-Chipadze,100%,100,99.1539,99.8618,92.4808,99.5994,1.2681,99.4009,99.4663,99.9988,958.0006,885.0205,72.9801,14.8482,28,7.1548,4.2573,16.3052,4.0697,0.17,0,0,52.6695,57.825,3.712,25.942,9.9911,15.8822
4/10/2025,MSH-0014-Chipadze,CELL_TDD,MSH-0014-Chipadze_LTE_5,5,MSH-0014-Chipadze,100%,100,99.419,99.7767,96.7064,99.6682,2.4398,98.1385,98.6581,99.9988,663.7889,588.7164,75.0724,25.0847,55,1.6666,2.208,19.2257,11.92,0.209,0,0.0003,74.9054,66.2427,6.2712,35.8531,8.6536,11.2904
4/10/2025,MSH-0014-Chipadze,CELL_TDD,MSH-0014-Chipadze_LTE_4,4,MSH-0014-Chipadze,100%,100,99.8523,99.9765,97.8302,99.9186,0.534,97.1367,97.4262,99.9988,581.6398,538.6229,43.0169,16.1862,37,5.0966,3.7337,17.1809,5.1512,0.1931,0,0,44.2813,55.46,4.0466,24.278,9.8929,14.2926
4/10/2025,MSH-0014-Chipadze,CELL_TDD,MSH-0014-Chipadze_LTE_3,3,MSH-0014-Chipadze,100%,100,99.5387,99.9237,93.1599,99.8575,0.9286,99.4576,99.5132,99.9988,1459.2941,1346.9377,112.3564,19.1874,36,8.2324,4.9554,15.0979,3.4285,0.1655,0,0,55.601,57.4405,4.7969,22.5493,9.8909,13.7057
4/10/2025,MSH-0014-Chipadze,CELL_TDD,MSH-0014-Chipadze_LTE_2,2,MSH-0014-Chipadze,100%,100,99.6122,99.8249,96.5851,99.7783,1.7747,99.19,99.3003,99.9988,980.971,871.8588,109.1122,28.4286,57,2.4099,3.1444,17.0865,8.1729,0.1878,0,0.0002,74.6246,66.8072,7.1071,25.5342,8.2955,9.6111
4/10/2025,MSH-0014-Chipadze,CELL_TDD,MSH-0014-Chipadze_LTE_1,1,MSH-0014-Chipadze,100%,100,99.8203,99.9909,97.2008,99.9549,0.6305,98.9759,99.0988,99.9994,686.2837,626.3729,59.9108,16.5735,38,7.165,5.2061,17.1161,5.2414,0.193,0,0,40.8584,53.319,4.1434,18.0304,10.3732,12.2114
5/10/2025,MSH0013-Bindura-Zaoga,CELL_TDD,Bindura_Zaoga_LTE_6,6,MSH0013-Bindura-Zaoga,100%,100,99.5829,99.7184,96.4706,99.1571,0.9188,99.0145,99.067,100.0003,491.9274,457.9547,33.9728,4.8856,12,6.6134,4.1189,13.6839,4.8742,0.1761,0,0,46.2254,47.3177,1.2214,31.6822,9.8486,10.053
5/10/2025,MSH0013-Bindura-Zaoga,CELL_TDD,Bindura_Zaoga_LTE_5,5,MSH0013-Bindura-Zaoga,100%,100,99.6418,99.8039,98.4191,99.5474,1.0487,99.0184,99.1667,100.0003,1280.5092,1204.0756,76.4336,21.1384,46,6.4674,3.5872,14.0549,6.2966,0.1647,0,0,71.488,52.1616,5.2846,45.0746,10.2806,13.1399
5/10/2025,MSH0013-Bindura-Zaoga,CELL_TDD,Bindura_Zaoga_LTE_4,4,MSH0013-Bindura-Zaoga,100%,100,98.1427,99.4385,90.1392,99.0139,2.502,98.6334,98.7688,99.9991,567.1013,515.4092,51.6921,24.2224,47,5.3965,2.2185,17.0114,13.1397,0.2105,0,0.0001,50.604,48.7588,6.0556,45.8649,9.3208,11.1072
5/10/2025,MSH0013-Bindura-Zaoga,CELL_TDD,Bindura_Zaoga_LTE_3,3,MSH0013-Bindura-Zaoga,100%,100,99.9841,100,99.5885,99.9507,0.4676,99.2316,99.2241,100.0003,641.1641,581.8945,59.2696,7.5743,15,9.9383,5.8076,11.2282,3.2625,0.134,0,0,40.2728,46.8608,1.8936,24.4097,10.4904,12.2842
5/10/2025,MSH0013-Bindura-Zaoga,CELL_TDD,Bindura_Zaoga_LTE_2,2,MSH0013-Bindura-Zaoga,100%,100,99.8127,99.9146,98.5524,99.7622,0.8637,98.545,98.9697,100.0003,722.3446,666.3559,55.9888,23.8172,51,4.7586,2.5696,13.2576,7.1303,0.1577,0,0,61.6049,51.0144,5.9543,38.3377,10.4229,11.6971
5/10/2025,MSH0013-Bindura-Zaoga,CELL_TDD,Bindura_Zaoga_LTE_1,1,MSH0013-Bindura-Zaoga,100%,100,98.9143,99.7551,92.0152,99.4669,2.0022,97.2613,98.4768,100.0003,630.8539,578.4306,52.4233,25.4266,48,5.1483,2.3327,15.9947,9.9731,0.1947,0,0.0001,52.1111,48.6167,6.3567,40.61,9.1896,10.3751
5/10/2025,MSH-0331-Chiwaridzo 2,CELL_TDD,MSH-0331-Chiwaridzo 2_LTE_6,6,MSH-0331-Chiwaridzo 2_LTE,100%,100,99.4283,99.7744,96.6011,99.4896,0.6809,99.9262,99.936,99.9987,880.7127,794.706,86.0067,19.5146,41,5.4097,4.7268,17.3331,4.605,0.199,0,0,65.3518,54.5332,4.8787,45.1184,10.1618,14.713
5/10/2025,MSH-0331-Chiwaridzo 2,CELL_TDD,MSH-0331-Chiwaridzo 2_LTE_5,5,MSH-0331-Chiwaridzo 2_LTE,100%,100,99.3355,99.6756,96.2349,99.7204,1.3552,99.9358,99.9369,99.9981,963.2581,881.1271,82.1309,22.2615,48,6.4816,4.7092,18.2178,4.921,0.2058,0,0,61.4926,55.094,5.5654,43.4764,9.5058,13.0194
5/10/2025,MSH-0331-Chiwaridzo 2,CELL_TDD,MSH-0331-Chiwaridzo 2_LTE_4,4,MSH-0331-Chiwaridzo 2_LTE,100%,100,99.0627,99.6104,93.2361,99.7061,0.7511,99.9121,99.9548,99.9981,1339.2733,1221.8678,117.4056,33.834,69,7.0309,3.8728,17.5454,6.7385,0.2019,0,0,72.1459,72.3725,8.4585,51.6233,11.0901,15.5609
5/10/2025,MSH-0331-Chiwaridzo 2,CELL_TDD,MSH-0331-Chiwaridzo 2_LTE_3,3,MSH-0331-Chiwaridzo 2_LTE,100%,100,99.7322,99.8835,97.2878,99.7265,0.6812,99.9423,99.9689,99.9984,1099.8502,1003.0567,96.7935,25.3012,50,4.9283,5.1031,18.0153,4.7893,0.2027,0,0,73.0061,52.2865,6.3253,40.7908,9.8128,12.7309
5/10/2025,MSH-0331-Chiwaridzo 2,CELL_TDD,MSH-0331-Chiwaridzo 2_LTE_2,2,MSH-0331-Chiwaridzo 2_LTE,100%,100,99.8105,99.9634,97.3938,99.8157,1.584,99.9456,99.9721,99.9965,1159.0408,1056.7935,102.2473,24.8268,50,5.6976,4.7692,16.6011,5.53,0.1835,0,0,66.1033,52.2414,6.2067,36.9319,10.1165,13.728
5/10/2025,MSH-0331-Chiwaridzo 2,CELL_TDD,MSH-0331-Chiwaridzo 2_LTE_1,1,MSH-0331-Chiwaridzo 2_LTE,100%,100,98.8756,98.8849,98.654,99.7888,0.4422,99.8803,99.9426,99.9987,1485.8535,1359.761,126.0925,40.3492,77,5.6773,4.2526,16.0601,7.0795,0.1755,0,0,70.5686,56.1451,10.0873,41.7679,10.9521,15.0437
5/10/2025,MSH-0112-Bindura Hospital,CELL_TDD,MSH-0112-Bindura Hospital_LTE_1,1,MSH-0112-Bindura Hospital_LTE,100%,100,99.8849,99.9631,98.7421,99.8716,0.8104,99.8351,99.9717,100.0013,782.3164,712.245,70.0714,10.0736,21,8.5966,5.3437,15.2657,3.4188,0.1716,0,0,47.198,47.5211,2.5184,25.2951,11.4984,15.3051
5/10/2025,MSH-0112-Bindura Hospital,CELL_TDD,MSH-0112-Bindura Hospital_LTE_2,2,MSH-0112-Bindura Hospital_LTE,100%,100,99.9014,99.9912,98.5155,99.9565,0.2708,100,100,100.0009,520.5581,484.6721,35.886,7.8571,21,12.8824,5.215,15.8642,3.214,0.1781,0,0,29.0559,45.4207,1.9643,17.2446,10.6314,13.9102
5/10/2025,MSH-0112-Bindura Hospital,CELL_TDD,MSH-0112-Bindura Hospital_LTE_3,3,MSH-0112-Bindura Hospital_LTE,100%,100,99.7861,99.9616,96.875,99.8449,0.9669,99.9518,98.864,100.0009,964.4893,898.5263,65.963,19.8417,40,8.7951,3.6859,16.6599,4.9204,0.1899,0,0,51.645,51.0842,4.9604,32.0827,10.5449,13.0523
5/10/2025,MSH-0112-Bindura Hospital,CELL_TDD,MSH-0112-Bindura Hospital_LTE_4,4,MSH-0112-Bindura Hospital_LTE,100%,100,99.4457,99.9444,95.4095,99.7144,0.4991,99.2653,99.6241,100.0009,522.519,488.6238,33.8952,11.3067,24,7.8324,3.4856,14.1127,3.2796,0.1618,0,0,37.8426,45.4106,2.8267,25.2704,12.3983,15.4361
5/10/2025,MSH-0112-Bindura Hospital,CELL_TDD,MSH-0112-Bindura Hospital_LTE_5,5,MSH-0112-Bindura Hospital_LTE,100%,100,99.8666,100,99.1372,99.897,0.2786,100,100,100.0009,451.967,413.9529,38.0141,7.1664,18,15.27,4.4947,13.2601,2.5799,0.1458,0,0,20.385,46.8159,1.7916,17.3929,10.3603,13.4812
5/10/2025,MSH-0112-Bindura Hospital,CELL_TDD,MSH-0112-Bindura Hospital_LTE_6,6,MSH-0112-Bindura Hospital_LTE,100%,100,99.5878,99.8867,96.575,99.6933,0.7751,99.8946,99.925,100.0006,532.22,477.2997,54.9203,16.0353,32,7.0066,3.8174,17.6599,5.2122,0.2019,0,0,43.4984,51.9911,4.0088,32.8841,10.6196,11.9998
5/10/2025,MSH-0014-Chipadze,CELL_TDD,MSH-0014-Chipadze_LTE_6,6,MSH-0014-Chipadze,100%,100,99.0402,99.7021,92.2942,99.6107,1.0016,99.3469,99.3939,99.9984,947.026,862.6937,84.3323,15.0315,32,8.0688,4.9985,16.3264,3.9346,0.1716,0,0,51.4218,63.1611,3.7579,25.1681,9.8063,15.9499
5/10/2025,MSH-0014-Chipadze,CELL_TDD,MSH-0014-Chipadze_LTE_5,5,MSH-0014-Chipadze,100%,100,99.3842,99.7217,96.0823,99.7505,2.3065,98.5394,98.7935,99.9981,667.7485,596.4728,71.2758,27.3032,58,1.5751,1.9782,20.1218,11.2773,0.2187,0,0.0002,68.2812,69.3582,6.8258,36.0554,8.7748,11.786
5/10/2025,MSH-0014-Chipadze,CELL_TDD,MSH-0014-Chipadze_LTE_4,4,MSH-0014-Chipadze,100%,100,99.9007,99.9643,99.0831,99.9303,0.609,97.4743,97.7337,99.9981,543.04,492.7498,50.2902,14.3361,29,6.1975,4.616,16.5485,5.0632,0.184,0,0,44.4455,56.6289,3.584,23.9356,9.8406,13.5307
5/10/2025,MSH-0014-Chipadze,CELL_TDD,MSH-0014-Chipadze_LTE_3,3,MSH-0014-Chipadze,100%,100,99.2387,99.8949,92.4407,99.8169,0.9885,99.35,99.4024,99.9981,1247.8652,1099.6254,148.2398,16.9897,32,7.3089,7.3781,16.0128,3.8921,0.1788,0,0,53.8694,60.5108,4.2474,21.4131,10.1041,13.0449
5/10/2025,MSH-0014-Chipadze,CELL_TDD,MSH-0014-Chipadze_LTE_2,2,MSH-0014-Chipadze,100%,100,99.6378,99.8383,96.8774,99.7615,1.7717,98.6648,98.9899,99.9981,944.3507,853.9606,90.3902,30.1679,60,2.1834,2.6393,17.2631,8.978,0.1913,0,0.0001,73.1929,63.867,7.542,25.6907,8.27,9.1154
5/10/2025,MSH-0014-Chipadze,CELL_TDD,MSH-0014-Chipadze_LTE_1,1,MSH-0014-Chipadze,100%,100,99.9571,99.9898,99.4607,99.955,0.6155,98.5769,98.7649,99.9981,702.8261,639.0735,63.7526,15.2146,32,7.5502,5.2136,16.0234,4.9327,0.1788,0,0,39.917,54.0342,3.8037,17.4737,10.4723,12.9395
6/10/2025,MSH0013-Bindura-Zaoga,CELL_TDD,Bindura_Zaoga_LTE_6,6,MSH0013-Bindura-Zaoga,100%,100,99.5544,99.8782,96.0912,99.5205,1.1851,98.7124,98.7215,100.0003,395.7881,366.3821,29.406,5.3734,13,8.2438,3.2292,12.962,4.5344,0.1698,0,0,31.4516,47.1498,1.3434,26.3748,9.8542,10.4539
6/10/2025,MSH0013-Bindura-Zaoga,CELL_TDD,Bindura_Zaoga_LTE_5,5,MSH0013-Bindura-Zaoga,100%,100,99.704,99.8783,98.0528,99.5874,1.4587,98.7735,98.9706,100.0003,961.6559,894.47,67.1859,33.4745,83,4.7743,3.1877,14.4218,7.3428,0.1695,0,0,64.6225,49.2701,8.3686,45.0362,10.2166,12.7352
6/10/2025,MSH0013-Bindura-Zaoga,CELL_TDD,Bindura_Zaoga_LTE_4,4,MSH0013-Bindura-Zaoga,100%,100,98.4686,99.425,91.5332,99.3144,2.5437,98.7175,98.8281,100.0006,473.3422,413.481,59.8612,23.5296,83,5.0413,2.5599,17.4879,13.4698,0.2197,0,0.0002,46.7507,48.6185,5.8824,44.0609,9.4502,10.5847
6/10/2025,MSH0013-Bindura-Zaoga,CELL_TDD,Bindura_Zaoga_LTE_3,3,MSH0013-Bindura-Zaoga,100%,100,99.9182,99.9481,99.3939,99.9143,0.7681,99.0486,99.1612,100.0006,399.8021,354.1863,45.6158,7.1767,14,9.6509,6.5632,11.1686,3.3311,0.1397,0,0,27.611,45.736,1.7942,19.4816,10.5518,11.727
6/10/2025,MSH0013-Bindura-Zaoga,CELL_TDD,Bindura_Zaoga_LTE_2,2,MSH0013-Bindura-Zaoga,100%,100,99.7835,99.8975,98.5595,99.6461,1.1182,98.9161,99.2374,100.0003,1122.1679,1021.3788,100.789,34.4474,87,5.2538,4.2643,13.4711,6.6484,0.1571,0,0,65.7773,53.7693,8.6119,39.3921,10.7934,12.888
6/10/2025,MSH0013-Bindura-Zaoga,CELL_TDD,Bindura_Zaoga_LTE_1,1,MSH0013-Bindura-Zaoga,100%,100,99.0618,99.7979,93.4746,99.5422,2.0155,99.1004,99.3003,100.0012,528.0483,462.568,65.4803,23.2714,80,4.8993,2.9495,18.4551,9.9943,0.2288,0,0,46.9513,51.1463,5.8179,38.863,9.3351,9.4114
6/10/2025,MSH-0331-Chiwaridzo 2,CELL_TDD,MSH-0331-Chiwaridzo 2_LTE_6,6,MSH-0331-Chiwaridzo 2_LTE,100%,100,99.5839,99.8471,97.2973,99.5202,0.8926,99.9629,99.9617,100.0032,805.1601,743.862,61.2981,19.758,49,5.3176,3.7913,17.8755,4.9398,0.2084,0,0,57.9048,50.5133,4.9395,41.9666,10.314,14.2573
6/10/2025,MSH-0331-Chiwaridzo 2,CELL_TDD,MSH-0331-Chiwaridzo 2_LTE_5,5,MSH-0331-Chiwaridzo 2_LTE,100%,100,99.1199,99.7661,93.7533,99.723,1.5706,99.9229,99.9281,100.0032,888.0377,779.1032,108.9345,21.0203,55,7.6527,5.5058,17.296,6.3202,0.1978,0,0,51.8691,56.9411,5.2551,39.012,9.423,13.3953
6/10/2025,MSH-0331-Chiwaridzo 2,CELL_TDD,MSH-0331-Chiwaridzo 2_LTE_4,4,MSH-0331-Chiwaridzo 2_LTE,100%,100,98.9363,99.0714,97.3152,99.8208,0.7824,99.9184,99.9212,100.0032,1404.4703,1282.8014,121.6689,32.2853,69,7.3428,4.2554,15.705,5.8712,0.1781,0,0,66.9104,61.5098,8.0713,50.795,11.1035,16.4884
6/10/2025,MSH-0331-Chiwaridzo 2,CELL_TDD,MSH-0331-Chiwaridzo 2_LTE_3,3,MSH-0331-Chiwaridzo 2_LTE,100%,100,99.834,99.9515,98.0351,99.7805,0.683,99.9196,99.9697,100.0035,712.3742,661.7372,50.6369,18.3228,41,3.5097,3.3842,21.0232,4.7345,0.2407,0,0,71.7391,47.3157,4.5807,42.0197,9.9451,10.0977
6/10/2025,MSH-0331-Chiwaridzo 2,CELL_TDD,MSH-0331-Chiwaridzo 2_LTE_2,2,MSH-0331-Chiwaridzo 2_LTE,100%,100,99.7969,99.9579,96.755,99.8959,1.3509,99.892,99.937,100.0032,850.8733,762.2994,88.5739,21.8082,48,5.5794,5.2735,19.0953,4.9798,0.215,0,0,62.6436,52.172,5.4521,36.0241,10.1722,11.8737
6/10/2025,MSH-0331-Chiwaridzo 2,CELL_TDD,MSH-0331-Chiwaridzo 2_LTE_1,1,MSH-0331-Chiwaridzo 2_LTE,100%,100,99.5301,99.5697,98.5642,99.8549,0.5538,99.9357,99.9758,100.0032,1398.2389,1282.4816,115.7573,36.102,77,5.8677,4.3316,15.6654,6.6825,0.1718,0,0,69.0841,55.3176,9.0255,42.6046,11.025,15.0091
6/10/2025,MSH-0112-Bindura Hospital,CELL_TDD,MSH-0112-Bindura Hospital_LTE_1,1,MSH-0112-Bindura Hospital_LTE,100%,100,99.9042,99.9747,98.6379,99.8994,0.3775,100,100,99.9991,563.9818,518.5891,45.3927,10.6005,25,9.4211,5.5471,14.3393,2.5409,0.1593,0,0,32.6017,44.7385,2.6501,20.1827,12.1469,15.0176
6/10/2025,MSH-0112-Bindura Hospital,CELL_TDD,MSH-0112-Bindura Hospital_LTE_2,2,MSH-0112-Bindura Hospital_LTE,100%,100,99.9489,100,99.3719,99.879,0.5643,99.9683,99.7028,99.9988,381.3231,355.4305,25.8925,7.2525,21,12.5127,4.0194,16.1488,3.485,0.1884,0,0,22.6358,42.8805,1.8131,15.2773,10.8139,13.5143
6/10/2025,MSH-0112-Bindura Hospital,CELL_TDD,MSH-0112-Bindura Hospital_LTE_3,3,MSH-0112-Bindura Hospital_LTE,100%,100,99.7473,99.9592,96.3901,99.8589,0.8984,99.9763,98.1003,99.9988,870.3243,783.6765,86.6478,19.7133,37,10.4123,5.7725,15.1754,4.6586,0.1719,0,0,42.6168,52.9269,4.9283,26.397,10.7958,14.2365
6/10/2025,MSH-0112-Bindura Hospital,CELL_TDD,MSH-0112-Bindura Hospital_LTE_4,4,MSH-0112-Bindura Hospital_LTE,100%,100,99.4119,99.9492,96.8472,99.6264,0.4579,100,100,99.9988,500.1606,464.34,35.8206,9.1563,27,9.6059,4.6261,13.5729,2.8693,0.1508,0,0,32.847,44.9348,2.2891,22.2117,12.3133,15.6458
6/10/2025,MSH-0112-Bindura Hospital,CELL_TDD,MSH-0112-Bindura Hospital_LTE_5,5,MSH-0112-Bindura Hospital_LTE,100%,100,99.8135,99.9538,98.9194,99.8188,0.7741,100,99.4083,99.9988,297.7217,274.8399,22.8818,6.6989,15,14.0409,4.6936,13.4137,1.9084,0.1551,0,0,15.9563,46.081,1.6747,15.4581,10.4836,13.1306
6/10/2025,MSH-0112-Bindura Hospital,CELL_TDD,MSH-0112-Bindura Hospital_LTE_6,6,MSH-0112-Bindura Hospital_LTE,100%,100,99.713,99.9023,98.0111,99.7627,1.062,99.9655,99.9225,99.9988,597.0864,513.6909,83.3955,16.7816,35,8.1693,5.7252,16.6123,4.7059,0.1899,0,0,40.4504,55.6797,4.1954,31.4032,10.8968,12.5587
6/10/2025,MSH-0014-Chipadze,CELL_TDD,MSH-0014-Chipadze_LTE_6,6,MSH-0014-Chipadze,100%,99.9989,99.0303,99.7497,91.4741,99.7749,0.9353,99.5181,99.5085,99.9997,659.1398,610.7772,48.3626,13.4631,32,7.6532,3.9484,16.2465,4.0948,0.174,0,0,39.0316,53.3753,3.3658,22.6029,9.9577,16.3931
6/10/2025,MSH-0014-Chipadze,CELL_TDD,MSH-0014-Chipadze_LTE_5,5,MSH-0014-Chipadze,100%,99.9989,99.0409,99.4859,95.2459,99.7261,2.309,98.2283,98.4397,99.9997,494.8532,442.2497,52.6035,20.7668,52,1.8721,2.1168,19.4735,11.7981,0.2149,0,0.0001,58.6327,63.1842,5.1917,31.5638,8.597,11.173
6/10/2025,MSH-0014-Chipadze,CELL_TDD,MSH-0014-Chipadze_LTE_4,4,MSH-0014-Chipadze,100%,99.9989,99.7895,99.9489,98.0769,99.915,0.6419,97.7401,98.1618,99.9997,501.4167,460.2768,41.1399,14.9482,33,5.0617,4.0402,17.4777,6.2086,0.1994,0,0,45.8227,56.6757,3.737,24.5156,9.7965,13.4771
6/10/2025,MSH-0014-Chipadze,CELL_TDD,MSH-0014-Chipadze_LTE_3,3,MSH-0014-Chipadze,100%,99.9989,99.5703,99.8827,95.5378,99.7983,0.903,99.528,99.5327,99.9997,1021.8101,932.0571,89.753,16.7071,33,10.7336,6.0845,16.0822,3.2722,0.1763,0,0,43.9533,54.3412,4.1768,19.0997,10.2518,14.7778
6/10/2025,MSH-0014-Chipadze,CELL_TDD,MSH-0014-Chipadze_LTE_2,2,MSH-0014-Chipadze,100%,99.9989,99.5391,99.8667,95.7482,99.7048,1.3315,99.1379,99.3754,100,762.0816,687.5657,74.5159,25.6257,57,2.9299,2.588,17.7562,8.2777,0.1974,0,0,62.0346,63.9163,6.4065,23.5831,8.9744,10.268
6/10/2025,MSH-0014-Chipadze,CELL_TDD,MSH-0014-Chipadze_LTE_1,1,MSH-0014-Chipadze,100%,99.9989,99.9541,99.9852,99.5241,99.8497,0.8269,98.3553,98.6819,99.9997,584.0141,532.8767,51.1374,17.6818,41,7.1202,4.6453,16.5122,5.3071,0.1917,0,0,36.3676,53.3052,4.4205,17.715,10.7296,12.3288
7/10/2025,MSH0013-Bindura-Zaoga,CELL_TDD,Bindura_Zaoga_LTE_6,6,MSH0013-Bindura-Zaoga,100%,100,99.7964,99.9805,96.2406,99.6399,0.7763,98.8139,98.874,100.0003,472.6074,426.387,46.2205,5.6704,13,9.1827,5.4299,11.9425,4.3038,0.1424,0,0,31.5953,49.3452,1.4176,26.6028,9.8479,13.1414
7/10/2025,MSH0013-Bindura-Zaoga,CELL_TDD,Bindura_Zaoga_LTE_5,5,MSH0013-Bindura-Zaoga,100%,100,99.634,99.8792,97.4467,99.6868,1.409,98.912,99.1059,100.0003,829.7246,765.4611,64.2634,35.2738,83,5.2816,3.1447,14.1491,7.1615,0.1672,0,0.0001,58.9947,53.1505,8.8184,42.6191,10.5673,12.8545
7/10/2025,MSH0013-Bindura-Zaoga,CELL_TDD,Bindura_Zaoga_LTE_4,4,MSH0013-Bindura-Zaoga,100%,100,98.6353,99.324,93.7265,99.2579,2.3642,99.0422,99.1582,100.0003,479.6491,435.1314,44.5177,24.8467,91,5.2646,1.8319,17.0804,13.0356,0.2085,0,0.0001,48.3294,48.0551,6.2117,44.3459,9.4763,10.7146
7/10/2025,MSH0013-Bindura-Zaoga,CELL_TDD,Bindura_Zaoga_LTE_3,3,MSH0013-Bindura-Zaoga,100%,100,99.9209,99.9793,98.6364,99.656,0.7683,97.9943,98.1884,100.0003,426.2297,376.1249,50.1048,7.0327,17,10.75,6.2749,11.4511,3.455,0.146,0,0,27.5493,46.076,1.7582,21.3088,10.6495,11.7655
7/10/2025,MSH0013-Bindura-Zaoga,CELL_TDD,Bindura_Zaoga_LTE_2,2,MSH0013-Bindura-Zaoga,100%,100,99.7286,99.9121,97.7166,99.6959,1.3248,98.9301,99.3721,100.0003,1234.9652,1137.429,97.5362,36.5216,86,6.2628,3.7537,13.3797,6.7723,0.1534,0,0,63.2356,54.3363,9.1304,37.8473,10.7625,13.4936
7/10/2025,MSH0013-Bindura-Zaoga,CELL_TDD,Bindura_Zaoga_LTE_1,1,MSH0013-Bindura-Zaoga,100%,100,99.1244,99.7205,94.6204,99.5526,2.0973,99.0788,99.2929,100.0008,561.0411,506.2457,54.7955,24.1847,90,5.3268,2.4684,16.4127,9.9302,0.2021,0,0.0002,47.8871,49.3262,6.0462,39.1112,9.335,9.8364
7/10/2025,MSH-0331-Chiwaridzo 2,CELL_TDD,MSH-0331-Chiwaridzo 2_LTE_6,6,MSH-0331-Chiwaridzo 2_LTE,100%,100,99.3832,99.7361,96.0582,99.5321,1.0514,99.9312,99.9487,99.9989,785.7707,716.3251,69.4455,20.9921,51,5.8126,3.986,18.632,4.7587,0.2161,0,0,55.5341,51.7216,5.248,42.8345,10.2198,13.75
7/10/2025,MSH-0331-Chiwaridzo 2,CELL_TDD,MSH-0331-Chiwaridzo 2_LTE_5,5,MSH-0331-Chiwaridzo 2_LTE,100%,100,99.1956,99.7941,92.967,99.8444,0.8058,99.9342,99.8861,99.9989,779.2421,711.4314,67.8107,21.3075,48,7.0371,4.4717,16.8433,4.6863,0.1876,0,0,47.6189,51.9184,5.3269,35.0728,9.4537,12.8339
7/10/2025,MSH-0331-Chiwaridzo 2,CELL_TDD,MSH-0331-Chiwaridzo 2_LTE_4,4,MSH-0331-Chiwaridzo 2_LTE,100%,100,98.9164,99.0772,97.093,99.5918,1.066,99.869,99.8999,99.9995,1401.4964,1274.6391,126.8573,33.5194,71,7.0427,3.9749,16.0101,5.6256,0.1804,0,0,68.5513,69.4112,8.3799,52.6312,11.1905,16.5288
7/10/2025,MSH-0331-Chiwaridzo 2,CELL_TDD,MSH-0331-Chiwaridzo 2_LTE_3,3,MSH-0331-Chiwaridzo 2_LTE,100%,100,99.8458,99.9832,97.7167,99.7784,0.8522,99.7334,99.8885,99.9989,889.0796,830.5955,58.4841,19.4159,48,5.5909,3.6081,16.9448,4.7625,0.1879,0,0,61.2327,49.2634,4.854,33.1597,10.1477,13.1815
7/10/2025,MSH-0331-Chiwaridzo 2,CELL_TDD,MSH-0331-Chiwaridzo 2_LTE_2,2,MSH-0331-Chiwaridzo 2_LTE,100%,100,99.7499,99.971,94.7507,99.9251,1.0428,99.7644,99.9137,99.9992,854.7351,778.865,75.8701,23.2145,58,6.3375,4.0145,17.3883,5.2954,0.199,0,0,55.2002,51.2114,5.8036,33.8267,10.1358,12.5501
7/10/2025,MSH-0331-Chiwaridzo 2,CELL_TDD,MSH-0331-Chiwaridzo 2_LTE_1,1,MSH-0331-Chiwaridzo 2_LTE,100%,100,99.2971,99.3625,97.9462,99.7557,0.6123,99.8661,99.9329,99.9992,1498.0021,1371.2909,126.7112,38.6856,79,5.6669,4.298,16.1183,6.6092,0.1761,0,0,73.7949,55.8684,9.6714,44.8223,10.9499,14.5666
7/10/2025,MSH-0112-Bindura Hospital,CELL_TDD,MSH-0112-Bindura Hospital_LTE_1,1,MSH-0112-Bindura Hospital_LTE,100%,100,99.8578,99.9646,97.4763,99.9367,0.6479,100,100,100.0003,731.4524,671.214,60.2384,9.9519,26,8.4874,5.0719,16.0224,3.4092,0.1823,0,0,46.2047,48.2711,2.488,26.7266,11.6422,14.4992
7/10/2025,MSH-0112-Bindura Hospital,CELL_TDD,MSH-0112-Bindura Hospital_LTE_2,2,MSH-0112-Bindura Hospital_LTE,100%,100,99.927,100,99.2045,99.818,0.7918,99.9343,99.9539,99.9997,428.0702,389.3949,38.6753,7.8376,22,14.9225,5.1421,16.4477,3.3362,0.1853,0,0,21.5095,45.8373,1.9594,15.4391,10.753,13.6193
7/10/2025,MSH-0112-Bindura Hospital,CELL_TDD,MSH-0112-Bindura Hospital_LTE_3,3,MSH-0112-Bindura Hospital_LTE,100%,100,99.8968,99.9595,98.7757,99.8396,0.5224,99.9242,97.4162,99.9995,894.3146,839.6673,54.6473,19.6022,39,8.519,3.396,15.6151,4.6496,0.1767,0,0,48.6896,48.22,4.9006,28.9116,10.4531,13.3798
7/10/2025,MSH-0112-Bindura Hospital,CELL_TDD,MSH-0112-Bindura Hospital_LTE_4,4,MSH-0112-Bindura Hospital_LTE,100%,100,99.6785,99.9762,97.0053,99.8013,0.5921,100,100,99.9995,579.8787,535.7045,44.1741,11.3841,25,10.1132,4.7876,14.4504,3.2525,0.1639,0,0,34.7905,46.6483,2.846,24.173,12.6059,15.5159
7/10/2025,MSH-0112-Bindura Hospital,CELL_TDD,MSH-0112-Bindura Hospital_LTE_5,5,MSH-0112-Bindura Hospital_LTE,100%,100,99.6981,99.9774,99.2107,99.7028,0.7143,100,100,99.9997,233.4144,216.6633,16.7511,5.4762,15,14.5256,4.3498,13.0434,1.8921,0.1473,0,0,13.0645,41.0058,1.3691,12.7248,10.0531,12.7369
7/10/2025,MSH-0112-Bindura Hospital,CELL_TDD,MSH-0112-Bindura Hospital_LTE_6,6,MSH-0112-Bindura Hospital_LTE,100%,100,99.7322,99.8896,98.0412,99.8016,1.0824,100,100,99.9995,468.6985,420.7758,47.9226,15.6288,36,7.4517,3.8249,17.055,5.0777,0.2006,0,0,38.8103,51.5781,3.9072,30.5079,10.898,12.1688
7/10/2025,MSH-0014-Chipadze,CELL_TDD,MSH-0014-Chipadze_LTE_6,6,MSH-0014-Chipadze,100%,99.9996,99.6536,99.9263,96.3323,99.8785,0.8829,99.2485,99.2553,100.0003,823.6267,749.7517,73.8749,15.1742,30,6.6127,4.5715,16.2086,3.9219,0.171,0,0,48.4833,58.3029,3.7936,24.6962,9.4791,15.9493
7/10/2025,MSH-0014-Chipadze,CELL_TDD,MSH-0014-Chipadze_LTE_5,5,MSH-0014-Chipadze,100%,99.9996,99.0495,99.5781,95.1799,99.6686,2.6934,98.8235,98.9117,100.0003,619.1506,541.426,77.7245,23.2259,60,1.7654,2.4195,19.8989,11.7289,0.217,0,0.0001,69.5263,67.0964,5.8065,35.0256,7.9936,11.2276
7/10/2025,MSH-0014-Chipadze,CELL_TDD,MSH-0014-Chipadze_LTE_4,4,MSH-0014-Chipadze,100%,99.9996,99.8842,99.9673,98.9501,99.9035,0.5966,98.1409,98.4603,100.0003,501.2969,459.6364,41.6605,15.7169,35,5.8397,3.8165,16.7906,5.5927,0.1846,0,0,41.5093,55.6749,3.9292,23.6946,9.9243,13.7948
7/10/2025,MSH-0014-Chipadze,CELL_TDD,MSH-0014-Chipadze_LTE_3,3,MSH-0014-Chipadze,100%,99.9996,99.6526,99.9079,95.4219,99.8872,0.6123,99.7081,99.7477,100.0006,1210.865,1106.2687,104.5963,17.9764,34,8.4218,5.3526,15.2889,3.7235,0.1684,0,0,52.3612,57.8447,4.4941,21.2164,10.1872,14.3835
7/10/2025,MSH-0014-Chipadze,CELL_TDD,MSH-0014-Chipadze_LTE_2,2,MSH-0014-Chipadze,100%,99.9996,99.4923,99.804,95.4998,99.7259,1.7056,98.6714,98.9022,100.0003,909.759,821.0438,88.7152,26.2489,59,2.5995,2.6216,17.0377,8.6309,0.1879,0,0.0001,70.4624,64.6139,6.5622,25.4716,8.6625,9.4499
7/10/2025,MSH-0014-Chipadze,CELL_TDD,MSH-0014-Chipadze_LTE_1,1,MSH-0014-Chipadze,100%,99.9996,99.8723,99.9753,98.2249,99.8984,0.6065,98.6694,98.8621,100.0006,659.1628,596.014,63.1488,18.0081,42,8.6827,5.331,16.2209,5.1046,0.1833,0,0,36.8197,54.3606,4.502,17.5324,10.506,12.8132
8/10/2025,MSH0013-Bindura-Zaoga,CELL_TDD,Bindura_Zaoga_LTE_6,6,MSH0013-Bindura-Zaoga,100%,100,99.5011,99.731,96.5636,99.8932,1.2036,98.652,98.7035,99.9981,478.6689,433.4083,45.2606,5.5052,14,7.4789,4.9823,12.7467,4.953,0.1623,0,0,42.3686,47.9861,1.3763,30.8613,9.8099,10.8124
8/10/2025,MSH0013-Bindura-Zaoga,CELL_TDD,Bindura_Zaoga_LTE_5,5,MSH0013-Bindura-Zaoga,100%,100,99.7019,99.819,98.6229,99.5508,1.344,98.4163,98.6856,99.9981,799.8511,735.2672,64.584,34.1759,82,4.7609,2.9468,14.3954,7.5969,0.1681,0,0,61.7624,51.8532,8.544,44.2731,10.4906,12.8086
8/10/2025,MSH0013-Bindura-Zaoga,CELL_TDD,Bindura_Zaoga_LTE_4,4,MSH0013-Bindura-Zaoga,100%,100,98.2892,99.2313,92.7674,99.2426,2.7172,99.0088,99.0667,99.9984,603.7601,550.6561,53.1041,24.2621,55,6.1371,2.0362,16.4849,11.9764,0.202,0,0.0002,48.4654,52.5367,6.0655,43.4995,9.5617,12.1646
8/10/2025,MSH0013-Bindura-Zaoga,CELL_TDD,Bindura_Zaoga_LTE_3,3,MSH0013-Bindura-Zaoga,100%,100,99.8273,99.9303,98.4709,99.7465,0.5539,99.2556,99.3678,99.9981,508.6474,471.9906,36.6568,6.5708,15,10.7808,4.3522,11.4324,3.3944,0.1395,0,0,31.3262,44.6959,1.6427,21.7175,10.6993,11.9481
8/10/2025,MSH0013-Bindura-Zaoga,CELL_TDD,Bindura_Zaoga_LTE_2,2,MSH0013-Bindura-Zaoga,100%,100,99.7485,99.8838,98.425,99.6158,1.3503,98.8242,99.1468,99.9981,1296.1,1192.3307,103.7693,37.5704,84,5.6559,3.7238,13.5602,6.0605,0.1559,0,0,67.2547,58.0652,9.3926,41.6031,10.5879,12.7942
8/10/2025,MSH0013-Bindura-Zaoga,CELL_TDD,Bindura_Zaoga_LTE_1,1,MSH0013-Bindura-Zaoga,100%,100,99.0733,99.7708,94.4246,99.5745,2.3772,99.1015,99.207,99.9984,581.3241,500.9111,80.413,23.2021,48,5.2948,3.2803,16.9224,10.034,0.2093,0,0.0002,48.1764,52.1329,5.8005,39.7449,9.3584,10.2981
8/10/2025,MSH-0331-Chiwaridzo 2,CELL_TDD,MSH-0331-Chiwaridzo 2_LTE_6,6,MSH-0331-Chiwaridzo 2_LTE,100%,100,99.2124,99.8492,92.5602,99.5709,0.949,99.9063,99.917,100.0011,762.9406,706.627,56.3136,19.3714,52,5.7047,2.6383,18.1325,6.5377,0.2119,0,0,57.6202,53.1589,4.8429,42.8563,10.2086,13.7735
8/10/2025,MSH-0331-Chiwaridzo 2,CELL_TDD,MSH-0331-Chiwaridzo 2_LTE_5,5,MSH-0331-Chiwaridzo 2_LTE,100%,100,99.2867,99.7366,94.4944,99.771,1.4462,99.9681,99.9558,100.0011,912.4738,853.6378,58.836,21.8715,49,8.0399,3.4297,16.0173,5.7746,0.1796,0,0,52.5719,51.0632,5.4679,37.8996,9.5285,13.2793
8/10/2025,MSH-0331-Chiwaridzo 2,CELL_TDD,MSH-0331-Chiwaridzo 2_LTE_4,4,MSH-0331-Chiwaridzo 2_LTE,100%,100,99.0432,99.1107,98.1688,99.6151,0.6466,99.9447,99.9457,100.0011,1213.6422,1109.6571,103.9851,34.7065,71,6.8565,3.7019,16.2615,5.4176,0.1831,0,0,64.8318,58.3207,8.6766,50.3853,11.187,16.217
8/10/2025,MSH-0331-Chiwaridzo 2,CELL_TDD,MSH-0331-Chiwaridzo 2_LTE_3,3,MSH-0331-Chiwaridzo 2_LTE,100%,100,99.7858,99.9877,96.6887,99.7354,0.6709,99.9098,99.9416,100.0011,767.7597,715.8682,51.8914,20.4166,49,4.8475,3.6691,19.5671,4.4348,0.2254,0,0,61.1883,47.7298,5.1042,34.7082,9.9006,11.564
8/10/2025,MSH-0331-Chiwaridzo 2,CELL_TDD,MSH-0331-Chiwaridzo 2_LTE_2,2,MSH-0331-Chiwaridzo 2_LTE,100%,100,99.8194,99.9626,97.1875,99.8687,1.0163,99.5141,99.7428,100.0011,876.9408,802.3506,74.5902,19.9904,50,5.8993,3.5075,19.4753,5.6938,0.2224,0,0.0001,64.5019,51.084,4.9976,36.744,9.9939,11.6579
8/10/2025,MSH-0331-Chiwaridzo 2,CELL_TDD,MSH-0331-Chiwaridzo 2_LTE_1,1,MSH-0331-Chiwaridzo 2_LTE,100%,100,99.3201,99.3485,98.6274,99.8366,0.4979,99.7785,99.8878,100.0011,1391.732,1275.9175,115.8145,36.8053,78,5.6744,4.0122,15.9048,6.7147,0.1738,0,0,68.824,55.9198,9.2013,44.7299,10.902,13.9543
8/10/2025,MSH-0112-Bindura Hospital,CELL_TDD,MSH-0112-Bindura Hospital_LTE_1,1,MSH-0112-Bindura Hospital_LTE,100%,100,99.8206,99.9731,96.7258,99.7803,1.6188,99.9345,99.9777,100.0014,714.8512,650.3549,64.4963,10.5393,25,7.9044,5.3409,14.9724,3.34,0.1699,0,0,45.4323,46.9659,2.6348,26.292,11.5889,14.75
8/10/2025,MSH-0112-Bindura Hospital,CELL_TDD,MSH-0112-Bindura Hospital_LTE_2,2,MSH-0112-Bindura Hospital_LTE,100%,100,99.8827,99.9784,98.996,99.8711,0.6084,99.8935,99.9292,100.0008,527.318,396.2933,131.0247,7.9103,20,12.1677,13.3375,14.5298,3.9773,0.1679,0,0,24.2907,56.8969,1.9776,17.6494,10.8266,15.304
8/10/2025,MSH-0112-Bindura Hospital,CELL_TDD,MSH-0112-Bindura Hospital_LTE_3,3,MSH-0112-Bindura Hospital_LTE,100%,100,99.8713,99.9761,98.1908,99.787,0.8329,99.986,99.4817,100.0008,908.77,815.8569,92.9131,21.3032,42,8.632,5.3168,15.5278,4.6557,0.1772,0,0,47.08,52.3063,5.3258,30.312,10.7406,14.2467
8/10/2025,MSH-0112-Bindura Hospital,CELL_TDD,MSH-0112-Bindura Hospital_LTE_4,4,MSH-0112-Bindura Hospital_LTE,100%,100,99.1415,99.8746,93.8739,99.6553,0.5397,99.8573,99.8672,100.0008,645.8569,613.6937,32.1633,12.3988,27,6.1135,2.5321,17.3577,3.9264,0.1945,0,0,48.7512,47.7517,3.0997,33.4633,12.1746,12.3689
8/10/2025,MSH-0112-Bindura Hospital,CELL_TDD,MSH-0112-Bindura Hospital_LTE_5,5,MSH-0112-Bindura Hospital_LTE,100%,100,99.1974,99.864,95.6204,99.8247,0.5376,100,99.9656,100.0011,391.4653,353.1449,38.3204,6.7488,19,12.3509,5.7671,14.9608,2.4611,0.1712,0,0,21.8539,49.6823,1.6872,18.7383,9.9009,12.4996
8/10/2025,MSH-0112-Bindura Hospital,CELL_TDD,MSH-0112-Bindura Hospital_LTE_6,6,MSH-0112-Bindura Hospital_LTE,100%,100,99.5767,99.8906,96.7837,99.6661,1.2424,99.7724,99.8536,100.0008,612.5629,549.3141,63.2488,17.3234,38,8.5156,4.1687,16.7965,5.635,0.1965,0,0,40.3483,54.704,4.3308,31.6432,10.9897,13.1125
8/10/2025,MSH-0014-Chipadze,CELL_TDD,MSH-0014-Chipadze_LTE_6,6,MSH-0014-Chipadze,100%,100,99.1614,99.8911,89.1979,99.8545,0.7714,98.8072,98.9107,100.0008,937.4837,848.4724,89.0113,16.7777,34,6.1573,4.9628,16.6132,4.6117,0.1768,0,0,53.6441,60.9975,4.1944,26.3299,9.8915,15.83
8/10/2025,MSH-0014-Chipadze,CELL_TDD,MSH-0014-Chipadze_LTE_5,5,MSH-0014-Chipadze,100%,100,99.4337,99.7716,96.5528,99.7317,2.1378,98.2364,98.5287,100.0011,677.8761,613.4782,64.398,25.9103,57,2.2066,1.8857,19.9019,10.733,0.2181,0,0.0002,68.145,66.3484,6.4776,34.6053,8.6222,11.7789
8/10/2025,MSH-0014-Chipadze,CELL_TDD,MSH-0014-Chipadze_LTE_4,4,MSH-0014-Chipadze,100%,100,99.6639,99.9575,97.2356,99.891,0.7342,97.7281,98.0269,100.0008,500.5627,446.3512,54.2115,14.4396,36,5.6055,4.2918,16.4646,6.275,0.1835,0,0,37.188,58.1601,3.6099,22.7378,9.7252,14.4324
8/10/2025,MSH-0014-Chipadze,CELL_TDD,MSH-0014-Chipadze_LTE_3,3,MSH-0014-Chipadze,100%,100,99.4472,99.9202,91.8498,99.8473,0.894,99.4977,99.5589,100.0011,1279.5043,1153.5063,125.998,17.7846,33,7.5056,6.3581,15.5726,3.9192,0.174,0,0,54.7789,59.0184,4.4462,21.7175,10.0363,13.1353
8/10/2025,MSH-0014-Chipadze,CELL_TDD,MSH-0014-Chipadze_LTE_2,2,MSH-0014-Chipadze,100%,100,99.6297,99.8805,95.8829,99.7536,1.3793,99.0816,99.2058,100.0008,971.2792,883.4084,87.8708,28.2513,60,2.8366,2.5195,17.1766,8.4116,0.1911,0,0.0001,77.8088,64.6603,7.0628,25.3832,8.2262,9.9408
8/10/2025,MSH-0014-Chipadze,CELL_TDD,MSH-0014-Chipadze_LTE_1,1,MSH-0014-Chipadze,100%,100,99.7271,99.9351,97.3531,99.8453,0.9586,98.0492,98.4435,100.0014,758.7382,685.2072,73.531,18.2153,38,10.2147,5.913,16.5315,5.1096,0.1867,0,0,34.1311,54.8692,4.5538,16.7714,10.561,14.4396
9/10/2025,MSH0013-Bindura-Zaoga,CELL_TDD,Bindura_Zaoga_LTE_6,6,MSH0013-Bindura-Zaoga,100%,100,99.7785,99.922,97.2603,99.7939,1.1024,99.0164,99.0794,100.0014,409.3999,376.6367,32.7631,5.7446,14,7.1307,3.3811,12.928,5.0489,0.1657,0,0,34.8691,47.4892,1.4361,28.3259,9.8824,10.4935
9/10/2025,MSH0013-Bindura-Zaoga,CELL_TDD,Bindura_Zaoga_LTE_5,5,MSH0013-Bindura-Zaoga,100%,100,99.6337,99.7914,98.1818,99.5428,1.7728,99.1069,99.1922,100.0014,887.0937,812.6556,74.4381,32.9798,79,5.097,3.4003,14.2206,7.3684,0.1669,0,0.0002,62.0289,52.2407,8.245,44.3067,10.312,12.9025
9/10/2025,MSH0013-Bindura-Zaoga,CELL_TDD,Bindura_Zaoga_LTE_4,4,MSH0013-Bindura-Zaoga,100%,100,97.8949,98.8273,91.9599,99.0721,2.5436,99.1665,99.1764,100.0014,604.2119,556.5002,47.7117,27.2978,88,4.986,1.9672,16.7624,13.5107,0.2059,0,0.0002,54.3537,46.5933,6.8245,48.4224,9.5116,11.9071
9/10/2025,MSH0013-Bindura-Zaoga,CELL_TDD,Bindura_Zaoga_LTE_3,3,MSH0013-Bindura-Zaoga,100%,100,99.9717,99.9828,99.9208,99.9488,0.4696,98.8466,98.8679,100.0014,428.2529,383.6063,44.6466,8.25,19,8.1445,3.9026,12.1672,4.5245,0.1597,0,0.0001,33.6434,46.9789,2.0625,26.0654,10.2031,10.4614
9/10/2025,MSH0013-Bindura-Zaoga,CELL_TDD,Bindura_Zaoga_LTE_2,2,MSH0013-Bindura-Zaoga,100%,100,99.7834,99.9005,98.4173,99.7171,1.3407,98.8731,99.1673,100.0014,1308.2188,1200.4519,107.7669,39.9986,82,5.8763,3.7209,13.1217,6.4745,0.1495,0,0.0001,64.9131,55.1415,9.9997,40.676,10.6014,13.6206
9/10/2025,MSH0013-Bindura-Zaoga,CELL_TDD,Bindura_Zaoga_LTE_1,1,MSH0013-Bindura-Zaoga,100%,100,98.9119,99.6524,94.2988,99.5057,2.3963,98.8026,99.0296,100.0019,702.2775,633.9029,68.3746,24.2355,92,4.3985,2.8087,17.6344,9.6797,0.222,0,0.0001,56.495,50.5923,6.0589,43.3985,9.0728,10.229
9/10/2025,MSH-0331-Chiwaridzo 2,CELL_TDD,MSH-0331-Chiwaridzo 2_LTE_6,6,MSH-0331-Chiwaridzo 2_LTE,100%,100,99.2038,99.8132,92.8986,99.5368,0.7307,99.9379,99.9576,99.9997,807.7361,735.2577,72.4784,20.5931,50,6.0441,4.0731,17.2224,5.2326,0.1971,0,0,54.3489,53.8549,5.1483,40.3209,10.0582,14.8584
9/10/2025,MSH-0331-Chiwaridzo 2,CELL_TDD,MSH-0331-Chiwaridzo 2_LTE_5,5,MSH-0331-Chiwaridzo 2_LTE,100%,100,99.1621,99.6363,95.5091,99.4704,2.2344,99.9623,99.9431,99.9997,892.5684,835.6109,56.9576,20.4916,59,7.3153,3.3943,16.8894,6.3972,0.1931,0,0,53.0806,50.8571,5.1229,38.2954,9.079,12.8428
9/10/2025,MSH-0331-Chiwaridzo 2,CELL_TDD,MSH-0331-Chiwaridzo 2_LTE_4,4,MSH-0331-Chiwaridzo 2_LTE,100%,100,98.5731,98.7428,96.5386,99.6162,0.8775,99.9393,99.9431,99.9997,1332.7941,1230.8219,101.9722,35.9569,72,6.8125,3.3425,16.4727,7.1648,0.1868,0,0,69.1261,57.9407,8.9892,53.0561,11.0495,16.0496
9/10/2025,MSH-0331-Chiwaridzo 2,CELL_TDD,MSH-0331-Chiwaridzo 2_LTE_3,3,MSH-0331-Chiwaridzo 2_LTE,100%,100,99.7812,99.9777,96.7213,99.77,0.7264,99.9297,99.9071,99.9997,878.128,798.4854,79.6426,20.383,53,5.4738,4.9523,17.7292,4.5471,0.1999,0,0,60.7367,50.4145,5.0957,33.3077,10.2237,12.7815
9/10/2025,MSH-0331-Chiwaridzo 2,CELL_TDD,MSH-0331-Chiwaridzo 2_LTE_2,2,MSH-0331-Chiwaridzo 2_LTE,100%,100,99.7129,99.9553,95.6303,99.8877,1.1026,99.946,99.9707,100,783.684,727.0397,56.6443,21.8068,53,5.5488,3.3391,17.6224,5.6258,0.1996,0,0,58.049,47.8295,5.4517,34.4519,10.0385,12.6807
9/10/2025,MSH-0331-Chiwaridzo 2,CELL_TDD,MSH-0331-Chiwaridzo 2_LTE_1,1,MSH-0331-Chiwaridzo 2_LTE,100%,100,99.0346,99.0578,98.4682,99.7958,0.6561,99.9178,99.9232,100,1493.2074,1365.4121,127.7953,39.1217,76,5.702,4.1554,16.2066,7.0096,0.1776,0,0,71.9412,57.1293,9.7804,43.6523,10.9946,14.8533
9/10/2025,MSH-0112-Bindura Hospital,CELL_TDD,MSH-0112-Bindura Hospital_LTE_1,1,MSH-0112-Bindura Hospital_LTE,100%,100,99.7895,99.987,95.7047,99.9033,0.754,100,99.9916,100,681.4619,615.3766,66.0853,10.7804,28,9.629,5.1421,14.7309,3.3336,0.1683,0,0,39.6918,48.793,2.6951,23.6007,11.7122,15.4654
9/10/2025,MSH-0112-Bindura Hospital,CELL_TDD,MSH-0112-Bindura Hospital_LTE_2,2,MSH-0112-Bindura Hospital_LTE,100%,100,99.8667,100,98.8496,99.8964,0.5653,100,100,99.9997,351.5982,299.4715,52.1267,7.8778,19,11.5743,5.6738,16.227,4.1008,0.1901,0,0,21.7728,48.4374,1.9694,17.1931,10.5724,12.0368
9/10/2025,MSH-0112-Bindura Hospital,CELL_TDD,MSH-0112-Bindura Hospital_LTE_3,3,MSH-0112-Bindura Hospital_LTE,100%,100,99.7879,99.9663,97.4597,99.8195,0.9609,99.9838,99.5734,99.9992,866.2139,805.1102,61.1037,20.874,41,9.217,3.3794,16.5233,5.4531,0.1899,0,0,51.2384,50.6556,5.2185,32.0024,10.7671,13.8027
9/10/2025,MSH-0112-Bindura Hospital,CELL_TDD,MSH-0112-Bindura Hospital_LTE_4,4,MSH-0112-Bindura Hospital_LTE,100%,100,99.1563,99.9635,91.8771,99.8798,0.361,100,100,99.9994,446.8794,404.9524,41.927,10.886,23,8.7731,4.6331,14.6298,2.9645,0.1727,0,0,29.5653,47.2145,2.7215,23.0187,12.4978,15.6003
9/10/2025,MSH-0112-Bindura Hospital,CELL_TDD,MSH-0112-Bindura Hospital_LTE_5,5,MSH-0112-Bindura Hospital_LTE,100%,100,99.6078,99.9651,97.8223,99.9312,0.6119,100,100,99.9992,324.2324,291.1344,33.098,6.9795,16,13.8934,3.9644,13.8169,2.0538,0.1571,0,0,17.8911,72.8146,1.7449,20.1095,10.0036,12.4763
9/10/2025,MSH-0112-Bindura Hospital,CELL_TDD,MSH-0112-Bindura Hospital_LTE_6,6,MSH-0112-Bindura Hospital_LTE,100%,100,99.6318,99.8741,97.6417,99.7936,1.4415,100,99.9736,99.9992,768.3926,719.1284,49.2642,17.5156,40,9.5935,2.8767,16.6819,6.2476,0.1934,0,0,46.6279,53.8492,4.3789,34.3719,10.8383,12.4045
9/10/2025,MSH-0014-Chipadze,CELL_TDD,MSH-0014-Chipadze_LTE_6,6,MSH-0014-Chipadze,100%,99.9993,98.9403,99.7345,89.8276,99.8416,1.0349,98.1463,98.3168,99.9968,776.2611,711.9021,64.359,16.39,36,5.647,4.2039,17.2381,5.8067,0.19,0,0,50.882,59.2326,4.0975,25.5416,9.827,14.8921
9/10/2025,MSH-0014-Chipadze,CELL_TDD,MSH-0014-Chipadze_LTE_5,5,MSH-0014-Chipadze,100%,99.9993,99.3298,99.6848,96.1078,99.7118,1.7798,99.049,99.0355,99.9968,599.7416,547.4014,52.3403,25.5073,67,2.0795,1.7919,19.2576,11.3142,0.214,0,0.0002,68.2973,64.9937,6.3768,34.1548,8.4246,11.0867
9/10/2025,MSH-0014-Chipadze,CELL_TDD,MSH-0014-Chipadze_LTE_4,4,MSH-0014-Chipadze,100%,99.9993,99.733,99.9238,97.9515,99.8997,0.9515,97.6144,97.9881,99.9968,511.5628,458.9168,52.646,16.9149,37,6.1585,3.8049,16.83,5.7991,0.1863,0,0,40.6028,62.8869,4.2287,23.1901,9.8718,13.6562
9/10/2025,MSH-0014-Chipadze,CELL_TDD,MSH-0014-Chipadze_LTE_3,3,MSH-0014-Chipadze,100%,99.9993,99.2105,99.771,92.1725,99.8678,0.9438,98.9305,99.0581,99.9968,1094.7846,1001.6319,93.1527,17.5613,35,6.8448,5.1599,16.475,4.4802,0.1867,0,0,51.846,55.9206,4.3903,20.5688,9.6003,13.1841
9/10/2025,MSH-0014-Chipadze,CELL_TDD,MSH-0014-Chipadze_LTE_2,2,MSH-0014-Chipadze,100%,99.9993,99.1877,99.7501,93.3306,99.7682,1.678,99.7024,99.6828,99.9971,829.3833,751.7932,77.5902,26.4729,60,2.6374,2.3688,17.2426,8.7477,0.1907,0,0.0001,71.6107,64.1632,6.6182,24.5701,8.113,9.6168
9/10/2025,MSH-0014-Chipadze,CELL_TDD,MSH-0014-Chipadze_LTE_1,1,MSH-0014-Chipadze,100%,99.9993,99.8898,99.9817,98.7654,99.8918,0.8766,98.3927,98.6222,99.9968,657.3824,587.7817,69.6007,18.3133,43,8.501,6.1138,17.0599,5.6732,0.194,0,0,36.9432,55.2332,4.5783,17.4066,10.4509,12.601
10/10/2025,MSH0013-Bindura-Zaoga,CELL_TDD,Bindura_Zaoga_LTE_6,6,MSH0013-Bindura-Zaoga,100%,100,99.6104,99.8971,94.5205,99.7197,1.1762,99.1214,99.1453,100.0003,392.2646,356.4999,35.7647,5.2255,13,7.8934,4.0211,12.7667,5.4631,0.1641,0,0,34.4128,47.5092,1.3064,28.7588,9.3238,9.6099
10/10/2025,MSH0013-Bindura-Zaoga,CELL_TDD,Bindura_Zaoga_LTE_5,5,MSH0013-Bindura-Zaoga,100%,100,99.6372,99.8915,97.1204,99.6877,1.4769,98.8249,99.0599,100.0003,789.8107,716.7089,73.1019,33.4497,76,4.8138,3.3151,14.6201,8.09,0.1725,0,0.0001,60.3782,52.8149,8.3624,44.9716,10.3732,12.2071
10/10/2025,MSH0013-Bindura-Zaoga,CELL_TDD,Bindura_Zaoga_LTE_4,4,MSH0013-Bindura-Zaoga,100%,100,97.3079,99.1422,85.9624,99.0765,2.7341,98.6784,98.5439,100.0003,625.0954,550.8598,74.2357,24.449,54,5.2844,3.2164,16.3743,13.4944,0.1991,0,0.0001,52.4725,50.635,6.1123,45.3232,9.5259,11.5292
10/10/2025,MSH0013-Bindura-Zaoga,CELL_TDD,Bindura_Zaoga_LTE_3,3,MSH0013-Bindura-Zaoga,100%,100,99.9202,100,98.0583,100,0.7666,99.5215,99.5992,100.0003,535.4623,464.2799,71.1824,7.0193,14,9.9312,6.9756,12.3258,3.9295,0.1596,0,0,33.3368,47.8094,1.7548,24.279,10.0918,11.6596
10/10/2025,MSH0013-Bindura-Zaoga,CELL_TDD,Bindura_Zaoga_LTE_2,2,MSH0013-Bindura-Zaoga,100%,100,99.7854,99.9237,98.2504,99.7262,1.3799,97.5599,98.5675,100.0003,1250.3117,1106.7556,143.5561,34.7021,77,6.0141,4.8793,13.052,6.6139,0.1476,0,0,60.7903,58.6772,8.6755,39.4446,10.4084,13.3159
10/10/2025,MSH0013-Bindura-Zaoga,CELL_TDD,Bindura_Zaoga_LTE_1,1,MSH0013-Bindura-Zaoga,100%,100,98.2687,99.598,90.0122,99.4713,1.9798,98.8181,99.159,100.0011,653.3434,604.4006,48.9428,25.0778,46,4.7342,2.1731,17.3456,10.1078,0.2148,0,0,55.2349,48.6574,6.2694,42.0064,9.2079,10.0486
10/10/2025,MSH-0331-Chiwaridzo 2,CELL_TDD,MSH-0331-Chiwaridzo 2_LTE_6,6,MSH-0331-Chiwaridzo 2_LTE,100%,100,99.3913,99.8492,95.2527,99.6749,0.724,99.9186,99.9375,99.9984,659.0982,612.0874,47.0108,19.7917,51,6.1522,3.2608,17.4877,5.0698,0.2023,0,0,46.9913,49.1357,4.9479,35.6716,9.8101,13.6907
10/10/2025,MSH-0331-Chiwaridzo 2,CELL_TDD,MSH-0331-Chiwaridzo 2_LTE_5,5,MSH-0331-Chiwaridzo 2_LTE,100%,100,99.5335,99.8302,96.6772,99.7593,0.9163,99.9603,99.9694,99.9975,1069.1066,974.9747,94.1318,21.7778,48,5.4318,5.0772,17.9073,4.9528,0.2012,0,0,67.1222,54.2457,5.4445,46.5172,9.1281,12.5656
10/10/2025,MSH-0331-Chiwaridzo 2,CELL_TDD,MSH-0331-Chiwaridzo 2_LTE_4,4,MSH-0331-Chiwaridzo 2_LTE,100%,100,98.8334,98.9021,97.7692,99.6396,1.065,99.9464,99.9454,99.9984,1550.5366,1446.6219,103.9147,34.5989,65,6.0477,3.4792,16.4339,7.2384,0.1819,0,0,73.7377,57.5062,8.6497,53.2966,11.0505,16.5362
10/10/2025,MSH-0331-Chiwaridzo 2,CELL_TDD,MSH-0331-Chiwaridzo 2_LTE_3,3,MSH-0331-Chiwaridzo 2_LTE,100%,100,99.4897,99.9587,93.3616,99.8164,0.6964,99.9183,99.965,99.9984,830.4629,764.6704,65.7925,19.7094,53,5.9711,4.5555,17.4491,4.4396,0.192,0,0,57.7832,49.0646,4.9274,31.6466,10.1089,12.5603
10/10/2025,MSH-0331-Chiwaridzo 2,CELL_TDD,MSH-0331-Chiwaridzo 2_LTE_2,2,MSH-0331-Chiwaridzo 2_LTE,100%,100,99.7385,99.9659,96.5318,99.9193,2.5223,99.9287,99.9693,99.9964,957.5511,882.5252,75.0259,22.0966,51,4.2346,3.6803,19.3166,6.8387,0.2181,0,0,74.216,52.4658,5.5241,41.7322,9.6946,11.6805
10/10/2025,MSH-0331-Chiwaridzo 2,CELL_TDD,MSH-0331-Chiwaridzo 2_LTE_1,1,MSH-0331-Chiwaridzo 2_LTE,100%,100,99.2119,99.2492,98.3933,99.7983,0.6841,99.9435,99.8594,99.9986,1563.1573,1437.2143,125.9431,40.4647,79,4.6773,3.8749,16.6087,6.1528,0.1836,0,0,78.6072,56.5776,10.1162,46.984,10.9572,14.4981
10/10/2025,MSH-0112-Bindura Hospital,CELL_TDD,MSH-0112-Bindura Hospital_LTE_1,1,MSH-0112-Bindura Hospital_LTE,100%,100,99.8945,99.9878,97.7992,99.8541,1.0081,99.9716,99.7681,100.0005,614.663,554.074,60.589,10.7653,22,9.4608,5.0948,14.3299,3.9355,0.1643,0,0,33.8,48.6825,2.6913,22.0657,11.8004,16.209
10/10/2025,MSH-0112-Bindura Hospital,CELL_TDD,MSH-0112-Bindura Hospital_LTE_2,2,MSH-0112-Bindura Hospital_LTE,100%,100,99.8026,99.9904,97.2296,99.8754,0.7135,100,100,99.9992,334.6529,299.687,34.966,9.1162,20,11.0059,4.6142,16.0143,3.4483,0.1881,0,0,20.6508,46.7837,2.279,16.4535,10.8469,11.9577
10/10/2025,MSH-0112-Bindura Hospital,CELL_TDD,MSH-0112-Bindura Hospital_LTE_3,3,MSH-0112-Bindura Hospital_LTE,100%,100,99.7953,99.9658,97.619,99.8026,1.2189,99.9651,99.472,99.9992,1175.2241,1097.7134,77.5107,19.6623,36,11.8619,4.1611,15.4551,4.8743,0.173,0,0,50.6826,55.2602,4.9156,31.3833,10.7733,14.08
10/10/2025,MSH-0112-Bindura Hospital,CELL_TDD,MSH-0112-Bindura Hospital_LTE_4,4,MSH-0112-Bindura Hospital_LTE,100%,100,99.4151,99.7228,97.5043,99.5378,0.7636,99.9232,99.0392,99.9995,566.1465,523.1831,42.9634,10.5618,25,9.8507,4.5612,13.3928,3.1835,0.1562,0,0,29.5724,46.3888,2.6405,23.0674,12.3152,17.0964
10/10/2025,MSH-0112-Bindura Hospital,CELL_TDD,MSH-0112-Bindura Hospital_LTE_5,5,MSH-0112-Bindura Hospital_LTE,100%,100,99.6506,99.9228,98.3914,99.7345,1.2549,100,100,99.9995,332.2806,293.4336,38.847,6.9331,17,12.0324,4.2179,13.976,2.4438,0.1593,0,0,19.2554,79.9701,1.7333,21.1885,9.9181,12.3343
10/10/2025,MSH-0112-Bindura Hospital,CELL_TDD,MSH-0112-Bindura Hospital_LTE_6,6,MSH-0112-Bindura Hospital_LTE,100%,100,99.5777,99.9246,96.2562,99.6626,1.6038,99.831,99.8601,99.9992,638.7559,580.5248,58.2312,17.4818,38,9.3644,3.7209,16.5636,5.376,0.1893,0,0,44.8121,54.911,4.3704,32.6349,10.7868,12.7616
10/10/2025,MSH-0014-Chipadze,CELL_TDD,MSH-0014-Chipadze_LTE_6,6,MSH-0014-Chipadze,100%,99.9992,98.1718,99.7318,84.083,99.757,1.0801,99.7501,99.7754,99.9951,774.4525,716.0876,58.3649,16.152,28,6.4038,3.8279,17.5162,6.3035,0.1938,0,0,49.7052,58.4609,4.038,24.2851,9.7715,15.152
10/10/2025,MSH-0014-Chipadze,CELL_TDD,MSH-0014-Chipadze_LTE_5,5,MSH-0014-Chipadze,100%,99.9992,99.2508,99.5674,96.6304,99.7033,2.3239,99.3115,99.296,99.9951,649.4272,584.3584,65.0689,23.7717,47,2.2835,2.2267,19.2553,11.0302,0.2117,0,0,71.9589,67.4041,5.9429,34.6129,8.7565,11.5429
10/10/2025,MSH-0014-Chipadze,CELL_TDD,MSH-0014-Chipadze_LTE_4,4,MSH-0014-Chipadze,100%,99.9992,99.7885,99.9747,97.9007,99.9202,0.5738,97.8808,98.1873,99.9951,499.2588,452.807,46.4518,15.4836,33,6.2388,4.207,16.4172,5.4367,0.1797,0,0,42.9448,59.3456,3.8709,23.0415,9.6597,13.466
10/10/2025,MSH-0014-Chipadze,CELL_TDD,MSH-0014-Chipadze_LTE_3,3,MSH-0014-Chipadze,100%,99.9992,99.0006,99.8374,89.3462,99.8341,0.7929,99.3201,99.4755,99.9951,1364.9133,1264.7106,100.2027,20.0152,40,8.0574,4.5964,15.5753,3.9408,0.1727,0,0,57.1991,56.8444,5.0038,22.371,9.7893,13.2335
10/10/2025,MSH-0014-Chipadze,CELL_TDD,MSH-0014-Chipadze_LTE_2,2,MSH-0014-Chipadze,100%,99.9992,99.272,99.8493,92.2989,99.7202,1.4481,98.5991,98.6504,99.9951,976.3247,873.6684,102.6564,30.0898,52,2.6074,2.9456,17.0855,8.363,0.1888,0,0,76.6269,66.7524,7.5224,26.1589,8.1659,9.7236
10/10/2025,MSH-0014-Chipadze,CELL_TDD,MSH-0014-Chipadze_LTE_1,1,MSH-0014-Chipadze,100%,99.9992,99.8019,99.9678,97.3702,99.8908,0.8446,98.7585,98.8368,99.9954,682.2978,628.3388,53.959,18.4465,40,9.3077,4.1901,16.3757,5.1653,0.1844,0,0,37.38,53.6145,4.6116,17.7552,10.5976,12.8764
11/10/2025,MSH0013-Bindura-Zaoga,CELL_TDD,Bindura_Zaoga_LTE_6,6,MSH0013-Bindura-Zaoga,100%,100,99.8052,99.879,97.7273,99.7586,0.7905,98.6462,98.7654,99.9986,302.7596,276.9843,25.7753,4.8692,15,6.4034,3.8376,14.5247,4.9259,0.2009,0,0,35.916,46.7665,1.2173,26.9414,9.7926,8.8049
11/10/2025,MSH0013-Bindura-Zaoga,CELL_TDD,Bindura_Zaoga_LTE_5,5,MSH0013-Bindura-Zaoga,100%,100,99.733,99.8952,98.2898,99.615,1.6214,98.4952,98.8567,99.9986,898.847,786.7118,112.1352,27.2448,64,4.7127,4.9287,13.7732,7.2711,0.1617,0,0,62.9337,58.6935,6.8112,43.6027,10.3741,13.0196
11/10/2025,MSH0013-Bindura-Zaoga,CELL_TDD,Bindura_Zaoga_LTE_4,4,MSH0013-Bindura-Zaoga,100%,100,98.0314,99.0126,92.5135,98.8862,2.8924,98.2134,98.6433,99.9986,604.1851,558.5927,45.5924,24.2108,121,5.5971,2.002,16.4839,13.5836,0.2058,0,0.0002,53.1445,46.6543,6.0527,45.7617,9.383,11.1556
11/10/2025,MSH0013-Bindura-Zaoga,CELL_TDD,Bindura_Zaoga_LTE_3,3,MSH0013-Bindura-Zaoga,100%,100,99.8904,100,96.3636,99.9812,0.3383,98.6777,98.7821,99.9986,591.6129,537.6695,53.9434,6.6195,14,10.5246,7.3146,11.2759,3.0085,0.1402,0,0,36.1209,46.5915,1.6549,22.6531,10.319,11.7659
11/10/2025,MSH0013-Bindura-Zaoga,CELL_TDD,Bindura_Zaoga_LTE_2,2,MSH0013-Bindura-Zaoga,100%,100,99.737,99.9541,97.2915,99.7016,1.009,98.5337,99.0721,99.9989,1223.5948,1099.8041,123.7907,30.9734,69,5.5444,4.8343,12.8882,5.7358,0.1473,0,0,63.5602,57.6984,7.7434,37.3542,10.5675,13.014
11/10/2025,MSH0013-Bindura-Zaoga,CELL_TDD,Bindura_Zaoga_LTE_1,1,MSH0013-Bindura-Zaoga,100%,100,99.0817,99.7172,94.6284,99.3508,2.3176,99.1335,99.1741,99.9989,642.0967,575.4141,66.6826,24.9829,120,5.0981,3.1319,16.0433,9.7443,0.196,0,0.0002,51.6761,49.6449,6.2457,40.9649,9.2093,10.215
11/10/2025,MSH-0331-Chiwaridzo 2,CELL_TDD,MSH-0331-Chiwaridzo 2_LTE_6,6,MSH-0331-Chiwaridzo 2_LTE,100%,100,99.5468,99.8059,97.0478,99.6273,1.0434,99.9519,99.9513,100.0014,886.6444,819.3956,67.2488,21.1951,44,5.7312,3.6677,17.3501,5.8034,0.1918,0,0,61.7345,53.213,5.2988,44.2014,10.0147,14.7444
11/10/2025,MSH-0331-Chiwaridzo 2,CELL_TDD,MSH-0331-Chiwaridzo 2_LTE_5,5,MSH-0331-Chiwaridzo 2_LTE,100%,100,99.3839,99.8145,95.6098,99.8006,1.8915,99.9797,99.9382,100.0014,1016.5901,946.272,70.3181,20.0961,44,5.9641,3.5927,17.8231,6.6841,0.2003,0,0,66.8095,53.1869,5.024,45.7838,9.0134,11.8105
11/10/2025,MSH-0331-Chiwaridzo 2,CELL_TDD,MSH-0331-Chiwaridzo 2_LTE_4,4,MSH-0331-Chiwaridzo 2_LTE,100%,100,99.5127,99.5827,98.6189,99.7103,0.7617,99.9569,99.9412,100.0014,1680.4065,1558.1973,122.2092,37.2545,69,6.1406,4.1456,16.6029,5.9592,0.1842,0,0.0001,77.2471,57.4905,9.3136,56.1776,10.9633,16.4656
11/10/2025,MSH-0331-Chiwaridzo 2,CELL_TDD,MSH-0331-Chiwaridzo 2_LTE_3,3,MSH-0331-Chiwaridzo 2_LTE,100%,100,99.7724,99.9806,96.7221,99.7695,0.7199,99.9407,99.9713,100.0014,1010.1182,937.0833,73.0349,20.574,48,5.1931,4.5367,17.9898,4.7355,0.1941,0,0,70.2507,49.9579,5.1435,36.3833,10.1293,13.1376
11/10/2025,MSH-0331-Chiwaridzo 2,CELL_TDD,MSH-0331-Chiwaridzo 2_LTE_2,2,MSH-0331-Chiwaridzo 2_LTE,100%,100,99.8743,99.981,98.1084,99.8832,1.6818,99.9665,99.9722,100.0014,1062.739,986.9579,75.7812,21.1818,50,4.4723,3.9844,17.8291,5.0738,0.1948,0,0,74.0437,49.0335,5.2955,39.7673,9.7569,12.2851
11/10/2025,MSH-0331-Chiwaridzo 2,CELL_TDD,MSH-0331-Chiwaridzo 2_LTE_1,1,MSH-0331-Chiwaridzo 2_LTE,100%,100,99.1741,99.2099,98.2791,99.8416,0.5083,99.9407,99.9374,100.0023,1641.1578,1491.794,149.3637,43.661,79,4.6417,4.218,15.9178,5.8948,0.1718,0,0,79.0791,58.4164,10.9152,46.1486,11.0296,15.4724
11/10/2025,MSH-0112-Bindura Hospital,CELL_TDD,MSH-0112-Bindura Hospital_LTE_1,1,MSH-0112-Bindura Hospital_LTE,100%,100,99.6538,99.9452,96.9748,99.8732,0.9121,99.8921,99.9755,100.0014,634.722,569.8885,64.8335,8.9626,21,8.4494,6.3089,15.8211,3.7801,0.1824,0,0,42.7944,47.6687,2.2407,24.5515,11.6797,15.1204
11/10/2025,MSH-0112-Bindura Hospital,CELL_TDD,MSH-0112-Bindura Hospital_LTE_2,2,MSH-0112-Bindura Hospital_LTE,100%,100,99.7949,99.983,97.4082,99.924,0.7551,99.8984,99.9427,100.0012,310.1374,290.3972,19.7401,8.8886,19,12.1361,2.382,16.2551,3.8281,0.1908,0,0,22.4498,44.5265,2.2221,16.8955,10.7179,13.1546
11/10/2025,MSH-0112-Bindura Hospital,CELL_TDD,MSH-0112-Bindura Hospital_LTE_3,3,MSH-0112-Bindura Hospital_LTE,100%,100,99.8671,99.9699,98.0736,99.8193,1.1236,100,99.7097,100.0012,1044.0427,969.1591,74.8836,18.9692,35,10.3179,4.3841,16.1254,4.6024,0.1801,0,0,48.4267,50.2919,4.7423,29.6711,10.6778,13.7933
11/10/2025,MSH-0112-Bindura Hospital,CELL_TDD,MSH-0112-Bindura Hospital_LTE_4,4,MSH-0112-Bindura Hospital_LTE,100%,100,99.479,99.9543,96.5469,99.7412,0.8376,99.887,99.8483,100.0014,650.7346,588.2609,62.4737,12.1636,26,9.2313,4.781,13.3693,3.6858,0.1527,0,0,35.5339,50.1112,3.0409,27.6152,12.2792,17.1219
11/10/2025,MSH-0112-Bindura Hospital,CELL_TDD,MSH-0112-Bindura Hospital_LTE_5,5,MSH-0112-Bindura Hospital_LTE,100%,100,99.74,99.9698,98.3019,99.7621,0.4984,99.9296,99.9468,100.0012,498.4904,462.7783,35.7121,7.672,16,14.0761,3.6135,13.5424,2.8239,0.1505,0,0,22.9758,60.1405,1.918,20.8298,9.9566,13.4073
11/10/2025,MSH-0112-Bindura Hospital,CELL_TDD,MSH-0112-Bindura Hospital_LTE_6,6,MSH-0112-Bindura Hospital_LTE,100%,100,99.4394,99.8472,95.3562,99.7874,0.8845,99.8803,99.9374,100.0012,551.3529,511.507,39.8459,15.6149,33,7.6401,2.7878,17.2408,5.4888,0.1969,0,0,45.494,50.1917,3.9037,32.8871,10.6575,11.6911
11/10/2025,MSH-0014-Chipadze,CELL_TDD,MSH-0014-Chipadze_LTE_6,6,MSH-0014-Chipadze,100%,100,98.7662,99.6531,88.2736,99.7982,1.2125,99.1852,99.2754,99.9994,961.5644,876.3592,85.2053,14.8629,29,8.0995,5.0891,16.2269,4.428,0.1702,0,0,50.4674,59.5107,3.7157,23.5988,9.7345,16.1383
11/10/2025,MSH-0014-Chipadze,CELL_TDD,MSH-0014-Chipadze_LTE_5,5,MSH-0014-Chipadze,100%,100,99.2617,99.8049,94.6616,99.7088,2.5507,98.4438,98.7836,99.9994,661.3914,596.1122,65.2792,25.4491,50,1.5274,1.9046,19.2895,11.7122,0.2155,0,0.0001,74.0917,67.3921,6.3623,36.4109,8.5057,11.1209
11/10/2025,MSH-0014-Chipadze,CELL_TDD,MSH-0014-Chipadze_LTE_4,4,MSH-0014-Chipadze,100%,100,99.8993,99.9843,98.9836,99.9484,0.6166,97.028,97.5279,99.9994,550.7649,512.5355,38.2294,13.9858,32,5.1822,3.7005,16.1772,5.2367,0.1775,0,0,49.4122,53.9987,3.4965,24.8686,9.4612,13.0636
11/10/2025,MSH-0014-Chipadze,CELL_TDD,MSH-0014-Chipadze_LTE_3,3,MSH-0014-Chipadze,100%,100,99.2425,99.8846,89.5613,99.8455,0.6846,99.5312,99.5932,99.9994,1454.9334,1283.5854,171.348,19.7609,36,10.2165,8.0561,15.3456,3.2367,0.1672,0,0,54.2209,61.9703,4.9402,21.3639,9.6483,13.8507
11/10/2025,MSH-0014-Chipadze,CELL_TDD,MSH-0014-Chipadze_LTE_2,2,MSH-0014-Chipadze,100%,100,99.6303,99.8426,96.744,99.695,1.7788,98.4043,98.6391,99.9994,980.9391,900.7418,80.1973,29.3256,54,2.2429,2.4107,17.2341,9.8127,0.1917,0,0,74.0268,61.8914,7.3314,25.0121,8.2385,10.2282
11/10/2025,MSH-0014-Chipadze,CELL_TDD,MSH-0014-Chipadze_LTE_1,1,MSH-0014-Chipadze,100%,100,99.9317,99.984,99.0271,99.8696,0.5859,98.9754,99.0526,100.0003,832.7927,753.4638,79.3289,18.1335,42,8.2445,6.335,15.3079,4.6102,0.1693,0,0,43.3126,55.8533,4.5334,19.4093,10.3,12.5991
12/10/2025,MSH0013-Bindura-Zaoga,CELL_TDD,Bindura_Zaoga_LTE_6,6,MSH0013-Bindura-Zaoga,100%,100,99.5263,99.8742,96.8215,99.8127,0.7006,99.0776,99.0986,100.0012,378.762,346.5726,32.1894,4.0317,11,4.7535,3.9197,17.9564,4.9751,0.2535,0,0,58.4324,50.0182,1.0079,38.6923,9.5388,7.9822
12/10/2025,MSH0013-Bindura-Zaoga,CELL_TDD,Bindura_Zaoga_LTE_5,5,MSH0013-Bindura-Zaoga,100%,100,99.4515,99.6503,97.644,99.629,1.4664,98.9362,99.0843,100.0015,838.4251,725.0215,113.4037,20.6057,49,5.342,5.2282,13.7812,7.8364,0.1636,0,0,60.0009,57.4725,5.1514,42.8658,10.2228,12.0788
12/10/2025,MSH0013-Bindura-Zaoga,CELL_TDD,Bindura_Zaoga_LTE_4,4,MSH0013-Bindura-Zaoga,100%,100,98.3638,99.2404,93.0216,99.0623,3.2323,99.0571,99.1736,100.0012,586.3174,543.4056,42.9118,25.4738,97,6.4205,1.7677,16.7334,14.2028,0.2067,0,0.0006,47.4386,44.9533,6.3684,43.9489,9.1106,11.4057
12/10/2025,MSH0013-Bindura-Zaoga,CELL_TDD,Bindura_Zaoga_LTE_3,3,MSH0013-Bindura-Zaoga,100%,100,99.8744,99.9729,99.3464,99.9595,0.2752,98.4629,98.6415,100.0012,726.7898,684.1333,42.6565,8.0519,17,9.7599,3.8174,11.6526,3.8395,0.1442,0,0,46.7072,45.1257,2.013,28.4686,10.0245,11.4652
12/10/2025,MSH0013-Bindura-Zaoga,CELL_TDD,Bindura_Zaoga_LTE_2,2,MSH0013-Bindura-Zaoga,100%,100,99.7719,99.9278,98.2034,99.7451,1.1866,98.7342,99.1236,100.0012,1221.5263,1100.867,120.6593,26.7147,51,6.9787,4.3793,12.9816,6.1451,0.1476,0,0,62.4296,59.3845,6.6787,36.5545,10.6515,13.5991
12/10/2025,MSH0013-Bindura-Zaoga,CELL_TDD,Bindura_Zaoga_LTE_1,1,MSH0013-Bindura-Zaoga,100%,100,97.555,99.6176,84.7724,99.4018,2.0803,99.1979,99.343,100.0018,540.1901,473.0821,67.108,24.7293,103,4.6628,2.8978,18.3311,10.6933,0.2231,0,0.0001,52.2832,48.7508,6.1823,42.2179,9.1226,9.4501
12/10/2025,MSH-0331-Chiwaridzo 2,CELL_TDD,MSH-0331-Chiwaridzo 2_LTE_6,6,MSH-0331-Chiwaridzo 2_LTE,100%,100,99.3512,99.7883,95.827,99.5168,1.2229,99.8761,99.905,100,822.6621,754.5351,68.127,21.4167,48,5.3652,3.6496,18.2549,5.7339,0.2092,0,0,63.031,52.1102,5.3542,44.4822,10.0022,13.9376
12/10/2025,MSH-0331-Chiwaridzo 2,CELL_TDD,MSH-0331-Chiwaridzo 2_LTE_5,5,MSH-0331-Chiwaridzo 2_LTE,100%,100,99.5537,99.8665,96.9163,99.6997,2.4099,99.968,99.9683,100,1255.5632,1157.1929,98.3703,22.7735,54,7.0774,4.8561,16.8925,6.494,0.1864,0,0,67.6615,55.5531,5.6934,46.6498,9.0421,13.0189
12/10/2025,MSH-0331-Chiwaridzo 2,CELL_TDD,MSH-0331-Chiwaridzo 2_LTE_4,4,MSH-0331-Chiwaridzo 2_LTE,100%,100,99.4262,99.5319,98.243,99.6794,0.8361,99.957,99.958,100.0003,1570.1228,1441.8718,128.2511,39.2088,72,5.8445,4.107,17.1415,5.8288,0.1912,0,0,74.92,57.8771,9.8022,55.2241,11.1288,16.5549
12/10/2025,MSH-0331-Chiwaridzo 2,CELL_TDD,MSH-0331-Chiwaridzo 2_LTE_3,3,MSH-0331-Chiwaridzo 2_LTE,100%,100,98.6293,99.9502,85.5825,99.7886,0.9217,99.985,99.9881,100,1106.1186,1002.1975,103.9211,22.1815,49,4.6905,5.2805,18.644,4.9915,0.2034,0,0.0001,73.7693,53.2561,5.5454,39.6203,10.2255,12.9251
12/10/2025,MSH-0331-Chiwaridzo 2,CELL_TDD,MSH-0331-Chiwaridzo 2_LTE_2,2,MSH-0331-Chiwaridzo 2_LTE,100%,100,99.8463,99.9448,98.0792,99.9228,2.0978,99.9313,99.9684,100.0003,961.2314,883.5715,77.6599,21.9249,47,5.2237,4.0559,17.0263,6.1988,0.1898,0,0,71.9218,51.6896,5.4812,39.6549,9.9037,12.8144
12/10/2025,MSH-0331-Chiwaridzo 2,CELL_TDD,MSH-0331-Chiwaridzo 2_LTE_1,1,MSH-0331-Chiwaridzo 2_LTE,100%,100,98.3997,98.3912,98.6127,99.7788,0.5765,99.9297,99.9591,100.0006,1633.9318,1493.599,140.3328,44.9155,82,4.3997,4.2301,16.1618,6.3087,0.1739,0,0,74.902,55.3872,11.2288,43.2196,10.9848,15.4958
12/10/2025,MSH-0112-Bindura Hospital,CELL_TDD,MSH-0112-Bindura Hospital_LTE_1,1,MSH-0112-Bindura Hospital_LTE,100%,100,99.8733,99.9603,98.9583,99.8718,0.9936,99.5758,99.9177,100,652.4728,576.8638,75.609,9.4579,22,8.5898,5.6924,16.1414,4.0324,0.1862,0,0,41.4775,50.341,2.3645,25.13,11.3432,14.5327
12/10/2025,MSH-0112-Bindura Hospital,CELL_TDD,MSH-0112-Bindura Hospital_LTE_2,2,MSH-0112-Bindura Hospital_LTE,100%,100,99.8725,99.981,98.9422,99.8868,0.3973,99.9464,99.9671,100,376.6246,352.9191,23.7055,8.3528,17,13.6915,2.7161,17.0007,3.5121,0.1957,0,0,23.5187,44.0121,2.0882,16.6466,10.8237,13.5675
12/10/2025,MSH-0112-Bindura Hospital,CELL_TDD,MSH-0112-Bindura Hospital_LTE_3,3,MSH-0112-Bindura Hospital_LTE,100%,100,99.8513,99.9862,97.7895,99.8317,1.7085,99.9705,99.5878,100,940.6996,893.8743,46.8253,17.786,40,11.4429,3.3625,15.6613,3.9582,0.174,0,0,43.5428,47.7952,4.4465,25.9871,10.8765,14.5981
12/10/2025,MSH-0112-Bindura Hospital,CELL_TDD,MSH-0112-Bindura Hospital_LTE_4,4,MSH-0112-Bindura Hospital_LTE,100%,100,99.566,99.8991,97.1841,99.8105,1.0815,99.6877,99.8194,100,566.8884,523.3211,43.5673,13.8774,28,8.7081,3.3709,14.5216,3.8921,0.1669,0,0,34.4699,48.2268,3.4694,27.7988,12.2502,15.9914
12/10/2025,MSH-0112-Bindura Hospital,CELL_TDD,MSH-0112-Bindura Hospital_LTE_5,5,MSH-0112-Bindura Hospital_LTE,100%,100,99.7724,99.9619,98.6755,99.8114,0.3999,100,100,100,403.6187,385.7096,17.9091,6.0364,15,16.802,2.5781,13.11,2.4756,0.1441,0,0,18.8361,47.3553,1.5091,16.6368,9.6355,12.5596
12/10/2025,MSH-0112-Bindura Hospital,CELL_TDD,MSH-0112-Bindura Hospital_LTE_6,6,MSH-0112-Bindura Hospital_LTE,100%,100,99.6447,99.8626,97.4856,99.6402,0.6127,99.967,99.9058,100,473.9264,443.282,30.6443,14.3878,34,9.3823,2.6795,16.4778,4.6512,0.1902,0,0,36.8947,48.8157,3.5969,28.7615,10.5459,12.3769
12/10/2025,MSH-0014-Chipadze,CELL_TDD,MSH-0014-Chipadze_LTE_6,6,MSH-0014-Chipadze,100%,99.9996,98.9065,99.8351,89.8137,99.801,1.0785,98.6413,98.7555,100.0015,910.8738,821.5812,89.2926,14.9525,33,6.1291,5.1509,16.449,4.9987,0.1758,0,0,54.0025,62.1439,3.7381,26.5415,9.3148,15.6213
12/10/2025,MSH-0014-Chipadze,CELL_TDD,MSH-0014-Chipadze_LTE_5,5,MSH-0014-Chipadze,100%,99.9996,98.9345,99.7886,92.6569,99.5463,2.3901,98.8115,99.0488,100.0012,621.2807,563.8779,57.4028,25.4996,55,1.7412,1.7436,19.4782,11.9204,0.2166,0,0.0001,68.8841,64.5361,6.3749,35.0139,8.5832,11.3344
12/10/2025,MSH-0014-Chipadze,CELL_TDD,MSH-0014-Chipadze_LTE_4,4,MSH-0014-Chipadze,100%,99.9996,99.872,99.9443,99.0571,99.8501,0.5679,98.1637,98.4192,100.0012,480.4379,433.2593,47.1786,15.1895,33,5.6194,4.7032,16.9708,5.1139,0.19,0,0,40.8575,55.0398,3.7974,23.5002,9.6653,13.5484
12/10/2025,MSH-0014-Chipadze,CELL_TDD,MSH-0014-Chipadze_LTE_3,3,MSH-0014-Chipadze,100%,99.9996,99.3632,99.9072,90.3912,99.8469,0.9263,99.2455,99.3756,100.0012,1423.6744,1267.7398,155.9345,19.4027,36,7.46,6.865,15.9453,3.6609,0.1792,0,0,58.9076,63.2199,4.8507,22.941,9.5886,13.0286
12/10/2025,MSH-0014-Chipadze,CELL_TDD,MSH-0014-Chipadze_LTE_2,2,MSH-0014-Chipadze,100%,99.9996,99.4365,99.842,93.4234,99.6512,1.2383,99.2248,99.322,100.0012,900.7577,809.71,91.0478,29.1626,56,2.4497,2.9574,17.4468,8.3169,0.193,0,0.0001,69.7018,64.7099,7.2906,24.4275,8.1217,10.0695
12/10/2025,MSH-0014-Chipadze,CELL_TDD,MSH-0014-Chipadze_LTE_1,1,MSH-0014-Chipadze,100%,99.9996,99.9077,99.9811,98.8816,99.8716,0.596,99.574,99.5852,100.0021,801.8503,740.0282,61.8221,17.9775,41,8.7098,4.8381,15.9744,4.6881,0.1792,0,0,40.9806,54.7029,4.4944,18.6573,10.4497,13.3242
13/10/2025,MSH0013-Bindura-Zaoga,CELL_TDD,Bindura_Zaoga_LTE_6,6,MSH0013-Bindura-Zaoga,100%,100,99.7984,99.9054,96.5116,99.9434,0.8886,99.0375,99.0519,100,549.6347,500.277,49.3577,6.2222,14,6.7464,4.6792,14.2192,4.6994,0.1834,0,0,43.2128,50.9973,1.5556,32.7574,9.6739,10.9335
13/10/2025,MSH0013-Bindura-Zaoga,CELL_TDD,Bindura_Zaoga_LTE_5,5,MSH0013-Bindura-Zaoga,100%,100,99.7792,99.9053,98.4072,99.6004,1.7298,98.3663,98.6513,99.9997,891.3754,801.8324,89.5431,31.6547,78,5.3094,3.8069,14.623,7.1829,0.1699,0,0,58.9451,53.5733,7.9137,44.5709,10.231,12.7895
13/10/2025,MSH0013-Bindura-Zaoga,CELL_TDD,Bindura_Zaoga_LTE_4,4,MSH0013-Bindura-Zaoga,100%,100,98.5236,99.4437,92.381,99.1091,2.6078,99.1835,99.2879,99.9997,513.4253,466.4126,47.0127,24.4513,49,6.1428,1.9327,16.2374,14.0888,0.2005,0,0,46.1517,48.3115,6.1128,43.4151,9.4736,11.6448
13/10/2025,MSH0013-Bindura-Zaoga,CELL_TDD,Bindura_Zaoga_LTE_3,3,MSH0013-Bindura-Zaoga,100%,100,99.8433,99.9727,97.0238,99.9729,0.7692,99.6364,99.2898,99.9997,601.8547,465.9798,135.8749,5.7664,14,7.2276,12.8179,14.0416,4.1466,0.1852,0,0,41.1985,54.456,1.4416,27.4772,9.7904,10.1798
13/10/2025,MSH0013-Bindura-Zaoga,CELL_TDD,Bindura_Zaoga_LTE_2,2,MSH0013-Bindura-Zaoga,100%,100,99.7509,99.9436,97.619,99.7758,1.2821,98.189,98.8677,100,1127.675,996.4175,131.2576,36.2543,78,5.6431,4.3329,13.3063,6.439,0.1538,0,0,59.7033,58.3844,9.0636,38.5088,10.5488,13.1824
13/10/2025,MSH0013-Bindura-Zaoga,CELL_TDD,Bindura_Zaoga_LTE_1,1,MSH0013-Bindura-Zaoga,100%,100,98.9422,99.7858,93.122,99.4285,2.5868,98.6772,98.923,99.9997,617.1549,557.7291,59.4258,22.9998,52,5.4601,2.4878,16.2904,10.6622,0.2002,0,0,50.6686,48.8737,5.7499,40.8381,9.0737,10.2303
13/10/2025,MSH-0331-Chiwaridzo 2,CELL_TDD,MSH-0331-Chiwaridzo 2_LTE_6,6,MSH-0331-Chiwaridzo 2_LTE,100%,100,98.9659,99.672,93.3709,99.409,0.9362,99.9043,99.9294,100.0006,721.5544,660.6664,60.8879,19.8365,49,6.1317,3.6902,17.472,5.1061,0.1953,0,0,50.8402,51.5311,4.9591,38.4072,10.0489,13.9305
13/10/2025,MSH-0331-Chiwaridzo 2,CELL_TDD,MSH-0331-Chiwaridzo 2_LTE_5,5,MSH-0331-Chiwaridzo 2_LTE,100%,100,99.3946,99.7582,95.615,99.7777,1.7401,99.9488,99.9182,100.0003,878.4965,787.5495,90.947,21.5895,49,7.2222,4.6625,17.3057,6.4172,0.1995,0,0.0001,53.2038,69.0981,5.3974,41.031,9.2868,12.5441
13/10/2025,MSH-0331-Chiwaridzo 2,CELL_TDD,MSH-0331-Chiwaridzo 2_LTE_4,4,MSH-0331-Chiwaridzo 2_LTE,100%,100,99.2912,99.4541,97.0957,99.8116,0.6969,99.9874,99.9929,100.0003,1431.971,1297.3656,134.6054,40.1141,79,6.7776,4.6216,16.1155,5.8401,0.1789,0,0,67.2145,59.8171,10.0285,51.2351,11.2913,16.4661
13/10/2025,MSH-0331-Chiwaridzo 2,CELL_TDD,MSH-0331-Chiwaridzo 2_LTE_3,3,MSH-0331-Chiwaridzo 2_LTE,100%,100,99.0284,99.9768,89.3761,99.8233,0.6552,99.9834,99.9869,100.0003,907.5371,837.3865,70.1506,20.5329,48,5.4596,4.1546,17.1902,4.6234,0.1873,0,0.0001,61.243,51.5475,5.1332,33.7223,10.1098,12.6162
13/10/2025,MSH-0331-Chiwaridzo 2,CELL_TDD,MSH-0331-Chiwaridzo 2_LTE_2,2,MSH-0331-Chiwaridzo 2_LTE,100%,100,99.7381,99.979,95.4346,99.9168,1.2758,99.9466,99.9499,100.0006,825.0804,750.6952,74.3852,20.6642,48,5.1621,4.0713,18.6288,5.9355,0.212,0,0,63.3072,52.6086,5.166,37.649,9.9954,11.953
13/10/2025,MSH-0331-Chiwaridzo 2,CELL_TDD,MSH-0331-Chiwaridzo 2_LTE_1,1,MSH-0331-Chiwaridzo 2_LTE,100%,100,99.0164,99.0404,98.4556,99.8333,0.5967,100,99.9306,100.0003,1526.3115,1303.2814,223.0301,39.9218,81,5.1105,6.7236,16.2988,5.6577,0.1782,0,0,73.0693,65.2843,9.9804,45.3026,11.0808,14.5709
13/10/2025,MSH-0112-Bindura Hospital,CELL_TDD,MSH-0112-Bindura Hospital_LTE_1,1,MSH-0112-Bindura Hospital_LTE,100%,100,99.8814,99.983,98.5023,99.8988,0.3043,100,99.9503,100.0003,560.9721,493.0882,67.8839,10.1375,25,8.8943,8.1747,14.9691,2.6789,0.1707,0,0,38.767,46.8396,2.5344,22.8695,11.4864,14.5473
13/10/2025,MSH-0112-Bindura Hospital,CELL_TDD,MSH-0112-Bindura Hospital_LTE_2,2,MSH-0112-Bindura Hospital_LTE,100%,100,99.8728,99.9901,98.5854,99.902,0.4524,99.9113,99.9355,100.0003,337.0786,309.375,27.7036,8.9129,20,13.63,4.0713,15.7594,3.5989,0.1812,0,0,20.5475,45.1149,2.2282,15.3313,10.9844,13.4702
13/10/2025,MSH-0112-Bindura Hospital,CELL_TDD,MSH-0112-Bindura Hospital_LTE_3,3,MSH-0112-Bindura Hospital_LTE,100%,100,99.8761,99.9719,98.7929,99.9035,1.0528,100,98.777,100.0003,678.2642,611.8504,66.4138,20.0637,39,9.8613,4.5223,16.4822,4.7129,0.1924,0,0,39.8499,51.187,5.0159,27.6819,10.9889,13.4895
13/10/2025,MSH-0112-Bindura Hospital,CELL_TDD,MSH-0112-Bindura Hospital_LTE_4,4,MSH-0112-Bindura Hospital_LTE,100%,100,99.5559,99.9416,96.6132,99.7927,0.4361,99.896,99.8828,100.0003,561.4587,502.4573,59.0013,11.6025,24,9.783,6.2263,14.1182,3.2481,0.1672,0,0,32.4651,48.4847,2.9006,25.4549,12.3702,16.4778
13/10/2025,MSH-0112-Bindura Hospital,CELL_TDD,MSH-0112-Bindura Hospital_LTE_5,5,MSH-0112-Bindura Hospital_LTE,100%,100,99.7182,99.9871,97.8533,99.8351,0.6698,99.9505,99.8821,100.0003,442.16,400.2471,41.9129,8.1053,19,13.0183,4.7473,13.8135,2.7758,0.1521,0,0,20.575,51.4156,2.0263,19.0336,10.3092,13.6131
13/10/2025,MSH-0112-Bindura Hospital,CELL_TDD,MSH-0112-Bindura Hospital_LTE_6,6,MSH-0112-Bindura Hospital_LTE,100%,100,99.7167,99.9011,97.8145,99.7637,4.5047,99.9088,99.9091,100.0003,563.038,520.7164,42.3216,16.9706,37,9.7312,3.4379,17.1375,4.8709,0.2049,0,0,36.1101,53.8894,4.2426,29.3754,10.7787,11.7008
13/10/2025,MSH-0014-Chipadze,CELL_TDD,MSH-0014-Chipadze_LTE_6,6,MSH-0014-Chipadze,100%,100,97.9692,99.6584,83.1854,99.7254,0.946,98.7989,98.892,100.0006,941.0066,837.6473,103.3593,16.8311,38,6.7617,6.0764,15.7406,4.9417,0.1684,0,0,49.9146,64.4226,4.2078,25.4115,9.7528,16.8649
13/10/2025,MSH-0014-Chipadze,CELL_TDD,MSH-0014-Chipadze_LTE_5,5,MSH-0014-Chipadze,100%,100,99.0479,99.6655,94.7897,99.6436,2.6413,99.1376,99.1643,100.0006,589.5089,529.8001,59.7088,26.0507,62,2.0645,1.7061,19.717,12.5188,0.2166,0,0,65.1324,67.3398,6.5127,33.9179,8.8228,11.2265
13/10/2025,MSH-0014-Chipadze,CELL_TDD,MSH-0014-Chipadze_LTE_4,4,MSH-0014-Chipadze,100%,100,99.8739,99.9574,99.018,99.8797,0.6861,98.2381,98.4122,100.0008,556.1324,511.3438,44.7885,15.0908,33,6.4005,3.9386,17.2287,5.7061,0.192,0,0.0001,40.3123,55.6673,3.7727,23.7567,9.6136,14.2757
13/10/2025,MSH-0014-Chipadze,CELL_TDD,MSH-0014-Chipadze_LTE_3,3,MSH-0014-Chipadze,100%,100,98.9892,99.7742,84.9375,99.8408,0.7266,99.4861,99.5522,100.0011,1274.5928,1159.9795,114.6133,20.7473,38,7.7387,5.1337,15.9636,3.8541,0.178,0,0,53.6733,58.1358,5.1868,21.9602,9.9312,13.7745
13/10/2025,MSH-0014-Chipadze,CELL_TDD,MSH-0014-Chipadze_LTE_2,2,MSH-0014-Chipadze,100%,100,99.1026,99.7772,90.9903,99.7331,1.39,98.6188,99.0849,100.0006,845.0683,760.2606,84.8077,25.9498,57,2.8696,2.4362,17.5802,8.9364,0.1959,0,0,68.088,68.1059,6.4874,23.86,8.4443,10.0817
13/10/2025,MSH-0014-Chipadze,CELL_TDD,MSH-0014-Chipadze_LTE_1,1,MSH-0014-Chipadze,100%,100,99.9154,99.9728,99.1184,99.9108,0.6975,99.1055,99.2209,100.0008,646.2918,588.6322,57.6595,19.14,40,9.6684,4.582,16.7409,5.3964,0.1898,0,0,32.0248,55.3092,4.785,16.4983,10.6811,13.5474
14/10/2025,MSH0013-Bindura-Zaoga,CELL_TDD,Bindura_Zaoga_LTE_6,6,MSH0013-Bindura-Zaoga,100%,100,99.8259,100,96.3158,99.8709,1.4625,98.0831,98.1982,100.0008,247.817,207.8177,39.9993,5.3174,14,6.0135,5.4424,13.9117,5.2658,0.1853,0,0,30.2327,49.5223,1.3294,27.1603,9.5858,9.7666
14/10/2025,MSH0013-Bindura-Zaoga,CELL_TDD,Bindura_Zaoga_LTE_5,5,MSH0013-Bindura-Zaoga,100%,100,99.7761,99.904,98.4271,99.6231,1.4936,98.748,98.9977,100.0019,1049.9499,917.4602,132.4898,35.6098,88,6.1875,5.2139,14.2018,7.3549,0.1639,0,0.0001,59.6973,59.0967,8.9025,45.6598,10.4017,13.7332
14/10/2025,MSH0013-Bindura-Zaoga,CELL_TDD,Bindura_Zaoga_LTE_4,4,MSH0013-Bindura-Zaoga,100%,100,98.4778,99.0667,94.6223,99.0944,1.8587,99.3408,99.2561,100.0022,519.1011,472.2007,46.9004,24.1904,51,4.2696,2.115,18.6524,13.2597,0.2366,0,0.0002,57.6048,47.7106,6.0476,48.6354,9.1842,9.1909
14/10/2025,MSH0013-Bindura-Zaoga,CELL_TDD,Bindura_Zaoga_LTE_3,3,MSH0013-Bindura-Zaoga,100%,100,99.8465,99.954,97.5962,99.8633,0.7789,99.2662,99.2681,100.0019,827.9767,734.6473,93.3294,6.9824,17,11.7408,8.4611,11.2131,3.4776,0.1346,0,0,38.114,50.1641,1.7456,25.2092,10.4943,12.9945
14/10/2025,MSH0013-Bindura-Zaoga,CELL_TDD,Bindura_Zaoga_LTE_2,2,MSH0013-Bindura-Zaoga,100%,100,99.856,99.9465,98.9213,99.7422,1.1312,99.009,99.2868,100.0022,1115.6653,992.5521,123.1133,35.0195,73,6.3526,4.4663,12.8218,6.1323,0.1486,0,0,60.1658,59.4323,8.7549,37.3405,10.4307,13.0545
14/10/2025,MSH0013-Bindura-Zaoga,CELL_TDD,Bindura_Zaoga_LTE_1,1,MSH0013-Bindura-Zaoga,100%,100,99.0121,99.7203,94.3212,99.4956,2.0763,99.481,99.4469,100.0024,723.0984,661.6104,61.488,24.038,47,4.6032,2.909,17.2924,9.5903,0.2165,0,0.0001,59.2212,51.0689,6.0095,42.21,9.2524,10.3226
14/10/2025,MSH-0331-Chiwaridzo 2,CELL_TDD,MSH-0331-Chiwaridzo 2_LTE_6,6,MSH-0331-Chiwaridzo 2_LTE,100%,100,99.0225,99.7541,92.9597,99.4246,0.8847,99.9686,99.9623,99.9997,854.4988,785.9607,68.5381,19.8998,47,5.4968,3.8972,17.434,4.7377,0.1936,0,0,59.1493,50.6605,4.975,42.688,9.8162,14.6148
14/10/2025,MSH-0331-Chiwaridzo 2,CELL_TDD,MSH-0331-Chiwaridzo 2_LTE_5,5,MSH-0331-Chiwaridzo 2_LTE,100%,100,99.2728,99.783,94.4918,99.7879,1.0506,99.9776,99.9874,99.9997,1023.5547,921.3334,102.2213,19.6995,51,7.7807,5.8846,16.0674,3.9105,0.1772,0,0.0001,56.8182,58.1264,4.9249,39.9643,8.8308,13.0019
14/10/2025,MSH-0331-Chiwaridzo 2,CELL_TDD,MSH-0331-Chiwaridzo 2_LTE_4,4,MSH-0331-Chiwaridzo 2_LTE,100%,100,99.1592,99.2032,98.5113,99.7334,0.681,99.9611,99.9199,99.9997,1494.0469,1376.9815,117.0654,39.8509,72,6.8986,3.9715,15.9252,5.5543,0.1756,0,0,71.5697,56.5875,9.9627,52.9312,11.1889,16.24
14/10/2025,MSH-0331-Chiwaridzo 2,CELL_TDD,MSH-0331-Chiwaridzo 2_LTE_3,3,MSH-0331-Chiwaridzo 2_LTE,100%,100,98.645,99.949,86.3151,99.8199,0.8077,99.9895,99.9946,99.9997,1070.901,983.6822,87.2188,20.9705,51,4.8646,5.1813,17.5807,4.4508,0.1913,0,0,68.4845,49.3339,5.2426,35.6405,10.0388,13.1798
14/10/2025,MSH-0331-Chiwaridzo 2,CELL_TDD,MSH-0331-Chiwaridzo 2_LTE_2,2,MSH-0331-Chiwaridzo 2_LTE,100%,100,99.4493,99.9854,90.6643,99.9458,1.8117,99.9221,99.9637,99.9997,938.6094,859.9157,78.6938,22.6263,51,6.5704,3.9692,16.4411,5.5491,0.1847,0,0,61.5868,52.983,5.6566,35.4595,10.1677,13.8851
14/10/2025,MSH-0331-Chiwaridzo 2,CELL_TDD,MSH-0331-Chiwaridzo 2_LTE_1,1,MSH-0331-Chiwaridzo 2_LTE,100%,100,99.3098,99.3551,98.2931,99.7939,0.6684,99.935,99.9628,100.0003,1312.0871,1164.8232,147.264,37.7703,78,5.1663,5.0122,15.7698,6.528,0.1733,0,0,71.6505,59.187,9.4426,43.4019,11.0147,14.5239
14/10/2025,MSH-0112-Bindura Hospital,CELL_TDD,MSH-0112-Bindura Hospital_LTE_1,1,MSH-0112-Bindura Hospital_LTE,100%,100,99.7808,99.9422,98.1553,99.8098,0.5414,99.9648,99.9855,100.0011,701.6807,607.8592,93.8215,10.6426,24,8.5186,8.2415,14.2221,3.3599,0.1633,0,0,42.2271,51.0652,2.6606,24.596,11.5683,15.389
14/10/2025,MSH-0112-Bindura Hospital,CELL_TDD,MSH-0112-Bindura Hospital_LTE_2,2,MSH-0112-Bindura Hospital_LTE,100%,100,99.9215,99.9705,99.7258,99.8291,0.6598,100,100,100.0005,332.1567,292.5775,39.5793,8.3099,25,10.178,5.2623,17.6671,3.318,0.2065,0,0,23.1494,45.1508,2.0775,16.7993,10.8943,11.8934
14/10/2025,MSH-0112-Bindura Hospital,CELL_TDD,MSH-0112-Bindura Hospital_LTE_3,3,MSH-0112-Bindura Hospital_LTE,100%,100,99.8471,99.9794,98.4577,99.8606,1.7146,99.9767,99.0596,99.9992,668.6108,589.031,79.5799,20.7298,39,9.4176,5.3646,16.0312,4.2394,0.1831,0,0,38.1665,53.7465,5.1825,28.0035,10.9111,13.5188
14/10/2025,MSH-0112-Bindura Hospital,CELL_TDD,MSH-0112-Bindura Hospital_LTE_4,4,MSH-0112-Bindura Hospital_LTE,100%,100,99.3459,99.7938,96.106,99.7968,0.6869,99.8417,99.8958,100.0005,510.772,478.5242,32.2478,10.472,23,8.3443,3.2803,13.6794,3.1877,0.1649,0,0,32.323,45.1157,2.618,24.7535,12.1566,16.7251
14/10/2025,MSH-0112-Bindura Hospital,CELL_TDD,MSH-0112-Bindura Hospital_LTE_5,5,MSH-0112-Bindura Hospital_LTE,100%,100,99.3781,99.8717,97.5061,99.7385,0.8308,99.8481,99.8997,100.0005,443.6611,393.5815,50.0796,8.4417,20,11.27,5.6271,14.8018,2.0191,0.1682,0,0,23.4591,78.9109,2.1104,21.7769,10.4392,13.4975
14/10/2025,MSH-0112-Bindura Hospital,CELL_TDD,MSH-0112-Bindura Hospital_LTE_6,6,MSH-0112-Bindura Hospital_LTE,100%,100,99.6902,99.9189,97.313,99.6662,3.0974,100,99.9484,99.9997,556.4195,489.3398,67.0797,16.5443,37,8.3521,4.9716,17.1967,5.1094,0.2042,0,0,37.637,54.156,4.1361,30.7469,10.7604,11.3303
14/10/2025,MSH-0014-Chipadze,CELL_TDD,MSH-0014-Chipadze_LTE_6,6,MSH-0014-Chipadze,100%,100,98.4754,99.6126,89.6111,99.7407,1.1444,99.0499,99.1209,99.9989,761.694,697.4026,64.2915,15.0153,31,7.4497,4.0983,16.8516,5.0066,0.1809,0,0,43.8582,60.4988,3.7538,23.2088,9.3168,15.7107
14/10/2025,MSH-0014-Chipadze,CELL_TDD,MSH-0014-Chipadze_LTE_5,5,MSH-0014-Chipadze,100%,100,99.1551,99.6985,95.225,99.7409,2.1896,98.5516,98.7369,99.9989,616.3842,556.3044,60.0798,25.0178,59,2.3473,1.8122,19.6024,10.9949,0.2158,0,0.0001,65.6546,67.8803,6.2544,33.4425,8.9144,11.309
14/10/2025,MSH-0014-Chipadze,CELL_TDD,MSH-0014-Chipadze_LTE_4,4,MSH-0014-Chipadze,100%,100,99.8008,99.9328,98.6673,99.8438,1.0727,97.3026,97.6435,99.9989,599.3842,542.3624,57.0218,15.8343,38,4.2491,4.0411,18.2577,6.3069,0.2021,0,0,54.02,58.8064,3.9586,27.6625,9.892,12.7881
14/10/2025,MSH-0014-Chipadze,CELL_TDD,MSH-0014-Chipadze_LTE_3,3,MSH-0014-Chipadze,100%,100,99.3029,99.8474,90.1045,99.8119,0.7712,99.5695,99.5575,99.9989,1151.7178,1032.904,118.8138,20.3375,34,7.6952,6.2614,16.651,3.9123,0.185,0,0,49.8154,59.3093,5.0844,20.1993,9.9197,14.5483
14/10/2025,MSH-0014-Chipadze,CELL_TDD,MSH-0014-Chipadze_LTE_2,2,MSH-0014-Chipadze,100%,100,99.3258,99.8711,92.9032,99.8121,1.8638,99.7752,99.7429,99.9989,904.8503,830.6993,74.151,28.5566,59,2.899,2.2065,17.5423,9.1765,0.1929,0,0,71.8065,66.0621,7.1392,24.0275,8.6528,9.7979
14/10/2025,MSH-0014-Chipadze,CELL_TDD,MSH-0014-Chipadze_LTE_1,1,MSH-0014-Chipadze,100%,100,99.8754,99.9546,98.6318,99.9031,0.8221,98.5103,98.6959,99.9992,894.2909,807.0573,87.2335,21.4871,43,7.7932,5.2215,16.7327,5.5958,0.1895,0,0,44.907,57.8007,5.3718,19.9669,10.7483,13.1347
15/10/2025,MSH0013-Bindura-Zaoga,CELL_TDD,Bindura_Zaoga_LTE_6,6,MSH0013-Bindura-Zaoga,100%,100,99.5627,99.7165,98.1818,99.6401,2.2793,98.6693,98.7079,99.9995,473.0897,435.8129,37.2768,5.1657,13,7.6584,3.6492,15.493,5.6907,0.2055,0,0,42.6918,49.3398,1.2914,32.9068,9.4081,10.4584
15/10/2025,MSH0013-Bindura-Zaoga,CELL_TDD,Bindura_Zaoga_LTE_5,5,MSH0013-Bindura-Zaoga,100%,100,99.6501,99.8941,97.027,99.4835,1.7675,98.3008,98.668,99.9992,980.3216,863.0028,117.3188,36.1404,85,5.1765,4.607,14.4716,7.6729,0.1667,0,0,62.6438,56.1256,9.0351,48.759,10.3205,13.7036
15/10/2025,MSH0013-Bindura-Zaoga,CELL_TDD,Bindura_Zaoga_LTE_4,4,MSH0013-Bindura-Zaoga,100%,100,98.7616,99.6084,93.4856,99.303,2.5748,98.7739,98.8939,99.9995,520.3004,465.9252,54.3753,25.4049,89,4.2409,2.2658,18.0719,12.6803,0.2258,0,0.0002,57.0586,49.1738,6.3512,48.7429,9.4482,9.6035
15/10/2025,MSH0013-Bindura-Zaoga,CELL_TDD,Bindura_Zaoga_LTE_3,3,MSH0013-Bindura-Zaoga,100%,100,99.9084,99.9761,98.3146,99.9289,1.2247,99.558,99.3365,99.9995,648.6449,586.6069,62.0381,6.6629,15,10.3444,6.7235,11.5923,3.6282,0.1435,0,0,39.841,46.8601,1.6657,25.3065,10.0904,12.0992
15/10/2025,MSH0013-Bindura-Zaoga,CELL_TDD,Bindura_Zaoga_LTE_2,2,MSH0013-Bindura-Zaoga,100%,100,99.447,99.9251,94.5402,99.6249,1.4922,97.6877,98.6427,99.9992,1217.3241,1113.4936,103.8305,34.7232,74,5.6824,3.5926,13.4588,6.6082,0.1546,0,0,64.8257,53.891,8.6808,40.9576,10.1939,12.8099
15/10/2025,MSH0013-Bindura-Zaoga,CELL_TDD,Bindura_Zaoga_LTE_1,1,MSH0013-Bindura-Zaoga,100%,100,99.0164,99.807,93.6052,99.6381,2.2384,98.7079,98.9849,99.9992,658.6359,605.1024,53.5335,24.1046,85,4.4878,2.5701,18.0008,9.8354,0.2164,0,0.0001,59.2872,48.3166,6.0262,43.1496,9.1856,9.881
15/10/2025,MSH-0331-Chiwaridzo 2,CELL_TDD,MSH-0331-Chiwaridzo 2_LTE_6,6,MSH-0331-Chiwaridzo 2_LTE,100%,100,99.4157,99.7357,96.8778,99.5647,0.8713,99.9668,99.969,100.0003,767.4183,697.0064,70.4119,18.8147,49,5.9159,4.4177,17.9498,5.0313,0.2034,0,0,56.1524,50.4346,4.7037,40.0099,9.9684,13.9707
15/10/2025,MSH-0331-Chiwaridzo 2,CELL_TDD,MSH-0331-Chiwaridzo 2_LTE_5,5,MSH-0331-Chiwaridzo 2_LTE,100%,100,99.5764,99.9306,96.1063,99.833,1.0478,99.9513,99.9553,100.0008,940.4349,864.5784,75.8564,19.4396,41,6.9359,4.0132,16.9574,5.3831,0.1909,0,0,57.9416,59.4618,4.8599,41.9664,9.0164,12.7599
15/10/2025,MSH-0331-Chiwaridzo 2,CELL_TDD,MSH-0331-Chiwaridzo 2_LTE_4,4,MSH-0331-Chiwaridzo 2_LTE,100%,100,99.4849,99.5703,98.3794,99.706,0.6242,99.8371,99.8742,100.0003,1445.9353,1340.7478,105.1875,35.7517,75,7.5143,3.6821,16.079,5.3213,0.1775,0,0,72.0251,55.2683,8.9379,53.9003,11.1496,16.0599
15/10/2025,MSH-0331-Chiwaridzo 2,CELL_TDD,MSH-0331-Chiwaridzo 2_LTE_3,3,MSH-0331-Chiwaridzo 2_LTE,100%,100,98.2974,99.9377,82.8609,99.8117,0.5931,99.9347,99.9494,100.0008,1020.8868,933.9947,86.8921,21.0092,53,4.6841,5.16,17.4425,4.3717,0.1871,0,0,65.0001,49.2738,5.2523,35.173,10.0846,12.9732
15/10/2025,MSH-0331-Chiwaridzo 2,CELL_TDD,MSH-0331-Chiwaridzo 2_LTE_2,2,MSH-0331-Chiwaridzo 2_LTE,100%,100,99.8412,99.9867,96.7922,99.8912,1.4345,99.9582,99.9806,100.0008,901.796,841.4687,60.3274,21.0863,50,6.119,3.5882,16.5258,4.7533,0.1852,0,0,59.9518,48.3671,5.2716,32.8826,10.3738,13.6409
15/10/2025,MSH-0331-Chiwaridzo 2,CELL_TDD,MSH-0331-Chiwaridzo 2_LTE_1,1,MSH-0331-Chiwaridzo 2_LTE,100%,100,99.3894,99.4755,97.1941,99.7684,0.6898,99.8756,99.954,100.0014,1325.1278,1209.5524,115.5754,41.1436,80,5.8657,4.029,15.9359,6.7632,0.1762,0,0,70.3152,53.9928,10.2859,43.5197,11.0347,14.3108
15/10/2025,MSH-0112-Bindura Hospital,CELL_TDD,MSH-0112-Bindura Hospital_LTE_1,1,MSH-0112-Bindura Hospital_LTE,100%,100,99.8467,99.9817,98,99.9096,0.4368,100,99.9511,100,582.3794,533.8804,48.4989,9.477,23,9.4697,5.0099,14.3582,3.055,0.1578,0,0,33.547,46.7368,2.3693,20.5519,11.7849,16.0037
15/10/2025,MSH-0112-Bindura Hospital,CELL_TDD,MSH-0112-Bindura Hospital_LTE_2,2,MSH-0112-Bindura Hospital_LTE,100%,100,99.9578,100,99.7784,99.9619,0.4816,100,100,100,397.6408,292.5449,105.0958,9.0233,22,13.4674,10.595,16.0587,3.4065,0.1857,0,0,20.7498,53.8362,2.2558,16.9252,11.0675,13.3645
15/10/2025,MSH-0112-Bindura Hospital,CELL_TDD,MSH-0112-Bindura Hospital_LTE_3,3,MSH-0112-Bindura Hospital_LTE,100%,100,99.8248,99.9852,96.4662,99.9266,0.6895,99.9667,99.0841,99.9997,833.6466,741.3678,92.2789,20.9905,40,9.3812,6.3856,15.5218,4.0985,0.1729,0,0,43.0906,52.2543,5.2476,27.4556,11.0285,14.1354
15/10/2025,MSH-0112-Bindura Hospital,CELL_TDD,MSH-0112-Bindura Hospital_LTE_4,4,MSH-0112-Bindura Hospital_LTE,100%,100,99.5523,99.9062,96.9756,99.6444,0.8027,99.867,99.8873,99.9997,603.9699,532.3201,71.6497,9.9394,26,8.8397,6.3564,13.053,3.1876,0.1481,0,0,31.1277,50.7589,2.4849,25.7937,11.8304,17.3875
15/10/2025,MSH-0112-Bindura Hospital,CELL_TDD,MSH-0112-Bindura Hospital_LTE_5,5,MSH-0112-Bindura Hospital_LTE,100%,100,99.6087,99.9521,98.3102,99.9063,0.7953,99.8227,99.8935,99.9984,418.2808,338.8444,79.4364,8.2314,19,13.837,7.4287,14.8416,3.3046,0.169,0,0,19.6738,55.2584,2.0579,19.2834,10.2969,13.1972
15/10/2025,MSH-0112-Bindura Hospital,CELL_TDD,MSH-0112-Bindura Hospital_LTE_6,6,MSH-0112-Bindura Hospital_LTE,100%,100,99.7562,99.9558,97.5075,99.7869,1.0952,99.9613,99.9411,99.9997,559.6706,509.4264,50.2442,17.9272,37,8.5592,4.1343,17.1778,4.4963,0.1985,0,0,37.5037,51.4829,4.4818,29.2195,10.9168,12.5291
15/10/2025,MSH-0014-Chipadze,CELL_TDD,MSH-0014-Chipadze_LTE_6,6,MSH-0014-Chipadze,100%,99.9988,97.9804,98.9401,87.8297,99.6448,1.0014,99.1259,99.1946,100.0009,718.5351,657.3422,61.1929,15.3527,31,6.8264,4.5628,16.1265,5.411,0.1721,0,0,46.4322,57.7574,3.8382,23.958,9.5869,15.9933
15/10/2025,MSH-0014-Chipadze,CELL_TDD,MSH-0014-Chipadze_LTE_5,5,MSH-0014-Chipadze,100%,99.9988,99.3955,99.8093,96.4296,99.7551,2.1676,98.9099,99.0558,100.0009,577.3081,530.733,46.5751,25.3854,57,2.4017,1.4932,18.682,11.6629,0.2066,0,0.0001,65.4037,65.8292,6.3464,33.701,8.5449,11.7017
15/10/2025,MSH-0014-Chipadze,CELL_TDD,MSH-0014-Chipadze_LTE_4,4,MSH-0014-Chipadze,100%,99.9988,99.8547,99.9552,98.8064,99.8543,0.4809,98.0914,98.3726,100.0009,457.004,411.8402,45.1638,15.688,37,6.2438,4.6792,17.1564,5.0518,0.1902,0,0,38.3684,55.3187,3.922,22.4766,9.814,13.7424
15/10/2025,MSH-0014-Chipadze,CELL_TDD,MSH-0014-Chipadze_LTE_3,3,MSH-0014-Chipadze,100%,99.9988,98.3911,99.5869,82.5847,99.8338,0.7007,99.5376,99.5881,100.0012,1092.5114,974.7343,117.7771,18.5421,35,7.5784,6.7765,15.3245,3.5727,0.1681,0,0,48.8039,57.8552,4.6355,21.2129,9.8499,13.0011
15/10/2025,MSH-0014-Chipadze,CELL_TDD,MSH-0014-Chipadze_LTE_2,2,MSH-0014-Chipadze,100%,99.9988,98.6468,99.8169,86.7479,99.8012,1.1609,97.9388,98.4127,99.9991,783.1338,720.0345,63.0993,26.082,57,2.5383,2.164,17.2844,8.9305,0.193,0,0,71.1962,62.8186,6.5205,24.1628,8.5368,9.4515
15/10/2025,MSH-0014-Chipadze,CELL_TDD,MSH-0014-Chipadze_LTE_1,1,MSH-0014-Chipadze,100%,99.9988,99.8511,99.9871,97.8908,99.8818,0.5266,98.6853,98.8714,100.0015,638.8949,579.9455,58.9494,18.545,38,9.8135,5.0782,16.648,5.1472,0.1859,0,0,33.1546,54.0197,4.6363,17.0976,10.7814,13.7998
16/10/2025,MSH0013-Bindura-Zaoga,CELL_TDD,Bindura_Zaoga_LTE_6,6,MSH0013-Bindura-Zaoga,100%,100,99.722,99.9037,95.122,99.8322,1.023,98.6732,98.6667,99.9983,516.5483,484.9189,31.6294,4.6882,12,9.8585,3.4033,12.031,5.3882,0.1489,0,0,34.9986,45.8651,1.1721,28.0783,9.6804,11.0047
16/10/2025,MSH0013-Bindura-Zaoga,CELL_TDD,Bindura_Zaoga_LTE_5,5,MSH0013-Bindura-Zaoga,100%,100,99.6722,99.8604,97.8907,99.5895,1.6975,98.6693,98.8795,99.9983,1057.0444,954.4801,102.5643,34.3668,92,5.3882,4.4858,14.0963,7.0523,0.1636,0,0,64.1383,55.3986,8.5917,45.8633,10.5714,14.3713
16/10/2025,MSH0013-Bindura-Zaoga,CELL_TDD,Bindura_Zaoga_LTE_4,4,MSH0013-Bindura-Zaoga,100%,100,98.7036,99.5882,92.567,99.3181,2.2037,98.6164,98.7805,99.9983,659.459,605.1954,54.2636,25.4091,103,5.686,2.3883,15.7655,11.3583,0.1922,0,0.0001,57.4638,50.337,6.3523,48.6425,9.3896,11.7605
16/10/2025,MSH0013-Bindura-Zaoga,CELL_TDD,Bindura_Zaoga_LTE_3,3,MSH0013-Bindura-Zaoga,100%,100,99.934,100,98.1928,99.9093,0.5208,98.4743,98.7298,99.9983,663.5449,592.7723,70.7727,6.025,16,10.2565,8.4206,11.7224,3.1825,0.1458,0,0.0001,43.3146,46.1,1.5063,25.4043,10.2227,12.7868
16/10/2025,MSH0013-Bindura-Zaoga,CELL_TDD,Bindura_Zaoga_LTE_2,2,MSH0013-Bindura-Zaoga,100%,100,99.8194,99.9292,98.8748,99.7149,1.4235,98.6271,99.1327,99.9983,1392.4025,1267.7302,124.6723,34.5193,81,5.3057,4.3111,13.3521,6.0112,0.1519,0,0.0001,68.8394,58.6618,8.6298,41.7072,10.4068,13.5822
16/10/2025,MSH0013-Bindura-Zaoga,CELL_TDD,Bindura_Zaoga_LTE_1,1,MSH0013-Bindura-Zaoga,100%,100,98.8996,99.7654,93.7198,99.5762,2.162,97.3646,98.0977,99.9986,710.3062,648.5851,61.7211,23.3122,110,5.4216,2.9741,16.1599,9.0492,0.199,0,0.0001,55.744,48.989,5.828,41.5529,9.3164,10.2226
16/10/2025,MSH-0331-Chiwaridzo 2,CELL_TDD,MSH-0331-Chiwaridzo 2_LTE_6,6,MSH-0331-Chiwaridzo 2_LTE,100%,100,98.9678,99.8396,93.8558,99.6603,0.7482,99.9248,99.9236,99.9994,767.6428,699.8532,67.7896,19.26,42,6.006,4.4767,17.7373,4.3098,0.201,0,0,57.0085,51.7509,4.815,39.2979,10.2815,14.2835
16/10/2025,MSH-0331-Chiwaridzo 2,CELL_TDD,MSH-0331-Chiwaridzo 2_LTE_5,5,MSH-0331-Chiwaridzo 2_LTE,100%,100,99.3713,99.8452,96.6613,99.7048,1.9016,99.9774,99.9703,99.9983,908.6301,848.0892,60.5409,18.9649,44,8.1087,3.9569,16.7824,5.2881,0.1892,0,0,52.0918,49.2434,4.7412,39.2869,9.0295,12.8628
16/10/2025,MSH-0331-Chiwaridzo 2,CELL_TDD,MSH-0331-Chiwaridzo 2_LTE_4,4,MSH-0331-Chiwaridzo 2_LTE,100%,100,99.5455,99.7956,96.8913,99.7686,0.4758,99.9797,99.9462,99.9991,1311.6592,1203.1716,108.4876,34.5987,68,7.2818,3.9439,15.8856,4.8197,0.1812,0,0,65.141,60.59,8.6497,49.9008,11.1004,16.6297
16/10/2025,MSH-0331-Chiwaridzo 2,CELL_TDD,MSH-0331-Chiwaridzo 2_LTE_3,3,MSH-0331-Chiwaridzo 2_LTE,100%,100,98.7104,99.8694,89.2317,99.7061,0.6487,99.9204,99.962,99.9983,986.5123,893.4728,93.0395,19.9868,50,5.7573,5.7069,17.6558,4.8564,0.1951,0,0,66.3448,51.6962,4.9967,34.9073,10.0425,12.5221
16/10/2025,MSH-0331-Chiwaridzo 2,CELL_TDD,MSH-0331-Chiwaridzo 2_LTE_2,2,MSH-0331-Chiwaridzo 2_LTE,100%,100,99.6645,99.9787,95.6498,99.9088,1.5744,99.9504,99.9776,99.9983,836.7181,781.8924,54.8257,18.7173,47,6.483,3.3078,17.3412,5.1909,0.1913,0,0,58.1618,48.1503,4.6793,32.966,10.0337,13.0743
16/10/2025,MSH-0331-Chiwaridzo 2,CELL_TDD,MSH-0331-Chiwaridzo 2_LTE_1,1,MSH-0331-Chiwaridzo 2_LTE,100%,100,99.4721,99.5201,98.6423,99.7996,0.5534,99.941,99.9715,99.9991,1194.3175,1078.281,116.0365,34.9002,78,5.4862,4.3109,15.9458,6.2647,0.1746,0,0,68.292,57.8182,8.7251,43.7991,10.8674,13.6849
16/10/2025,MSH-0112-Bindura Hospital,CELL_TDD,MSH-0112-Bindura Hospital_LTE_1,1,MSH-0112-Bindura Hospital_LTE,100%,100,99.842,100,97.8564,99.8745,0.5971,100,99.9805,99.9989,553.3113,495.3463,57.965,9.3967,20,14.1584,6.8516,12.1835,3.1355,0.1316,0,0.0001,22.6446,45.697,2.3492,14.9949,12.0253,18.0233
16/10/2025,MSH-0112-Bindura Hospital,CELL_TDD,MSH-0112-Bindura Hospital_LTE_2,2,MSH-0112-Bindura Hospital_LTE,100%,100,99.8761,99.9789,98.9216,99.948,0.6263,100,100,99.9983,426.5677,385.8258,40.7419,7.435,22,12.0605,5.9375,17.006,3.1976,0.1971,0,0,23.2519,45.5246,1.8588,16.3565,10.8751,12.5345
16/10/2025,MSH-0112-Bindura Hospital,CELL_TDD,MSH-0112-Bindura Hospital_LTE_3,3,MSH-0112-Bindura Hospital_LTE,100%,100,99.8964,99.9782,98.3702,99.8584,0.8868,100,99.7486,99.9983,891.3521,786.7589,104.5932,20.4456,38,8.9513,7.1561,15.2532,3.9633,0.17,0,0,47.3093,52.3326,5.1114,28.084,11.3109,14.5558
16/10/2025,MSH-0112-Bindura Hospital,CELL_TDD,MSH-0112-Bindura Hospital_LTE_4,4,MSH-0112-Bindura Hospital_LTE,100%,100,99.1237,99.7683,95.0139,99.4714,1.2952,99.9302,99.9512,99.9983,614.8753,548.0775,66.7977,10.9577,22,10.1328,6.225,12.4244,3.2408,0.1389,0,0,29.9574,50.0755,2.7394,25.6301,12.1256,17.9876
16/10/2025,MSH-0112-Bindura Hospital,CELL_TDD,MSH-0112-Bindura Hospital_LTE_5,5,MSH-0112-Bindura Hospital_LTE,100%,100,99.4555,99.9074,97.4422,99.8911,0.7656,99.8574,99.9015,99.9983,223.8729,201.332,22.5409,7.1628,18,11.7218,4.0323,14.9266,2.7508,0.1812,0,0,15.9101,43.2029,1.7907,16.2,10.4468,12.0027
16/10/2025,MSH-0112-Bindura Hospital,CELL_TDD,MSH-0112-Bindura Hospital_LTE_6,6,MSH-0112-Bindura Hospital_LTE,100%,100,99.6317,99.8453,97.9877,99.6621,1.1701,100,99.9529,99.9983,707.3986,641.9344,65.4643,16.7986,35,9.6615,4.1156,15.9526,5.7344,0.1832,0,0,40.0267,55.1448,4.1996,32.8626,10.7795,12.3793
16/10/2025,MSH-0014-Chipadze,CELL_TDD,MSH-0014-Chipadze_LTE_6,6,MSH-0014-Chipadze,100%,99.9998,99.0781,99.7939,92.1885,99.8541,0.9318,99.0036,99.0641,99.9997,913.2951,834.061,79.2341,14.6458,31,7.5791,5.1807,16.5697,4.5782,0.1762,0,0,50.6208,59.6202,3.6615,25.1425,9.6853,16.0504
16/10/2025,MSH-0014-Chipadze,CELL_TDD,MSH-0014-Chipadze_LTE_5,5,MSH-0014-Chipadze,100%,99.9998,99.0291,99.835,93.911,99.6645,1.6338,99.3664,99.4769,99.9997,627.3013,572.5037,54.7975,25.3203,60,2.3687,1.8245,18.8097,10.3535,0.2109,0,0.0001,66.2861,64.9919,6.3301,33.8223,8.8106,11.5575
16/10/2025,MSH-0014-Chipadze,CELL_TDD,MSH-0014-Chipadze_LTE_4,4,MSH-0014-Chipadze,100%,99.9998,99.7397,99.9546,98.2388,99.9142,0.7741,98.5361,98.6779,99.9997,488.032,438.9141,49.1179,15.3972,34,6.2065,5.2871,17.2695,5.2471,0.1933,0,0,39.4257,55.479,3.8493,22.0271,10.0864,13.5981
16/10/2025,MSH-0014-Chipadze,CELL_TDD,MSH-0014-Chipadze_LTE_3,3,MSH-0014-Chipadze,100%,99.9998,99.2009,99.9156,87.7811,99.8191,0.5556,99.7331,99.6866,99.9997,1263.1872,1146.9418,116.2454,19.2296,35,7.9988,5.5712,15.7923,3.178,0.1738,0,0,52.6594,57.2701,4.8074,21.3634,9.9579,14.0585
16/10/2025,MSH-0014-Chipadze,CELL_TDD,MSH-0014-Chipadze_LTE_2,2,MSH-0014-Chipadze,100%,99.9998,99.2863,99.8861,94.3617,99.7255,1.3075,98.9352,99.444,99.9997,940.4264,841.895,98.5314,26.561,55,3.0823,3.3057,17.3512,8.5931,0.1937,0,0,72.4489,64.2673,6.6402,24.428,8.7017,9.8464
16/10/2025,MSH-0014-Chipadze,CELL_TDD,MSH-0014-Chipadze_LTE_1,1,MSH-0014-Chipadze,100%,99.9998,99.8334,99.9828,98.0981,99.8612,0.5941,98.5871,98.819,100.0003,706.8476,646.335,60.5126,17.1154,38,9.3091,4.596,16.4671,5.4947,0.183,0,0,38.134,55.1299,4.2789,17.4915,10.4927,13.9209
17/10/2025,MSH0013-Bindura-Zaoga,CELL_TDD,Bindura_Zaoga_LTE_6,6,MSH0013-Bindura-Zaoga,100%,100,99.6607,99.725,98.3498,99.9524,0.5676,98.963,99.0145,100.0006,496.3112,466.0402,30.271,6.0168,15,8.5185,3.0393,12.9186,5.337,0.167,0,0,32.604,47.4913,1.5042,27.2675,10.0721,12.6561
17/10/2025,MSH0013-Bindura-Zaoga,CELL_TDD,Bindura_Zaoga_LTE_5,5,MSH0013-Bindura-Zaoga,100%,100,99.4964,99.8761,96.026,99.6601,1.7862,99.0787,99.2512,100.0003,801.0981,675.9766,125.1215,35.4694,80,5.53,4.5749,14.917,7.9232,0.1742,0,0,58.6732,59.5345,8.8673,48.2186,10.4185,13.011
17/10/2025,MSH0013-Bindura-Zaoga,CELL_TDD,Bindura_Zaoga_LTE_4,4,MSH0013-Bindura-Zaoga,100%,100,98.1822,99.4778,91.9511,99.4548,2.2685,98.9719,99.0621,100.0003,469.8968,431.207,38.6898,23.6212,87,5.83,1.5972,17.2767,12.5997,0.213,0,0.0002,43.3021,47.038,5.9053,42.1404,9.2846,10.7007
17/10/2025,MSH0013-Bindura-Zaoga,CELL_TDD,Bindura_Zaoga_LTE_3,3,MSH0013-Bindura-Zaoga,100%,100,99.9288,100,98.7069,99.9754,0.9198,99.0553,99.2126,100.0003,542.2828,464.4945,77.7883,6.1074,20,8.0658,8.1927,13.2773,4.4117,0.1822,0,0,41.7991,48.9766,1.5269,28.3633,10.0701,11.1624
17/10/2025,MSH0013-Bindura-Zaoga,CELL_TDD,Bindura_Zaoga_LTE_2,2,MSH0013-Bindura-Zaoga,100%,100,99.7089,99.9197,97.974,99.629,1.292,99.0137,99.3758,100.0003,962.9181,860.228,102.6901,32.1548,73,5.4362,4.5256,14.1303,6.1378,0.1667,0,0,57.1447,53.6871,8.0387,37.5638,10.4502,12.4256
17/10/2025,MSH0013-Bindura-Zaoga,CELL_TDD,Bindura_Zaoga_LTE_1,1,MSH0013-Bindura-Zaoga,100%,100,98.8451,99.741,93.7074,99.6537,2.2163,99.2134,99.4173,100.0003,671.8554,612.8337,59.0217,23.0641,85,5.9227,2.4987,15.8264,9.324,0.1902,0,0.0001,47.5118,49.7609,5.766,39.0551,9.3089,11.8365
17/10/2025,MSH-0331-Chiwaridzo 2,CELL_TDD,MSH-0331-Chiwaridzo 2_LTE_6,6,MSH-0331-Chiwaridzo 2_LTE,100%,100,99.1148,99.562,96.2561,99.2408,1.0429,99.9374,99.9147,100.0009,713.4032,650.7324,62.6708,17.7907,57,4.4226,3.7493,18.9863,5.7454,0.2211,0,0,59.3127,50.1949,4.4477,43.2407,10.1483,13.2987
17/10/2025,MSH-0331-Chiwaridzo 2,CELL_TDD,MSH-0331-Chiwaridzo 2_LTE_5,5,MSH-0331-Chiwaridzo 2_LTE,100%,100,99.6365,99.8907,97.6433,99.8158,1.3482,99.9593,99.8781,100.0009,1146.0806,1062.8061,83.2746,18.5437,46,6.7776,4.6402,16.9425,4.4831,0.1882,0,0,58.1045,52.3513,4.6359,41.3635,8.8053,13.7971
17/10/2025,MSH-0331-Chiwaridzo 2,CELL_TDD,MSH-0331-Chiwaridzo 2_LTE_4,4,MSH-0331-Chiwaridzo 2_LTE,100%,100,98.9596,99.0242,98.2594,99.6448,0.9809,99.9515,99.9322,100.0009,1255.2452,1153.4127,101.8325,31.6918,69,6.7433,3.6608,15.9883,5.5801,0.1807,0,0,61.4068,55.1906,7.923,49.7781,10.8229,15.5751
17/10/2025,MSH-0331-Chiwaridzo 2,CELL_TDD,MSH-0331-Chiwaridzo 2_LTE_3,3,MSH-0331-Chiwaridzo 2_LTE,100%,100,99.4363,99.9158,94.09,99.7233,0.6854,99.9718,99.9569,100.0009,985.6854,900.231,85.4543,21.738,48,4.1,4.7083,18.8516,4.562,0.2059,0,0,64.9424,49.7539,5.4345,37.9881,10.1651,12.7658
17/10/2025,MSH-0331-Chiwaridzo 2,CELL_TDD,MSH-0331-Chiwaridzo 2_LTE_2,2,MSH-0331-Chiwaridzo 2_LTE,100%,100,99.7565,99.9761,96.2324,99.8901,0.9434,99.9712,99.985,100.0009,817.2316,747.8501,69.3815,20.3698,47,5.5024,4.1204,17.1123,4.9147,0.191,0,0,55.1158,49.8405,5.0925,33.1934,10.2581,13.8716
17/10/2025,MSH-0331-Chiwaridzo 2,CELL_TDD,MSH-0331-Chiwaridzo 2_LTE_1,1,MSH-0331-Chiwaridzo 2_LTE,100%,100,99.1258,99.1426,98.7993,99.8189,0.5803,99.947,99.9537,100.0012,1342.5654,1226.3822,116.1832,39.0213,76,5.574,4.0927,15.5935,5.2627,0.1725,0,0,63.0513,52.1056,9.7553,43.9509,10.9596,14.6621
17/10/2025,MSH-0112-Bindura Hospital,CELL_TDD,MSH-0112-Bindura Hospital_LTE_1,1,MSH-0112-Bindura Hospital_LTE,100%,100,99.6005,99.9136,95.7333,99.7648,0.701,100,100,100.0032,603.5041,560.1976,43.3065,8.2333,19,7.0414,4.6726,14.8706,3.1221,0.1671,0,0,39.462,45.2343,2.0583,22.289,11.5314,14.9801
17/10/2025,MSH-0112-Bindura Hospital,CELL_TDD,MSH-0112-Bindura Hospital_LTE_2,2,MSH-0112-Bindura Hospital_LTE,100%,100,99.7383,99.9676,96.9638,99.9278,0.6253,99.9349,99.9669,100.0017,404.5732,357.8141,46.7591,9.0958,23,13.8592,5.8657,15.9777,3.3994,0.1859,0,0,19.5802,46.4113,2.2739,15.7571,10.9295,13.3984
17/10/2025,MSH-0112-Bindura Hospital,CELL_TDD,MSH-0112-Bindura Hospital_LTE_3,3,MSH-0112-Bindura Hospital_LTE,100%,100,99.8167,99.968,97.6571,99.8539,1.1823,99.9545,99.832,100.002,984.9102,899.3227,85.5875,19.605,39,7.5147,4.7816,15.6909,4.1825,0.171,0,0,52.7931,50.8338,4.9012,32.1298,10.7432,14.2695
17/10/2025,MSH-0112-Bindura Hospital,CELL_TDD,MSH-0112-Bindura Hospital_LTE_4,4,MSH-0112-Bindura Hospital_LTE,100%,100,99.1093,99.789,94.2507,99.6883,0.6106,99.942,99.9635,100.0017,575.1394,517.7661,57.3733,11.5954,23,7.9868,4.5049,15.4502,3.9088,0.1859,0,0,34.3223,50.3415,2.8989,27.188,12.2421,15.9392
17/10/2025,MSH-0112-Bindura Hospital,CELL_TDD,MSH-0112-Bindura Hospital_LTE_5,5,MSH-0112-Bindura Hospital_LTE,100%,100,99.5196,99.9694,97.0137,99.9098,0.612,99.9428,99.9159,100.0017,238.2717,216.8348,21.4369,7.8501,18,11.2089,3.2794,14.7797,2.9631,0.1716,0,0,16.9927,43.6733,1.9625,16.9798,10.5076,12.529
17/10/2025,MSH-0112-Bindura Hospital,CELL_TDD,MSH-0112-Bindura Hospital_LTE_6,6,MSH-0112-Bindura Hospital_LTE,100%,100,99.6896,99.881,97.5976,99.6947,1.3373,99.9305,99.9482,100.0017,708.5715,654.4077,54.1638,17.268,39,7.8886,3.3071,17.0994,4.9572,0.1924,0,0,46.2303,51.2407,4.317,35.5872,10.7435,12.6371
17/10/2025,MSH-0014-Chipadze,CELL_TDD,MSH-0014-Chipadze_LTE_6,6,MSH-0014-Chipadze,100%,99.9975,98.9076,99.8245,91.1235,99.7258,0.9778,99.6945,99.7011,99.9997,707.9089,630.188,77.7209,14.6931,28,7.3158,4.8832,16.3139,5.0738,0.1749,0,0,43.551,60.2003,3.6733,23.656,10.1628,15.9895
17/10/2025,MSH-0014-Chipadze,CELL_TDD,MSH-0014-Chipadze_LTE_5,5,MSH-0014-Chipadze,100%,99.9975,98.3477,99.7861,88.8173,99.8085,1.5437,99.854,99.8533,99.9997,552.8944,502.391,50.5035,24.9742,48,2.525,1.7665,18.6523,9.807,0.2071,0,0.0006,62.3764,65.5898,6.2436,32.373,9.115,12.2354
17/10/2025,MSH-0014-Chipadze,CELL_TDD,MSH-0014-Chipadze_LTE_4,4,MSH-0014-Chipadze,100%,99.9975,99.888,99.95,99.3583,99.7869,0.9138,98.0808,98.1643,99.9997,400.5285,364.3125,36.216,13.3051,35,5.2071,3.4363,17.2786,5.62,0.1881,0,0,40.0361,56.6674,3.3263,22.8011,9.7119,12.9104
17/10/2025,MSH-0014-Chipadze,CELL_TDD,MSH-0014-Chipadze_LTE_3,3,MSH-0014-Chipadze,100%,99.9975,99.0288,99.8642,86.2179,99.7306,0.7989,99.4094,99.4917,99.9997,989.472,856.9564,132.5156,16.8487,38,8.6237,7.0368,15.6611,3.8533,0.1723,0,0,45.8417,60.2919,4.2122,19.2029,10.1141,14.2083
17/10/2025,MSH-0014-Chipadze,CELL_TDD,MSH-0014-Chipadze_LTE_2,2,MSH-0014-Chipadze,100%,99.9975,99.4695,99.8419,96.0513,99.7485,1.1552,98.9469,99.2821,99.9997,721.7504,663.2659,58.4845,24.1703,56,2.8515,2.1625,16.8915,7.5594,0.1876,0,0.0003,60.6526,61.1728,6.0426,22.3086,8.7514,10.5766
17/10/2025,MSH-0014-Chipadze,CELL_TDD,MSH-0014-Chipadze_LTE_1,1,MSH-0014-Chipadze,100%,99.9975,99.8963,99.9777,98.7915,99.8569,0.7542,99.0141,99.1408,99.9997,553.6348,497.4712,56.1636,16.4507,38,10.12,5.0055,16.2901,4.8824,0.1807,0,0,28.8196,53.5363,4.1127,15.8582,11.0557,14.3535
18/10/2025,MSH0013-Bindura-Zaoga,CELL_TDD,Bindura_Zaoga_LTE_6,6,MSH0013-Bindura-Zaoga,100%,100,99.5952,99.9731,93.5345,99.8409,1.5539,98.9649,98.9818,99.9917,432.831,399.1997,33.6313,5.2625,13,6.7258,3.75,13.3034,5.0449,0.1767,0,0.0003,46.4951,47.1115,1.3156,34.0851,9.2442,8.7255
18/10/2025,MSH0013-Bindura-Zaoga,CELL_TDD,Bindura_Zaoga_LTE_5,5,MSH0013-Bindura-Zaoga,100%,100,99.5446,99.8455,96.7356,99.5466,1.6537,99.2636,99.3967,99.9917,911.6714,827.6606,84.0108,32.7305,70,4.9703,3.6533,14.3772,7.7339,0.169,0,0.0001,63.0653,54.0358,8.1826,46.8567,10.1848,12.7737
18/10/2025,MSH0013-Bindura-Zaoga,CELL_TDD,Bindura_Zaoga_LTE_4,4,MSH0013-Bindura-Zaoga,100%,100,98.3073,99.3613,93.274,98.9728,2.463,98.6105,98.5155,99.9917,621.6114,555.9927,65.6187,24.9362,122,5.3514,2.8893,16.5228,12.9693,0.2055,0,0.0001,54.194,48.8005,6.234,47.2376,9.31,11.0295
18/10/2025,MSH0013-Bindura-Zaoga,CELL_TDD,Bindura_Zaoga_LTE_3,3,MSH0013-Bindura-Zaoga,100%,100,99.8855,99.9801,97.7376,100,0.9716,98.4772,98.8,99.9923,643.8421,580.2152,63.6269,7.7046,17,8.9021,5.6451,12.3675,3.7844,0.1634,0,0,43.0019,47.1337,1.9261,27.7236,10.3478,11.8191
18/10/2025,MSH0013-Bindura-Zaoga,CELL_TDD,Bindura_Zaoga_LTE_2,2,MSH0013-Bindura-Zaoga,100%,100,99.7757,99.9243,98.4107,99.5773,1.2552,99.1039,99.4396,99.9917,1177.0416,1089.464,87.5775,29.6574,77,5.6516,3.7476,13.4026,6.1488,0.1551,0,0,65.2283,52.304,7.4144,38.8924,10.1738,12.9927
18/10/2025,MSH0013-Bindura-Zaoga,CELL_TDD,Bindura_Zaoga_LTE_1,1,MSH0013-Bindura-Zaoga,100%,100,98.8607,99.7133,95.2052,99.3535,2.4556,98.9397,99.2937,99.9917,665.0573,605.8316,59.2257,24.5604,111,5.0947,2.6894,16.2966,9.9768,0.2051,0,0,54.0885,47.8095,6.1401,42.1076,9.4699,10.4933
18/10/2025,MSH-0331-Chiwaridzo 2,CELL_TDD,MSH-0331-Chiwaridzo 2_LTE_6,6,MSH-0331-Chiwaridzo 2_LTE,100%,100,98.9429,99.4414,94.9056,99.4462,0.8221,99.8777,99.8838,100.0003,664.0701,618.1277,45.9423,15.9884,42,6.4365,3.659,18.0057,5.0169,0.2093,0,0,52.597,48.7618,3.9971,36.7766,10.0265,12.9618
18/10/2025,MSH-0331-Chiwaridzo 2,CELL_TDD,MSH-0331-Chiwaridzo 2_LTE_5,5,MSH-0331-Chiwaridzo 2_LTE,100%,100,99.3072,99.9248,95.4736,99.8397,1.1811,99.6572,99.8031,99.9982,1061.014,969.9831,91.0308,18.8666,40,8.3976,5.2063,16.5481,4.7268,0.1873,0,0,58.5852,54.0079,4.7166,41.666,8.8051,12.9378
18/10/2025,MSH-0331-Chiwaridzo 2,CELL_TDD,MSH-0331-Chiwaridzo 2_LTE_4,4,MSH-0331-Chiwaridzo 2_LTE,100%,100,99.1089,99.1715,98.3798,99.7537,0.7286,99.8876,99.896,99.9997,1464.0125,1354.5857,109.4269,30.5359,62,7.1989,4.0467,15.522,4.9118,0.1744,0,0,70.094,57.7722,7.634,50.6107,11.2114,16.5566
18/10/2025,MSH-0331-Chiwaridzo 2,CELL_TDD,MSH-0331-Chiwaridzo 2_LTE_3,3,MSH-0331-Chiwaridzo 2_LTE,100%,100,99.791,99.9502,97.3483,99.7342,0.7451,100,100,99.9997,862.248,785.3954,76.8526,18.3121,48,6.3354,5.84,16.7184,4.0806,0.1841,0,0,54.203,48.8481,4.578,29.6118,10.2682,13.1215
18/10/2025,MSH-0331-Chiwaridzo 2,CELL_TDD,MSH-0331-Chiwaridzo 2_LTE_2,2,MSH-0331-Chiwaridzo 2_LTE,100%,100,99.7969,99.9834,96.7444,99.9215,1.392,99.9163,99.9517,99.9997,953.4955,868.6058,84.8896,19.2266,43,6.5195,4.6633,17.3649,5.1467,0.1969,0,0,60.9689,52.83,4.8066,33.9713,10.1814,13.43
18/10/2025,MSH-0331-Chiwaridzo 2,CELL_TDD,MSH-0331-Chiwaridzo 2_LTE_1,1,MSH-0331-Chiwaridzo 2_LTE,100%,100,99.6916,99.743,98.5797,99.8398,0.5478,99.9751,99.9892,100.0006,1666.7716,1545.322,121.4497,38.9065,66,5.7725,4.19,16.004,5.1808,0.1737,0,0,72.8781,55.4061,9.7266,44.3609,11.0938,15.2326
18/10/2025,MSH-0112-Bindura Hospital,CELL_TDD,MSH-0112-Bindura Hospital_LTE_1,1,MSH-0112-Bindura Hospital_LTE,100%,100,99.833,99.9828,98.0372,99.8547,0.7849,100,100,100.0006,880.5172,775.4091,105.1082,8.7015,20,13.0203,9.5268,13.8975,3.2766,0.1532,0,0,41.5883,50.9896,2.1754,21.8322,11.1854,17.0103
18/10/2025,MSH-0112-Bindura Hospital,CELL_TDD,MSH-0112-Bindura Hospital_LTE_2,2,MSH-0112-Bindura Hospital_LTE,100%,100,99.856,100,98.7234,99.9015,0.3664,100,100,100.0009,458.8327,382.2117,76.6209,8.7232,19,12.3666,9.2337,16.8721,3.4473,0.197,0,0,25.865,49.9921,2.1808,17.262,10.6798,12.5811
18/10/2025,MSH-0112-Bindura Hospital,CELL_TDD,MSH-0112-Bindura Hospital_LTE_3,3,MSH-0112-Bindura Hospital_LTE,100%,100,99.875,99.9785,98.3161,99.7921,0.7673,99.9665,99.4547,100.0003,1065.3865,965.8048,99.5817,16.6385,33,9.3795,5.4504,16.1162,4.8567,0.1785,0,0,55.5677,56.6153,4.1596,30.8551,10.7341,14.1399
18/10/2025,MSH-0112-Bindura Hospital,CELL_TDD,MSH-0112-Bindura Hospital_LTE_4,4,MSH-0112-Bindura Hospital_LTE,100%,100,99.6319,99.9597,97.4237,99.6833,0.6852,100,99.9307,100.0003,561.0152,520.1381,40.8771,12.4769,26,9.9933,3.6249,14.1168,4.0204,0.1657,0,0,33.0657,48.2111,3.1192,25.7132,12.2433,16.1548
18/10/2025,MSH-0112-Bindura Hospital,CELL_TDD,MSH-0112-Bindura Hospital_LTE_5,5,MSH-0112-Bindura Hospital_LTE,100%,100,99.5896,99.9102,97.8811,99.8096,0.5209,99.9307,99.9119,100.0006,350.3285,308.8334,41.4951,7.7027,18,11.094,5.723,15.55,3.1341,0.1805,0,0,22.389,47.7024,1.9257,19.7099,10.3693,11.694
18/10/2025,MSH-0112-Bindura Hospital,CELL_TDD,MSH-0112-Bindura Hospital_LTE_6,6,MSH-0112-Bindura Hospital_LTE,100%,100,99.5264,99.8847,96.3887,99.5279,1.0269,99.9649,99.9502,100.0003,861.0764,803.1333,57.9431,14.1361,31,9.0409,4.0634,16.7251,5.1095,0.1883,0,0,50.9877,51.3252,3.534,36.3566,10.4172,12.4486
18/10/2025,MSH-0014-Chipadze,CELL_TDD,MSH-0014-Chipadze_LTE_6,6,MSH-0014-Chipadze,100%,99.9985,98.8072,99.5089,93.3756,99.7156,1.2586,99.4627,99.5016,100.0016,849.3498,790.6563,58.6934,12.674,29,8.8909,4.2729,16.1607,4.7798,0.1699,0,0,46.9886,56.1149,3.1685,22.6834,9.9953,16.2741
18/10/2025,MSH-0014-Chipadze,CELL_TDD,MSH-0014-Chipadze_LTE_5,5,MSH-0014-Chipadze,100%,99.9985,98.8544,99.7114,92.2559,99.6391,2.0655,99.095,98.9266,100.0016,606.2086,560.0542,46.1544,22.3322,46,2.2684,1.6182,18.6139,10.4137,0.2051,0,0.0002,68.6222,64.5713,5.583,34.1505,8.883,11.8548
18/10/2025,MSH-0014-Chipadze,CELL_TDD,MSH-0014-Chipadze_LTE_4,4,MSH-0014-Chipadze,100%,99.9985,99.7719,99.9342,98.4769,99.9104,0.8443,97.9047,98.1628,100.0016,484.8415,420.9603,63.8812,11.7413,29,5.5,5.7416,16.9991,5.9071,0.1857,0,0,43.5652,61.3067,2.9353,23.5787,9.7463,13.1493
18/10/2025,MSH-0014-Chipadze,CELL_TDD,MSH-0014-Chipadze_LTE_3,3,MSH-0014-Chipadze,100%,99.9985,99.2533,99.8098,91.7418,99.7156,0.9902,99.6327,99.6685,100.0019,1049.0719,958.9915,90.0804,16.4151,33,9.3154,5.2862,15.8145,4.3808,0.1723,0,0,47.2398,57.4962,4.1038,18.2355,9.8745,14.5093
18/10/2025,MSH-0014-Chipadze,CELL_TDD,MSH-0014-Chipadze_LTE_2,2,MSH-0014-Chipadze,100%,99.9985,99.4984,99.8802,94.8409,99.7736,1.4831,99.7031,99.6568,100.0016,818.059,746.9065,71.1526,26.073,51,2.9764,2.1852,17.2145,8.8569,0.1952,0,0.0001,64.8207,63.0358,6.5183,24.5026,8.6834,10.1389
18/10/2025,MSH-0014-Chipadze,CELL_TDD,MSH-0014-Chipadze_LTE_1,1,MSH-0014-Chipadze,100%,99.9985,99.613,99.967,95.2153,99.8863,0.7279,98.2865,98.5686,100.0016,665.3538,606.4295,58.9243,14.5807,36,9.3624,5.6196,16.0745,5.6051,0.1802,0,0,37.4464,53.7731,3.6452,16.9001,10.4552,13.3358
19/10/2025,MSH0013-Bindura-Zaoga,CELL_TDD,Bindura_Zaoga_LTE_6,6,MSH0013-Bindura-Zaoga,100%,100,99.6487,99.8631,96.6667,99.7977,1.1889,99.3935,99.3077,99.9978,417.8476,381.8072,36.0404,4.3594,11,6.0561,4.952,13.9914,4.0554,0.1874,0,0.0001,45.5604,47.7047,1.0898,31.3842,9.5886,10.0945
19/10/2025,MSH0013-Bindura-Zaoga,CELL_TDD,Bindura_Zaoga_LTE_5,5,MSH0013-Bindura-Zaoga,100%,100,99.4846,99.8933,95.4766,99.6556,1.2918,99.0105,99.1624,99.9978,711.1726,648.5383,62.6343,23.0498,55,5.0977,3.304,14.3109,7.0994,0.1753,0,0,60.7214,52.7475,5.7624,43.7515,10.2621,11.9088
19/10/2025,MSH0013-Bindura-Zaoga,CELL_TDD,Bindura_Zaoga_LTE_4,4,MSH0013-Bindura-Zaoga,100%,100,98.5195,99.3558,93.8299,99.0508,2.6794,98.6455,99.0181,99.9984,539.2811,495.5422,43.7389,22.8463,99,5.776,1.9443,17.4443,12.3595,0.2213,0,0.0003,49.7879,46.1986,5.7116,43.5634,9.2484,10.4818
19/10/2025,MSH0013-Bindura-Zaoga,CELL_TDD,Bindura_Zaoga_LTE_3,3,MSH0013-Bindura-Zaoga,100%,100,99.9797,99.9789,100,99.979,0.877,98.7749,98.9987,99.9978,745.3629,692.855,52.5079,7.4695,15,9.4313,4.5112,12.3104,3.7188,0.1617,0,0,47.5184,46.6897,1.8674,27.4533,10.569,11.9809
19/10/2025,MSH0013-Bindura-Zaoga,CELL_TDD,Bindura_Zaoga_LTE_2,2,MSH0013-Bindura-Zaoga,100%,100,99.7872,99.9298,98.4508,99.8292,1.3592,98.9348,99.3784,99.9981,1236.402,1127.2727,109.1293,24.2516,55,7.3296,4.5232,13.1171,6.2667,0.1531,0,0,65.1332,61.6299,6.0629,39.252,10.2933,12.8496
19/10/2025,MSH0013-Bindura-Zaoga,CELL_TDD,Bindura_Zaoga_LTE_1,1,MSH0013-Bindura-Zaoga,100%,100,98.9786,99.6766,95.3282,99.3211,2.4952,98.348,98.7707,99.9978,722.1699,642.895,79.2749,22.9764,100,5.6668,3.4072,16.0944,10.7067,0.1976,0,0,52.6116,50.1174,5.7441,41.3735,9.2324,11.0803
19/10/2025,MSH-0331-Chiwaridzo 2,CELL_TDD,MSH-0331-Chiwaridzo 2_LTE_6,6,MSH-0331-Chiwaridzo 2_LTE,100%,100,98.9337,99.6038,94.0196,99.2765,0.6331,99.9628,99.959,100.0013,570.0716,518.5936,51.4781,17.5512,46,5.4921,3.7809,19.2607,5.5371,0.2232,0,0,54.6157,51.4548,4.3878,38.7385,9.915,11.4297
19/10/2025,MSH-0331-Chiwaridzo 2,CELL_TDD,MSH-0331-Chiwaridzo 2_LTE_5,5,MSH-0331-Chiwaridzo 2_LTE,100%,100,99.3764,99.8358,95.8399,99.8137,1.4598,99.9746,99.9699,100.0013,1135.4445,1036.4721,98.9724,20.8756,43,6.0813,5.184,17.6304,5.3186,0.1959,0,0,67.1699,55.2145,5.2189,45.9324,9.3119,13.2494
19/10/2025,MSH-0331-Chiwaridzo 2,CELL_TDD,MSH-0331-Chiwaridzo 2_LTE_4,4,MSH-0331-Chiwaridzo 2_LTE,100%,100,99.0446,99.2775,96.4857,99.7556,0.7269,99.9389,99.9529,100.0013,1464.382,1357.1043,107.2777,33.1516,73,6.5314,4.1264,16.455,5.3883,0.1836,0,0,70.7408,55.5048,8.2879,51.3895,11.0647,15.9202
19/10/2025,MSH-0331-Chiwaridzo 2,CELL_TDD,MSH-0331-Chiwaridzo 2_LTE_3,3,MSH-0331-Chiwaridzo 2_LTE,100%,100,99.7484,99.8686,97.9505,99.769,0.5852,99.8728,99.9416,100.0016,1051.0234,980.6546,70.3688,21.2839,48,6.3835,4.3715,17.2251,4.1229,0.1898,0,0,62.0822,48.7475,5.321,34.1233,10.0472,13.0904
19/10/2025,MSH-0331-Chiwaridzo 2,CELL_TDD,MSH-0331-Chiwaridzo 2_LTE_2,2,MSH-0331-Chiwaridzo 2_LTE,100%,100,99.7884,99.9052,97.4659,99.8899,1.4609,99.9711,99.9788,100.0013,1073.6167,994.4572,79.1595,20.8078,46,4.9,4.0957,18.4951,5.2224,0.2037,0,0,67.5011,50.3,5.2019,37.8855,10.1175,13.1561
19/10/2025,MSH-0331-Chiwaridzo 2,CELL_TDD,MSH-0331-Chiwaridzo 2_LTE_1,1,MSH-0331-Chiwaridzo 2_LTE,100%,100,99.7605,99.8172,98.7099,99.8545,0.6031,99.8905,99.9249,100.0016,1466.0653,1338.0799,127.9854,35.4003,66,6.1951,4.6045,15.2714,5.2982,0.1676,0,0,68.9722,57.8268,8.8501,41.5255,10.9484,15.451
19/10/2025,MSH-0112-Bindura Hospital,CELL_TDD,MSH-0112-Bindura Hospital_LTE_1,1,MSH-0112-Bindura Hospital_LTE,100%,100,99.9153,99.979,99.0628,99.8399,0.7821,99.8976,99.9691,100,732.7872,570.4225,162.3646,9.751,21,14.8314,15.6312,13.1128,3.1798,0.1426,0,0,25.643,55.3456,2.4377,16.3592,11.6974,18.8372
19/10/2025,MSH-0112-Bindura Hospital,CELL_TDD,MSH-0112-Bindura Hospital_LTE_2,2,MSH-0112-Bindura Hospital_LTE,100%,100,99.9001,100,98.977,99.9359,0.413,100,100,99.9997,328.5298,298.5115,30.0183,7.7669,19,14.9273,5.1506,14.0107,2.9933,0.1589,0,0.0001,19.5362,44.8202,1.9417,14.6104,10.8173,13.3578
19/10/2025,MSH-0112-Bindura Hospital,CELL_TDD,MSH-0112-Bindura Hospital_LTE_3,3,MSH-0112-Bindura Hospital_LTE,100%,100,99.7844,99.9492,97.4887,99.8216,0.6361,100,98.7013,99.9994,974.6312,887.2286,87.4027,16.536,31,8.3229,6.0996,15.6988,4.003,0.1732,0,0,58.7217,52.0909,4.134,31.8708,10.8416,14.0455
19/10/2025,MSH-0112-Bindura Hospital,CELL_TDD,MSH-0112-Bindura Hospital_LTE_4,4,MSH-0112-Bindura Hospital_LTE,100%,100,99.4357,99.7969,97.6287,99.4422,0.8891,99.9155,99.3041,99.9994,500.0653,457.3165,42.7488,11.7549,27,9.0362,3.6697,14.0909,4.0835,0.1624,0,0,28.9205,47.4359,2.9387,23.7909,12.2181,15.9686
19/10/2025,MSH-0112-Bindura Hospital,CELL_TDD,MSH-0112-Bindura Hospital_LTE_5,5,MSH-0112-Bindura Hospital_LTE,100%,100,99.6355,100,97.6623,99.811,0.4161,99.9062,99.9306,99.9994,325.1849,289.4721,35.7127,6.0575,20,16.0456,7.9502,13.424,2.0565,0.152,0,0,15.596,43.7216,1.5144,15.7681,10.1501,11.8726
19/10/2025,MSH-0112-Bindura Hospital,CELL_TDD,MSH-0112-Bindura Hospital_LTE_6,6,MSH-0112-Bindura Hospital_LTE,100%,100,99.5243,99.9076,95.895,99.5839,1.2466,99.9181,99.9218,99.9994,1007.4437,953.6553,53.7885,13.7953,31,11.0674,3.8401,16.4623,4.2201,0.1847,0,0,53.2722,50.7076,3.4488,35.4751,10.5337,13.3614
19/10/2025,MSH-0014-Chipadze,CELL_TDD,MSH-0014-Chipadze_LTE_6,6,MSH-0014-Chipadze,100%,99.9978,99.1483,99.9058,91.9858,99.8335,1.2608,99.4982,99.5307,99.9958,664.1563,611.4553,52.701,11.2576,28,7.1724,4.5831,16.8038,4.4498,0.1796,0,0,49.5445,56.7909,2.8144,22.9746,10.0297,14.8348
19/10/2025,MSH-0014-Chipadze,CELL_TDD,MSH-0014-Chipadze_LTE_5,5,MSH-0014-Chipadze,100%,99.9978,99.1677,99.7759,94.7138,99.7024,2.207,99.217,99.137,99.9958,582.8304,537.6819,45.1485,20.9399,44,2.5552,1.909,18.3682,10.4334,0.2029,0,0.0001,65.0823,63.3298,5.235,33.8356,9.1371,12.2438
19/10/2025,MSH-0014-Chipadze,CELL_TDD,MSH-0014-Chipadze_LTE_4,4,MSH-0014-Chipadze,100%,99.9978,99.9314,99.9791,99.5261,99.9066,0.7549,98.9583,99.0321,99.9958,414.4949,382.7564,31.7385,11.8904,28,6.5902,4.02,16.473,5.141,0.1849,0,0,39.1063,54.7975,2.9726,22.2149,9.8629,13.1135
19/10/2025,MSH-0014-Chipadze,CELL_TDD,MSH-0014-Chipadze_LTE_3,3,MSH-0014-Chipadze,100%,99.9978,99.5347,99.9099,93.7644,99.9331,0.9281,99.5275,99.5829,99.9958,973.9685,880.0672,93.9013,15.1245,30,9.0714,6.6617,16.4248,4.023,0.1806,0,0,47.0332,57.0401,3.7811,18.2474,10.0624,14.4758
19/10/2025,MSH-0014-Chipadze,CELL_TDD,MSH-0014-Chipadze_LTE_2,2,MSH-0014-Chipadze,100%,99.9978,99.5073,99.7979,96.4232,99.776,1.5037,98.72,99.1133,99.9958,778.5575,718.8857,59.6718,25.8315,50,3.1871,2.0983,17.4742,8.374,0.1968,0,0.0001,59.5564,60.6115,6.4579,24.2693,8.988,11.2211
19/10/2025,MSH-0014-Chipadze,CELL_TDD,MSH-0014-Chipadze_LTE_1,1,MSH-0014-Chipadze,100%,99.9978,99.8695,99.94,99.0954,99.8612,0.9572,98.9392,99.0847,99.9962,469.0159,434.1997,34.8162,12.4008,33,8.6199,4.2842,16.7894,4.8986,0.1947,0,0,31.5861,50.3431,3.1002,16.1158,10.6704,12.7007
20/10/2025,MSH0013-Bindura-Zaoga,CELL_TDD,Bindura_Zaoga_LTE_6,6,MSH0013-Bindura-Zaoga,100%,100,99.7205,99.9448,97.0874,99.8366,0.9707,99.3641,99.3668,100,747.229,678.311,68.918,5.7122,14,8.5311,6.4909,11.6187,4.4126,0.1386,0,0,46.8087,49.9695,1.4281,35.0959,9.3387,12.738
20/10/2025,MSH0013-Bindura-Zaoga,CELL_TDD,Bindura_Zaoga_LTE_5,5,MSH0013-Bindura-Zaoga,100%,100,99.7248,99.8665,98.3642,99.5938,1.6795,99.3153,99.4466,100,834.1219,759.3492,74.7727,35.2515,86,5.3067,3.3807,14.8377,7.651,0.1741,0,0.0001,60.7329,57.1005,8.8129,47.1332,10.2021,12.6847
20/10/2025,MSH0013-Bindura-Zaoga,CELL_TDD,Bindura_Zaoga_LTE_4,4,MSH0013-Bindura-Zaoga,100%,100,98.2461,99.1702,92.5871,99.1641,2.8373,98.7592,98.8106,100,493.7713,453.8777,39.8936,21.8556,90,4.4394,1.5931,17.6204,13.3823,0.2224,0,0.0001,56.2494,44.2826,5.4639,48.0144,9.1557,9.8939
20/10/2025,MSH0013-Bindura-Zaoga,CELL_TDD,Bindura_Zaoga_LTE_3,3,MSH0013-Bindura-Zaoga,100%,100,100,100,100,99.9564,0.5017,99.4764,99.4769,100,862.5835,742.8049,119.7786,6.9464,13,9.6038,10.5878,11.5963,3.1156,0.143,0,0,55.3491,51.3444,1.7366,31.2372,10.1809,12.9698
20/10/2025,MSH0013-Bindura-Zaoga,CELL_TDD,Bindura_Zaoga_LTE_2,2,MSH0013-Bindura-Zaoga,100%,100,99.7925,99.9337,98.4404,99.7178,1.4133,98.6901,99.1681,100,1092.253,990.6353,101.6177,33.0471,76,5.7962,4.5871,13.5488,6.2372,0.157,0,0,62.0925,53.2534,8.2618,38.9662,10.0324,12.3689
20/10/2025,MSH0013-Bindura-Zaoga,CELL_TDD,Bindura_Zaoga_LTE_1,1,MSH0013-Bindura-Zaoga,100%,100,99.0484,99.8097,93.8641,99.5852,2.2149,98.7833,98.9451,100.0003,767.1085,686.3426,80.766,23.9162,100,4.6607,3.5791,17.4024,8.6832,0.2158,0,0,58.2524,51.3383,5.9791,44.3268,9.1573,10.6926
20/10/2025,MSH-0331-Chiwaridzo 2,CELL_TDD,MSH-0331-Chiwaridzo 2_LTE_6,6,MSH-0331-Chiwaridzo 2_LTE,100%,100,98.7404,99.7073,91.4989,99.4377,0.7051,99.9651,99.9787,99.9997,731.6501,671.7167,59.9334,16.961,45,6.2723,3.9051,18.5818,5.1858,0.2191,0,0,52.1701,53.4755,4.2402,38.244,10.2015,13.6148
20/10/2025,MSH-0331-Chiwaridzo 2,CELL_TDD,MSH-0331-Chiwaridzo 2_LTE_5,5,MSH-0331-Chiwaridzo 2_LTE,100%,100,99.2344,99.9258,94.3341,99.7229,1.5163,99.9155,99.8688,99.9997,946.2938,850.7951,95.4988,17.6565,50,7.4007,5.6313,17.7036,4.793,0.1974,0,0,51.7163,58.4351,4.4141,38.8974,9.0425,12.8054
20/10/2025,MSH-0331-Chiwaridzo 2,CELL_TDD,MSH-0331-Chiwaridzo 2_LTE_4,4,MSH-0331-Chiwaridzo 2_LTE,100%,100,99.1761,99.3733,97.0738,99.6631,0.8626,99.9361,99.9375,99.9997,1440.0777,1313.4793,126.5984,33.7801,71,8.0419,4.1194,16.1815,6.4277,0.1813,0,0,66.7418,61.3526,8.445,51.8535,11.2662,15.8801
20/10/2025,MSH-0331-Chiwaridzo 2,CELL_TDD,MSH-0331-Chiwaridzo 2_LTE_3,3,MSH-0331-Chiwaridzo 2_LTE,100%,100,99.8577,99.9542,98.3507,99.8266,0.5385,99.9478,99.9639,100,955.7225,842.7258,112.9967,21.4513,49,6.2827,7.5657,16.671,3.8314,0.1809,0,0,56.0201,52.4386,5.3628,30.6123,10.0986,13.4856
20/10/2025,MSH-0331-Chiwaridzo 2,CELL_TDD,MSH-0331-Chiwaridzo 2_LTE_2,2,MSH-0331-Chiwaridzo 2_LTE,100%,100,99.6945,99.967,95.5597,99.9024,1.9077,99.9791,99.9816,100,803.2365,743.7904,59.4461,19.6439,61,5.7995,3.9953,17.1167,5.0446,0.1881,0,0,54.1985,46.2812,4.911,32.3068,10.1375,13.0926
20/10/2025,MSH-0331-Chiwaridzo 2,CELL_TDD,MSH-0331-Chiwaridzo 2_LTE_1,1,MSH-0331-Chiwaridzo 2_LTE,100%,100,99.3271,99.3692,98.4067,99.846,0.4941,99.9247,99.877,99.9997,1500.4154,1349.5607,150.8547,38.7783,77,6.1595,5.0405,15.7436,5.4471,0.1723,0,0,70.3751,58.6697,9.6946,43.6863,11.1155,14.8752
20/10/2025,MSH-0112-Bindura Hospital,CELL_TDD,MSH-0112-Bindura Hospital_LTE_1,1,MSH-0112-Bindura Hospital_LTE,100%,100,99.8473,99.9777,97.9979,99.8747,0.8028,99.9782,99.9916,100.0012,734.1562,661.7571,72.3992,9.6229,21,14.0615,6.4982,13.3756,3.8102,0.1456,0,0,28.6477,50.1098,2.4057,19.0539,11.5848,17.9306
20/10/2025,MSH-0112-Bindura Hospital,CELL_TDD,MSH-0112-Bindura Hospital_LTE_2,2,MSH-0112-Bindura Hospital_LTE,100%,100,99.8774,99.9841,98.8263,99.9685,0.4617,99.9524,99.9545,100.0003,364.9032,321.5747,43.3286,8.703,24,12.7842,5.8642,15.2638,3.3754,0.1697,0,0,23.4807,46.1691,2.1758,17.2316,10.8374,12.925
20/10/2025,MSH-0112-Bindura Hospital,CELL_TDD,MSH-0112-Bindura Hospital_LTE_3,3,MSH-0112-Bindura Hospital_LTE,100%,100,99.7789,99.9709,96.8796,99.7739,0.9824,100,99.6466,100.0003,1177.7462,1098.5219,79.2243,23.1241,45,10.4246,4.6877,15.4841,4.0553,0.1712,0,0,52.7978,51.0194,5.781,31.5779,10.8699,14.9112
20/10/2025,MSH-0112-Bindura Hospital,CELL_TDD,MSH-0112-Bindura Hospital_LTE_4,4,MSH-0112-Bindura Hospital_LTE,100%,100,99.4451,99.9372,96.2662,99.6184,0.7126,99.7673,99.8263,100.0006,546.2616,502.4033,43.8583,13.0327,28,7.8877,3.709,15.2025,3.7547,0.1724,0,0,33.7611,47.7531,3.2582,26.8395,12.1484,15.4699
20/10/2025,MSH-0112-Bindura Hospital,CELL_TDD,MSH-0112-Bindura Hospital_LTE_5,5,MSH-0112-Bindura Hospital_LTE,100%,100,99.5162,99.9606,97.8195,99.7498,0.5203,100,99.963,100.0006,418.2346,376.6278,41.6068,7.0075,18,12.1458,6.8909,14.3917,2.1562,0.1606,0,0,21.3804,44.6249,1.7519,19.1842,9.5603,12.1994
20/10/2025,MSH-0112-Bindura Hospital,CELL_TDD,MSH-0112-Bindura Hospital_LTE_6,6,MSH-0112-Bindura Hospital_LTE,100%,100,99.5116,99.8594,96.5019,99.7224,1.4359,99.9579,99.9482,99.998,631.6876,563.0834,68.6042,18.2183,38,7.9682,4.3771,16.9791,5.1737,0.1955,0,0,44.7486,56.8935,4.5546,34.5291,10.7348,13.0383
20/10/2025,MSH-0014-Chipadze,CELL_TDD,MSH-0014-Chipadze_LTE_6,6,MSH-0014-Chipadze,100%,99.9989,98.8638,99.8451,88.7265,99.7542,0.662,99.2526,99.304,99.9987,704.0151,643.2556,60.7595,13.1573,31,7.8764,4.8149,16.2443,4.2387,0.173,0,0,44.2522,55.4356,3.2893,23.3547,10.0104,15.6192
20/10/2025,MSH-0014-Chipadze,CELL_TDD,MSH-0014-Chipadze_LTE_5,5,MSH-0014-Chipadze,100%,99.9989,99.1253,99.6301,95.5628,99.5891,2.4157,97.5219,97.9264,99.9987,482.1633,441.2019,40.9614,20.9595,56,2.2798,1.5479,19.9052,12.2888,0.2226,0,0.0002,61.0405,63.4707,5.2399,31.3832,8.5106,10.8754
20/10/2025,MSH-0014-Chipadze,CELL_TDD,MSH-0014-Chipadze_LTE_4,4,MSH-0014-Chipadze,100%,99.9989,99.8295,99.9516,98.6027,99.864,0.8397,98.2852,98.4511,99.9987,458.3433,400.9367,57.4066,13.1675,36,5.5119,6.2922,17.4961,5.6848,0.196,0,0,44.1595,56.0648,3.2919,23.776,10.0104,12.8638
20/10/2025,MSH-0014-Chipadze,CELL_TDD,MSH-0014-Chipadze_LTE_3,3,MSH-0014-Chipadze,100%,99.9989,99.4808,99.9461,91.5905,99.7546,0.784,99.3567,99.4208,99.9987,1020.3192,908.1043,112.2148,17.1443,39,8.714,6.7301,16.0369,3.5572,0.1749,0,0,43.2066,57.7811,4.2861,19.067,9.9438,14.6885
20/10/2025,MSH-0014-Chipadze,CELL_TDD,MSH-0014-Chipadze_LTE_2,2,MSH-0014-Chipadze,100%,99.9989,99.3783,99.8029,94.9229,99.731,1.572,99.331,99.486,99.9987,820.6398,737.625,83.0149,24.7481,59,3.0812,2.8847,17.2446,9.0311,0.1914,0,0.0001,63.8383,64.4822,6.187,23.5711,8.6484,10.7861
20/10/2025,MSH-0014-Chipadze,CELL_TDD,MSH-0014-Chipadze_LTE_1,1,MSH-0014-Chipadze,100%,99.9989,99.8838,99.9728,98.6994,99.8121,0.687,98.672,98.8308,99.9994,637.9353,572.7418,65.1934,15.9293,37,8.902,5.4826,15.6893,5.1932,0.1739,0,0,34.6372,55.2959,3.9823,17.8748,10.2452,13.0753
21/10/2025,MSH0013-Bindura-Zaoga,CELL_TDD,Bindura_Zaoga_LTE_6,6,MSH0013-Bindura-Zaoga,100%,100,99.6995,99.8543,97.3799,99.5686,1.1829,98.5485,98.622,100.0003,441.6443,378.8021,62.8421,5.6038,17,7.5511,5.7808,14.0077,5.6422,0.1859,0,0,36.277,53.2276,1.4009,30.2456,9.614,10.426
21/10/2025,MSH0013-Bindura-Zaoga,CELL_TDD,Bindura_Zaoga_LTE_5,5,MSH0013-Bindura-Zaoga,100%,100,99.7732,99.938,98.3656,99.6176,1.6761,98.7441,98.9671,100.0003,907.1892,820.2675,86.9217,37.618,95,4.828,3.8483,14.591,7.4225,0.1711,0,0,62.376,53.388,9.4045,47.6785,10.5325,13.2765
21/10/2025,MSH0013-Bindura-Zaoga,CELL_TDD,Bindura_Zaoga_LTE_4,4,MSH0013-Bindura-Zaoga,100%,100,98.7835,99.6086,94.0239,99.2985,2.4275,98.9387,99.0716,100.0003,489.0469,434.4759,54.571,23.5015,84,4.4606,2.4445,18.7739,12.6515,0.2374,0,0.0002,49.2179,47.1274,5.8754,45.4763,9.2585,10.8371
21/10/2025,MSH0013-Bindura-Zaoga,CELL_TDD,Bindura_Zaoga_LTE_3,3,MSH0013-Bindura-Zaoga,100%,100,99.9494,99.9638,99.7462,99.9462,0.6916,99.3001,99.3794,100.0006,671.1749,567.3394,103.8354,7.5291,15,8.7332,9.85,11.6666,3.5934,0.1413,0,0,36.8558,51.1661,1.8823,26.1501,10.2155,12.651
21/10/2025,MSH0013-Bindura-Zaoga,CELL_TDD,Bindura_Zaoga_LTE_2,2,MSH0013-Bindura-Zaoga,100%,100,99.8385,99.9291,99.0463,99.6712,1.2871,98.8473,99.308,100.0003,1190.7574,1082.3211,108.4364,35.1274,75,4.9311,4.5298,13.5088,5.7735,0.156,0,0,64.1894,53.2755,8.7818,39.8344,10.4004,12.7589
21/10/2025,MSH0013-Bindura-Zaoga,CELL_TDD,Bindura_Zaoga_LTE_1,1,MSH0013-Bindura-Zaoga,100%,100,99.2381,99.8425,95.244,99.552,1.9432,98.6462,99.2369,100.0011,604.0616,555.5423,48.5194,22.4858,94,4.7041,2.5292,18.3754,8.8928,0.2322,0,0.0001,53.9793,48.537,5.6214,40.5805,9.4245,9.0991
21/10/2025,MSH-0331-Chiwaridzo 2,CELL_TDD,MSH-0331-Chiwaridzo 2_LTE_6,6,MSH-0331-Chiwaridzo 2_LTE,100%,100,99.4872,99.8071,97.0009,99.4679,0.9155,99.9203,99.8284,99.9988,736.2594,686.4984,49.761,17.944,43,5.9508,3.1952,17.9144,4.7744,0.2107,0,0,56.819,50.4023,4.486,40.3615,10.1971,14.4814
21/10/2025,MSH-0331-Chiwaridzo 2,CELL_TDD,MSH-0331-Chiwaridzo 2_LTE_5,5,MSH-0331-Chiwaridzo 2_LTE,100%,100,99.1889,99.8098,94.305,99.7487,1.1725,100,99.9346,99.9988,963.6778,884.9272,78.7506,18.7812,39,7.3397,4.7822,16.4615,4.2368,0.1827,0,0,54.6718,58.614,4.6953,39.6093,9.3735,13.8657
21/10/2025,MSH-0331-Chiwaridzo 2,CELL_TDD,MSH-0331-Chiwaridzo 2_LTE_4,4,MSH-0331-Chiwaridzo 2_LTE,100%,100,99.3507,99.4534,98.2315,99.6983,0.6844,99.8935,99.8604,99.9991,1294.5413,1185.4831,109.0582,36.143,75,7.8706,3.703,16.1714,5.3501,0.184,0,0,63.449,57.9417,9.0358,49.6455,11.2184,16.1598
21/10/2025,MSH-0331-Chiwaridzo 2,CELL_TDD,MSH-0331-Chiwaridzo 2_LTE_3,3,MSH-0331-Chiwaridzo 2_LTE,100%,100,99.8636,99.9435,98.7413,99.6695,0.7628,99.962,99.9403,99.9991,937.1732,856.5982,80.575,21.5792,57,6.448,4.4346,17.329,4.5738,0.1918,0,0,57.2665,53.8055,5.3948,32.6843,10.4542,13.6358
21/10/2025,MSH-0331-Chiwaridzo 2,CELL_TDD,MSH-0331-Chiwaridzo 2_LTE_2,2,MSH-0331-Chiwaridzo 2_LTE,100%,100,99.7774,99.9576,97.3368,99.8178,1.0635,99.921,99.9394,99.9991,851.5962,771.2266,80.3696,19.6463,60,5.9257,4.6861,17.1383,5.0987,0.1915,0,0,53.8206,48.7995,4.9116,32.7031,10.2106,13.2528
21/10/2025,MSH-0331-Chiwaridzo 2,CELL_TDD,MSH-0331-Chiwaridzo 2_LTE_1,1,MSH-0331-Chiwaridzo 2_LTE,100%,100,99.3017,99.3488,98.4345,99.7815,0.7178,99.9632,99.9254,99.9991,1372.124,1233.7125,138.4115,36.6888,83,6.6607,5.0369,15.471,5.4182,0.1686,0,0,65.7121,56.8683,9.1722,42.637,11.1466,14.3636
21/10/2025,MSH-0112-Bindura Hospital,CELL_TDD,MSH-0112-Bindura Hospital_LTE_1,1,MSH-0112-Bindura Hospital_LTE,100%,100,99.8468,99.9647,97.8972,99.9089,0.6847,99.9664,99.9903,99.9988,534.7622,482.4171,52.345,9.3174,22,9.6816,5.3403,15.1184,3.745,0.1758,0,0,33.2586,46.5478,2.3293,21.5182,11.3289,14.3602
21/10/2025,MSH-0112-Bindura Hospital,CELL_TDD,MSH-0112-Bindura Hospital_LTE_2,2,MSH-0112-Bindura Hospital_LTE,100%,100,99.895,99.9911,98.9574,99.9206,0.71,99.9699,99.9661,99.9988,351.3941,310.8728,40.5213,8.3332,24,11.613,5.2783,15.4861,3.6028,0.1768,0,0,22.7377,44.9727,2.0833,18.1064,11.0027,13.6902
21/10/2025,MSH-0112-Bindura Hospital,CELL_TDD,MSH-0112-Bindura Hospital_LTE_3,3,MSH-0112-Bindura Hospital_LTE,100%,100,99.9153,99.9702,98.9343,99.7513,0.8835,99.9766,98.6796,99.9986,974.0929,883.2633,90.8296,22.9801,45,9.4906,5.1062,15.4508,4.5864,0.1739,0,0,44.9773,52.8506,5.745,29.4858,10.9693,15.0554
21/10/2025,MSH-0112-Bindura Hospital,CELL_TDD,MSH-0112-Bindura Hospital_LTE_4,4,MSH-0112-Bindura Hospital_LTE,100%,100,99.5141,99.8651,97.3384,99.6386,0.6403,99.7683,99.8199,99.9986,495.9751,465.3557,30.6194,13.2829,27,8.1866,2.774,15.4952,3.589,0.1799,0,0,33.1,46.9865,3.3207,24.4249,12.4364,15.3017
21/10/2025,MSH-0112-Bindura Hospital,CELL_TDD,MSH-0112-Bindura Hospital_LTE_5,5,MSH-0112-Bindura Hospital_LTE,100%,100,99.2599,99.9223,96.7041,99.8669,0.6666,100,100,99.9986,369.9337,341.4724,28.4613,6.9768,19,11.6545,3.6311,15.1609,3.031,0.1735,0,0,20.3954,46.6339,1.7442,19.5463,9.9094,12.0995
21/10/2025,MSH-0112-Bindura Hospital,CELL_TDD,MSH-0112-Bindura Hospital_LTE_6,6,MSH-0112-Bindura Hospital_LTE,100%,100,99.6819,99.9229,97.0114,99.6722,0.8544,99.941,99.9281,99.9986,567.8014,518.6629,49.1385,19.066,38,8.1715,3.4911,16.8857,4.9047,0.1941,0,0,40.1287,52.667,4.7665,31.2823,10.8434,12.9492
21/10/2025,MSH-0014-Chipadze,CELL_TDD,MSH-0014-Chipadze_LTE_6,6,MSH-0014-Chipadze,100%,99.9986,99.5332,99.895,96.2444,99.7997,1.0331,99.3266,99.3781,99.9997,678.1466,612.1508,65.9958,12.3457,31,7.6248,5.1829,16.4175,4.498,0.1759,0,0,39.6606,57.1723,3.0864,21.8968,10.2233,16.5835
21/10/2025,MSH-0014-Chipadze,CELL_TDD,MSH-0014-Chipadze_LTE_5,5,MSH-0014-Chipadze,100%,99.9986,99.0973,99.745,95.042,99.4969,2.1828,98.0519,98.3691,99.9997,526.9866,483.1937,43.7929,20.3985,59,2.8014,1.7897,18.9289,10.1714,0.2122,0,0.0006,54.5716,63.6495,5.0996,29.9266,8.8293,11.9105
21/10/2025,MSH-0014-Chipadze,CELL_TDD,MSH-0014-Chipadze_LTE_4,4,MSH-0014-Chipadze,100%,99.9986,99.9098,99.948,99.5117,99.8684,0.792,98.6296,98.8099,99.9997,512.2574,462.4631,49.7943,14.0759,33,5.3343,4.1646,17.6047,5.6527,0.1922,0,0,42.7377,60.7406,3.519,24.8649,9.9452,13.6597
21/10/2025,MSH-0014-Chipadze,CELL_TDD,MSH-0014-Chipadze_LTE_3,3,MSH-0014-Chipadze,100%,99.9986,99.676,99.9647,94.8523,99.7654,0.9315,99.4299,99.4767,99.9997,939.7875,830.0211,109.7664,17.288,36,8.7536,7.1254,16.4592,3.6753,0.1807,0,0,40.6391,56.7911,4.322,18.7797,10.0545,14.894
21/10/2025,MSH-0014-Chipadze,CELL_TDD,MSH-0014-Chipadze_LTE_2,2,MSH-0014-Chipadze,100%,99.9986,99.1937,99.8068,92.2232,99.7402,1.5404,99.3857,99.4963,99.9997,733.1403,662.1112,71.029,22.9972,61,3.1759,2.6403,17.6149,8.7507,0.1955,0,0.0003,60.8044,64.8551,5.7493,22.3768,8.7227,10.4581
21/10/2025,MSH-0014-Chipadze,CELL_TDD,MSH-0014-Chipadze_LTE_1,1,MSH-0014-Chipadze,100%,99.9986,99.9405,99.9853,99.3369,99.8498,0.8047,98.7581,98.9448,100,819.4837,712.0873,107.3964,17.0892,38,8.795,6.9424,15.4909,5.2218,0.1728,0,0,39.766,60.5667,4.2723,19.5853,10.518,13.168
22/10/2025,MSH0013-Bindura-Zaoga,CELL_TDD,Bindura_Zaoga_LTE_6,6,MSH0013-Bindura-Zaoga,100%,100,99.8931,99.9328,99.0476,99.8671,1.0751,99.2254,99.265,99.9984,441.9209,378.5619,63.3589,6.2229,17,7.8961,6.8546,13.5645,5.0345,0.1863,0,0,33.1813,50.1045,1.5557,29.9148,9.6586,10.4231
22/10/2025,MSH0013-Bindura-Zaoga,CELL_TDD,Bindura_Zaoga_LTE_5,5,MSH0013-Bindura-Zaoga,100%,100,99.706,99.8624,98.4027,99.5343,1.6439,98.643,98.8783,99.9987,1016.959,915.0693,101.8897,38.9084,91,5.6159,4.1609,14.2407,7.2361,0.1639,0,0.0001,61.9974,56.2615,9.7271,46.9873,10.2088,13.9606
22/10/2025,MSH0013-Bindura-Zaoga,CELL_TDD,Bindura_Zaoga_LTE_4,4,MSH0013-Bindura-Zaoga,100%,100,98.4299,99.3871,93.0627,99.0962,3.7621,98.8675,99.0393,99.9984,536.5761,486.9373,49.6389,22.3599,95,4.9291,2.3969,18.6086,13.6377,0.2388,0,0.0003,55.3148,47.5305,5.59,46.277,9.3382,9.0547
22/10/2025,MSH0013-Bindura-Zaoga,CELL_TDD,Bindura_Zaoga_LTE_3,3,MSH0013-Bindura-Zaoga,100%,100,99.8799,99.9377,98.324,99.8557,0.6677,98.3951,98.709,99.9984,791.1882,681.0337,110.1545,8.0687,19,10.9883,7.8632,11.8578,3.668,0.1402,0,0,38.8399,55.4265,2.0172,26.1446,10.4052,13.9193
22/10/2025,MSH0013-Bindura-Zaoga,CELL_TDD,Bindura_Zaoga_LTE_2,2,MSH0013-Bindura-Zaoga,100%,100,99.8201,99.9291,98.7905,99.633,1.4698,98.7513,99.1844,99.9984,1196.3586,1074.5183,121.8403,39.5715,88,5.8562,4.6194,13.4004,6.5145,0.1559,0,0,60.6968,54.6174,9.8929,41.6911,10.6352,13.8476
22/10/2025,MSH0013-Bindura-Zaoga,CELL_TDD,Bindura_Zaoga_LTE_1,1,MSH0013-Bindura-Zaoga,100%,100,98.6998,99.7116,91.862,99.4246,2.4996,99.2925,99.4404,99.9989,642.4423,590.0527,52.3896,21.9165,86,5.5027,2.1117,16.1963,9.7105,0.2,0,0.0001,50.9806,48.5076,5.4791,39.8635,9.2635,10.55
22/10/2025,MSH-0331-Chiwaridzo 2,CELL_TDD,MSH-0331-Chiwaridzo 2_LTE_6,6,MSH-0331-Chiwaridzo 2_LTE,100%,100,99.3274,99.7031,95.7009,99.5092,0.8314,99.9298,99.9553,100.0011,758.2134,691.5722,66.6412,19.4532,58,6.6991,4.4485,15.8914,5.0999,0.1795,0,0,49.5782,51.6108,4.8633,35.6746,10.2054,15.6305
22/10/2025,MSH-0331-Chiwaridzo 2,CELL_TDD,MSH-0331-Chiwaridzo 2_LTE_5,5,MSH-0331-Chiwaridzo 2_LTE,100%,100,99.531,99.9183,96.8981,99.75,1.4878,99.9186,99.89,100.0011,956.5967,878.1819,78.4148,21.9351,50,6.1777,4.3515,17.3497,5.3872,0.1948,0,0,60.1227,52.3577,5.4838,43.2266,9.4571,12.864
22/10/2025,MSH-0331-Chiwaridzo 2,CELL_TDD,MSH-0331-Chiwaridzo 2_LTE_4,4,MSH-0331-Chiwaridzo 2_LTE,100%,100,99.3423,99.4253,98.4322,99.6829,0.8678,99.822,99.8727,100.0011,1355.8129,1239.1199,116.693,35.9899,73,7.0797,3.9082,16.4476,6.3864,0.187,0,0.0001,65.7673,57.0614,8.9975,51.9918,11.3652,15.9607
22/10/2025,MSH-0331-Chiwaridzo 2,CELL_TDD,MSH-0331-Chiwaridzo 2_LTE_3,3,MSH-0331-Chiwaridzo 2_LTE,100%,100,99.7368,99.9509,96.4363,99.7031,0.6128,99.96,99.9813,100.0011,825.2609,736.1361,89.1248,19.2992,52,6.8856,6.0179,16.442,4.3223,0.1824,0,0,52.1655,51.8319,4.8248,29.9277,10.3982,13.5987
22/10/2025,MSH-0331-Chiwaridzo 2,CELL_TDD,MSH-0331-Chiwaridzo 2_LTE_2,2,MSH-0331-Chiwaridzo 2_LTE,100%,100,99.7398,99.9792,96.211,99.8836,1.088,99.917,99.9658,100.0011,1039.1296,950.2267,88.9029,22.6482,55,4.915,4.4151,17.8736,4.8891,0.1977,0,0,63.5374,52.6437,5.6621,35.9593,10.273,13.5756
22/10/2025,MSH-0331-Chiwaridzo 2,CELL_TDD,MSH-0331-Chiwaridzo 2_LTE_1,1,MSH-0331-Chiwaridzo 2_LTE,100%,100,99.2718,99.3069,98.4855,99.8268,0.4782,99.8729,99.9252,100.0022,1406.309,1276.9978,129.3112,37.7226,76,5.8068,4.48,16.2938,5.8512,0.1819,0,0,69.4245,56.4079,9.4307,42.1531,11.1731,14.8056
22/10/2025,MSH-0112-Bindura Hospital,CELL_TDD,MSH-0112-Bindura Hospital_LTE_1,1,MSH-0112-Bindura Hospital_LTE,100%,100,99.7976,99.9851,96.9595,99.8669,1.2395,99.9308,99.9786,100.0013,776.9154,627.2679,149.6475,10.9352,25,9.0112,10.3744,14.6689,4.3241,0.1656,0,0,43.3869,57.9327,2.7338,26.369,11.4164,15.3675
22/10/2025,MSH-0112-Bindura Hospital,CELL_TDD,MSH-0112-Bindura Hospital_LTE_2,2,MSH-0112-Bindura Hospital_LTE,100%,100,99.8096,99.9722,98.4615,99.9541,0.6911,100,100,99.9995,410.0881,379.316,30.7721,8.0327,19,15.0518,4.6671,15.139,3.302,0.1694,0,0,20.3502,44.3651,2.0082,15.0608,10.8984,14.9468
22/10/2025,MSH-0112-Bindura Hospital,CELL_TDD,MSH-0112-Bindura Hospital_LTE_3,3,MSH-0112-Bindura Hospital_LTE,100%,100,99.8766,99.9408,98.6241,99.8358,0.9058,100,99.1546,100.0008,1013.0773,936.7838,76.2935,24.8368,43,8.3829,4.0799,15.2938,4.5688,0.1728,0,0,49.6978,52.1893,6.2092,33.2965,10.8322,15.1318
22/10/2025,MSH-0112-Bindura Hospital,CELL_TDD,MSH-0112-Bindura Hospital_LTE_4,4,MSH-0112-Bindura Hospital_LTE,100%,100,99.5406,99.8928,96.6071,99.652,0.6465,99.5544,99.6712,100.0011,601.4686,551.1297,50.3389,12.8249,23,7.9952,3.7962,14.3092,3.8364,0.167,0,0,37.2638,49.3405,3.2062,28.9605,12.4566,15.8246
22/10/2025,MSH-0112-Bindura Hospital,CELL_TDD,MSH-0112-Bindura Hospital_LTE_5,5,MSH-0112-Bindura Hospital_LTE,100%,100,99.5494,99.9286,98.1321,99.7043,0.722,100,100,100.0013,355.8543,321.5169,34.3375,7.4764,22,12.5601,5.27,14.2588,2.4964,0.1605,0,0,18.4707,44.6574,1.8691,17.9041,9.9204,13.0856
22/10/2025,MSH-0112-Bindura Hospital,CELL_TDD,MSH-0112-Bindura Hospital_LTE_6,6,MSH-0112-Bindura Hospital_LTE,100%,100,99.687,99.868,97.5769,99.7243,1.0796,99.9403,99.9533,100.0008,813.3606,758.5246,54.836,18.6319,39,8.7032,3.5918,15.5995,4.7571,0.1793,0,0,47.6214,51.9888,4.658,34.8651,10.8784,14.0376
22/10/2025,MSH-0014-Chipadze,CELL_TDD,MSH-0014-Chipadze_LTE_6,6,MSH-0014-Chipadze,100%,99.9993,98.704,99.7494,89.2691,99.7588,1.3746,98.9958,99.0815,99.9988,849.7327,773.1392,76.5935,14.0159,30,6.7583,4.8795,16.7907,5.8909,0.1817,0,0,50.5747,59.6534,3.504,25.0472,9.8078,15.7016
22/10/2025,MSH-0014-Chipadze,CELL_TDD,MSH-0014-Chipadze_LTE_5,5,MSH-0014-Chipadze,100%,99.9993,98.6953,99.59,92.9011,99.6143,2.195,98.6293,98.7787,99.9988,498.6569,458.8958,39.7611,21.584,54,2.6388,1.5434,18.6883,10.8871,0.2082,0,0.0004,60.9491,61.7916,5.396,30.9703,8.5253,11.1358
22/10/2025,MSH-0014-Chipadze,CELL_TDD,MSH-0014-Chipadze_LTE_4,4,MSH-0014-Chipadze,100%,99.9993,99.8683,99.9572,98.935,99.8795,0.6958,98.2771,98.5103,99.9988,557.1388,500.9153,56.2235,15.4252,37,5.7535,4.8692,16.4356,4.9987,0.1788,0,0,42.3469,56.7493,3.8563,24.1517,10.1234,14.3322
22/10/2025,MSH-0014-Chipadze,CELL_TDD,MSH-0014-Chipadze_LTE_3,3,MSH-0014-Chipadze,100%,99.9993,99.2493,99.8858,89.5175,99.8545,0.9002,98.9972,99.1114,99.9988,1210.1801,1075.3146,134.8655,17.3412,36,8.1012,6.8422,15.5468,4.0784,0.1709,0,0,47.9486,62.498,4.3353,20.6346,10.129,14.1835
22/10/2025,MSH-0014-Chipadze,CELL_TDD,MSH-0014-Chipadze_LTE_2,2,MSH-0014-Chipadze,100%,99.9993,99.5374,99.882,95.4225,99.8508,1.2011,98.9796,99.2747,99.9988,842.4798,768.6114,73.8685,24.933,50,3.4034,2.6327,16.9034,7.7751,0.1873,0,0.0002,63.7111,62.9217,6.2333,22.6596,9.0322,11.375
22/10/2025,MSH-0014-Chipadze,CELL_TDD,MSH-0014-Chipadze_LTE_1,1,MSH-0014-Chipadze,100%,99.9993,99.9282,99.988,98.977,99.9125,0.4418,99.1634,99.2405,99.9977,743.808,677.4919,66.3161,18.5625,42,8.2754,4.9212,15.7914,5.556,0.1761,0,0,36.8795,55.3017,4.6406,19.1139,10.4311,12.7665
23/10/2025,MSH0013-Bindura-Zaoga,CELL_TDD,Bindura_Zaoga_LTE_6,6,MSH0013-Bindura-Zaoga,100%,100,99.5637,99.7836,95.4774,99.9195,1.525,99.2944,99.2502,100.0017,298.5447,273.0704,25.4743,5.1827,14,6.3485,2.8087,14.0087,6.0421,0.1923,0,0,35.064,45.7363,1.2957,29.2576,9.4253,9.2441
23/10/2025,MSH0013-Bindura-Zaoga,CELL_TDD,Bindura_Zaoga_LTE_5,5,MSH0013-Bindura-Zaoga,100%,100,99.7485,99.8974,98.546,99.5957,1.6664,99.3433,99.4505,100.0017,870.5454,791.0109,79.5345,39.1102,98,4.8056,3.5788,14.8868,7.1218,0.1732,0,0.0001,61.279,50.8333,9.7776,46.9001,10.539,13.6909
23/10/2025,MSH0013-Bindura-Zaoga,CELL_TDD,Bindura_Zaoga_LTE_4,4,MSH0013-Bindura-Zaoga,100%,100,98.459,99.3974,92.8849,98.9474,2.3153,98.838,98.9831,100.0017,525.8535,484.0836,41.7699,22.5999,110,4.8228,1.9843,16.4543,12.8396,0.2057,0,0.0002,50.6867,45.7071,5.65,45.0862,9.2978,11.2672
23/10/2025,MSH0013-Bindura-Zaoga,CELL_TDD,Bindura_Zaoga_LTE_3,3,MSH0013-Bindura-Zaoga,100%,100,99.8008,99.9304,97.0874,99.9308,0.6439,98.8251,99.0323,100.0019,690.3452,640.4475,49.8976,7.3916,16,9.379,3.7971,11.9247,3.9451,0.1509,0,0,41.5632,47.3661,1.8479,28.9226,10.0867,11.9828
23/10/2025,MSH0013-Bindura-Zaoga,CELL_TDD,Bindura_Zaoga_LTE_2,2,MSH0013-Bindura-Zaoga,100%,100,99.7312,99.9291,98.3137,99.7016,1.3491,99.2257,99.4792,100.0017,1449.7528,1319.3359,130.4168,36.9591,87,6.1232,5.0657,12.8966,5.3618,0.1475,0,0,65.4677,56.8786,9.2398,39.3606,10.6671,13.8696
23/10/2025,MSH0013-Bindura-Zaoga,CELL_TDD,Bindura_Zaoga_LTE_1,1,MSH0013-Bindura-Zaoga,100%,100,98.9652,99.7146,94.5958,99.4878,2.1915,98.5816,98.9116,100.0017,570.0316,523.3006,46.731,21.5779,122,4.8778,2.2798,16.4798,10.5367,0.207,0,0.0001,51.3311,46.4353,5.3945,39.7634,9.3102,9.9078
23/10/2025,MSH-0331-Chiwaridzo 2,CELL_TDD,MSH-0331-Chiwaridzo 2_LTE_6,6,MSH-0331-Chiwaridzo 2_LTE,100%,100,98.9917,99.8793,92.2565,99.4986,1.0249,99.8932,99.9197,99.9989,707.3467,650.0084,57.3382,18.22,47,5.9534,3.597,17.8261,5.1902,0.2072,0,0,56.3751,51.2845,4.555,38.3132,10.1688,14.0022
23/10/2025,MSH-0331-Chiwaridzo 2,CELL_TDD,MSH-0331-Chiwaridzo 2_LTE_5,5,MSH-0331-Chiwaridzo 2_LTE,100%,100,99.0398,99.8636,91.9894,99.6733,1.1349,99.9478,99.9554,99.9975,813.6983,742.0788,71.6195,19.219,49,6.9469,4.4924,17.6227,5.5907,0.1943,0,0,53.5973,50.1055,4.8048,40.1649,9.4168,13.0085
23/10/2025,MSH-0331-Chiwaridzo 2,CELL_TDD,MSH-0331-Chiwaridzo 2_LTE_4,4,MSH-0331-Chiwaridzo 2_LTE,100%,100,99.3882,99.5015,98.0535,99.7471,0.5557,99.9005,99.9115,99.9986,1527.8706,1421.3659,106.5047,35.1962,71,7.1473,3.5368,15.5569,5.0332,0.179,0,0,69.5258,60.2811,8.799,53.2503,11.4866,16.7237
23/10/2025,MSH-0331-Chiwaridzo 2,CELL_TDD,MSH-0331-Chiwaridzo 2_LTE_3,3,MSH-0331-Chiwaridzo 2_LTE,100%,100,99.7715,99.96,96.8718,99.7967,0.6167,99.921,99.9615,99.9986,833.1226,758.685,74.4376,19.9471,52,5.799,5.0347,17.0765,4.4059,0.189,0,0.0001,54.4665,49.7331,4.9868,31.6641,10.5329,12.945
23/10/2025,MSH-0331-Chiwaridzo 2,CELL_TDD,MSH-0331-Chiwaridzo 2_LTE_2,2,MSH-0331-Chiwaridzo 2_LTE,100%,100,99.6359,99.9676,93.7817,99.8504,2.3699,100,100,99.9986,1004.4188,931.6736,72.7451,20.3279,55,7.3672,3.9024,16.7139,6.0683,0.1852,0,0,59.5788,52.2167,5.082,33.0925,10.4303,13.7275
23/10/2025,MSH-0331-Chiwaridzo 2,CELL_TDD,MSH-0331-Chiwaridzo 2_LTE_1,1,MSH-0331-Chiwaridzo 2_LTE,100%,100,99.3848,99.4415,98.2421,99.8197,0.4865,99.963,99.9548,99.9986,1458.5172,1339.2166,119.3006,36.4225,77,6.1536,4.2191,16.3618,5.9839,0.1841,0,0,75.6932,56.9233,9.1056,45.1939,11.1073,14.6541
23/10/2025,MSH-0112-Bindura Hospital,CELL_TDD,MSH-0112-Bindura Hospital_LTE_1,1,MSH-0112-Bindura Hospital_LTE,100%,100,99.8837,100,98.3165,99.9008,0.6909,99.6384,99.8995,100.0014,743.7403,655.6401,88.1002,10.386,24,8.529,6.552,14.8253,4.1783,0.1673,0,0,39.2577,52.912,2.5965,23.7078,11.4747,15.9026
23/10/2025,MSH-0112-Bindura Hospital,CELL_TDD,MSH-0112-Bindura Hospital_LTE_2,2,MSH-0112-Bindura Hospital_LTE,100%,100,99.8475,99.9916,98.4375,99.9416,0.5941,100,100,100.0008,506.5454,462.6281,43.9174,9.5139,21,13.2964,4.8077,14.7618,3.5799,0.1634,0,0,27.8746,47.6285,2.3785,18.3533,10.6928,14.1191
23/10/2025,MSH-0112-Bindura Hospital,CELL_TDD,MSH-0112-Bindura Hospital_LTE_3,3,MSH-0112-Bindura Hospital_LTE,100%,100,99.8111,99.9858,97.3697,99.806,1.312,99.9654,99.9879,100.0011,931.0133,839.2599,91.7534,21.561,45,6.7221,4.9495,15.6492,4.6938,0.1757,0,0,51.802,53.3333,5.3903,32.1025,10.9103,14.0515
23/10/2025,MSH-0112-Bindura Hospital,CELL_TDD,MSH-0112-Bindura Hospital_LTE_4,4,MSH-0112-Bindura Hospital_LTE,100%,100,99.4264,99.8568,96.4433,99.5091,1.2135,99.7104,99.8293,100.0008,631.042,590.7163,40.3257,13.5148,29,9.125,2.587,13.139,4.2533,0.1567,0,0,33.7361,50.2427,3.3787,27.9492,12.067,16.707
23/10/2025,MSH-0112-Bindura Hospital,CELL_TDD,MSH-0112-Bindura Hospital_LTE_5,5,MSH-0112-Bindura Hospital_LTE,100%,100,99.7178,99.9816,98.6154,99.9275,0.5823,99.8693,99.8755,100.0008,376.2215,343.518,32.7035,8.5518,19,11.6311,4.4791,14.2758,2.6363,0.1598,0,0,21.6301,44.2463,2.1379,18.9037,9.9926,12.3319
23/10/2025,MSH-0112-Bindura Hospital,CELL_TDD,MSH-0112-Bindura Hospital_LTE_6,6,MSH-0112-Bindura Hospital_LTE,100%,100,99.6513,99.9002,97.0183,99.7235,1.1058,99.9136,99.9562,100,689.0512,620.7324,68.3188,19.3066,39,7.4093,3.9066,17.4352,5.2141,0.1995,0,0,46.2879,55.1709,4.8266,35.4233,10.6744,12.5481
23/10/2025,MSH-0014-Chipadze,CELL_TDD,MSH-0014-Chipadze_LTE_6,6,MSH-0014-Chipadze,100%,99.9993,98.4471,99.7896,86.4641,99.78,0.9024,99.3856,99.4317,99.9991,956.8939,875.0709,81.8231,14.7371,35,6.8308,4.8482,16.684,4.6824,0.1768,0,0,53.0629,59.6436,3.6843,25.4242,10.1247,16.2857
23/10/2025,MSH-0014-Chipadze,CELL_TDD,MSH-0014-Chipadze_LTE_5,5,MSH-0014-Chipadze,100%,99.9993,98.7562,99.6397,92.6162,99.6564,2.0412,98.8276,98.9807,99.9991,528.6366,487.6434,40.9932,22.1437,64,2.5955,1.5439,19.7482,11.7265,0.2228,0,0.0003,56.8551,61.3543,5.5359,31.3574,8.6132,11.4391
23/10/2025,MSH-0014-Chipadze,CELL_TDD,MSH-0014-Chipadze_LTE_4,4,MSH-0014-Chipadze,100%,99.9993,99.8304,99.9491,98.5234,99.9316,0.6517,98.6674,98.7761,99.9991,557.7692,505.7308,52.0384,16.1295,33,6.3101,4.9783,16.7623,5.4001,0.1851,0,0,41.4975,56.6899,4.0324,24.0563,9.952,13.9111
23/10/2025,MSH-0014-Chipadze,CELL_TDD,MSH-0014-Chipadze_LTE_3,3,MSH-0014-Chipadze,100%,99.9993,99.0386,99.9307,87.2804,99.7942,0.9056,99.3847,99.4267,99.9991,1487.2455,1346.691,140.5545,17.6014,33,8.3193,6.0577,15.0126,3.8862,0.1658,0,0,57.0124,63.6939,4.4003,23.7007,9.7142,14.8292
23/10/2025,MSH-0014-Chipadze,CELL_TDD,MSH-0014-Chipadze_LTE_2,2,MSH-0014-Chipadze,100%,99.9993,99.3434,99.8054,95.3289,99.7372,1.0017,99.1559,99.2294,99.9991,786.6534,711.3079,75.3455,25.8725,58,3.1176,2.6439,18.223,8.3516,0.205,0,0.0001,61.2354,62.9392,6.4681,22.9551,8.7138,10.3794
23/10/2025,MSH-0014-Chipadze,CELL_TDD,MSH-0014-Chipadze_LTE_1,1,MSH-0014-Chipadze,100%,99.9993,99.7654,99.9325,97.5,99.8978,0.6866,98.578,98.7013,99.9994,813.5807,727.6079,85.9728,18.1977,41,7.5565,5.9279,15.9171,5.8535,0.1785,0,0,41.942,57.1704,4.5494,19.6277,10.017,12.6999
24/10/2025,MSH0013-Bindura-Zaoga,CELL_TDD,Bindura_Zaoga_LTE_6,6,MSH0013-Bindura-Zaoga,100%,100,99.8358,99.962,96.8326,99.9244,1.2078,98.1099,98.2786,99.9994,378.4784,344.2294,34.249,6.4808,16,6.3779,3.5545,13.8113,5.7094,0.1881,0,0,37.3115,48.5143,1.6202,31.8449,9.7171,9.5458
24/10/2025,MSH0013-Bindura-Zaoga,CELL_TDD,Bindura_Zaoga_LTE_5,5,MSH0013-Bindura-Zaoga,100%,100,99.6833,99.8357,98.4134,99.4598,1.708,98.7717,98.9729,99.9994,869.7235,777.7444,91.9791,37.2994,85,4.4341,4.0608,14.3166,7.4909,0.1657,0,0.0002,62.7789,55.1895,9.3248,46.2914,10.2882,13.7397
24/10/2025,MSH0013-Bindura-Zaoga,CELL_TDD,Bindura_Zaoga_LTE_4,4,MSH0013-Bindura-Zaoga,100%,100,99.069,99.7002,94.4334,99.5268,2.0014,99.0029,98.4342,99.9994,491.926,448.3164,43.6096,22.1619,49,4.4043,1.9713,17.1626,13.33,0.2159,0,0.0001,51.8138,46.3911,5.5405,45.7225,9.2352,10.8302
24/10/2025,MSH0013-Bindura-Zaoga,CELL_TDD,Bindura_Zaoga_LTE_3,3,MSH0013-Bindura-Zaoga,100%,100,99.9038,99.9596,98.7952,99.9197,1.1033,98.77,98.9194,99.9997,779.7402,703.5413,76.199,7.2585,18,8.0692,6.3142,11.9171,6.3707,0.1481,0,0,46.3504,48.7215,1.8146,30.7687,10.0082,11.8825
24/10/2025,MSH0013-Bindura-Zaoga,CELL_TDD,Bindura_Zaoga_LTE_2,2,MSH0013-Bindura-Zaoga,100%,100,99.8478,99.9357,99.1158,99.7162,1.4942,99.1181,99.2966,99.9994,1436.8496,1323.4557,113.3939,37.3591,86,5.4712,4.1729,13.3395,6.0751,0.1517,0,0,70.5499,55.089,9.3398,44.3922,10.2386,13.2774
24/10/2025,MSH0013-Bindura-Zaoga,CELL_TDD,Bindura_Zaoga_LTE_1,1,MSH0013-Bindura-Zaoga,100%,100,99.2663,99.8005,95.7463,99.6093,1.9166,99.4119,99.4545,99.9997,467.4466,432.1344,35.3122,21.9904,54,4.4385,1.6842,17.7215,10.5143,0.2242,0,0,50.3015,45.1506,5.4976,40.1849,9.0644,8.342
24/10/2025,MSH-0331-Chiwaridzo 2,CELL_TDD,MSH-0331-Chiwaridzo 2_LTE_6,6,MSH-0331-Chiwaridzo 2_LTE,100%,100,99.1361,99.8523,92.8661,99.4605,0.6901,99.8914,99.9018,99.9994,612.2718,566.1249,46.1469,18.8996,49,6.0445,2.8025,18.3822,7.4166,0.2163,0,0,47.4943,49.9026,4.7249,37.5483,9.8391,13.5231
24/10/2025,MSH-0331-Chiwaridzo 2,CELL_TDD,MSH-0331-Chiwaridzo 2_LTE_5,5,MSH-0331-Chiwaridzo 2_LTE,100%,100,99.5966,99.8789,97.0346,99.7096,1.1156,99.9702,99.9008,100,862.1677,764.2764,97.8913,20.8367,51,6.0224,6.1338,18.2052,4.7463,0.2046,0,0,56.7695,54.4606,5.2092,42.0362,9.1943,12.5207
24/10/2025,MSH-0331-Chiwaridzo 2,CELL_TDD,MSH-0331-Chiwaridzo 2_LTE_4,4,MSH-0331-Chiwaridzo 2_LTE,100%,100,99.0886,99.2006,97.5635,99.7708,0.5784,99.811,99.8833,100,1269.0936,1169.2101,99.8835,35.3258,71,7.8746,3.501,14.4988,6.1602,0.1635,0,0,58.7061,63.8856,8.8314,48.7712,11.4731,17.0086
24/10/2025,MSH-0331-Chiwaridzo 2,CELL_TDD,MSH-0331-Chiwaridzo 2_LTE_3,3,MSH-0331-Chiwaridzo 2_LTE,100%,100,99.8558,99.9649,98.136,99.7757,0.5588,99.8539,99.9344,100,849.9219,761.1519,88.77,20.4649,41,6.3238,5.2773,16.9164,4.8812,0.186,0,0,55.9905,52.2227,5.1162,33.0806,10.3572,12.9426
24/10/2025,MSH-0331-Chiwaridzo 2,CELL_TDD,MSH-0331-Chiwaridzo 2_LTE_2,2,MSH-0331-Chiwaridzo 2_LTE,100%,100,99.5663,99.8889,93.6716,99.8284,1.5479,99.8202,99.9415,100,1025.3229,941.6323,83.6906,21.2733,54,6.2185,4.2533,16.3398,7.6167,0.1792,0,0,57.6342,52.9395,5.3183,33.371,10.3665,13.9517
24/10/2025,MSH-0331-Chiwaridzo 2,CELL_TDD,MSH-0331-Chiwaridzo 2_LTE_1,1,MSH-0331-Chiwaridzo 2_LTE,100%,100,99.3751,99.4398,97.866,99.8322,0.489,99.786,99.8335,100.0003,1308.8654,1174.3628,134.5025,36.3784,73,7.6819,4.7854,15.3396,5.4983,0.1704,0,0,63.5078,59.8935,9.0946,41.3352,11.3857,15.2693
24/10/2025,MSH-0112-Bindura Hospital,CELL_TDD,MSH-0112-Bindura Hospital_LTE_1,1,MSH-0112-Bindura Hospital_LTE,100%,100,99.8724,99.9919,98.3756,99.8711,0.8434,100,100,99.9992,749.5888,666.6628,82.9261,9.4125,20,7.9465,8.1286,15.145,3.4168,0.1672,0,0,45.4169,49.7679,2.3531,26.9314,11.3087,14.7827
24/10/2025,MSH-0112-Bindura Hospital,CELL_TDD,MSH-0112-Bindura Hospital_LTE_2,2,MSH-0112-Bindura Hospital_LTE,100%,100,99.8267,99.976,98.449,99.9365,0.6242,100,99.9626,99.998,522.2925,483.2523,39.0402,9.2502,19,12.4071,4.3745,14.3672,3.3227,0.1623,0,0,25.8901,46.4848,2.3126,17.8336,10.6694,13.6508
24/10/2025,MSH-0112-Bindura Hospital,CELL_TDD,MSH-0112-Bindura Hospital_LTE_3,3,MSH-0112-Bindura Hospital_LTE,100%,100,99.8808,99.9694,98.2401,99.7148,0.7198,99.9556,99.9498,99.998,1057.7657,964.1281,93.6377,21.907,42,9.0827,4.7812,15.8619,4.5321,0.1766,0,0,50.1089,54.2727,5.4768,32.183,10.8344,14.0769
24/10/2025,MSH-0112-Bindura Hospital,CELL_TDD,MSH-0112-Bindura Hospital_LTE_4,4,MSH-0112-Bindura Hospital_LTE,100%,100,99.521,99.8069,97.5076,99.6713,0.633,100,99.9713,99.998,599.7125,565.536,34.1765,12.595,28,8.9895,2.437,13.528,3.2975,0.1555,0,0,35.4388,51.1927,3.1488,28.4897,11.9568,15.8504
24/10/2025,MSH-0112-Bindura Hospital,CELL_TDD,MSH-0112-Bindura Hospital_LTE_5,5,MSH-0112-Bindura Hospital_LTE,100%,100,99.7633,99.9881,98.3619,99.9294,0.3724,99.9279,99.9568,99.998,321.4326,286.2406,35.192,8.3526,19,11.3058,5.324,14.7838,2.608,0.172,0,0,20.4603,45.9736,2.0881,18.17,10.4629,12.8641
24/10/2025,MSH-0112-Bindura Hospital,CELL_TDD,MSH-0112-Bindura Hospital_LTE_6,6,MSH-0112-Bindura Hospital_LTE,100%,100,99.727,99.8954,97.9603,99.7603,0.9673,99.9678,99.9849,99.9989,569.1855,502.1828,67.0027,16.9272,36,8.1052,4.4997,16.7955,4.875,0.1934,0,0,43.1422,54.8117,4.2318,32.7886,10.7054,12.9472
24/10/2025,MSH-0014-Chipadze,CELL_TDD,MSH-0014-Chipadze_LTE_6,6,MSH-0014-Chipadze,100%,100,98.3641,99.5578,86.1202,99.7684,1.0412,98.8747,99.0347,99.9997,1153.0647,1062.3537,90.7111,15.7961,32,6.3849,4.3837,16.1828,5.3434,0.1703,0,0,58.8332,63.8994,3.949,27.7847,9.9112,16.5341
24/10/2025,MSH-0014-Chipadze,CELL_TDD,MSH-0014-Chipadze_LTE_5,5,MSH-0014-Chipadze,100%,100,99.2622,99.7261,94.845,99.6406,1.8028,99.2435,99.2395,100,590.7241,535.7579,54.9662,24.358,57,1.9399,1.6045,19.6369,11.9986,0.2168,0,0.0003,67.6263,64.3988,6.0895,34.3656,8.6238,11.0299
24/10/2025,MSH-0014-Chipadze,CELL_TDD,MSH-0014-Chipadze_LTE_4,4,MSH-0014-Chipadze,100%,100,99.9269,99.9643,99.5471,99.9302,0.7131,98.7899,98.8941,99.9997,607.1062,557.7679,49.3383,17.3516,40,5.714,3.8593,17.2959,5.8119,0.1967,0,0,45.849,58.1185,4.3379,25.8615,9.7435,14.1977
24/10/2025,MSH-0014-Chipadze,CELL_TDD,MSH-0014-Chipadze_LTE_3,3,MSH-0014-Chipadze,100%,100,99.2447,99.8475,90.8759,99.8182,0.7551,99.6134,99.6546,99.9997,1533.4644,1405.7288,127.7357,17.8678,42,7.0032,5.4842,14.7188,3.8133,0.1612,0,0,60.3774,62.5237,4.4669,24.19,9.2791,12.5822
24/10/2025,MSH-0014-Chipadze,CELL_TDD,MSH-0014-Chipadze_LTE_2,2,MSH-0014-Chipadze,100%,100,99.6616,99.9087,96.2095,99.8115,1.0936,99.6175,99.5963,99.9997,982.5804,894.2991,88.2814,29.335,58,2.6915,2.8797,17.5887,8.3708,0.1943,0,0.0001,72.5567,63.0141,7.3337,24.9123,8.8851,10.2507
24/10/2025,MSH-0014-Chipadze,CELL_TDD,MSH-0014-Chipadze_LTE_1,1,MSH-0014-Chipadze,100%,100,99.9326,99.9809,99.2857,99.8997,0.7354,98.7325,98.9107,99.9997,957.5905,839.7142,117.8764,19.8743,40,8.7091,6.7337,15.5064,5.4603,0.1777,0,0,43.0014,61.2537,4.9686,21.0149,10.179,13.2238
25/10/2025,MSH0013-Bindura-Zaoga,CELL_TDD,Bindura_Zaoga_LTE_6,6,MSH0013-Bindura-Zaoga,91%,100,99.8918,99.8883,100,99.9334,1.5232,98.9837,99.0024,100.0007,394.206,341.305,52.901,5.6706,16,6.8615,6.306,13.4629,5.3442,0.1782,0,0,38.1598,51.0307,1.4177,31.0301,10.045,9.9167
25/10/2025,MSH0013-Bindura-Zaoga,CELL_TDD,Bindura_Zaoga_LTE_5,5,MSH0013-Bindura-Zaoga,91%,100,99.7276,99.8724,98.4093,99.5781,1.8418,99.2251,99.3004,100.0007,688.3123,607.889,80.4233,30.9107,80,3.975,4.4529,14.3066,7.0589,0.1666,0,0.0001,61.9862,55.5578,7.7277,45.0078,10.3291,12.8845
25/10/2025,MSH0013-Bindura-Zaoga,CELL_TDD,Bindura_Zaoga_LTE_4,4,MSH0013-Bindura-Zaoga,91%,100,98.226,99.3878,91.6841,99.2256,2.2075,99.3118,99.3116,100.001,420.1745,387.2766,32.8978,22.6454,97,5.678,1.3667,16.9401,16.2891,0.2154,0,0.0002,46.9561,45.1492,5.6613,43.3102,9.1903,10.5638
25/10/2025,MSH0013-Bindura-Zaoga,CELL_TDD,Bindura_Zaoga_LTE_3,3,MSH0013-Bindura-Zaoga,91%,100,99.9449,99.9426,100,99.9716,0.711,97.731,98.2544,100.0007,801.1178,750.3314,50.7865,6.6348,15,9.2703,4.4093,12.0252,3.5899,0.1515,0,0,52.8669,46.9293,1.6587,31.8052,10.2287,12.6384
25/10/2025,MSH0013-Bindura-Zaoga,CELL_TDD,Bindura_Zaoga_LTE_2,2,MSH0013-Bindura-Zaoga,91%,100,99.8517,99.9306,99.1575,99.698,1.2988,99.3797,99.5093,100.0007,1202.5158,1103.8275,98.6884,30.4964,77,5.3401,4.5671,13.069,5.4601,0.1496,0,0,69.8671,54.1062,7.6241,42.6875,10.2867,12.8616
25/10/2025,MSH0013-Bindura-Zaoga,CELL_TDD,Bindura_Zaoga_LTE_1,1,MSH0013-Bindura-Zaoga,91%,100,98.8874,99.699,95.1518,99.3965,2.2877,99.1733,99.2353,100.0007,464.7638,428.801,35.9628,20.4068,89,4.9142,1.8911,16.9508,10.9844,0.2141,0,0.0001,52.634,47.5869,5.1017,40.7227,9.0809,9.0333
25/10/2025,MSH-0331-Chiwaridzo 2,CELL_TDD,MSH-0331-Chiwaridzo 2_LTE_6,6,MSH-0331-Chiwaridzo 2_LTE,100%,100,98.9036,99.8162,90.9524,99.6346,0.8432,99.9798,99.9674,100.0014,690.8322,637.4782,53.3541,18.6286,50,5.156,3.1804,20.3055,6.4133,0.2379,0,0,59.0038,50.8388,4.6571,41.9912,10.0347,12.1523
25/10/2025,MSH-0331-Chiwaridzo 2,CELL_TDD,MSH-0331-Chiwaridzo 2_LTE_5,5,MSH-0331-Chiwaridzo 2_LTE,100%,100,98.9264,99.7034,93.5159,99.5308,1.9517,99.8765,99.9391,100.0017,911.5608,823.0267,88.5341,21.1925,41,6.5696,4.6478,17.7604,6.1139,0.2004,0,0,58.4749,58.1123,5.2981,44.4119,8.9436,12.2324
25/10/2025,MSH-0331-Chiwaridzo 2,CELL_TDD,MSH-0331-Chiwaridzo 2_LTE_4,4,MSH-0331-Chiwaridzo 2_LTE,100%,100,99.5686,99.6604,98.6177,99.6668,0.6365,99.9328,99.9476,100.0014,1790.3034,1669.2084,121.095,32.5931,69,6.4315,3.8294,14.9368,5.2916,0.1646,0,0,77.5972,61.6217,8.1483,52.7375,11.2357,17.4205
25/10/2025,MSH-0331-Chiwaridzo 2,CELL_TDD,MSH-0331-Chiwaridzo 2_LTE_3,3,MSH-0331-Chiwaridzo 2_LTE,100%,100,99.655,99.964,94.7668,99.8122,0.8188,99.8597,99.9204,100.0014,943.6925,851.714,91.9784,19.8119,47,5.6495,4.9084,18.7893,5.4618,0.2112,0,0.0001,65.2267,54.5627,4.953,36.4349,10.3202,12.2914
25/10/2025,MSH-0331-Chiwaridzo 2,CELL_TDD,MSH-0331-Chiwaridzo 2_LTE_2,2,MSH-0331-Chiwaridzo 2_LTE,100%,100,99.6582,99.9331,95.5721,99.8114,2.1033,99.8441,99.9411,100.0014,1054.4209,966.0794,88.3415,23.4472,54,5.9125,4.1723,17.5509,6.0203,0.1967,0,0,65.2375,53.7345,5.8618,37.058,10.1554,13.4111
25/10/2025,MSH-0331-Chiwaridzo 2,CELL_TDD,MSH-0331-Chiwaridzo 2_LTE_1,1,MSH-0331-Chiwaridzo 2_LTE,100%,100,98.9588,98.9809,98.444,99.7488,0.5834,99.9817,99.978,100.0017,1595.8824,1472.669,123.2134,41.219,80,5.1063,4.0534,15.9637,5.2164,0.1732,0,0,76.5425,53.6985,10.3047,45.7688,11.2421,15.5544
25/10/2025,MSH-0112-Bindura Hospital,CELL_TDD,MSH-0112-Bindura Hospital_LTE_1,1,MSH-0112-Bindura Hospital_LTE,100%,100,99.9004,99.9691,99.1127,99.8771,0.5481,100,99.9904,100.002,979.1166,844.4111,134.7056,9.6551,23,6.2114,8.1646,16.7403,4.8801,0.1851,0,0,63.224,58.8393,2.4138,36.452,10.7839,13.9288
25/10/2025,MSH-0112-Bindura Hospital,CELL_TDD,MSH-0112-Bindura Hospital_LTE_2,2,MSH-0112-Bindura Hospital_LTE,100%,100,99.8673,99.992,98.4259,99.9602,0.4675,100,100,100.0017,928.0018,863.5239,64.4779,10.208,27,13.1766,5.5347,13.9752,2.8864,0.147,0,0,35.254,47.984,2.552,19.1916,10.8053,18.0106
25/10/2025,MSH-0112-Bindura Hospital,CELL_TDD,MSH-0112-Bindura Hospital_LTE_3,3,MSH-0112-Bindura Hospital_LTE,100%,100,99.8058,99.9366,98.4175,99.6906,1.5722,99.8783,99.8937,100.0017,1447.3535,1347.38,99.9735,25.1744,57,10.5438,3.9045,14.722,5.7512,0.1628,0,0,59.4411,53.9979,6.2936,35.0053,10.5694,14.9609
25/10/2025,MSH-0112-Bindura Hospital,CELL_TDD,MSH-0112-Bindura Hospital_LTE_4,4,MSH-0112-Bindura Hospital_LTE,100%,100,99.4575,99.8779,96.5701,99.6499,0.5894,100,99.9412,100.0017,792.3788,735.973,56.4057,14.9113,29,7.9726,3.6681,13.3848,2.9371,0.1504,0,0,50.7333,62.5161,3.7278,35.1278,12.0275,15.7214
25/10/2025,MSH-0112-Bindura Hospital,CELL_TDD,MSH-0112-Bindura Hospital_LTE_5,5,MSH-0112-Bindura Hospital_LTE,100%,100,99.6744,99.9833,97.9535,99.8357,0.6304,100,100,100.0017,464.5756,409.185,55.3906,9.4395,23,10.538,6.2313,16.3794,2.2719,0.1896,0,0,27.0127,50.1239,2.3599,21.7885,10.3098,12.5248
25/10/2025,MSH-0112-Bindura Hospital,CELL_TDD,MSH-0112-Bindura Hospital_LTE_6,6,MSH-0112-Bindura Hospital_LTE,100%,100,99.2719,99.7506,95.5833,99.4318,2.6751,99.7553,99.8152,100.0017,720.5051,676.2382,44.2668,20.4896,54,7.8008,2.1413,17.1432,7.6538,0.1947,0,0,54.4494,48.8899,5.1224,39.4307,10.5458,13.0291
25/10/2025,MSH-0014-Chipadze,CELL_TDD,MSH-0014-Chipadze_LTE_6,6,MSH-0014-Chipadze,100%,99.9992,97.35,99.3653,85.0307,99.5988,2.0003,98.8377,98.951,99.9997,1173.7531,1072.4061,101.347,17.5981,41,6.5452,4.4874,15.8781,6.5493,0.1699,0,0,59.7051,65.4085,4.3995,27.8464,10.3595,17.1392
25/10/2025,MSH-0014-Chipadze,CELL_TDD,MSH-0014-Chipadze_LTE_5,5,MSH-0014-Chipadze,100%,99.9992,98.858,99.6684,91.9264,99.6679,2.2184,99.0803,99.1177,99.9997,768.3207,689.0627,79.258,28.5147,76,2.5092,2.4888,19.2738,11.8431,0.2111,0,0,69.8337,66.6642,7.1287,35.2265,9.0058,12.7681
25/10/2025,MSH-0014-Chipadze,CELL_TDD,MSH-0014-Chipadze_LTE_4,4,MSH-0014-Chipadze,100%,99.9992,97.2567,99.9206,74.0403,99.7851,1.3902,98.6224,98.756,99.9997,742.3632,677.7248,64.6384,23.0054,61,4.3661,3.1202,18.2609,7.7148,0.2001,0,0.0003,51.9082,62.8302,5.7514,28.8855,10.5332,15.0049
25/10/2025,MSH-0014-Chipadze,CELL_TDD,MSH-0014-Chipadze_LTE_3,3,MSH-0014-Chipadze,100%,99.9993,99.0588,99.8398,90.6787,99.7168,1.2453,99.1231,99.259,99.9997,1635.628,1504.7028,130.9252,21.9288,53,9.3294,5.3779,15.3082,4.6315,0.1721,0,0,60.5046,61.3889,5.4822,23.5512,10.0706,14.3883
25/10/2025,MSH-0014-Chipadze,CELL_TDD,MSH-0014-Chipadze_LTE_2,2,MSH-0014-Chipadze,100%,99.9993,99.1723,99.8068,94.3617,99.6377,1.7049,99.2371,99.4173,99.9997,927.5889,828.8955,98.6935,29.3211,69,2.4132,2.9901,16.5465,9.5483,0.1857,0,0.0001,69.923,63.5271,7.3303,25.3733,8.5469,9.7841
25/10/2025,MSH-0014-Chipadze,CELL_TDD,MSH-0014-Chipadze_LTE_1,1,MSH-0014-Chipadze,100%,99.9993,99.8767,99.9812,98.2634,99.7828,1.2371,98.7148,99.0365,100,1207.2688,1103.8713,103.3975,25.9253,73,7.3645,3.8817,15.9856,6.904,0.1773,0,0.0001,48.5747,61.7731,6.4813,23.2536,10.922,14.3371
26/10/2025,MSH0013-Bindura-Zaoga,CELL_TDD,Bindura_Zaoga_LTE_6,6,MSH0013-Bindura-Zaoga,12%,99.9999,100,100,100,100,0.9368,98.9418,98.9583,99.9642,5.9305,5.2463,0.6841,3.3084,9,7.3731,3.7104,12.2332,3.7439,0.1756,0,0,22.7193,43.2154,0.8271,16.7657,10.6382,7.7512
26/10/2025,MSH0013-Bindura-Zaoga,CELL_TDD,Bindura_Zaoga_LTE_5,5,MSH0013-Bindura-Zaoga,12%,99.9999,99.6192,100,97.8992,99.0135,1.2563,98.6842,98.7616,99.9642,37.4882,35.239,2.2492,9.9613,26,6.2745,2.2362,13.1044,7.7301,0.1505,0,0,63.0892,56.874,2.4903,44.9336,10.6662,12.6396
26/10/2025,MSH0013-Bindura-Zaoga,CELL_TDD,Bindura_Zaoga_LTE_4,4,MSH0013-Bindura-Zaoga,12%,99.9999,99.2419,99.6823,97.5309,99.0038,3.6577,97.1963,97.9021,99.9642,9.6111,8.0816,1.5295,12.3795,31,3.605,1.0464,20.8836,16.964,0.2699,0.0001,0.0014,34.6409,44.4892,3.0949,42.2613,8.7797,7.317
26/10/2025,MSH0013-Bindura-Zaoga,CELL_TDD,Bindura_Zaoga_LTE_3,3,MSH0013-Bindura-Zaoga,12%,99.9999,100,100,100,100,0,96.5517,96.875,99.9642,23.3311,21.6414,1.6896,4.4213,10,13.3648,3.6084,11.304,4.2039,0.1433,0,0,30.5496,48.1904,1.1053,22.8143,10.1241,9.8421
26/10/2025,MSH0013-Bindura-Zaoga,CELL_TDD,Bindura_Zaoga_LTE_2,2,MSH0013-Bindura-Zaoga,12%,99.9999,99.5146,99.7643,97.6331,99.3072,0.9224,98.4127,98.7654,99.9642,57.6537,43.4258,14.2279,12.153,29,9.6087,10.2401,13.5627,5.8327,0.1647,0,0,49.6646,62.8552,3.0383,34.7523,10.6747,12.9143
26/10/2025,MSH0013-Bindura-Zaoga,CELL_TDD,Bindura_Zaoga_LTE_1,1,MSH0013-Bindura-Zaoga,12%,99.9999,98.8095,99.8234,91.4163,99.7106,2.0163,98.9691,99.3711,99.9642,19.6448,17.9992,1.6456,12.5841,30,5.058,1.3673,18.0659,11.2235,0.2344,0,0,46.4241,45.6149,3.146,39.3964,9.0313,7.6998
26/10/2025,MSH-0331-Chiwaridzo 2,CELL_TDD,MSH-0331-Chiwaridzo 2_LTE_6,6,MSH-0331-Chiwaridzo 2_LTE,95%,99.9753,98.2329,99.4178,91.0189,99.5643,0.7192,99.936,99.9249,100,436.1583,395.6892,40.4691,13.0617,92,4.7146,3.7082,19.0372,5.5276,0.217,0,0,54.5955,51.3827,3.2654,38.9908,10.7109,13.1297
26/10/2025,MSH-0331-Chiwaridzo 2,CELL_TDD,MSH-0331-Chiwaridzo 2_LTE_5,5,MSH-0331-Chiwaridzo 2_LTE,95%,99.9753,98.971,99.611,95.2249,99.4654,2.2399,99.7148,99.798,99.9991,551.31,504.6499,46.6601,14.0778,70,6.1687,3.584,17.9514,6.4885,0.2022,0,0,54.8658,52.1954,3.5195,41.8863,9.6392,13.2276
26/10/2025,MSH-0331-Chiwaridzo 2,CELL_TDD,MSH-0331-Chiwaridzo 2_LTE_4,4,MSH-0331-Chiwaridzo 2_LTE,95%,99.9753,99.4554,99.614,98.3392,99.6319,0.7599,99.8394,99.8843,99.9991,823.7415,758.768,64.9734,21.8074,95,7.0434,3.6806,15.8807,5.7089,0.1778,0,0,59.6323,56.2807,5.4519,44.2164,11.6215,16.5987
26/10/2025,MSH-0331-Chiwaridzo 2,CELL_TDD,MSH-0331-Chiwaridzo 2_LTE_3,3,MSH-0331-Chiwaridzo 2_LTE,95%,99.9753,99.3743,99.6423,95.7182,99.7623,0.4727,99.8322,99.9239,99.9991,668.6736,583.4851,85.1885,15.7815,118,4.8228,6.6005,17.3226,4.744,0.1906,0,0.0001,61.021,55.1764,3.9454,35.0685,10.5729,12.866
26/10/2025,MSH-0331-Chiwaridzo 2,CELL_TDD,MSH-0331-Chiwaridzo 2_LTE_2,2,MSH-0331-Chiwaridzo 2_LTE,95%,99.9753,99.273,99.6697,93.8557,99.8067,2.1703,99.8725,99.9568,99.9991,648.1084,596.738,51.3704,16.8952,123,6.1708,3.7105,16.8837,6.8545,0.1909,0,0,56.8713,52.9702,4.2238,33.8791,10.454,14.0302
26/10/2025,MSH-0331-Chiwaridzo 2,CELL_TDD,MSH-0331-Chiwaridzo 2_LTE_1,1,MSH-0331-Chiwaridzo 2_LTE,95%,99.9753,98.1485,98.7882,90.4604,99.794,0.5392,99.9011,99.9341,99.9991,880.8828,797.6336,83.2492,27.1204,159,6.0797,4.5773,15.0263,5.2972,0.1647,0,0,59.0614,54.3612,6.7801,37.2354,11.5774,16.1311
26/10/2025,MSH-0112-Bindura Hospital,CELL_TDD,MSH-0112-Bindura Hospital_LTE_1,1,MSH-0112-Bindura Hospital_LTE,100%,99.9956,99.4523,99.5269,98.7636,99.9127,2.4383,99.9035,99.9648,99.9799,745.0297,633.2596,111.7701,9.8154,52,7.2942,8.1468,15.6,4.5844,0.1849,0,0,47.5736,55.3264,2.4539,29.4742,11.1842,14.7849
26/10/2025,MSH-0112-Bindura Hospital,CELL_TDD,MSH-0112-Bindura Hospital_LTE_2,2,MSH-0112-Bindura Hospital_LTE,100%,99.9956,98.8612,99.0346,97.0451,99.7985,0.443,100,99.8938,99.9796,702.7101,646.275,56.435,10.2137,44,14.7133,5.8572,13.3409,6.6169,0.1446,0,0,30.3367,47.3515,2.5534,19.0147,11.7346,17.4894
26/10/2025,MSH-0112-Bindura Hospital,CELL_TDD,MSH-0112-Bindura Hospital_LTE_3,3,MSH-0112-Bindura Hospital_LTE,100%,99.9956,99.3758,99.6433,97.3813,99.5832,2.0442,98.5314,96.466,99.9796,1109.2939,1033.0795,76.2144,28.0528,100,10.424,2.8784,14.8953,7.6164,0.1654,0,0.0001,47.9096,52.4347,7.0132,32.4227,11.0225,15.7393
26/10/2025,MSH-0112-Bindura Hospital,CELL_TDD,MSH-0112-Bindura Hospital_LTE_4,4,MSH-0112-Bindura Hospital_LTE,100%,99.9956,97.8567,99.4824,88.1859,99.7571,1.5167,96.5435,98.7491,99.9796,647.0774,598.9981,48.0794,13.5152,28,8.1216,3.4817,12.4699,4.0496,0.1503,0,0,37.268,50.0871,3.3788,31.2036,12.3424,16.8058
26/10/2025,MSH-0112-Bindura Hospital,CELL_TDD,MSH-0112-Bindura Hospital_LTE_5,5,MSH-0112-Bindura Hospital_LTE,100%,99.9956,96.9689,98.629,90.1606,99.5649,0.9566,99.7628,99.7562,99.9796,632.865,572.8681,59.9969,9.4481,29,14.7024,5.5654,13.8445,3.796,0.1565,0,0,26.1743,50.6222,2.362,19.9091,11.0418,16.1971
26/10/2025,MSH-0112-Bindura Hospital,CELL_TDD,MSH-0112-Bindura Hospital_LTE_6,6,MSH-0112-Bindura Hospital_LTE,100%,99.9956,97.611,99.2479,89.482,98.9131,2.8173,96.5019,94.8921,99.9796,768.1424,714.2377,53.9047,27.6826,111,8.4252,2.0487,17.2238,11.3139,0.1974,0,0.0002,49.4195,54.7345,6.9207,41.8897,10.8057,14.204
26/10/2025,MSH-0014-Chipadze,CELL_TDD,MSH-0014-Chipadze_LTE_6,6,MSH-0014-Chipadze,100%,99.984,97.0198,99.4811,85.459,99.7546,0.9772,99.7392,99.7635,99.8401,788.1973,703.6449,84.5525,14.3896,50,7.1183,5.7973,14.8616,5.5433,0.1591,0,0,47.8136,63.5121,3.5974,24.4719,11.0351,18.025
26/10/2025,MSH-0014-Chipadze,CELL_TDD,MSH-0014-Chipadze_LTE_5,5,MSH-0014-Chipadze,100%,99.984,93.6996,98.1696,77.6212,99.4222,2.1772,99.2158,99.3734,99.8401,563.0398,504.1274,58.9123,33.6513,190,2.017,2.1199,19.1727,12.8734,0.2107,0,0.0002,61.8019,68.7441,8.4128,35.298,9.7525,13.3123
26/10/2025,MSH-0014-Chipadze,CELL_TDD,MSH-0014-Chipadze_LTE_4,4,MSH-0014-Chipadze,100%,99.984,93.3369,99.2806,59.0254,99.786,0.8306,98.322,98.6044,99.8405,616.0788,568.7553,47.3235,18.3936,78,6.3481,3.2695,17.2427,7.3597,0.1868,0,0.0002,48.71,63.0066,4.5984,26.0825,11.4174,16.0507
26/10/2025,MSH-0014-Chipadze,CELL_TDD,MSH-0014-Chipadze_LTE_3,3,MSH-0014-Chipadze,100%,99.984,98.3906,99.5104,90.7557,99.5945,0.8508,99.6109,99.6748,99.7296,802.7558,720.3876,82.3681,15.7236,71,8.2414,5.5348,15.1858,5.3106,0.1671,0,0.0001,41.5526,59.3694,3.9309,19.1265,10.9763,15.2751
26/10/2025,MSH-0014-Chipadze,CELL_TDD,MSH-0014-Chipadze_LTE_2,2,MSH-0014-Chipadze,100%,99.984,96.9863,98.5985,87.7454,99.5553,1.8573,99.7811,99.7881,99.7296,886.8939,810.2486,76.6453,34.7954,177,3.9315,2.5116,16.6339,9.9623,0.1861,0,0.0001,59.5202,63.0427,8.6988,25.5908,9.9327,12.4522
26/10/2025,MSH-0014-Chipadze,CELL_TDD,MSH-0014-Chipadze_LTE_1,1,MSH-0014-Chipadze,100%,99.984,96.6106,99.3882,71.7202,99.8357,1.1468,99.2905,99.3687,99.73,838.7348,768.6264,70.1084,20.8571,78,8.9576,3.7742,17.364,8.9356,0.1905,0,0,43.5565,62.5417,5.2143,19.5993,11.549,15.9436
27/10/2025,MSH0013-Bindura-Zaoga,CELL_TDD,Bindura_Zaoga_LTE_6,6,MSH0013-Bindura-Zaoga,25%,99.9999,99.633,100,96.0784,99.8008,3.2828,99.5704,99.5851,99.9977,14.6128,12.4118,2.201,2.4539,8,5.4568,3.2968,11.9087,6.1809,0.1597,0,0,17.7212,37.3035,0.6135,18.4742,8.4548,10.7545
27/10/2025,MSH0013-Bindura-Zaoga,CELL_TDD,Bindura_Zaoga_LTE_5,5,MSH0013-Bindura-Zaoga,25%,99.9999,99.6136,99.8428,97.365,99.6158,1.6848,98.0093,98.3433,99.9965,243.9439,220.3104,23.6334,57.8345,82,3.7249,3.6493,15.47,8.3865,0.1813,0,0,79.0006,52.1353,14.4585,58.7054,10.4704,13.1114
27/10/2025,MSH0013-Bindura-Zaoga,CELL_TDD,Bindura_Zaoga_LTE_4,4,MSH0013-Bindura-Zaoga,25%,99.9999,98.5381,99.5151,92.678,99.3922,2.7997,99.148,98.7058,99.9965,100.1233,92.3238,7.7995,20.9202,42,3.5729,1.4093,18.7684,14.478,0.2333,0,0.0001,59.9234,45.4369,5.2301,50.7585,9.0118,9.6593
27/10/2025,MSH0013-Bindura-Zaoga,CELL_TDD,Bindura_Zaoga_LTE_3,3,MSH0013-Bindura-Zaoga,25%,99.9999,100,100,100,99.8336,1.3812,100,100,99.9965,197.3013,178.1538,19.1475,6.0971,11,10.2534,8.7696,10.899,2.4982,0.1255,0,0,32.9581,47.4855,1.5243,25.9102,9.8689,13.9314
27/10/2025,MSH0013-Bindura-Zaoga,CELL_TDD,Bindura_Zaoga_LTE_2,2,MSH0013-Bindura-Zaoga,25%,99.9999,99.6953,99.901,97.8816,99.5767,1.5548,98.9813,99.3906,99.9965,420.3805,388.2756,32.1049,53.7584,73,4.6695,3.9728,13.5141,6.4129,0.1546,0,0,87.6784,56.2709,13.4396,51.419,10.6038,13.5311
27/10/2025,MSH0013-Bindura-Zaoga,CELL_TDD,Bindura_Zaoga_LTE_1,1,MSH0013-Bindura-Zaoga,25%,99.9999,98.8565,99.6313,94.9846,99.4801,2.9064,98.9655,99.2418,99.9965,116.3382,108.2586,8.0796,16.0058,29,3.5377,1.8387,18.1031,11.5247,0.2179,0,0.0001,58.1407,42.1504,4.0015,42.9605,8.8479,10.0733
27/10/2025,MSH-0331-Chiwaridzo 2,CELL_TDD,MSH-0331-Chiwaridzo 2_LTE_6,6,MSH-0331-Chiwaridzo 2_LTE,100%,100,99.241,99.6079,95.1271,99.5947,0.5809,99.8944,99.9189,99.9994,853.5664,776.2161,77.3503,21.5072,49,5.3763,4.4092,17.8837,4.8321,0.2032,0,0,63.3854,54.3062,5.3768,43.144,10.4696,14.2307
27/10/2025,MSH-0331-Chiwaridzo 2,CELL_TDD,MSH-0331-Chiwaridzo 2_LTE_5,5,MSH-0331-Chiwaridzo 2_LTE,100%,100,99.0799,99.7646,93.3862,99.8063,1.1826,99.9367,99.9473,99.9994,774.955,710.7875,64.1675,21.225,44,6.2772,3.3551,18.4567,5.9156,0.2098,0,0,57.9072,52.9049,5.3062,44.4466,9.171,11.8715
27/10/2025,MSH-0331-Chiwaridzo 2,CELL_TDD,MSH-0331-Chiwaridzo 2_LTE_4,4,MSH-0331-Chiwaridzo 2_LTE,100%,100,99.2988,99.3387,98.7627,99.7379,0.7768,99.3122,99.6222,99.9994,1519.0851,1393.5554,125.5297,35.8354,74,7.5688,4.1147,15.2571,5.4846,0.1705,0,0,69.1285,64.3093,8.9588,50.457,11.5861,16.9092
27/10/2025,MSH-0331-Chiwaridzo 2,CELL_TDD,MSH-0331-Chiwaridzo 2_LTE_3,3,MSH-0331-Chiwaridzo 2_LTE,100%,100,99.7362,99.8872,97.107,99.7859,0.5484,99.9745,99.9888,99.9994,1065.4104,935.2899,130.1205,21.2989,50,4.7551,7.2928,18.3309,4.5084,0.2036,0,0,70.6918,54.9957,5.3247,37.4884,10.4124,12.9065
27/10/2025,MSH-0331-Chiwaridzo 2,CELL_TDD,MSH-0331-Chiwaridzo 2_LTE_2,2,MSH-0331-Chiwaridzo 2_LTE,100%,100,99.7476,99.8866,97.2678,99.8511,1.7321,99.9123,99.9687,99.9994,913.0385,840.9766,72.0618,22.121,45,5.5079,3.7962,16.823,6.3438,0.1891,0,0,61.2761,51.9535,5.5302,37.528,10.2899,13.2877
27/10/2025,MSH-0331-Chiwaridzo 2,CELL_TDD,MSH-0331-Chiwaridzo 2_LTE_1,1,MSH-0331-Chiwaridzo 2_LTE,100%,100,98.9989,98.9878,99.2299,99.7384,0.7678,99.9089,99.9217,99.9994,1390.8597,1256.0362,134.8235,36.9888,80,5.5708,4.6376,16.6856,5.6438,0.1887,0,0,75.617,56.6422,9.2472,46.0055,11.3289,14.327
27/10/2025,MSH-0112-Bindura Hospital,CELL_TDD,MSH-0112-Bindura Hospital_LTE_1,1,MSH-0112-Bindura Hospital_LTE,100%,100,99.8856,99.9938,98.6496,99.939,0.7385,99.9416,99.9911,100.0015,695.9127,595.0664,100.8463,10.5585,22,8.1068,6.7209,15.7071,4.5726,0.1804,0,0,39.5459,55.3825,2.6396,26.7459,11.2463,14.2873
27/10/2025,MSH-0112-Bindura Hospital,CELL_TDD,MSH-0112-Bindura Hospital_LTE_2,2,MSH-0112-Bindura Hospital_LTE,100%,100,99.8751,99.9495,99.3072,99.8819,0.6944,100,100,100.0009,484.6012,432.7743,51.8268,7.8828,20,12.9666,6.9986,14.7783,5.3563,0.167,0,0,26.337,46.456,1.9707,18.8337,11.268,15.2004
27/10/2025,MSH-0112-Bindura Hospital,CELL_TDD,MSH-0112-Bindura Hospital_LTE_3,3,MSH-0112-Bindura Hospital_LTE,100%,100,99.8792,99.9479,99.2296,99.7114,1.4273,99.9719,99.387,100.0009,1033.465,947.6777,85.7873,29.1193,66,9.0649,3.4421,15.7134,5.7942,0.1773,0,0,57.1153,53.1372,7.2798,34.4219,10.847,14.714
27/10/2025,MSH-0112-Bindura Hospital,CELL_TDD,MSH-0112-Bindura Hospital_LTE_4,4,MSH-0112-Bindura Hospital_LTE,100%,100,99.5921,99.9636,96.7198,99.798,0.5461,99.6746,99.8399,100.0012,511.4352,468.9667,42.4685,12.3631,25,7.7811,3.5874,14.4633,3.3206,0.1672,0,0,37.0845,50.8893,3.0908,28.8226,12.3114,14.0797
27/10/2025,MSH-0112-Bindura Hospital,CELL_TDD,MSH-0112-Bindura Hospital_LTE_5,5,MSH-0112-Bindura Hospital_LTE,100%,100,99.7447,99.9838,98.5726,99.8893,0.4854,100,99.9522,100.0009,405.8561,355.3775,50.4786,9.0486,21,12.5465,6.2304,14.8077,2.6297,0.1683,0,0,21.0166,48.4027,2.2621,18.607,10.947,14.4619
27/10/2025,MSH-0112-Bindura Hospital,CELL_TDD,MSH-0112-Bindura Hospital_LTE_6,6,MSH-0112-Bindura Hospital_LTE,100%,100,99.656,99.8469,97.8107,99.599,3.9038,99.8898,99.9317,100.0009,856.8928,798.6793,58.2135,25.6633,64,9.711,2.3696,16.8711,7.8484,0.1943,0,0,47.8573,55.1073,6.4158,38.2019,10.9382,13.5641
27/10/2025,MSH-0014-Chipadze,CELL_TDD,MSH-0014-Chipadze_LTE_6,6,MSH-0014-Chipadze,100%,100,98.9745,99.7885,91.2729,99.7107,0.967,99.6362,99.6709,100,752.8625,697.5679,55.2947,13.5594,31,6.0141,3.3313,15.7408,5.8943,0.17,0,0.0002,57.4299,58.0713,3.3899,25.869,10.1709,14.6737
27/10/2025,MSH-0014-Chipadze,CELL_TDD,MSH-0014-Chipadze_LTE_5,5,MSH-0014-Chipadze,100%,100,99.229,99.8001,94.4198,99.563,2.6267,98.6824,99.061,100,746.8109,670.2658,76.5451,27.0024,52,2.0783,2.1831,19.5307,11.5865,0.2178,0,0.0001,77.09,70.5142,6.7506,36.3783,9.103,11.9561
27/10/2025,MSH-0014-Chipadze,CELL_TDD,MSH-0014-Chipadze_LTE_4,4,MSH-0014-Chipadze,100%,100,97.2937,99.9226,70.3201,99.8526,0.9957,97.366,97.8378,100,748.4552,655.5681,92.8871,23.9863,65,6.0311,4.5823,17.5804,7.878,0.1928,0,0,46.655,65.6794,5.9966,26.3337,10.636,15.2565
27/10/2025,MSH-0014-Chipadze,CELL_TDD,MSH-0014-Chipadze_LTE_3,3,MSH-0014-Chipadze,100%,100,99.5845,99.9059,94.8929,99.7842,0.6637,99.6441,99.6573,100,1117.3119,1017.5211,99.7908,21.2855,46,8.3376,5.3781,15.6025,4.103,0.172,0,0,46.9214,56.1988,5.3214,20.0705,10.5722,14.5289
27/10/2025,MSH-0014-Chipadze,CELL_TDD,MSH-0014-Chipadze_LTE_2,2,MSH-0014-Chipadze,100%,100,99.4297,99.8275,94.1624,99.7559,1.7774,99.6571,99.6756,100,1169.2454,1027.279,141.9664,31.0697,53,2.9397,3.5991,16.8911,8.9725,0.1886,0,0,75.9989,70.0934,7.7674,26.5546,9.2066,10.706
27/10/2025,MSH-0014-Chipadze,CELL_TDD,MSH-0014-Chipadze_LTE_1,1,MSH-0014-Chipadze,100%,100,99.8257,99.9426,97.8481,99.7763,1.1669,99.0486,99.2384,100.0003,960.3966,854.4408,105.9558,28.9901,86,7.5177,4.2702,17.7576,8.1324,0.1987,0,0.0001,43.272,63.034,7.2475,19.9761,10.9062,14.6724
28/10/2025,MSH0013-Bindura-Zaoga,CELL_TDD,Bindura_Zaoga_LTE_6,6,MSH0013-Bindura-Zaoga,100%,100,99.6051,99.8458,93.7888,99.9234,1.1483,99.3882,99.4138,99.9997,266.8641,241.2614,25.6027,4.8381,15,7.3823,3.8672,13.4338,4.95,0.1817,0,0,25.9735,44.9895,1.2095,23.8888,9.9312,9.3184
28/10/2025,MSH0013-Bindura-Zaoga,CELL_TDD,Bindura_Zaoga_LTE_5,5,MSH0013-Bindura-Zaoga,100%,100,99.662,99.8333,98.3526,99.5532,1.6775,98.8616,99.0493,99.9997,742.1791,674.2392,67.9399,35.7176,84,4.239,3.2219,15.3822,7.7525,0.1855,0,0.0001,59.4669,60.3262,8.9294,47.5835,10.4096,12.274
28/10/2025,MSH0013-Bindura-Zaoga,CELL_TDD,Bindura_Zaoga_LTE_4,4,MSH0013-Bindura-Zaoga,100%,100,98.8026,99.5237,94.068,99.2261,2.7597,98.839,99.0749,100,429.7387,391.857,37.8816,21.7788,78,4.3536,1.6976,17.4611,13.8142,0.2215,0,0.0002,50.0171,45.6396,5.4447,44.7875,9.1813,9.6285
28/10/2025,MSH0013-Bindura-Zaoga,CELL_TDD,Bindura_Zaoga_LTE_3,3,MSH0013-Bindura-Zaoga,100%,100,99.9517,99.9749,99.4012,100,0.5404,98.5472,98.6097,99.9997,539.3397,496.0709,43.2687,6.7223,15,10.1407,4.3535,11.794,3.5373,0.1472,0,0,32.8942,46.4127,1.6806,23.9541,9.8179,11.8389
28/10/2025,MSH0013-Bindura-Zaoga,CELL_TDD,Bindura_Zaoga_LTE_2,2,MSH0013-Bindura-Zaoga,100%,100,99.8046,99.9432,98.712,99.6577,1.3068,98.3877,99.0654,100,1198.9883,1085.6541,113.3341,36.2236,82,5.291,4.6581,13.2833,6.2201,0.1526,0,0.0001,63.1123,55.793,9.0559,40.6537,10.4155,12.9204
28/10/2025,MSH0013-Bindura-Zaoga,CELL_TDD,Bindura_Zaoga_LTE_1,1,MSH0013-Bindura-Zaoga,100%,100,99.2803,99.8589,95.6465,99.5467,1.9783,98.785,99.1677,99.9997,601.9373,544.8592,57.0781,20.9811,87,5.0342,2.6208,16.8018,9.6693,0.2066,0,0,48.8366,48.2777,5.2453,39.5513,9.4885,11.194
28/10/2025,MSH-0331-Chiwaridzo 2,CELL_TDD,MSH-0331-Chiwaridzo 2_LTE_6,6,MSH-0331-Chiwaridzo 2_LTE,100%,100,97.8433,99.6194,84.9115,99.659,1.0205,99.9401,99.9148,100.0003,771.8003,710.898,60.9023,19.0263,57,5.4928,3.7059,18.3118,5.7178,0.2128,0,0,56.919,52.154,4.7566,40.6105,10.238,13.7668
28/10/2025,MSH-0331-Chiwaridzo 2,CELL_TDD,MSH-0331-Chiwaridzo 2_LTE_5,5,MSH-0331-Chiwaridzo 2_LTE,100%,100,99.1139,99.7894,94.9221,99.7722,0.8496,100,99.9895,100,682.3892,618.3017,64.0875,17.8689,50,6.4934,4.9396,17.626,4.8467,0.1993,0,0,44.3451,48.4621,4.4672,36.1125,9.1745,12.2491
28/10/2025,MSH-0331-Chiwaridzo 2,CELL_TDD,MSH-0331-Chiwaridzo 2_LTE_4,4,MSH-0331-Chiwaridzo 2_LTE,100%,100,99.0574,99.1978,97.3421,99.6976,0.6939,99.9015,99.927,99.9989,1401.6195,1283.4495,118.17,36.2257,73,7.0393,4.0651,16.4866,5.7015,0.1857,0,0,69.0762,62.7856,9.0564,50.9791,11.2832,15.8038
28/10/2025,MSH-0331-Chiwaridzo 2,CELL_TDD,MSH-0331-Chiwaridzo 2_LTE_3,3,MSH-0331-Chiwaridzo 2_LTE,100%,100,99.3824,99.9617,92.311,99.7979,0.6974,99.9648,99.9674,100,940.6457,835.5807,105.0651,20.0228,53,4.8441,6.2205,18.7764,4.9258,0.2108,0,0,61.3013,52.0028,5.0057,34.5159,10.3531,13.1018
28/10/2025,MSH-0331-Chiwaridzo 2,CELL_TDD,MSH-0331-Chiwaridzo 2_LTE_2,2,MSH-0331-Chiwaridzo 2_LTE,100%,100,99.8054,99.9856,96.0808,99.9288,1.4687,99.9574,99.9754,100,828.5421,766.0313,62.5109,20.7465,57,5.8653,3.6733,16.4065,5.7553,0.1826,0,0,49.8655,49.0565,5.1866,31.2504,10.229,14.0476
28/10/2025,MSH-0331-Chiwaridzo 2,CELL_TDD,MSH-0331-Chiwaridzo 2_LTE_1,1,MSH-0331-Chiwaridzo 2_LTE,100%,100,99.4828,99.5258,98.4719,99.8468,0.4199,99.9348,99.9256,100.0003,1457.4209,1324.5933,132.8276,38.9834,83,5.2854,4.8414,17.3294,5.3386,0.1932,0,0,71.8707,55.803,9.7458,44.652,11.3063,14.3204
28/10/2025,MSH-0112-Bindura Hospital,CELL_TDD,MSH-0112-Bindura Hospital_LTE_1,1,MSH-0112-Bindura Hospital_LTE,100%,100,99.7632,99.9919,97.3137,99.8876,1.0418,100,100,100.0014,509.7593,462.8804,46.8789,9.4825,21,9.0326,4.9796,15.3723,3.5276,0.1782,0,0,30.5927,48.4447,2.3706,20.0603,11.6601,14.9287
28/10/2025,MSH-0112-Bindura Hospital,CELL_TDD,MSH-0112-Bindura Hospital_LTE_2,2,MSH-0112-Bindura Hospital_LTE,100%,100,99.8928,99.9606,99.2374,99.951,0.5775,100,100,100.0003,342.8682,308.2303,34.6379,7.1493,17,11.994,5.5027,15.7116,2.9911,0.1773,0,0,22.8454,44.4788,1.7873,16.1817,10.9824,13.2955
28/10/2025,MSH-0112-Bindura Hospital,CELL_TDD,MSH-0112-Bindura Hospital_LTE_3,3,MSH-0112-Bindura Hospital_LTE,100%,100,99.8987,99.9871,98.6069,99.8953,0.9929,100,99.705,100.0003,763.3143,692.7484,70.5659,20.8177,41,8.9788,4.3272,15.5602,4.4056,0.175,0,0,47.1288,50.6456,5.2044,29.5302,10.7402,13.9396
28/10/2025,MSH-0112-Bindura Hospital,CELL_TDD,MSH-0112-Bindura Hospital_LTE_4,4,MSH-0112-Bindura Hospital_LTE,100%,100,99.4344,99.9179,96.4467,99.6652,0.7851,100,99.9688,100.0003,553.081,509.4938,43.5872,11.7026,30,9.9404,4.15,13.3713,3.1561,0.1519,0,0,29.7076,48.0545,2.9257,23.1541,12.276,16.5954
28/10/2025,MSH-0112-Bindura Hospital,CELL_TDD,MSH-0112-Bindura Hospital_LTE_5,5,MSH-0112-Bindura Hospital_LTE,100%,100,99.7966,99.9575,99.159,99.8544,0.6858,100,100,100.0003,399.7844,369.398,30.3865,7.2131,20,10.5871,4.01,14.4117,2.5311,0.1617,0,0,21.9477,43.4578,1.8033,19.6993,10.3624,12.4957
28/10/2025,MSH-0112-Bindura Hospital,CELL_TDD,MSH-0112-Bindura Hospital_LTE_6,6,MSH-0112-Bindura Hospital_LTE,100%,100,99.7322,99.9104,97.7654,99.8078,2.4224,99.9822,99.9419,100.0003,721.8702,667.4329,54.4373,17.6287,38,10.0696,4.1953,16.6311,4.5198,0.1939,0,0,40.0742,52.487,4.4072,30.0578,10.8526,12.8416
28/10/2025,MSH-0014-Chipadze,CELL_TDD,MSH-0014-Chipadze_LTE_6,6,MSH-0014-Chipadze,100%,99.9993,98.7292,99.8129,86.0013,99.7937,0.9206,99.5411,99.5881,99.9997,833.5459,774.3809,59.165,15.9083,36,5.498,3.9242,16.3347,5.727,0.1759,0,0,57.4837,57.4489,3.9771,27.037,9.3255,15.408
28/10/2025,MSH-0014-Chipadze,CELL_TDD,MSH-0014-Chipadze_LTE_5,5,MSH-0014-Chipadze,100%,99.9993,98.8768,99.6408,94.1635,99.2916,2.852,99.3293,99.3316,99.9997,523.408,459.6343,63.7737,21.5359,56,2.1036,1.9143,19.6399,11.8894,0.2222,0,0,60.5265,71.8482,5.384,32.7921,8.3773,10.8926
28/10/2025,MSH-0014-Chipadze,CELL_TDD,MSH-0014-Chipadze_LTE_4,4,MSH-0014-Chipadze,100%,99.9993,99.8478,99.9591,98.3793,99.9436,0.6558,98.8898,98.958,99.9997,427.5637,392.6596,34.9041,15.7729,36,5.4441,3.7702,17.3576,5.7592,0.1956,0,0,40.0583,53.7224,3.9432,22.9549,9.9882,12.5141
28/10/2025,MSH-0014-Chipadze,CELL_TDD,MSH-0014-Chipadze_LTE_3,3,MSH-0014-Chipadze,100%,99.9992,99.2469,99.8874,89.4245,99.6885,0.6852,99.0547,99.231,99.9997,1194.1877,1119.0944,75.0933,18.4301,36,7.0425,3.9251,15.4158,3.8078,0.1729,0,0,55.9513,54.5656,4.6075,22.8225,9.9489,14.0455
28/10/2025,MSH-0014-Chipadze,CELL_TDD,MSH-0014-Chipadze_LTE_2,2,MSH-0014-Chipadze,100%,99.9992,99.3288,99.8498,91.2025,99.6576,1.2774,99.4816,99.4595,99.9997,854.9437,766.4892,88.4545,27.6136,55,3.2901,2.7231,17.4621,8.3088,0.1945,0,0,59.7163,63.3731,6.9034,23.4521,8.4479,10.8615
28/10/2025,MSH-0014-Chipadze,CELL_TDD,MSH-0014-Chipadze_LTE_1,1,MSH-0014-Chipadze,100%,99.9992,99.866,99.9838,97.7585,99.92,0.5469,98.7968,98.8817,100,695.0503,641.9761,53.0742,19.3141,41,8.8646,4.195,16.7753,5.2535,0.1871,0,0,35.2119,52.99,4.8285,17.9492,10.5651,13.5141
29/10/2025,MSH0013-Bindura-Zaoga,CELL_TDD,Bindura_Zaoga_LTE_6,6,MSH0013-Bindura-Zaoga,100%,100,99.5548,99.7672,94.9239,99.699,1.1146,99.1021,99.1528,100.0017,428.5314,388.6126,39.9188,5.9049,16,6.4911,4.1169,13.6905,5.2039,0.1815,0,0,39.3253,49.4223,1.4762,30.9955,9.6426,11.0992
29/10/2025,MSH0013-Bindura-Zaoga,CELL_TDD,Bindura_Zaoga_LTE_5,5,MSH0013-Bindura-Zaoga,100%,100,99.4064,99.8835,95.6818,99.5395,1.9057,98.1344,98.4761,100.0014,793.9837,720.2982,73.6855,40.766,92,3.9271,3.6571,15.3753,8.0485,0.1811,0,0.0001,60.2355,49.7925,10.1915,47.9763,10.4481,13.112
29/10/2025,MSH0013-Bindura-Zaoga,CELL_TDD,Bindura_Zaoga_LTE_4,4,MSH0013-Bindura-Zaoga,100%,100,98.2481,99.4813,90.5284,99.3436,2.3376,98.8654,99.0231,100.0022,659.5749,602.2423,57.3325,22.1341,49,4.8491,2.451,15.4472,12.0372,0.1843,0,0.0001,51.8076,49.82,5.5335,46.3248,9.3434,12.7674
29/10/2025,MSH0013-Bindura-Zaoga,CELL_TDD,Bindura_Zaoga_LTE_3,3,MSH0013-Bindura-Zaoga,100%,100,99.9034,99.9747,98.3607,99.9498,0.6357,98.5932,98.8406,100.0017,652.6745,601.2879,51.3866,7.0242,17,8.658,4.6425,12.1245,4.0429,0.1506,0,0,40.075,47.4221,1.7561,29.0198,9.8074,11.9583
29/10/2025,MSH0013-Bindura-Zaoga,CELL_TDD,Bindura_Zaoga_LTE_2,2,MSH0013-Bindura-Zaoga,100%,100,99.6337,99.9286,97.5522,99.6823,1.5937,98.6395,99.1508,100.0014,1308.105,1184.6092,123.4958,37.6236,86,5.4086,4.7448,13.5145,6.2938,0.1556,0,0,64.27,56.958,9.4059,40.907,10.3744,13.018
29/10/2025,MSH0013-Bindura-Zaoga,CELL_TDD,Bindura_Zaoga_LTE_1,1,MSH0013-Bindura-Zaoga,100%,100,99.0566,99.6851,94.7701,99.5521,2.2018,99.0133,99.1628,100.0017,571.3005,523.4834,47.8171,22.4738,54,4.1865,2.2189,16.1459,10.3249,0.2015,0,0.0001,56.4504,48.121,5.6185,42.2172,9.3707,9.802
29/10/2025,MSH-0331-Chiwaridzo 2,CELL_TDD,MSH-0331-Chiwaridzo 2_LTE_6,6,MSH-0331-Chiwaridzo 2_LTE,100%,100,97.5504,99.8185,81.1456,99.5957,0.5006,99.9845,99.9622,99.9989,749.5482,656.8195,92.7288,17.7713,44,5.7713,5.3835,17.861,5.2403,0.2084,0,0,53.7838,56.1974,4.4428,39.4403,10.3734,14.0854
29/10/2025,MSH-0331-Chiwaridzo 2,CELL_TDD,MSH-0331-Chiwaridzo 2_LTE_5,5,MSH-0331-Chiwaridzo 2_LTE,100%,100,99.2599,99.9201,93.8197,99.7967,1.3878,99.9686,99.9805,99.9989,820.9212,743.6449,77.2763,21.4798,48,6.8646,4.8854,18.2324,5.9852,0.2075,0,0.0001,54.4694,52.8622,5.3699,41.1236,9.0767,12.4791
29/10/2025,MSH-0331-Chiwaridzo 2,CELL_TDD,MSH-0331-Chiwaridzo 2_LTE_4,4,MSH-0331-Chiwaridzo 2_LTE,100%,100,99.0947,99.1745,98.172,99.7229,0.6958,99.9022,99.9171,99.9992,1329.0373,1186.8607,142.1767,35.2615,74,7.2906,4.7493,16.3674,4.5086,0.1831,0,0.0001,68.1471,62.465,8.8154,49.4062,11.1614,15.8172
29/10/2025,MSH-0331-Chiwaridzo 2,CELL_TDD,MSH-0331-Chiwaridzo 2_LTE_3,3,MSH-0331-Chiwaridzo 2_LTE,100%,100,99.2848,99.9262,90.5909,99.7675,0.4904,99.9866,99.9941,99.9989,985.7356,853.8163,131.9193,20.7082,48,5.7048,7.3055,16.73,4.4876,0.1858,0,0,58.7037,55.2163,5.177,33.7658,10.3143,13.1871
29/10/2025,MSH-0331-Chiwaridzo 2,CELL_TDD,MSH-0331-Chiwaridzo 2_LTE_2,2,MSH-0331-Chiwaridzo 2_LTE,100%,100,99.7723,99.9247,96.4356,99.9163,1.6011,99.9232,99.9642,99.9989,1008.6103,927.8635,80.7468,22.1794,49,5.8621,4.0478,17.2892,5.732,0.1936,0,0,63.0685,53.4071,5.5448,36.8877,10.0977,13.6911
29/10/2025,MSH-0331-Chiwaridzo 2,CELL_TDD,MSH-0331-Chiwaridzo 2_LTE_1,1,MSH-0331-Chiwaridzo 2_LTE,100%,100,99.4196,99.4907,97.8223,99.8576,0.5072,99.9418,99.9499,99.9992,1546.6941,1405.5154,141.1787,41.3675,81,5.6795,4.7346,16.6633,5.2396,0.1852,0,0,70.6045,55.8442,10.3419,44.0825,11.208,14.5536
29/10/2025,MSH-0112-Bindura Hospital,CELL_TDD,MSH-0112-Bindura Hospital_LTE_1,1,MSH-0112-Bindura Hospital_LTE,100%,100,99.7839,99.9915,97.7311,99.8399,0.6429,100,99.9895,100,948.1202,894.7628,53.3574,8.975,23,9.6809,4.1554,14.0126,2.7531,0.1495,0,0,39.7642,46.1502,2.2438,22.7945,11.4031,17.7694
29/10/2025,MSH-0112-Bindura Hospital,CELL_TDD,MSH-0112-Bindura Hospital_LTE_2,2,MSH-0112-Bindura Hospital_LTE,100%,100,99.829,99.9749,98.6514,99.8675,0.78,99.9708,99.9801,100,368.3861,342.7332,25.6529,7.4378,22,10.193,4.5199,16.5797,2.9363,0.1886,0,0,25.9997,43.1183,1.8594,17.2022,10.8561,11.4637
29/10/2025,MSH-0112-Bindura Hospital,CELL_TDD,MSH-0112-Bindura Hospital_LTE_3,3,MSH-0112-Bindura Hospital_LTE,100%,100,99.8575,99.9738,98.4726,99.8547,1.658,99.9802,99.7213,100,811.1783,743.3516,67.8267,22.6202,40,8.4862,4.1233,15.6932,4.7714,0.1796,0,0,44.9892,51.2859,5.6551,30.2587,10.9163,14.3535
29/10/2025,MSH-0112-Bindura Hospital,CELL_TDD,MSH-0112-Bindura Hospital_LTE_4,4,MSH-0112-Bindura Hospital_LTE,100%,100,99.5866,99.9751,97.342,99.6324,0.4897,99.9277,99.9324,100,613.9103,575.3373,38.5731,12.135,30,10.0164,3.2242,13.1066,2.8979,0.1471,0,0,32.5741,46.0943,3.0338,23.9156,12.6033,17.2105
29/10/2025,MSH-0112-Bindura Hospital,CELL_TDD,MSH-0112-Bindura Hospital_LTE_5,5,MSH-0112-Bindura Hospital_LTE,100%,100,99.7247,99.9668,98.9806,99.6767,0.9258,100,100,100,277.6966,249.3712,28.3253,7.946,20,10.8381,4.428,15.0586,2.6093,0.1737,0,0,18.5748,45.7211,1.9865,17.6174,10.4865,11.3765
29/10/2025,MSH-0112-Bindura Hospital,CELL_TDD,MSH-0112-Bindura Hospital_LTE_6,6,MSH-0112-Bindura Hospital_LTE,100%,100,99.6846,99.9211,97.447,99.7513,2.3226,100,100,100,670.2685,608.3177,61.9508,17.0643,36,8.4084,4.1589,16.8079,5.2964,0.1953,0,0,41.7525,53.9561,4.2661,33.1562,10.9402,12.4749
29/10/2025,MSH-0014-Chipadze,CELL_TDD,MSH-0014-Chipadze_LTE_6,6,MSH-0014-Chipadze,100%,100,98.9494,99.8411,88.6857,99.8376,0.8354,99.2653,99.3514,99.9997,914.4932,829.6478,84.8454,14.7436,32,7.3219,5.5672,15.9005,4.7697,0.17,0,0,50.9234,59.0669,3.6859,26.854,9.8167,16.5101
29/10/2025,MSH-0014-Chipadze,CELL_TDD,MSH-0014-Chipadze_LTE_5,5,MSH-0014-Chipadze,100%,100,98.9761,99.7083,93.8843,99.5438,2.4434,98.9238,99.0506,99.9997,562.6355,510.9317,51.7037,21.9986,48,1.9009,1.6953,18.7592,12.287,0.2073,0,0.0001,66.0699,64.3063,5.4996,33.4767,7.7523,10.7888
29/10/2025,MSH-0014-Chipadze,CELL_TDD,MSH-0014-Chipadze_LTE_4,4,MSH-0014-Chipadze,100%,100,99.8321,99.9535,98.4362,99.9091,0.6786,97.8762,98.1353,99.9997,506.3501,455.6461,50.7039,18.3007,39,6.2535,4.2531,17.1209,5.4665,0.1911,0,0,39.321,57.9916,4.5752,22.386,10.2622,13.4404
29/10/2025,MSH-0014-Chipadze,CELL_TDD,MSH-0014-Chipadze_LTE_3,3,MSH-0014-Chipadze,100%,100,99.2625,99.912,88.6491,99.8107,0.5394,99.4589,99.5575,99.9997,1118.6457,1027.6054,91.0403,19.8663,36,8.2731,5.571,15.8037,3.4365,0.1769,0,0,46.6233,55.2666,4.9666,20.4182,10.0694,13.679
29/10/2025,MSH-0014-Chipadze,CELL_TDD,MSH-0014-Chipadze_LTE_2,2,MSH-0014-Chipadze,100%,100,99.2118,99.7905,92.1352,99.686,1.3672,98.6864,99.1232,99.9997,973.8905,892.4143,81.4763,28.1293,52,3.1197,2.4414,16.727,8.406,0.1851,0,0,66.758,62.597,7.0323,24.7673,8.5664,10.6872
29/10/2025,MSH-0014-Chipadze,CELL_TDD,MSH-0014-Chipadze_LTE_1,1,MSH-0014-Chipadze,100%,100,99.8897,99.9714,98.7978,99.8514,0.739,98.8604,99.0906,100.0003,794.119,715.3,78.8189,20.0655,43,10.4416,4.9654,16.646,5.493,0.1866,0,0,36.4424,57.2239,5.0164,17.6605,10.5219,14.1538
30/10/2025,MSH0013-Bindura-Zaoga,CELL_TDD,Bindura_Zaoga_LTE_6,6,MSH0013-Bindura-Zaoga,100%,100,99.7356,99.8896,97.9275,99.8028,1.2831,98.8759,98.9424,99.9872,475.8213,443.1814,32.6399,6.0045,15,8.0233,3.6123,12.0287,5.1114,0.1512,0,0.0001,37.7505,46.3577,1.5011,29.3431,9.7032,11.0347
30/10/2025,MSH0013-Bindura-Zaoga,CELL_TDD,Bindura_Zaoga_LTE_5,5,MSH0013-Bindura-Zaoga,100%,100,99.6862,99.8944,98.2719,99.4284,1.8118,98.8819,99.0151,99.9872,792.6192,689.2638,103.3554,38.0457,84,4.3389,4.447,14.6313,7.6958,0.1731,0,0.0001,59.8581,60.2122,9.5114,49.0983,10.4103,12.5484
30/10/2025,MSH0013-Bindura-Zaoga,CELL_TDD,Bindura_Zaoga_LTE_4,4,MSH0013-Bindura-Zaoga,100%,100,98.5175,99.4944,92.6829,99.4398,2.2902,98.189,98.6124,99.9875,515.6439,468.182,47.462,25.6335,49,4.7566,2.0245,17.5986,13.6337,0.2191,0,0.0002,52.7391,46.5052,6.4084,48.4149,9.3041,10.4791
30/10/2025,MSH0013-Bindura-Zaoga,CELL_TDD,Bindura_Zaoga_LTE_3,3,MSH0013-Bindura-Zaoga,100%,100,99.7858,99.8682,99.0172,99.9219,1.2238,97.7839,98.0059,99.9872,614.0389,571.2567,42.7821,7.0238,19,8.5855,4.1197,11.704,3.9411,0.1455,0,0,42.5689,44.9538,1.756,28.59,9.6513,11.3435
30/10/2025,MSH0013-Bindura-Zaoga,CELL_TDD,Bindura_Zaoga_LTE_2,2,MSH0013-Bindura-Zaoga,100%,100,99.7598,99.9454,98.4974,99.576,1.5232,98.419,99.0679,99.9872,1247.1553,1142.9907,104.1646,37.4929,86,4.9068,4.2829,13.8785,5.7039,0.1592,0,0.0001,66.299,58.0925,9.3732,44.2353,10.2273,12.3893
30/10/2025,MSH0013-Bindura-Zaoga,CELL_TDD,Bindura_Zaoga_LTE_1,1,MSH0013-Bindura-Zaoga,100%,100,98.9538,99.7375,94.3345,99.4855,2.6707,98.6124,99.0815,99.9875,547.1997,500.9476,46.252,22.0629,49,4.2209,2.3935,17.3538,10.4517,0.2181,0,0.0003,55.6012,47.8085,5.5157,41.2791,9.3515,8.7492
30/10/2025,MSH-0331-Chiwaridzo 2,CELL_TDD,MSH-0331-Chiwaridzo 2_LTE_6,6,MSH-0331-Chiwaridzo 2_LTE,100%,100,98.5685,99.8574,90.9907,99.6119,0.9625,99.9846,99.9812,100.0013,679.5069,632.4371,47.0698,18.8833,42,6.1638,3.1921,16.8075,5.588,0.1913,0,0,52.1837,49.2863,4.7208,37.5402,10.0824,13.3052
30/10/2025,MSH-0331-Chiwaridzo 2,CELL_TDD,MSH-0331-Chiwaridzo 2_LTE_5,5,MSH-0331-Chiwaridzo 2_LTE,100%,100,99.3655,99.8315,95.3262,99.7595,1.1046,99.9806,99.9893,100.0013,882.9474,813.2427,69.7047,20.3491,51,7.9017,4.0938,16.9023,6.5342,0.1919,0,0,51.487,52.6325,5.0873,38.7393,9.2522,12.9984
30/10/2025,MSH-0331-Chiwaridzo 2,CELL_TDD,MSH-0331-Chiwaridzo 2_LTE_4,4,MSH-0331-Chiwaridzo 2_LTE,100%,100,99.2297,99.4637,96.6687,99.7925,0.7212,99.8156,99.8923,100.0013,1508.7313,1387.5483,121.183,35.0189,73,7.2494,4.4437,15.3006,4.7349,0.1704,0,0,69.8862,58.4261,8.7547,51.4668,11.2284,16.6536
30/10/2025,MSH-0331-Chiwaridzo 2,CELL_TDD,MSH-0331-Chiwaridzo 2_LTE_3,3,MSH-0331-Chiwaridzo 2_LTE,100%,100,99.7473,99.9249,97.2727,99.8063,1.0679,99.9834,99.9762,100.0013,902.4584,830.324,72.1344,20.5604,49,5.4427,4.3317,16.7569,4.7289,0.1878,0,0,58.7621,49.1165,5.1401,33.4534,10.3115,13.3008
30/10/2025,MSH-0331-Chiwaridzo 2,CELL_TDD,MSH-0331-Chiwaridzo 2_LTE_2,2,MSH-0331-Chiwaridzo 2_LTE,100%,100,99.7873,99.9712,96.4985,99.9117,1.0549,99.9614,99.9831,100.0016,896.664,829.5784,67.0856,22.1237,56,5.9933,3.5064,16.9255,5.7565,0.1887,0,0,59.1875,48.9088,5.5309,35.5423,10.3347,13.721
30/10/2025,MSH-0331-Chiwaridzo 2,CELL_TDD,MSH-0331-Chiwaridzo 2_LTE_1,1,MSH-0331-Chiwaridzo 2_LTE,100%,100,99.3822,99.4268,98.3832,99.8389,0.5192,99.9569,99.9706,100.0016,1398.9896,1257.3445,141.6452,39.7176,83,5.701,4.8513,16.0577,5.333,0.1785,0,0,70.6703,57.5228,9.9294,44.7499,11.2209,14.924
30/10/2025,MSH-0112-Bindura Hospital,CELL_TDD,MSH-0112-Bindura Hospital_LTE_1,1,MSH-0112-Bindura Hospital_LTE,100%,100,99.8697,99.9752,98.2615,99.9161,0.8059,100,100,99.9995,727.9958,671.9845,56.0113,11.7922,25,10.7489,5.1258,13.9882,2.9695,0.154,0,0,38.7654,46.8362,2.948,22.4526,11.552,16.0892
30/10/2025,MSH-0112-Bindura Hospital,CELL_TDD,MSH-0112-Bindura Hospital_LTE_2,2,MSH-0112-Bindura Hospital_LTE,100%,100,99.7667,99.9873,98.4405,99.8621,0.9875,99.9672,99.9602,99.9995,554.7005,489.5658,65.1347,12.8004,34,12.4002,5.6581,15.7609,4.132,0.182,0,0,27.1615,49.9251,3.2001,20.1247,10.5426,13.3723
30/10/2025,MSH-0112-Bindura Hospital,CELL_TDD,MSH-0112-Bindura Hospital_LTE_3,3,MSH-0112-Bindura Hospital_LTE,100%,100,99.7009,99.9624,94.627,99.9093,0.7828,100,99.645,99.9997,854.1779,787.6973,66.4806,21.3338,39,6.9863,3.956,17.6693,5.122,0.2005,0,0,54.8088,52.4217,5.3335,32.7247,10.8089,12.7746
30/10/2025,MSH-0112-Bindura Hospital,CELL_TDD,MSH-0112-Bindura Hospital_LTE_4,4,MSH-0112-Bindura Hospital_LTE,100%,100,99.5952,99.9418,98.0302,99.7864,0.6007,99.8823,99.8792,99.9995,578.592,543.8051,34.7869,12.3023,28,6.315,2.4919,15.5571,3.5052,0.1783,0,0,46.1825,47.7675,3.0756,33.8322,12.4791,15.1087
30/10/2025,MSH-0112-Bindura Hospital,CELL_TDD,MSH-0112-Bindura Hospital_LTE_5,5,MSH-0112-Bindura Hospital_LTE,100%,100,99.8401,99.9734,99.4401,99.7466,0.7531,100,100,99.9995,281.5271,243.3645,38.1625,10.2853,27,10.6001,4.665,15.6872,4.1413,0.1884,0,0,20.0348,47.3365,2.5713,19.4933,10.4883,11.8459
30/10/2025,MSH-0112-Bindura Hospital,CELL_TDD,MSH-0112-Bindura Hospital_LTE_6,6,MSH-0112-Bindura Hospital_LTE,100%,100,99.701,99.9138,97.6251,99.8347,0.9794,99.9767,99.928,99.9995,758.1654,710.936,47.2294,19.1626,36,7.8386,3.3601,17.1908,4.7249,0.1953,0,0,49.3138,51.2042,4.7906,34.9082,10.8378,12.1987
30/10/2025,MSH-0014-Chipadze,CELL_TDD,MSH-0014-Chipadze_LTE_6,6,MSH-0014-Chipadze,100%,100,98.4619,99.5344,88.716,99.7141,1.0674,99.5987,99.6387,100.0003,1024.105,924.9846,99.1204,15.8067,32,6.0826,5.3546,16.2834,5.7832,0.1739,0,0,55.9502,62.5548,3.9517,26.1752,9.4338,16.073
30/10/2025,MSH-0014-Chipadze,CELL_TDD,MSH-0014-Chipadze_LTE_5,5,MSH-0014-Chipadze,100%,100,99.2286,99.7502,95.9093,99.7063,1.9781,99.7353,99.7132,100.0003,629.8218,565.6866,64.1352,23.4182,51,2.2062,2.1267,19.1514,10.8675,0.2126,0,0.0001,67.7586,66.2765,5.8546,33.5679,8.3494,11.2435
30/10/2025,MSH-0014-Chipadze,CELL_TDD,MSH-0014-Chipadze_LTE_4,4,MSH-0014-Chipadze,100%,100,99.8214,99.9885,98.4507,99.7143,1.1457,99.4088,99.4163,100.0005,611.5094,541.1148,70.3946,15.9357,32,5.5792,4.9922,16.6187,6.172,0.1866,0,0,44.6965,62.2424,3.9839,24.46,9.8862,14.5526
30/10/2025,MSH-0014-Chipadze,CELL_TDD,MSH-0014-Chipadze_LTE_3,3,MSH-0014-Chipadze,100%,100,99.2374,99.765,91.6501,99.7218,0.7793,99.3652,99.4087,100.0005,1330.7475,1182.7392,148.0084,19.6234,35,6.6204,6.8134,15.3708,4.349,0.1714,0,0,55.325,61.8914,4.9059,22.8945,9.6213,13.1083
30/10/2025,MSH-0014-Chipadze,CELL_TDD,MSH-0014-Chipadze_LTE_2,2,MSH-0014-Chipadze,100%,100,99.292,99.8109,93.8734,99.7447,1.3462,99.4914,99.5028,100.0003,909.0588,828.5376,80.5212,26.8931,48,2.629,2.4956,17.3253,7.7451,0.1959,0,0,69.3708,64.0214,6.7233,24.1783,8.2661,10.2422
30/10/2025,MSH-0014-Chipadze,CELL_TDD,MSH-0014-Chipadze_LTE_1,1,MSH-0014-Chipadze,100%,100,99.9231,99.9772,98.9955,99.8453,0.6484,98.9046,99.0547,100.0003,839.3436,753.9688,85.3748,21.0303,44,9.3131,5.7889,16.2016,5.2549,0.1791,0,0,38.9891,57.8223,5.2576,18.0708,10.6887,13.9893
31/10/2025,MSH0013-Bindura-Zaoga,CELL_TDD,Bindura_Zaoga_LTE_6,6,MSH0013-Bindura-Zaoga,100%,100,99.1753,99.4474,96.3542,99.4814,1.547,96.3323,96.4627,100.0008,493.5037,425.2947,68.209,6.3803,40,7.5553,5.6987,13.5995,5.7613,0.1791,0,0,40.0282,50.7265,1.5951,31.941,9.5234,10.5773
31/10/2025,MSH0013-Bindura-Zaoga,CELL_TDD,Bindura_Zaoga_LTE_5,5,MSH0013-Bindura-Zaoga,100%,100,99.6212,99.8568,97.7677,99.5243,1.9847,98.8713,99.0381,100.0005,857.8667,765.6746,92.192,35.4196,111,5.4802,4.3161,14.3714,7.7426,0.1705,0,0.0001,58.0049,52.7617,8.8549,44.9492,10.4799,13.1804
31/10/2025,MSH0013-Bindura-Zaoga,CELL_TDD,Bindura_Zaoga_LTE_4,4,MSH0013-Bindura-Zaoga,100%,100,96.4512,98.7561,86.7044,97.775,2.9286,99.2151,99.2844,100.0005,460.8526,418.4774,42.3752,25.2855,137,5.2772,1.7797,17.1057,13.6813,0.2135,0,0.0004,45.0898,46.6445,6.3214,44.417,9.4784,10.6713
31/10/2025,MSH0013-Bindura-Zaoga,CELL_TDD,Bindura_Zaoga_LTE_3,3,MSH0013-Bindura-Zaoga,100%,100,97.8319,99.9103,76.3889,99.8003,0.9406,98.5529,98.7367,100.0005,514.9847,473.9451,41.0396,6.2914,23,8.0082,4.5828,12.2425,4.3591,0.1622,0,0,40.2626,46.4646,1.5729,26.9848,9.8467,10.7162
31/10/2025,MSH0013-Bindura-Zaoga,CELL_TDD,Bindura_Zaoga_LTE_2,2,MSH0013-Bindura-Zaoga,100%,100,99.6089,99.8597,97.9167,99.6511,1.5678,98.2296,98.8297,100.0005,1342.0512,1237.6353,104.4159,37.1048,98,6.8188,4.1162,13.2238,6.2741,0.1526,0,0,64.4618,54.509,9.2762,39.623,10.3982,13.4399
31/10/2025,MSH0013-Bindura-Zaoga,CELL_TDD,Bindura_Zaoga_LTE_1,1,MSH0013-Bindura-Zaoga,100%,100,96.9549,98.9414,87.6815,97.8981,2.3438,99.289,99.3349,100.0008,565.1122,520.2896,44.8225,27.1558,157,5.5424,2.1062,15.9591,10.4066,0.197,0,0.0002,47.6633,47.5575,6.789,39.438,9.4119,9.893
31/10/2025,MSH-0331-Chiwaridzo 2,CELL_TDD,MSH-0331-Chiwaridzo 2_LTE_6,6,MSH-0331-Chiwaridzo 2_LTE,100%,99.9949,99.0575,99.7479,93.6872,99.5279,0.6833,99.9581,99.9638,99.9522,492.5378,448.5009,44.0369,15.717,60,5.3633,3.5416,18.6276,5.914,0.2127,0,0,52.7606,50.3711,3.9292,36.581,10.2563,12.0373
31/10/2025,MSH-0331-Chiwaridzo 2,CELL_TDD,MSH-0331-Chiwaridzo 2_LTE_5,5,MSH-0331-Chiwaridzo 2_LTE,100%,99.9949,99.318,99.7343,96.3217,99.7876,1.1524,99.9482,99.9699,99.9519,879.971,820.8489,59.1221,19.9041,71,8.211,3.7838,16.4569,5.2621,0.1842,0,0,55.727,51.8365,4.976,39.2169,9.4785,13.9433
31/10/2025,MSH-0331-Chiwaridzo 2,CELL_TDD,MSH-0331-Chiwaridzo 2_LTE_4,4,MSH-0331-Chiwaridzo 2_LTE,100%,99.9949,99.4243,99.5242,98.3233,99.7572,0.6584,99.859,99.8886,99.9522,1246.9403,1143.4314,103.5089,26.9992,73,7.9507,4.4515,14.5884,4.2929,0.1638,0,0,65.1536,66.808,6.7498,48.2123,11.1844,17.4404
31/10/2025,MSH-0331-Chiwaridzo 2,CELL_TDD,MSH-0331-Chiwaridzo 2_LTE_3,3,MSH-0331-Chiwaridzo 2_LTE,100%,99.9949,99.6752,99.8639,96.7087,99.7851,0.6069,99.9367,99.9568,99.9519,919.0659,847.6861,71.3798,20.0055,94,6.1013,4.8858,17.0884,4.6665,0.1883,0,0.0001,61.188,50.9851,5.0014,32.8665,10.3274,13.8068
31/10/2025,MSH-0331-Chiwaridzo 2,CELL_TDD,MSH-0331-Chiwaridzo 2_LTE_2,2,MSH-0331-Chiwaridzo 2_LTE,100%,99.9949,99.7486,99.9141,97.1386,99.9022,1.2518,99.955,99.9743,99.9522,921.1304,850.3664,70.764,20.9921,114,6.7408,3.871,16.768,5.8866,0.1881,0,0,62.8913,51.3809,5.248,36.155,10.2909,14.319
31/10/2025,MSH-0331-Chiwaridzo 2,CELL_TDD,MSH-0331-Chiwaridzo 2_LTE_1,1,MSH-0331-Chiwaridzo 2_LTE,100%,99.9949,99.3844,99.4217,98.5167,99.8384,0.477,99.9403,99.886,99.9522,1201.5915,1100.3975,101.194,35.8592,144,6.6161,4.5647,15.0933,4.8646,0.1656,0,0,65.0746,54.2835,8.9648,41.1061,11.35,15.1836
31/10/2025,MSH-0112-Bindura Hospital,CELL_TDD,MSH-0112-Bindura Hospital_LTE_1,1,MSH-0112-Bindura Hospital_LTE,100%,99.9997,99.8432,99.9861,97.6621,99.9169,0.5948,100,100,99.9983,429.2651,393.0874,36.1777,8.2528,25,15.4792,5.2414,12.2932,2.6655,0.1308,0,0,18.0578,44.8753,2.0632,13.7008,11.5458,17.5249
31/10/2025,MSH-0112-Bindura Hospital,CELL_TDD,MSH-0112-Bindura Hospital_LTE_2,2,MSH-0112-Bindura Hospital_LTE,100%,99.9997,99.8275,99.9915,97.7987,99.9411,0.6182,100,100,99.998,403.4308,325.8251,77.6057,8.4155,20,15.1239,9.369,14.4407,3.6817,0.164,0,0,20.2585,52.4104,2.1039,15.9517,11.059,14.1888
31/10/2025,MSH-0112-Bindura Hospital,CELL_TDD,MSH-0112-Bindura Hospital_LTE_3,3,MSH-0112-Bindura Hospital_LTE,100%,99.9997,99.7569,99.9691,97.1109,99.7695,1.1364,99.4869,98.9894,99.9977,790.0668,723.4169,66.6499,18.8312,39,8.4062,4.4375,16.6352,4.9868,0.1885,0,0,48.229,51.9231,4.7078,30.5628,10.9827,13.9042
31/10/2025,MSH-0112-Bindura Hospital,CELL_TDD,MSH-0112-Bindura Hospital_LTE_4,4,MSH-0112-Bindura Hospital_LTE,100%,99.9997,99.3721,99.6237,97.9725,99.8489,0.5567,99.8239,99.8184,99.998,440.5067,407.8867,32.62,11.2175,23,9.0191,3.4519,13.4932,2.8866,0.1583,0,0,25.2583,46.4808,2.8044,22.2723,12.5818,17.7465
31/10/2025,MSH-0112-Bindura Hospital,CELL_TDD,MSH-0112-Bindura Hospital_LTE_5,5,MSH-0112-Bindura Hospital_LTE,100%,99.9997,99.7853,99.9861,98.6008,99.8354,0.4477,99.8653,99.9034,99.9986,371.4362,333.6134,37.8228,7.2796,19,11.9212,4.5452,15.5805,3.4084,0.182,0,0,24.3041,49.5331,1.8199,22.0947,10.5225,11.4388
31/10/2025,MSH-0112-Bindura Hospital,CELL_TDD,MSH-0112-Bindura Hospital_LTE_6,6,MSH-0112-Bindura Hospital_LTE,100%,99.9997,99.5799,99.8826,96.7134,99.6791,3.458,99.6415,99.7452,99.998,613.0053,557.1251,55.8802,14.572,35,8.5482,4.8435,17.1731,4.9635,0.1999,0,0,40.9851,53.3853,3.643,31.194,10.8435,12.6147
31/10/2025,MSH-0014-Chipadze,CELL_TDD,MSH-0014-Chipadze_LTE_6,6,MSH-0014-Chipadze,100%,99.9981,98.545,99.6927,87.5335,99.8962,0.7433,99.4451,99.4991,99.9955,538.2818,493.519,44.7628,12.3387,45,7.2844,4.0641,16.0316,5.1585,0.1719,0,0,41.2224,59.1659,3.0847,21.4139,9.7796,15.3641
31/10/2025,MSH-0014-Chipadze,CELL_TDD,MSH-0014-Chipadze_LTE_5,5,MSH-0014-Chipadze,100%,99.9981,98.4875,99.1725,93.9411,99.7372,2.1303,99.4888,99.5352,99.9955,547.5866,497.8623,49.7243,21.8006,188,2.2959,1.8954,19.1769,10.3689,0.2106,0,0,67.1141,67.4186,5.4502,34.0814,8.826,11.8826
31/10/2025,MSH-0014-Chipadze,CELL_TDD,MSH-0014-Chipadze_LTE_4,4,MSH-0014-Chipadze,100%,99.9981,99.6655,99.8932,97.3825,99.8529,0.8982,98.8368,98.926,99.9955,438.8336,392.5195,46.3141,13.7258,60,6.7131,5.1984,17.3055,5.652,0.1911,0,0,39.2005,56.5457,3.4315,22.4263,10.1587,13.9113
31/10/2025,MSH-0014-Chipadze,CELL_TDD,MSH-0014-Chipadze_LTE_3,3,MSH-0014-Chipadze,100%,99.9981,98.8692,99.5295,89.9906,99.8037,0.6986,99.3089,99.4372,99.9955,760.0438,691.6428,68.401,13.7777,54,9.3303,5.2339,15.9453,4.2242,0.1743,0,0,41.9878,55.9072,3.4444,17.2709,9.7339,14.9681
31/10/2025,MSH-0014-Chipadze,CELL_TDD,MSH-0014-Chipadze_LTE_2,2,MSH-0014-Chipadze,100%,99.9981,98.9173,99.423,94.1157,99.6841,1.5622,98.725,99.0663,99.9955,702.6905,638.7538,63.9367,25.6449,160,3.2839,2.4015,17.7687,8.6646,0.2013,0,0,57.2542,61.9198,6.4112,23.8566,8.8535,10.5433
31/10/2025,MSH-0014-Chipadze,CELL_TDD,MSH-0014-Chipadze_LTE_1,1,MSH-0014-Chipadze,100%,99.9981,99.7938,99.9064,97.89,99.7821,0.6607,98.7661,98.9385,99.9955,649.7254,597.2098,52.5156,15.6663,54,8.9672,5.168,16.241,5.364,0.1802,0,0,37.2872,53.1327,3.9166,17.4239,10.9547,14.035
1/11/2025,MSH0013-Bindura-Zaoga,CELL_TDD,Bindura_Zaoga_LTE_6,6,MSH0013-Bindura-Zaoga,100%,100,99.8577,99.9243,98.8048,99.6012,1.2848,98.7757,98.8945,100.0003,341.9227,315.3909,26.5318,5.6107,14,6.1622,2.9696,14.8783,5.0772,0.2033,0,0,43.2182,47.8724,1.4027,33.0632,9.9503,8.1929
1/11/2025,MSH0013-Bindura-Zaoga,CELL_TDD,Bindura_Zaoga_LTE_5,5,MSH0013-Bindura-Zaoga,100%,100,99.3427,99.8308,95.3125,99.5363,1.8491,98.7673,98.9643,100.0003,742.7113,670.248,72.4633,32.5392,88,4.5993,3.4432,14.7036,7.6011,0.1763,0,0.0002,62.8123,52.3009,8.1348,46.6061,10.3612,11.8998
1/11/2025,MSH0013-Bindura-Zaoga,CELL_TDD,Bindura_Zaoga_LTE_4,4,MSH0013-Bindura-Zaoga,100%,100,90.7634,94.2113,79.9738,94.0646,2.6774,98.7814,98.7359,100.0003,573.3123,522.8606,50.4518,25.8668,159,4.8432,2.1801,17.5598,12.738,0.2195,0,0.0002,56.0363,49.4943,6.4667,47.7143,9.3423,10.3185
1/11/2025,MSH0013-Bindura-Zaoga,CELL_TDD,Bindura_Zaoga_LTE_3,3,MSH0013-Bindura-Zaoga,100%,100,99.8305,99.9391,98.4314,99.82,1.5454,98.6095,98.8149,100.0003,767.3474,708.2943,59.053,6.9157,16,8.5972,5.2381,12.1246,4.0343,0.1573,0,0,48.6881,46.691,1.7289,30.8312,9.5747,11.3447
1/11/2025,MSH0013-Bindura-Zaoga,CELL_TDD,Bindura_Zaoga_LTE_2,2,MSH0013-Bindura-Zaoga,100%,100,99.5991,99.928,97.294,99.6228,1.5707,98.3617,98.8972,100.0003,1393.8157,1303.7412,90.0745,31.9413,67,7.6001,3.6891,12.488,5.3432,0.1439,0,0,65.8725,59.1097,7.9853,38.5761,10.1707,13.332
1/11/2025,MSH0013-Bindura-Zaoga,CELL_TDD,Bindura_Zaoga_LTE_1,1,MSH0013-Bindura-Zaoga,100%,100,93.7136,96.5492,83.6508,95.1689,2.4154,98.8676,98.9922,100.0006,559.3341,505.4133,53.9208,28.0754,239,3.7918,2.3539,18.087,10.1412,0.2293,0,0.0001,60.8997,49.3789,7.0188,45.3703,9.3805,8.3455
1/11/2025,MSH-0331-Chiwaridzo 2,CELL_TDD,MSH-0331-Chiwaridzo 2_LTE_6,6,MSH-0331-Chiwaridzo 2_LTE,100%,100,99.2094,99.7785,94.4906,99.6141,0.8905,99.8058,99.8561,100.0006,519.018,476.8125,42.2055,17.4241,44,3.8825,2.7878,22.8911,6.1434,0.2776,0,0,60.461,52.0057,4.356,43.1211,10.0339,9.897
1/11/2025,MSH-0331-Chiwaridzo 2,CELL_TDD,MSH-0331-Chiwaridzo 2_LTE_5,5,MSH-0331-Chiwaridzo 2_LTE,100%,100,99.5244,99.9127,97.0077,99.7787,1.3886,99.9494,99.9588,100.0006,1113.9965,1032.3662,81.6303,21.5524,41,6.9574,3.6267,17.5107,5.9918,0.1972,0,0,65.2221,53.0452,5.3881,45.7491,8.9069,13.3371
1/11/2025,MSH-0331-Chiwaridzo 2,CELL_TDD,MSH-0331-Chiwaridzo 2_LTE_4,4,MSH-0331-Chiwaridzo 2_LTE,100%,100,98.7672,98.944,96.71,99.5888,0.7648,99.9698,99.9555,100.0003,1702.5101,1581.984,120.5261,31.7786,65,7.4444,4.1416,15.013,6.1118,0.1663,0,0,72.1057,57.9356,7.9446,51.5802,11.293,16.9204
1/11/2025,MSH-0331-Chiwaridzo 2,CELL_TDD,MSH-0331-Chiwaridzo 2_LTE_3,3,MSH-0331-Chiwaridzo 2_LTE,100%,100,99.6543,99.9425,95.1109,99.8106,0.7791,99.9026,99.9513,100.0003,993.8209,901.0559,92.765,23.0364,60,4.3381,5.1066,16.9863,4.5976,0.1862,0,0.0001,61.1083,50.833,5.7591,34.2691,10.2651,13.197
1/11/2025,MSH-0331-Chiwaridzo 2,CELL_TDD,MSH-0331-Chiwaridzo 2_LTE_2,2,MSH-0331-Chiwaridzo 2_LTE,100%,100,99.7491,99.9838,96.4578,99.8566,1.9491,99.9496,99.9745,100.0003,1062.005,978.4592,83.5458,22.1151,46,5.4218,3.9075,18.1323,6.2679,0.2039,0,0,70.4337,53.8513,5.5288,39.5769,10.2196,13.32
1/11/2025,MSH-0331-Chiwaridzo 2,CELL_TDD,MSH-0331-Chiwaridzo 2_LTE_1,1,MSH-0331-Chiwaridzo 2_LTE,100%,100,99.4366,99.4889,98.2865,99.7551,0.5834,99.8606,99.8621,100.0017,1521.8703,1381.6147,140.2555,42.8074,78,5.6204,4.3637,15.6953,5.2391,0.1702,0,0,74.594,55.8249,10.7018,44.8563,11.1147,15.5783
1/11/2025,MSH-0112-Bindura Hospital,CELL_TDD,MSH-0112-Bindura Hospital_LTE_1,1,MSH-0112-Bindura Hospital_LTE,100%,100,99.9072,99.9922,99.0196,99.9069,0.6604,100,100,100.0014,1002.6941,948.5916,54.1024,9.1005,21,14.4131,4.0115,13.8225,3.1607,0.1447,0,0,32.9797,46.6296,2.2751,18.901,11.2125,19.2611
1/11/2025,MSH-0112-Bindura Hospital,CELL_TDD,MSH-0112-Bindura Hospital_LTE_2,2,MSH-0112-Bindura Hospital_LTE,100%,100,99.8397,100,99.3153,99.9756,0.4623,99.9257,99.9623,100.0014,518.8634,448.1588,70.7046,8.3104,19,12.6112,7.2472,14.7594,3.7373,0.1679,0,0,27.4224,49.1078,2.0776,18.3281,10.7918,13.9595
1/11/2025,MSH-0112-Bindura Hospital,CELL_TDD,MSH-0112-Bindura Hospital_LTE_3,3,MSH-0112-Bindura Hospital_LTE,100%,100,99.809,99.9474,97.2061,99.8534,0.9277,99.9588,99.8055,100.0014,936.9665,849.229,87.7374,20.4883,40,7.842,5.1404,16.6697,4.7118,0.1888,0,0,53.8363,52.4779,5.1221,32.1364,10.6732,13.7905
1/11/2025,MSH-0112-Bindura Hospital,CELL_TDD,MSH-0112-Bindura Hospital_LTE_4,4,MSH-0112-Bindura Hospital_LTE,100%,100,99.5342,99.9879,97.2594,99.8097,0.572,100,100,100.0011,538.3288,499.2494,39.0795,11.7567,23,9.0793,2.5589,15.6203,3.8667,0.1879,0,0,32.6388,51.6998,2.9392,27.0358,12.003,15.5646
1/11/2025,MSH-0112-Bindura Hospital,CELL_TDD,MSH-0112-Bindura Hospital_LTE_5,5,MSH-0112-Bindura Hospital_LTE,100%,100,99.851,100,99.1724,99.8294,0.5641,99.8914,99.887,100.0011,368.9885,329.0815,39.9071,7.6333,20,13.9281,5.0486,14.1051,2.9773,0.1623,0,0,20.2568,47.4834,1.9083,19.6922,9.9734,11.8153
1/11/2025,MSH-0112-Bindura Hospital,CELL_TDD,MSH-0112-Bindura Hospital_LTE_6,6,MSH-0112-Bindura Hospital_LTE,100%,100,99.6082,99.8816,97.3721,99.7846,0.9193,100,99.9748,100.0011,710.8749,616.3816,94.4934,16.0596,34,6.9664,5.7984,19.3236,4.98,0.227,0,0,51.0838,59.8209,4.0149,37.515,10.3077,11.2666
1/11/2025,MSH-0014-Chipadze,CELL_TDD,MSH-0014-Chipadze_LTE_6,6,MSH-0014-Chipadze,100%,99.9978,98.9227,99.8532,90.0724,99.8827,0.7992,99.6074,99.6496,100.0009,946.8723,875.5265,71.3459,14.5584,31,7.4238,4.7596,16.5007,4.3685,0.1738,0,0,56.4691,57.808,3.6396,25.4039,9.6552,15.3576
1/11/2025,MSH-0014-Chipadze,CELL_TDD,MSH-0014-Chipadze_LTE_5,5,MSH-0014-Chipadze,100%,99.9979,99.2487,99.8053,95.4278,99.5891,2.3597,98.841,99.0152,100.0009,652.7825,592.1981,60.5843,24.9416,58,1.859,1.8677,19.2006,11.3039,0.2095,0,0,70.6791,65.0431,6.2354,36.127,8.7098,11.7226
1/11/2025,MSH-0014-Chipadze,CELL_TDD,MSH-0014-Chipadze_LTE_4,4,MSH-0014-Chipadze,100%,99.9979,99.791,99.9575,98.3798,99.892,0.9717,98.0322,98.2394,100.0009,534.862,493.5453,41.3167,13.2524,32,7.42,4.3363,16.7614,5.3856,0.1858,0,0,38.8235,55.2253,3.3131,22.0295,9.9083,14.3305
1/11/2025,MSH-0014-Chipadze,CELL_TDD,MSH-0014-Chipadze_LTE_3,3,MSH-0014-Chipadze,100%,99.9979,99.4214,99.8644,94.0486,99.8727,1.0839,99.3344,99.3572,100.0009,1344.3883,1183.5928,160.7954,15.3236,30,9.1375,8.7579,15.4623,3.5246,0.167,0,0,55.7836,62.1698,3.8309,21.4735,9.5795,13.4945
1/11/2025,MSH-0014-Chipadze,CELL_TDD,MSH-0014-Chipadze_LTE_2,2,MSH-0014-Chipadze,100%,99.9978,99.3038,99.7456,93.9875,99.6946,1.4089,99.0099,99.3446,100.0009,928.6517,846.4328,82.2189,29.1612,61,2.5276,2.519,17.4311,8.9051,0.1964,0,0,72.2226,62.1238,7.2903,25.5928,8.193,10.1081
1/11/2025,MSH-0014-Chipadze,CELL_TDD,MSH-0014-Chipadze_LTE_1,1,MSH-0014-Chipadze,100%,99.9978,99.8141,99.9898,98.0382,99.8546,0.8466,98.6588,98.8745,100.0018,719.3506,638.9238,80.4268,15.6546,34,10.4022,6.6414,16.2684,5.4245,0.1828,0,0,35.7778,57.8961,3.9136,17.0774,10.7297,13.8593
2/11/2025,MSH0013-Bindura-Zaoga,CELL_TDD,Bindura_Zaoga_LTE_6,6,MSH0013-Bindura-Zaoga,87%,99.9999,99.666,99.7805,98.4674,99.9636,1.4777,98.6507,98.7595,100.0004,311.9508,288.8453,23.1055,4.1302,13,8.5877,3.968,12.835,4.3176,0.1688,0,0,36.1362,44.744,1.0325,28.5311,10.303,10.8896
2/11/2025,MSH0013-Bindura-Zaoga,CELL_TDD,Bindura_Zaoga_LTE_5,5,MSH0013-Bindura-Zaoga,87%,99.9999,99.6591,99.8805,98.0645,99.6889,1.4112,98.0985,98.3514,100.0004,576.107,486.6981,89.4089,17.6251,52,5.6078,4.9175,13.7128,7.2159,0.1651,0,0,58.4811,62.7647,4.4063,41.3756,10.2617,11.8623
2/11/2025,MSH0013-Bindura-Zaoga,CELL_TDD,Bindura_Zaoga_LTE_4,4,MSH0013-Bindura-Zaoga,87%,99.9999,98.4614,99.4284,92.8683,99.3451,2.5112,97.3604,97.9714,100.0004,375.6951,343.4753,32.2198,21.6615,46,5.0986,1.6954,18.4359,12.8661,0.2321,0,0.0001,48.9323,48.1144,5.4154,45.2362,9.1694,9.8052
2/11/2025,MSH0013-Bindura-Zaoga,CELL_TDD,Bindura_Zaoga_LTE_3,3,MSH0013-Bindura-Zaoga,87%,99.9999,99.9802,99.9793,100,99.9794,0.437,99.1349,99.2928,100.0004,556.9414,506.1901,50.7513,6.8758,18,9.3975,5.5934,11.8362,3.8311,0.1475,0,0,41.3804,49.0374,1.7189,28.7524,10.3301,11.9754
2/11/2025,MSH0013-Bindura-Zaoga,CELL_TDD,Bindura_Zaoga_LTE_2,2,MSH0013-Bindura-Zaoga,87%,99.9999,99.865,99.9611,99.2386,99.6933,0.97,97.6902,98.323,100.0004,811.6551,755.8375,55.8176,21.7888,50,7.6501,3.5759,12.3051,5.1572,0.1429,0,0,54.9573,55.6104,5.4472,32.3112,10.4219,12.8109
2/11/2025,MSH0013-Bindura-Zaoga,CELL_TDD,Bindura_Zaoga_LTE_1,1,MSH0013-Bindura-Zaoga,87%,99.9999,99.175,99.7635,95.3064,99.5635,2.1934,98.3333,98.9177,100.0007,466.2331,424.9237,41.3094,21.4856,47,5.4559,2.2826,16.3699,9.481,0.2046,0,0,51.0887,49.6105,5.3714,39.2859,9.4754,9.5697
2/11/2025,MSH-0331-Chiwaridzo 2,CELL_TDD,MSH-0331-Chiwaridzo 2_LTE_6,6,MSH-0331-Chiwaridzo 2_LTE,100%,100,98.9637,99.63,93.479,99.4028,1.11,99.7178,99.7616,99.9989,522.9949,479.3286,43.6664,20.6577,48,3.7574,2.5373,22.6906,7.7583,0.2754,0,0.0001,62.6681,52.2479,5.1644,45.7627,10.3466,9.9831
2/11/2025,MSH-0331-Chiwaridzo 2,CELL_TDD,MSH-0331-Chiwaridzo 2_LTE_5,5,MSH-0331-Chiwaridzo 2_LTE,100%,100,99.3571,99.8244,95.7596,99.5879,1.8036,99.8372,99.882,100.0003,1098.0294,1027.1516,70.8778,21.2946,56,7.3537,3.1906,17.5875,6.7679,0.1981,0,0,62.7021,53.0678,5.3237,45.9293,8.9168,13.0609
2/11/2025,MSH-0331-Chiwaridzo 2,CELL_TDD,MSH-0331-Chiwaridzo 2_LTE_4,4,MSH-0331-Chiwaridzo 2_LTE,100%,100,99.0831,99.2099,97.672,99.5883,0.7523,99.9481,99.9355,100.0006,1424.7481,1303.9191,120.829,32.0415,66,7.7651,4.433,14.9127,6.6595,0.1681,0,0,62.9821,62.2168,8.0104,46.1446,11.2847,17.7032
2/11/2025,MSH-0331-Chiwaridzo 2,CELL_TDD,MSH-0331-Chiwaridzo 2_LTE_3,3,MSH-0331-Chiwaridzo 2_LTE,100%,100,99.7298,99.9055,97.1966,99.7699,0.9435,99.9453,99.9543,100.0003,1044.9639,961.0028,83.9612,25.5154,48,5.0819,3.8733,19.3495,6.1376,0.2189,0,0.0001,67.006,53.5743,6.3789,38.3402,10.185,12.4402
2/11/2025,MSH-0331-Chiwaridzo 2,CELL_TDD,MSH-0331-Chiwaridzo 2_LTE_2,2,MSH-0331-Chiwaridzo 2_LTE,100%,100,99.7133,99.972,95.5804,99.8009,1.3917,99.9689,99.9781,100.0006,1001.7985,922.1779,79.6206,23.5872,48,6.2652,3.8465,16.5426,6.1336,0.1835,0,0.0001,62.279,53.0881,5.8968,35.763,10.2601,14.1529
2/11/2025,MSH-0331-Chiwaridzo 2,CELL_TDD,MSH-0331-Chiwaridzo 2_LTE_1,1,MSH-0331-Chiwaridzo 2_LTE,100%,100,99.5768,99.6532,97.7452,99.8187,0.5282,99.93,99.8409,100.0003,1411.8948,1292.5354,119.3594,44.071,74,5.9369,3.5803,16.5927,6.5949,0.1861,0,0,68.0675,55.9518,11.0177,43.3295,11.0283,15.1699
2/11/2025,MSH-0112-Bindura Hospital,CELL_TDD,MSH-0112-Bindura Hospital_LTE_1,1,MSH-0112-Bindura Hospital_LTE,100%,100,99.6133,99.7733,98.6878,99.7996,4.9896,100,100,100.0006,552.2471,511.0919,41.1552,7.3316,16,9.8342,3.3872,15.4435,15.7411,0.1725,0,0,34.9343,48.5481,1.8329,23.6911,11.1381,14.4399
2/11/2025,MSH-0112-Bindura Hospital,CELL_TDD,MSH-0112-Bindura Hospital_LTE_2,2,MSH-0112-Bindura Hospital_LTE,100%,100,99.5117,99.6324,98.3067,99.9438,0.4649,99.6348,99.8128,100.0003,617.9634,575.2548,42.7085,8.8146,21,11.3589,3.6324,16.937,4.0718,0.1947,0,0,32.734,48.8486,2.2036,21.3661,10.4032,12.7527
2/11/2025,MSH-0112-Bindura Hospital,CELL_TDD,MSH-0112-Bindura Hospital_LTE_3,3,MSH-0112-Bindura Hospital_LTE,100%,100,99.8068,99.9501,98.4728,99.7779,1.5444,99.5665,99.6788,100.0006,1348.9477,1249.0202,99.9275,22.8684,53,8.4668,4.3235,15.7943,5.2385,0.1731,0,0,60.3526,53.3397,5.7171,35.287,10.6964,15.0817
2/11/2025,MSH-0112-Bindura Hospital,CELL_TDD,MSH-0112-Bindura Hospital_LTE_4,4,MSH-0112-Bindura Hospital_LTE,100%,100,99.4935,99.9909,97.0874,99.8495,0.7833,99.8068,99.0244,100.0003,707.3,667.9064,39.3936,13.0647,26,7.868,2.0838,13.4398,4.0607,0.1592,0,0,39.5903,55.552,3.2662,31.8723,12.0082,16.7463
2/11/2025,MSH-0112-Bindura Hospital,CELL_TDD,MSH-0112-Bindura Hospital_LTE_5,5,MSH-0112-Bindura Hospital_LTE,100%,100,99.4357,99.6879,97.9955,99.8332,0.4613,99.7433,99.736,100.0003,348.1347,316.7583,31.3764,8.2347,22,10.2308,3.7218,15.6019,3.7092,0.1823,0,0,23.9028,45.6997,2.0587,19.9297,10.579,13.3804
2/11/2025,MSH-0112-Bindura Hospital,CELL_TDD,MSH-0112-Bindura Hospital_LTE_6,6,MSH-0112-Bindura Hospital_LTE,100%,100,99.4695,99.8315,97.0393,99.5462,2.5557,99.9734,99.9848,100.0003,715.992,663.5587,52.4332,17.6807,52,6.3589,2.8448,19.1741,6.4424,0.2199,0,0,55.9495,51.7263,4.4202,39.967,10.3946,12.3608
2/11/2025,MSH-0014-Chipadze,CELL_TDD,MSH-0014-Chipadze_LTE_6,6,MSH-0014-Chipadze,100%,100,98.5568,99.7457,87.5509,99.7921,1.0236,99.3965,99.46,99.9986,1028.5655,920.4081,108.1574,14.1562,29,7.6776,5.9804,15.0252,5.5686,0.1594,0,0,46.8587,62.6605,3.5391,23.6654,10.1099,18.3255
2/11/2025,MSH-0014-Chipadze,CELL_TDD,MSH-0014-Chipadze_LTE_5,5,MSH-0014-Chipadze,100%,100,98.9516,99.5432,94.3558,99.6896,2.1933,98.5272,98.8448,99.9986,731.7359,645.3996,86.3362,29.815,59,1.8815,2.1642,19.8822,13.169,0.2187,0,0.0001,68.8375,70.6823,7.4537,36.5217,8.9673,12.3228
2/11/2025,MSH-0014-Chipadze,CELL_TDD,MSH-0014-Chipadze_LTE_4,4,MSH-0014-Chipadze,100%,100,99.2761,99.9516,92.3109,99.8704,0.8239,98.8772,99.0634,99.9986,678.4356,631.4128,47.0228,16.9195,51,5.3459,2.9641,17.2457,6.5606,0.1913,0,0.0001,46.8682,57.8964,4.2299,25.3135,10.8043,15.0309
2/11/2025,MSH-0014-Chipadze,CELL_TDD,MSH-0014-Chipadze_LTE_3,3,MSH-0014-Chipadze,100%,100,99.0642,99.7917,89.5702,99.8371,1.0032,99.5833,99.6447,99.9986,1141.1783,991.2556,149.9227,19.4105,40,8.6365,7.6354,15.507,4.2081,0.1686,0,0,45.9928,60.9413,4.8526,20.0387,10.0353,13.533
2/11/2025,MSH-0014-Chipadze,CELL_TDD,MSH-0014-Chipadze_LTE_2,2,MSH-0014-Chipadze,100%,100,99.3588,99.7771,93.9024,99.7485,1.5991,98.9297,99.3254,99.9986,1077.7508,990.8506,86.9003,34.2462,68,2.7955,2.3648,17.1675,9.86,0.1951,0,0,70.2232,63.9528,8.5616,26.5229,8.9877,10.7293
2/11/2025,MSH-0014-Chipadze,CELL_TDD,MSH-0014-Chipadze_LTE_1,1,MSH-0014-Chipadze,100%,100,99.815,99.9648,97.5467,99.861,0.8265,99.045,99.2453,99.9992,923.7247,867.6789,56.0457,20.3824,64,8.5451,3.2898,16.8989,5.9676,0.1897,0,0,41.4447,54.3734,5.0956,19.3606,11.0623,14.139
3/11/2025,MSH0013-Bindura-Zaoga,CELL_TDD,Bindura_Zaoga_LTE_6,6,MSH0013-Bindura-Zaoga,95%,99.9999,99.7587,99.8081,98.9474,99.8726,1.3504,98.2096,98.2456,99.9994,522.6375,482.1893,40.4482,5.6741,15,8.628,4.8427,11.5445,4.3136,0.1361,0,0,39.0035,47.8244,1.4185,28.2424,9.8865,12.5338
3/11/2025,MSH0013-Bindura-Zaoga,CELL_TDD,Bindura_Zaoga_LTE_5,5,MSH0013-Bindura-Zaoga,95%,99.9999,99.5063,99.7851,97.1319,99.5194,1.7301,97.7906,98.1973,99.9997,620.0603,537.785,82.2753,30.4691,81,4.7585,4.0808,15.4179,9.1741,0.1839,0,0.0001,57.215,57.7453,7.6173,44.9465,10.3638,12.4988
3/11/2025,MSH0013-Bindura-Zaoga,CELL_TDD,Bindura_Zaoga_LTE_4,4,MSH0013-Bindura-Zaoga,95%,99.9999,98.9519,99.6201,93.4104,99.3124,2.5432,98.3133,98.804,99.9994,357.6049,322.1894,35.4155,22.179,44,4.85,1.6416,17.8478,14.3077,0.2271,0,0.0001,46.7027,47.8522,5.5448,44.4809,9.1931,9.0774
3/11/2025,MSH0013-Bindura-Zaoga,CELL_TDD,Bindura_Zaoga_LTE_3,3,MSH0013-Bindura-Zaoga,95%,99.9999,99.8775,99.9488,98.2558,99.9238,0.6019,98.8016,98.9631,99.9994,382.6159,341.2398,41.376,5.1159,14,7.4173,5.9737,11.4977,3.6635,0.142,0,0,36.008,42.7436,1.279,25.0724,9.7699,10.5517
3/11/2025,MSH0013-Bindura-Zaoga,CELL_TDD,Bindura_Zaoga_LTE_2,2,MSH0013-Bindura-Zaoga,95%,99.9999,99.7083,99.938,97.8355,99.6982,1.36,96.794,98.0845,99.9994,887.218,808.835,78.383,32.9043,80,5.7455,3.4287,13.6992,6.6882,0.1589,0,0.0001,56.7525,56.9648,8.2261,38.1788,10.2695,12.3314
3/11/2025,MSH0013-Bindura-Zaoga,CELL_TDD,Bindura_Zaoga_LTE_1,1,MSH0013-Bindura-Zaoga,95%,99.9999,99.3507,99.8229,95.6617,99.6723,2.3717,98.8858,99.2628,99.9994,445.2828,405.9174,39.3654,22.5807,43,4.6627,1.9875,17.7885,10.429,0.2272,0,0.0002,49.2563,49.1221,5.6452,40.3108,9.3257,8.3172
3/11/2025,MSH-0331-Chiwaridzo 2,CELL_TDD,MSH-0331-Chiwaridzo 2_LTE_6,6,MSH-0331-Chiwaridzo 2_LTE,100%,100,99.0189,99.763,93.7998,99.4395,1.0259,99.726,99.794,99.9981,531.9836,484.2124,47.7712,17.7789,44,4.496,3.4723,19.8134,5.6799,0.2362,0,0,53.2944,50.1243,4.4447,38.279,10.1688,11.0068
3/11/2025,MSH-0331-Chiwaridzo 2,CELL_TDD,MSH-0331-Chiwaridzo 2_LTE_5,5,MSH-0331-Chiwaridzo 2_LTE,100%,100,99.2211,99.7953,95.8299,99.4658,1.698,99.9468,99.8979,99.9951,802.0951,739.1918,62.9033,20.2374,51,7.4365,4.069,17.7228,4.9414,0.2017,0,0,51.1167,53.6131,5.0593,38.2937,9.5629,13.0794
3/11/2025,MSH-0331-Chiwaridzo 2,CELL_TDD,MSH-0331-Chiwaridzo 2_LTE_4,4,MSH-0331-Chiwaridzo 2_LTE,100%,100,99.1505,99.2623,97.8425,99.6085,1.0715,99.9729,99.9452,99.9978,1327.6872,1230.2719,97.4153,33.2479,81,8.8096,3.366,16.3997,8.197,0.1868,0,0.0001,57.2049,58.5893,8.312,45.112,11.3814,16.951
3/11/2025,MSH-0331-Chiwaridzo 2,CELL_TDD,MSH-0331-Chiwaridzo 2_LTE_3,3,MSH-0331-Chiwaridzo 2_LTE,100%,100,99.7686,99.8927,97.8218,99.8223,0.7052,99.8149,99.9058,99.9984,912.8287,814.6668,98.1619,22.6897,57,5.4325,5.6825,17.2931,4.733,0.1909,0,0,53.9844,53.4096,5.6724,30.8261,10.449,13.1641
3/11/2025,MSH-0331-Chiwaridzo 2,CELL_TDD,MSH-0331-Chiwaridzo 2_LTE_2,2,MSH-0331-Chiwaridzo 2_LTE,100%,100,99.7497,99.8975,97.7825,99.8075,1.8534,99.8795,99.9388,99.9981,831.0893,769.7622,61.3271,20.5924,53,6.3895,3.567,18.4793,6.3467,0.2155,0,0,54.0396,50.6111,5.1481,32.214,10.5366,12.9324
3/11/2025,MSH-0331-Chiwaridzo 2,CELL_TDD,MSH-0331-Chiwaridzo 2_LTE_1,1,MSH-0331-Chiwaridzo 2_LTE,100%,100,99.4999,99.5507,98.3676,99.7956,0.6033,99.8585,99.8108,99.9986,1261.57,1149.007,112.563,39.1274,81,6.7607,3.9515,16.1948,6.5553,0.1818,0,0,63.3,54.941,9.7819,40.5571,11.1989,15.1476
3/11/2025,MSH-0112-Bindura Hospital,CELL_TDD,MSH-0112-Bindura Hospital_LTE_1,1,MSH-0112-Bindura Hospital_LTE,100%,100,99.1828,99.5555,97.0648,99.7497,6.4351,99.8188,99.9719,100.0025,348.6998,328.5639,20.1359,7.1833,21,6.7444,1.5914,14.5799,21.5156,0.1662,0,0.0002,29.4128,48.3132,1.7958,21.4312,11.1781,13.5141
3/11/2025,MSH-0112-Bindura Hospital,CELL_TDD,MSH-0112-Bindura Hospital_LTE_2,2,MSH-0112-Bindura Hospital_LTE,100%,100,99.8477,99.9736,98.5533,99.9129,0.5519,99.5942,99.7512,100.0016,629.9087,587.5811,42.3276,10.029,28,14.4906,3.6965,15.3434,3.1506,0.17,0,0,26.9629,54.2295,2.5072,19.5082,10.9071,14.4731
3/11/2025,MSH-0112-Bindura Hospital,CELL_TDD,MSH-0112-Bindura Hospital_LTE_3,3,MSH-0112-Bindura Hospital_LTE,100%,100,99.7953,99.9555,98.383,99.7916,1.7888,99.5555,98.6946,100.0014,870.1042,802.2705,67.8337,24.2622,63,10.8592,3.4751,15.3987,5.7408,0.1748,0,0,42.8395,50.9153,6.0656,28.5397,10.876,14.7789
3/11/2025,MSH-0112-Bindura Hospital,CELL_TDD,MSH-0112-Bindura Hospital_LTE_4,4,MSH-0112-Bindura Hospital_LTE,100%,100,99.5499,99.939,97,99.827,1.0283,99.8012,99.3587,100.0014,670.9023,616.5658,54.3364,14.6498,34,8.5025,3.1356,13.8066,4.3111,0.165,0,0.0002,36.6755,51.8335,3.6625,30.0219,12.1373,17.468
3/11/2025,MSH-0112-Bindura Hospital,CELL_TDD,MSH-0112-Bindura Hospital_LTE_5,5,MSH-0112-Bindura Hospital_LTE,100%,100,99.0161,99.6023,96.2606,99.5072,0.6165,99.9489,99.9397,100.0014,230.4371,193.889,36.5481,7.6874,20,11.145,4.9131,15.6662,4.0111,0.1873,0,0,16.6296,46.9804,1.9218,17.0945,10.7817,13.6836
3/11/2025,MSH-0112-Bindura Hospital,CELL_TDD,MSH-0112-Bindura Hospital_LTE_6,6,MSH-0112-Bindura Hospital_LTE,100%,100,99.3675,99.7712,96.6283,99.5474,3.5213,99.9023,99.916,100.0016,544.47,499.4154,45.0546,19.8215,59,9.5828,2.7249,17.8363,7.5568,0.2096,0,0,37.3963,51.6128,4.9554,30.6081,10.8281,12.5087
3/11/2025,MSH-0014-Chipadze,CELL_TDD,MSH-0014-Chipadze_LTE_6,6,MSH-0014-Chipadze,100%,100,98.4478,99.6178,86.8192,99.7813,1.0869,99.3688,99.4353,99.9997,872.1768,784.7329,87.4439,16.3146,35,6.6893,5.3059,16.4051,6.1102,0.1794,0,0.0001,49.1501,60.8769,4.0787,24.3966,9.8956,16.1219
3/11/2025,MSH-0014-Chipadze,CELL_TDD,MSH-0014-Chipadze_LTE_5,5,MSH-0014-Chipadze,100%,100,99.1504,99.7302,95.1879,99.7217,2.3677,98.6691,98.8922,99.9997,679.9302,619.3263,60.6039,26.3613,81,3.0284,2.0086,19.4812,11.3959,0.2159,0,0.0001,63.8954,67.9412,6.5903,33.009,9.1533,12.2222
3/11/2025,MSH-0014-Chipadze,CELL_TDD,MSH-0014-Chipadze_LTE_4,4,MSH-0014-Chipadze,100%,100,99.7363,99.9298,97.973,99.844,1.2923,98.4853,98.7808,99.9997,675.3145,613.3237,61.9908,19.7486,69,4.0781,3.1077,18.5735,7.4101,0.2018,0,0,51.389,61.9725,4.9372,28.1607,10.3334,14.0478
3/11/2025,MSH-0014-Chipadze,CELL_TDD,MSH-0014-Chipadze_LTE_3,3,MSH-0014-Chipadze,100%,100,99.1151,99.7826,89.5182,99.834,1.013,99.4778,99.5478,99.9997,1168.163,1065.2237,102.9393,19.5753,37,8.6749,5.0302,16.1044,4.2667,0.1783,0,0,46.395,60.3463,4.8938,19.9845,10.2972,14.6081
3/11/2025,MSH-0014-Chipadze,CELL_TDD,MSH-0014-Chipadze_LTE_2,2,MSH-0014-Chipadze,100%,100,99.3655,99.8194,93.8235,99.762,1.7505,97.5786,98.3765,99.9997,877.6894,806.7145,70.9749,28.6685,73,3.1198,2.2907,18.0575,10.347,0.203,0,0,64.4007,61.2613,7.1671,23.5244,9.0926,10.506
3/11/2025,MSH-0014-Chipadze,CELL_TDD,MSH-0014-Chipadze_LTE_1,1,MSH-0014-Chipadze,100%,100,99.8609,99.9611,98.4389,99.7634,1.2019,98.9144,99.0895,99.9997,1046.4664,918.2379,128.2285,26.0438,79,6.3202,5.7534,16.1094,6.4893,0.1804,0,0,47.8731,62.6902,6.5109,21.8867,10.8613,12.9721
4/11/2025,MSH0013-Bindura-Zaoga,CELL_TDD,Bindura_Zaoga_LTE_6,6,MSH0013-Bindura-Zaoga,87%,99.9997,99.6518,99.8454,96.6981,99.8157,1.4447,98.6346,98.7179,99.9945,284.6552,249.971,34.6842,4.9724,14,6.9413,4.424,12.7911,6.2392,0.1677,0,0.0001,33.794,48.9385,1.2431,30.316,9.1036,8.4334
4/11/2025,MSH0013-Bindura-Zaoga,CELL_TDD,Bindura_Zaoga_LTE_5,5,MSH0013-Bindura-Zaoga,87%,99.9997,99.6645,99.8941,97.7302,99.6257,1.5354,98.5202,98.8407,99.9945,559.4575,504.1769,55.2806,34.6976,90,4.2041,3.5635,14.9543,8.2294,0.178,0,0.0001,55.0998,49.8441,8.6744,44.5526,10.1428,12.2777
4/11/2025,MSH0013-Bindura-Zaoga,CELL_TDD,Bindura_Zaoga_LTE_4,4,MSH0013-Bindura-Zaoga,87%,99.9997,98.861,99.4853,94.3765,99.335,2.2922,98.5829,99.1025,99.9945,404.3622,368.4997,35.8625,23.1074,55,4.0538,1.9027,18.2422,13.4268,0.2307,0,0.0002,57.9968,46.7253,5.7768,50.1283,9.4304,9.7648
4/11/2025,MSH0013-Bindura-Zaoga,CELL_TDD,Bindura_Zaoga_LTE_3,3,MSH0013-Bindura-Zaoga,87%,99.9997,99.9794,99.9785,100,99.9786,0.3487,99.2258,99.3478,99.9945,516.9595,474.5022,42.4573,6.2648,15,9.4214,5.2979,11.7315,3.6366,0.1478,0,0,38.3331,46.1423,1.5662,26.2933,9.9409,12.1111
4/11/2025,MSH0013-Bindura-Zaoga,CELL_TDD,Bindura_Zaoga_LTE_2,2,MSH0013-Bindura-Zaoga,87%,99.9997,99.8114,99.921,99.0492,99.6475,1.2909,97.0043,98.1941,99.9945,801.3126,731.2708,70.0418,32.4521,95,5.0114,3.7504,13.816,6.5118,0.1615,0,0,57.5487,53.1468,8.113,38.4039,9.9963,12.072
4/11/2025,MSH0013-Bindura-Zaoga,CELL_TDD,Bindura_Zaoga_LTE_1,1,MSH0013-Bindura-Zaoga,87%,99.9997,99.2986,99.7611,96.4582,99.5223,2.5006,98.8728,99.3635,99.9945,484.9947,445.6559,39.3388,20.1258,44,3.8332,2.2523,18.4272,9.354,0.2361,0,0,63.8592,48.5107,5.0314,44.3895,9.364,8.2538
4/11/2025,MSH-0331-Chiwaridzo 2,CELL_TDD,MSH-0331-Chiwaridzo 2_LTE_6,6,MSH-0331-Chiwaridzo 2_LTE,100%,100,99.2604,99.67,96.0853,99.4658,0.813,99.8607,99.8963,100.0018,612.6967,558.4002,54.2965,18.3192,50,3.8082,3.4723,20.9036,5.9381,0.2558,0,0,65.8329,53.6445,4.5798,46.8579,10.1235,11.5189
4/11/2025,MSH-0331-Chiwaridzo 2,CELL_TDD,MSH-0331-Chiwaridzo 2_LTE_5,5,MSH-0331-Chiwaridzo 2_LTE,100%,100,98.9337,99.733,91.0808,99.544,2.4144,99.8442,99.8536,100.0024,826.8953,776.4888,50.4064,19.3479,48,7.4665,3.0028,18.0638,7.0492,0.2076,0,0,52.6806,50.6121,4.837,37.6395,9.3586,13.0633
4/11/2025,MSH-0331-Chiwaridzo 2,CELL_TDD,MSH-0331-Chiwaridzo 2_LTE_4,4,MSH-0331-Chiwaridzo 2_LTE,100%,100,98.8699,98.9672,97.6286,99.664,1.0644,99.8734,99.9128,100.0021,1384.566,1285.5079,99.058,36.078,93,7.2435,3.1836,15.6531,7.6353,0.1784,0,0,64.7479,66.1492,9.0195,49.9913,11.2038,17.3941
4/11/2025,MSH-0331-Chiwaridzo 2,CELL_TDD,MSH-0331-Chiwaridzo 2_LTE_3,3,MSH-0331-Chiwaridzo 2_LTE,100%,100,99.8106,99.9356,97.912,99.7257,0.6465,99.9637,99.9641,100.0018,1112.6061,1015.257,97.3491,24.92,59,4.8495,4.9382,16.9155,4.5523,0.1833,0,0.0001,65.1052,52.8577,6.23,35.1941,10.3282,13.7629
4/11/2025,MSH-0331-Chiwaridzo 2,CELL_TDD,MSH-0331-Chiwaridzo 2_LTE_2,2,MSH-0331-Chiwaridzo 2_LTE,100%,100,99.6434,99.9532,95.1714,99.7628,1.9019,99.9646,99.9135,100.0018,838.5828,782.1558,56.4271,21.3027,51,5.1967,3.2313,18.4954,5.6794,0.2184,0,0.0001,61.9473,48.4675,5.3257,36.0198,10.2221,12.4234
4/11/2025,MSH-0331-Chiwaridzo 2,CELL_TDD,MSH-0331-Chiwaridzo 2_LTE_1,1,MSH-0331-Chiwaridzo 2_LTE,100%,100,99.5738,99.6361,98.2321,99.7964,0.5692,99.9725,99.8838,100.0021,1590.6628,1465.9456,124.7172,41.0356,90,5.4624,4.2081,15.6169,5.2441,0.1704,0,0,74.0408,53.6352,10.2589,43.1522,11.01,15.7095
4/11/2025,MSH-0112-Bindura Hospital,CELL_TDD,MSH-0112-Bindura Hospital_LTE_1,1,MSH-0112-Bindura Hospital_LTE,100%,100,99.565,99.7135,98.3779,99.8225,5.4898,99.7854,99.9548,99.9995,474.4978,434.7292,39.7686,7.7274,20,6.4649,2.8445,18.0348,18.5384,0.2108,0,0.0001,38.1873,52.991,1.9319,28.924,11.3167,13.309
4/11/2025,MSH-0112-Bindura Hospital,CELL_TDD,MSH-0112-Bindura Hospital_LTE_2,2,MSH-0112-Bindura Hospital_LTE,100%,100,99.9015,99.9616,99.6452,99.9069,0.4963,99.4816,99.6966,99.9987,668.4881,617.1039,51.3842,11.7416,25,12.3614,4.2871,15.414,3.1385,0.1699,0,0,33.4886,61.0869,2.9354,21.8004,10.8218,14.7872
4/11/2025,MSH-0112-Bindura Hospital,CELL_TDD,MSH-0112-Bindura Hospital_LTE_3,3,MSH-0112-Bindura Hospital_LTE,100%,100,99.8509,99.9458,98.8095,99.8064,1.0927,99.7358,99.1854,99.9987,918.437,844.4778,73.9592,23.8077,66,8.6736,3.6381,16.0255,5.5299,0.1787,0,0,51.9992,51.0188,5.9519,33.7923,10.7173,13.4821
4/11/2025,MSH-0112-Bindura Hospital,CELL_TDD,MSH-0112-Bindura Hospital_LTE_4,4,MSH-0112-Bindura Hospital_LTE,100%,100,99.6035,99.953,96.8343,99.8145,0.6484,99.737,99.2243,99.9987,608.4047,565.5482,42.8565,14.4287,29,6.5589,2.5216,16.9,4.3983,0.2018,0,0.0001,46.8281,49.2433,3.6072,34.6392,12.0839,14.5331
4/11/2025,MSH-0112-Bindura Hospital,CELL_TDD,MSH-0112-Bindura Hospital_LTE_5,5,MSH-0112-Bindura Hospital_LTE,100%,100,99.2405,99.8022,96.2264,99.6892,0.7883,99.9766,99.9375,99.9987,313.6277,286.2655,27.3622,9.0561,24,10.8875,3.7279,15.9227,3.5711,0.1894,0,0,21.4649,44.6602,2.264,18.906,10.2726,12.1751
4/11/2025,MSH-0112-Bindura Hospital,CELL_TDD,MSH-0112-Bindura Hospital_LTE_6,6,MSH-0112-Bindura Hospital_LTE,100%,100,99.596,99.8461,97.211,99.6191,4.0661,99.9736,99.8944,99.9987,666.3063,611.9404,54.3659,20.1377,62,8.2568,3.2864,17.5403,6.414,0.2043,0,0,45.4619,52.7841,5.0344,35.4596,10.7369,12.4865
4/11/2025,MSH-0014-Chipadze,CELL_TDD,MSH-0014-Chipadze_LTE_6,6,MSH-0014-Chipadze,100%,100,98.6014,99.6243,88.3324,99.7562,1.3581,99.265,99.3284,99.999,860.5072,787.0159,73.4913,14.6521,31,6.1899,4.1766,16.5557,5.7684,0.1762,0,0,51.9054,59.6829,3.663,25.9207,9.6572,15.1401
4/11/2025,MSH-0014-Chipadze,CELL_TDD,MSH-0014-Chipadze_LTE_5,5,MSH-0014-Chipadze,100%,100,99.0618,99.6873,94.3025,99.7166,1.9934,97.8816,98.3797,99.9987,645.5578,593.0886,52.4693,25.1722,62,2.3531,1.8793,19.3882,10.6701,0.2176,0,0,68.6993,63.6199,6.2931,33.7772,8.7236,11.5588
4/11/2025,MSH-0014-Chipadze,CELL_TDD,MSH-0014-Chipadze_LTE_4,4,MSH-0014-Chipadze,100%,100,99.7268,99.8743,98.5437,99.7422,1.3024,96.9205,97.4701,99.9987,609.078,562.1736,46.9044,17.9332,71,4.5171,2.6825,17.8209,6.9083,0.1979,0,0,49.2764,59.4831,4.4833,27.3037,9.8185,13.757
4/11/2025,MSH-0014-Chipadze,CELL_TDD,MSH-0014-Chipadze_LTE_3,3,MSH-0014-Chipadze,100%,100,99.2602,99.8977,89.7996,99.8381,0.7881,99.7768,99.7546,99.9987,1244.7557,1150.7211,94.0346,22.7377,40,7.3876,4.2091,15.9587,4.2307,0.1733,0,0,55.61,57.2648,5.6844,21.9112,9.5525,13.0387
4/11/2025,MSH-0014-Chipadze,CELL_TDD,MSH-0014-Chipadze_LTE_2,2,MSH-0014-Chipadze,100%,100,99.2605,99.8118,92.1106,99.715,1.5491,99.0783,99.4543,99.9987,1057.1577,970.4586,86.6991,28.3735,66,2.9472,2.6365,16.7422,8.3881,0.1874,0,0,71.3102,62.518,7.0934,25.1772,8.3863,10.5062
4/11/2025,MSH-0014-Chipadze,CELL_TDD,MSH-0014-Chipadze_LTE_1,1,MSH-0014-Chipadze,100%,100,99.8731,99.9592,98.6767,99.7923,1.1171,98.0233,98.5166,99.9992,940.2222,853.3791,86.8431,23.0344,77,6.0462,4.2724,16.0241,6.6925,0.1804,0,0,49.2351,59.4985,5.7586,22.1132,10.2299,12.1911
5/11/2025,MSH0013-Bindura-Zaoga,CELL_TDD,Bindura_Zaoga_LTE_6,6,MSH0013-Bindura-Zaoga,100%,100,99.5761,99.8996,94.6768,99.8015,1.6425,98.6409,98.6105,100.0031,409.9168,375.7079,34.2088,5.9606,17,6.8624,2.7299,13.7652,5.9929,0.178,0,0,41.9266,47.8186,1.4902,33.5213,9.6041,10.0686
5/11/2025,MSH0013-Bindura-Zaoga,CELL_TDD,Bindura_Zaoga_LTE_5,5,MSH0013-Bindura-Zaoga,100%,100,99.6904,99.8872,98.0945,99.5317,1.9634,98.2953,98.6714,100.0031,732.2355,654.6632,77.5723,41.044,101,3.9558,3.5326,15.6867,8.8115,0.1865,0,0.0001,62.6897,52.4314,10.261,49.9657,10.0537,12.2145
5/11/2025,MSH0013-Bindura-Zaoga,CELL_TDD,Bindura_Zaoga_LTE_4,4,MSH0013-Bindura-Zaoga,100%,100,98.5425,99.3755,93.1402,99.0842,2.6393,98.3599,99.1672,100.0031,579.4038,528.763,50.6408,24.9201,51,5.4283,2.1756,17.0268,14.2298,0.2145,0,0.0003,52.6064,47.5515,6.23,47.2225,9.1825,10.7633
5/11/2025,MSH0013-Bindura-Zaoga,CELL_TDD,Bindura_Zaoga_LTE_3,3,MSH0013-Bindura-Zaoga,100%,100,99.9828,99.982,100,99.9287,0.7743,98.6755,98.6519,100.0031,829.6281,767.2629,62.3652,6.6032,16,10.7193,5.4295,11.1987,3.5006,0.1319,0,0,41.9213,48.7126,1.6508,28.5093,9.9813,12.8536
5/11/2025,MSH0013-Bindura-Zaoga,CELL_TDD,Bindura_Zaoga_LTE_2,2,MSH0013-Bindura-Zaoga,100%,100,99.8108,99.9193,99.0736,99.6587,1.5937,98.1923,98.9785,100.0031,1194.0588,1091.5173,102.5415,35.1213,85,5.0511,3.8035,13.5155,6.9381,0.1549,0,0,66.1922,53.3111,8.7803,42.2575,10.155,12.6548
5/11/2025,MSH0013-Bindura-Zaoga,CELL_TDD,Bindura_Zaoga_LTE_1,1,MSH0013-Bindura-Zaoga,100%,100,99.2778,99.7548,96.4837,99.4799,2.3287,98.8657,99.5514,100.0036,580.6866,528.4657,52.2209,25.8834,47,4.6565,2.2672,17.8393,9.8818,0.2259,0,0.0002,57.5326,50.8375,6.4709,43.3628,9.1877,8.454
5/11/2025,MSH-0331-Chiwaridzo 2,CELL_TDD,MSH-0331-Chiwaridzo 2_LTE_6,6,MSH-0331-Chiwaridzo 2_LTE,100%,100,99.1337,99.8237,93.5076,99.519,0.711,99.9679,99.9694,99.9997,633.8932,590.6725,43.2207,18.2657,45,4.3632,2.6234,18.5035,5.988,0.225,0,0.0001,58.9084,51.162,4.5664,42.6847,10.1624,13.5862
5/11/2025,MSH-0331-Chiwaridzo 2,CELL_TDD,MSH-0331-Chiwaridzo 2_LTE_5,5,MSH-0331-Chiwaridzo 2_LTE,100%,100,99.3089,99.8961,94.5545,99.5974,2.0015,99.9068,99.9244,100.0003,939.1359,879.6557,59.4802,19.6943,44,8.2185,2.92,17.2445,7.7761,0.1986,0,0.0001,53.552,50.1961,4.9236,39.9641,9.4847,13.0751
5/11/2025,MSH-0331-Chiwaridzo 2,CELL_TDD,MSH-0331-Chiwaridzo 2_LTE_4,4,MSH-0331-Chiwaridzo 2_LTE,100%,100,98.9782,99.0513,97.9216,99.7392,0.8517,99.8826,99.9159,100,1251.3507,1147.3028,104.0479,35.4947,71,7.4897,3.3011,14.9351,5.188,0.1727,0,0,62.0479,64.4908,8.8737,48.5211,11.2807,17.1893
5/11/2025,MSH-0331-Chiwaridzo 2,CELL_TDD,MSH-0331-Chiwaridzo 2_LTE_3,3,MSH-0331-Chiwaridzo 2_LTE,100%,100,99.803,99.9208,97.6299,99.803,0.6001,99.9495,99.9755,100.0003,987.3745,910.2268,77.1477,25.4915,57,5.2802,4.0202,16.5853,4.7057,0.1816,0,0.0001,59.7475,50.3267,6.3729,34.1733,10.4001,13.7715
5/11/2025,MSH-0331-Chiwaridzo 2,CELL_TDD,MSH-0331-Chiwaridzo 2_LTE_2,2,MSH-0331-Chiwaridzo 2_LTE,100%,100,99.814,99.9817,97.2222,99.7432,1.2859,99.9655,99.9806,100.0003,884.7945,828.7037,56.0908,20.8753,49,6.1758,2.7934,17.1366,6.0529,0.1952,0,0.0001,59.7271,49.9521,5.2188,34.6194,10.1142,13.0169
5/11/2025,MSH-0331-Chiwaridzo 2,CELL_TDD,MSH-0331-Chiwaridzo 2_LTE_1,1,MSH-0331-Chiwaridzo 2_LTE,100%,100,99.2049,99.2293,98.6683,99.8059,0.5811,99.8986,99.9203,100.0008,1404.4355,1267.7608,136.6747,37.63,71,6.3728,4.417,15.5261,6.4403,0.1734,0,0,66.0262,58.5187,9.4075,41.4641,11.1088,15.3157
5/11/2025,MSH-0112-Bindura Hospital,CELL_TDD,MSH-0112-Bindura Hospital_LTE_1,1,MSH-0112-Bindura Hospital_LTE,100%,100,99.8364,99.9689,97.799,99.8579,0.9209,100,100,99.9995,558.3187,505.8417,52.477,10.4922,25,6.454,3.8178,17.6413,5.0128,0.2082,0,0,44.3129,52.1474,2.6231,28.5854,11.1558,13.374
5/11/2025,MSH-0112-Bindura Hospital,CELL_TDD,MSH-0112-Bindura Hospital_LTE_2,2,MSH-0112-Bindura Hospital_LTE,100%,100,99.7963,99.9742,98.1754,99.926,0.3987,99.9696,99.9855,99.9992,632.4383,583.3728,49.0655,11.1684,25,14.8204,4.6175,14.9439,3.0329,0.1668,0,0,27.7564,47.9155,2.7921,19.4527,10.5959,13.9059
5/11/2025,MSH-0112-Bindura Hospital,CELL_TDD,MSH-0112-Bindura Hospital_LTE_3,3,MSH-0112-Bindura Hospital_LTE,100%,100,99.8271,99.9571,98.9359,99.8581,1.2059,99.5572,96.9268,99.9992,912.2262,845.0535,67.1727,19.6007,41,7.8058,3.869,16.1942,4.6498,0.1838,0,0,51.8276,50.3112,4.9002,32.1799,10.4375,12.9356
5/11/2025,MSH-0112-Bindura Hospital,CELL_TDD,MSH-0112-Bindura Hospital_LTE_4,4,MSH-0112-Bindura Hospital_LTE,100%,100,99.6441,99.9765,97.5019,99.6654,0.8659,99.8567,99.9197,99.9995,683.6575,635.9164,47.7411,14.0107,28,8.1355,3.0435,14.0128,3.5756,0.1669,0,0,41.4371,51.6703,3.5027,31.8608,12.3716,16.517
5/11/2025,MSH-0112-Bindura Hospital,CELL_TDD,MSH-0112-Bindura Hospital_LTE_5,5,MSH-0112-Bindura Hospital_LTE,100%,100,99.0814,99.8264,95.5812,99.6602,0.6556,100,99.9596,99.9992,228.0866,199.1115,28.9751,7.3712,23,11.6491,4.3328,14.3669,3.4866,0.1647,0,0,17.1926,45.2843,1.8428,16.6594,10.434,12.6506
5/11/2025,MSH-0112-Bindura Hospital,CELL_TDD,MSH-0112-Bindura Hospital_LTE_6,6,MSH-0112-Bindura Hospital_LTE,100%,100,99.7439,99.9391,97.6814,99.7521,8.0068,99.661,99.7443,99.9992,468.5129,432.4421,36.0708,15.6441,37,7.8441,3.1958,16.8256,4.9449,0.1983,0,0,37.6874,49.411,3.911,29.6084,10.725,12.0146
5/11/2025,MSH-0014-Chipadze,CELL_TDD,MSH-0014-Chipadze_LTE_6,6,MSH-0014-Chipadze,100%,100,98.3467,99.5524,85.2169,99.8006,1.3232,99.6139,99.6443,100.0018,900.1922,825.2068,74.9853,16.2725,33,7.131,4.5467,17.0206,5.6619,0.1833,0,0,49.7296,60.2166,4.0681,24.8866,9.7451,15.5345
5/11/2025,MSH-0014-Chipadze,CELL_TDD,MSH-0014-Chipadze_LTE_5,5,MSH-0014-Chipadze,100%,100,99.3061,99.8055,95.1862,99.6861,1.9916,99.1254,99.2317,100.001,688.3626,633.66,54.7026,25.4867,57,2.5401,1.8367,19.4701,10.4572,0.2159,0,0.0001,68.4176,65.0891,6.3717,34.0288,9.0118,12.0425
5/11/2025,MSH-0014-Chipadze,CELL_TDD,MSH-0014-Chipadze_LTE_4,4,MSH-0014-Chipadze,100%,100,99.7402,99.9192,98.2488,99.8739,0.8921,98.2498,98.5022,100.001,576.625,514.0841,62.5409,15.3223,32,5.8601,4.517,17.0784,6.0506,0.1907,0,0,45.0324,60.4047,3.8306,24.2519,10.0095,13.8331
5/11/2025,MSH-0014-Chipadze,CELL_TDD,MSH-0014-Chipadze_LTE_3,3,MSH-0014-Chipadze,100%,100,98.645,99.8352,81.9293,99.8049,0.8517,99.6299,99.6713,100.001,1276.8779,1148.1138,128.764,20.2171,37,8.2246,5.8187,15.677,3.8756,0.1732,0,0,50.2313,65.9465,5.0543,21.5761,9.9212,14.2042
5/11/2025,MSH-0014-Chipadze,CELL_TDD,MSH-0014-Chipadze_LTE_2,2,MSH-0014-Chipadze,100%,100,99.2987,99.8542,92.1637,99.7188,1.8093,99.5533,99.535,100.001,1101.3097,1020.9415,80.3682,28.1636,53,3.4258,2.3008,17.1294,8.5179,0.1922,0,0,69.7302,64.4624,7.0409,25.6849,8.9421,11.7288
5/11/2025,MSH-0014-Chipadze,CELL_TDD,MSH-0014-Chipadze_LTE_1,1,MSH-0014-Chipadze,100%,100,99.8691,99.9746,98.2648,99.8664,0.6991,98.9868,99.0058,100.0015,801.6644,732.0588,69.6056,18.7953,44,7.937,4.6688,15.5779,5.6793,0.1731,0,0,39.4081,56.0606,4.6988,18.8952,10.1927,13.2766
6/11/2025,MSH0013-Bindura-Zaoga,CELL_TDD,Bindura_Zaoga_LTE_6,6,MSH0013-Bindura-Zaoga,83%,99.9994,99.8311,99.9271,98.6301,99.7479,1.3617,98.6679,98.7971,99.9987,282.0672,257.9684,24.0989,5.179,15,9.0883,3.492,12.2427,4.8837,0.1579,0,0,29.9793,46.8837,1.2947,26.5598,9.9008,11.1951
6/11/2025,MSH0013-Bindura-Zaoga,CELL_TDD,Bindura_Zaoga_LTE_5,5,MSH0013-Bindura-Zaoga,83%,99.9994,99.5462,99.7748,97.9086,99.3032,2.0884,99.0932,99.2034,99.9991,403.3196,364.802,38.5176,30.2492,96,4.5749,2.4342,15.69,8.5342,0.1897,0,0.0001,48.1038,51.8512,7.5623,40.823,10.4433,12.6662
6/11/2025,MSH0013-Bindura-Zaoga,CELL_TDD,Bindura_Zaoga_LTE_4,4,MSH0013-Bindura-Zaoga,83%,99.9994,91.8879,93.6149,87.0036,90.9025,2.1726,98.7587,98.9247,99.9987,196.3459,171.2367,25.1092,41.0579,159,5.3258,1.1121,18.8559,17.2343,0.2305,0.0001,0.0004,28.6918,47.339,10.2645,42.0575,9.569,11.1114
6/11/2025,MSH0013-Bindura-Zaoga,CELL_TDD,Bindura_Zaoga_LTE_3,3,MSH0013-Bindura-Zaoga,83%,99.9994,99.9161,99.9414,99.3865,99.9417,0.9814,97.067,97.4359,99.9991,317.9952,292.9772,25.018,5.5758,15,10.2903,4.9774,11.5288,2.9506,0.1433,0,0,31.6688,42.8626,1.3939,23.0327,10.4192,11.7966
6/11/2025,MSH0013-Bindura-Zaoga,CELL_TDD,Bindura_Zaoga_LTE_2,2,MSH0013-Bindura-Zaoga,83%,99.9994,99.6932,99.8785,98.2471,99.6823,1.5095,98.7858,99.1415,99.9987,649.0703,595.7887,53.2816,30.0082,85,5.6349,3.3014,13.6869,5.8617,0.1589,0,0.0001,51.4612,51.9531,7.5021,35.9184,10.3766,12.6722
6/11/2025,MSH0013-Bindura-Zaoga,CELL_TDD,Bindura_Zaoga_LTE_1,1,MSH0013-Bindura-Zaoga,83%,99.9994,95.097,96.4483,90.4106,94.4414,2.2252,99.5896,99.6192,99.9991,346.4415,304.7368,41.7047,42.4558,168,8.4349,1.5404,17.6676,13.7598,0.2111,0,0.0002,29.6911,52.1244,10.614,37.795,9.9273,12.2871
6/11/2025,MSH-0331-Chiwaridzo 2,CELL_TDD,MSH-0331-Chiwaridzo 2_LTE_6,6,MSH-0331-Chiwaridzo 2_LTE,75%,99.9648,98.7944,99.4156,95.4346,99.4396,1.5296,99.8741,99.9246,99.9949,250.0231,227.19,22.8331,9.0099,36,6.0516,3.6437,18.3575,6.4791,0.224,0,0,57.9542,56.291,2.2525,43.9802,10.4938,13.9699
6/11/2025,MSH-0331-Chiwaridzo 2,CELL_TDD,MSH-0331-Chiwaridzo 2_LTE_5,5,MSH-0331-Chiwaridzo 2_LTE,75%,99.9648,98.9522,99.3205,97.0024,99.405,3.382,99.8878,99.8805,99.9949,284.7658,263.7608,21.0051,8.4883,50,10.6393,3.0245,16.8135,7.0958,0.195,0,0,44.8857,55.9234,2.1221,37.7788,9.9979,13.6899
6/11/2025,MSH-0331-Chiwaridzo 2,CELL_TDD,MSH-0331-Chiwaridzo 2_LTE_4,4,MSH-0331-Chiwaridzo 2_LTE,75%,99.9648,98.9134,99.0386,97.7337,99.7127,1.557,99.9272,99.8946,99.9949,440.1345,402.101,38.0335,15.7012,70,8.2632,3.5181,15.1943,7.5259,0.1754,0,0,60.9308,62.6517,3.9253,48.2704,11.5081,17.9968
6/11/2025,MSH-0331-Chiwaridzo 2,CELL_TDD,MSH-0331-Chiwaridzo 2_LTE_3,3,MSH-0331-Chiwaridzo 2_LTE,75%,99.9648,99.3626,99.6434,97,99.7526,1.3865,99.9548,99.9782,99.9949,361.7336,333.2251,28.5085,11.4893,48,6.7906,4.6152,16.4459,4.2166,0.1832,0,0,60.8656,51.5862,2.8723,34.7037,10.7559,14.3456
6/11/2025,MSH-0331-Chiwaridzo 2,CELL_TDD,MSH-0331-Chiwaridzo 2_LTE_2,2,MSH-0331-Chiwaridzo 2_LTE,75%,99.9648,99.3505,99.7442,94.3503,99.7904,3.529,100,100,99.9949,267.2482,248.797,18.4512,10.7468,44,9.8052,2.3347,16.6187,8.3883,0.1906,0,0,50.4902,52.3388,2.6867,33.7197,10.2326,13.7191
6/11/2025,MSH-0331-Chiwaridzo 2,CELL_TDD,MSH-0331-Chiwaridzo 2_LTE_1,1,MSH-0331-Chiwaridzo 2_LTE,75%,99.9648,99.0641,99.1998,96.9792,99.8238,1.121,99.9563,99.863,99.9956,486.8262,447.1717,39.6545,16.1992,76,6.7935,3.8803,15.9157,6.1337,0.1782,0,0,69.792,57.3987,4.0498,42.5726,11.2726,15.5267
6/11/2025,MSH-0112-Bindura Hospital,CELL_TDD,MSH-0112-Bindura Hospital_LTE_1,1,MSH-0112-Bindura Hospital_LTE,100%,100,99.85,99.9801,97.7987,99.9537,0.6544,100,99.9821,100.0024,604.4982,554.7606,49.7376,10.0341,25,6.8688,4.8001,16.4448,3.5779,0.1881,0,0,44.8224,47.1724,2.5085,27.221,11.016,13.3046
6/11/2025,MSH-0112-Bindura Hospital,CELL_TDD,MSH-0112-Bindura Hospital_LTE_2,2,MSH-0112-Bindura Hospital_LTE,100%,100,99.7805,99.9931,96.9302,99.9656,0.7837,99.9141,99.938,100.0018,663.3792,614.0261,49.3531,10.9518,24,11.9334,4.6731,15.5435,3.5027,0.1748,0,0,34.3258,46.7365,2.738,20.0012,10.8377,15.124
6/11/2025,MSH-0112-Bindura Hospital,CELL_TDD,MSH-0112-Bindura Hospital_LTE_3,3,MSH-0112-Bindura Hospital_LTE,100%,100,99.7517,99.8809,98.9485,99.6782,1.4213,99.7772,95.772,100.0018,1018.5444,938.7896,79.7548,27.3468,94,7.7882,3.2207,16.6436,6.4637,0.1846,0,0,58.0515,51.2978,6.8367,36.2515,10.7586,13.3095
6/11/2025,MSH-0112-Bindura Hospital,CELL_TDD,MSH-0112-Bindura Hospital_LTE_4,4,MSH-0112-Bindura Hospital_LTE,100%,100,99.5673,99.967,96.8061,99.8153,0.5611,100,99.9754,100.0018,628.3946,570.3846,58.01,14.6025,30,8.2203,4.7506,14.4216,3.1264,0.1719,0,0,38.1327,48.7757,3.6506,27.732,12.3108,16.7261
6/11/2025,MSH-0112-Bindura Hospital,CELL_TDD,MSH-0112-Bindura Hospital_LTE_5,5,MSH-0112-Bindura Hospital_LTE,100%,100,98.972,99.8428,94.7925,99.7073,0.9904,99.8697,99.8788,100.0016,521.4595,486.3065,35.153,8.972,22,10.1593,2.6262,16.0036,4.5744,0.183,0,0,30.7723,47.5684,2.243,23.817,10.766,13.5439
6/11/2025,MSH-0112-Bindura Hospital,CELL_TDD,MSH-0112-Bindura Hospital_LTE_6,6,MSH-0112-Bindura Hospital_LTE,100%,100,98.9674,99.49,96.1115,99.0659,11.1228,99.6007,97.0427,100.0018,549.5966,502.1561,47.4405,20.4111,86,8.2668,2.4942,18.9138,9.0603,0.2292,0.0001,0.0001,42.2951,52.4272,5.1028,35.5728,10.4187,12.1542
6/11/2025,MSH-0014-Chipadze,CELL_TDD,MSH-0014-Chipadze_LTE_6,6,MSH-0014-Chipadze,100%,99.9903,97.7756,99.2803,87.1237,99.7771,1.2226,99.6638,99.6738,99.9139,810.6069,731.4367,79.1702,14.0947,47,6.9995,5.4542,16.551,5.1853,0.1787,0,0,42.7631,58.9949,3.5237,23.8082,10.7842,17.3368
6/11/2025,MSH-0014-Chipadze,CELL_TDD,MSH-0014-Chipadze_LTE_5,5,MSH-0014-Chipadze,100%,99.9903,97.2312,98.4013,90.643,99.2691,2.0583,98.8031,99.2401,99.9139,478.7501,417.3759,61.3742,42.1995,176,3.8853,1.7927,19.859,13.4646,0.224,0,0.0002,47.8366,66.9775,10.5499,31.7172,9.3935,12.7359
6/11/2025,MSH-0014-Chipadze,CELL_TDD,MSH-0014-Chipadze_LTE_4,4,MSH-0014-Chipadze,100%,99.9903,99.1026,99.2144,98.2237,99.7457,1.7775,98.5666,98.7894,99.9139,493.7596,451.1672,42.5924,18.2311,96,5.4794,2.8668,18.5881,7.4689,0.2076,0,0.0001,38.1994,58.8528,4.5578,24.3815,10.67,14.8667
6/11/2025,MSH-0014-Chipadze,CELL_TDD,MSH-0014-Chipadze_LTE_3,3,MSH-0014-Chipadze,100%,99.9902,98.217,99.2416,87.7193,99.722,1.2696,99.7043,99.7609,99.9139,987.9182,889.216,98.7023,17.3692,60,7.912,5.3826,15.6886,4.4365,0.1745,0,0,43.3464,63.3488,4.3423,20.6304,10.4447,14.5786
6/11/2025,MSH-0014-Chipadze,CELL_TDD,MSH-0014-Chipadze_LTE_2,2,MSH-0014-Chipadze,100%,99.9902,98.1788,98.7799,93.9504,99.4258,1.9415,99.0947,99.4012,99.9139,756.6505,667.1246,89.5259,43.4765,168,4.3394,2.3219,18.699,12.0809,0.2099,0,0.0001,52.5053,63.8471,10.8691,24.5784,9.6405,11.6225
6/11/2025,MSH-0014-Chipadze,CELL_TDD,MSH-0014-Chipadze_LTE_1,1,MSH-0014-Chipadze,100%,99.9902,99.252,99.3119,98.426,99.7746,1.3998,98.2301,98.7038,99.9139,647.7084,594.4029,53.3056,21.9692,141,6.7514,3.3957,17.1859,6.9243,0.1966,0,0.0002,32.618,53.5871,5.4923,18.0608,10.9767,14.5671
7/11/2025,MSH0013-Bindura-Zaoga,CELL_TDD,Bindura_Zaoga_LTE_6,6,MSH0013-Bindura-Zaoga,100%,99.9994,99.4561,99.8923,94.5783,99.6816,1.4842,97.9186,98.0886,99.996,350.1667,310.2146,39.9521,5.9082,16,7.0225,3.841,13.5281,6.1867,0.1827,0,0.0001,36.1892,51.0962,1.4771,30.892,9.5314,9.4259
7/11/2025,MSH0013-Bindura-Zaoga,CELL_TDD,Bindura_Zaoga_LTE_5,5,MSH0013-Bindura-Zaoga,100%,99.9994,99.5722,99.8447,97.6107,99.5473,1.571,98.8796,99.0969,99.9963,783.703,710.6067,73.0964,36.0385,85,5.0266,3.0362,14.6685,7.7388,0.1728,0,0,57.4582,59.4664,9.0096,45.5518,10.2607,12.9597
7/11/2025,MSH0013-Bindura-Zaoga,CELL_TDD,Bindura_Zaoga_LTE_4,4,MSH0013-Bindura-Zaoga,100%,99.9994,96.9847,98.8841,88.439,98.0419,3.2007,99.2358,99.3459,99.996,421.4193,375.833,45.5863,45.5667,163,6.4737,1.6392,19.8096,18.8094,0.2359,0.0001,0.0003,34.3129,46.1669,11.3916,46.3893,9.3098,12.2233
7/11/2025,MSH0013-Bindura-Zaoga,CELL_TDD,Bindura_Zaoga_LTE_3,3,MSH0013-Bindura-Zaoga,100%,99.9994,99.9358,99.9833,98.7234,99.9173,0.7326,98.2432,98.5011,99.9963,633.2818,584.7586,48.5232,7.8321,17,10.2763,5.1165,11.5101,3.6846,0.1394,0,0.0001,37.8054,46.7955,1.958,25.6019,10.5384,12.7812
7/11/2025,MSH0013-Bindura-Zaoga,CELL_TDD,Bindura_Zaoga_LTE_2,2,MSH0013-Bindura-Zaoga,100%,99.9994,99.7903,99.918,98.8351,99.6917,1.4153,98.2799,98.9858,99.996,992.5638,904.5955,87.9683,35.8898,84,5.3764,3.7431,13.5801,6.5336,0.1581,0,0.0002,60.9347,54.2896,8.9724,39.9079,10.4839,12.7793
7/11/2025,MSH0013-Bindura-Zaoga,CELL_TDD,Bindura_Zaoga_LTE_1,1,MSH0013-Bindura-Zaoga,100%,99.9994,96.7257,99.1845,87.4179,98.5743,3.1829,99.2481,99.3918,99.9963,495.2351,434.0875,61.1476,47.3326,147,6.5381,2.0496,19.575,15.6179,0.2305,0.0001,0.0005,33.3052,45.1818,11.8331,41.6751,9.551,12.9333
7/11/2025,MSH-0331-Chiwaridzo 2,CELL_TDD,MSH-0331-Chiwaridzo 2_LTE_6,6,MSH-0331-Chiwaridzo 2_LTE,95%,99.9644,99.273,99.796,95.7655,99.3565,1.4309,99.933,99.9567,99.9989,382.4245,348.6339,33.7906,12.9882,57,4.4575,3.2666,19.4181,6.976,0.2289,0,0.0001,70.3046,53.57,3.2471,50.9184,9.6933,12.3907
7/11/2025,MSH-0331-Chiwaridzo 2,CELL_TDD,MSH-0331-Chiwaridzo 2_LTE_5,5,MSH-0331-Chiwaridzo 2_LTE,95%,99.9644,99.2199,99.8147,96.0526,99.133,1.8062,99.9616,99.9532,99.9989,511.9857,481.7399,30.2457,10.7518,37,6.9131,3.3563,17.0723,6.2459,0.1913,0,0.0001,62.5615,51.0378,2.688,45.7707,9.3282,14.1971
7/11/2025,MSH-0331-Chiwaridzo 2,CELL_TDD,MSH-0331-Chiwaridzo 2_LTE_4,4,MSH-0331-Chiwaridzo 2_LTE,95%,99.9644,99.034,99.1822,97.5896,99.3546,1.6669,99.7202,99.8298,99.9995,861.5201,791.5015,70.0186,23.0139,79,6.1263,4.2345,16.0048,6.5524,0.1761,0,0,77.572,60.3354,5.7535,59.2109,10.9663,17.8073
7/11/2025,MSH-0331-Chiwaridzo 2,CELL_TDD,MSH-0331-Chiwaridzo 2_LTE_3,3,MSH-0331-Chiwaridzo 2_LTE,95%,99.9644,99.8464,99.9728,98.6581,99.8075,1.189,100,100,99.9995,577.2209,532.4707,44.7502,14.9738,65,4.2912,3.5036,17.9192,5.5617,0.2022,0,0.0001,79.1646,54.8063,3.7434,44.9136,9.9939,12.5974
7/11/2025,MSH-0331-Chiwaridzo 2,CELL_TDD,MSH-0331-Chiwaridzo 2_LTE_2,2,MSH-0331-Chiwaridzo 2_LTE,95%,99.9644,99.7444,99.9818,96.3948,99.688,2.0323,99.9447,99.9794,99.9989,561.0364,511.2356,49.8008,15.1361,66,5.2394,4.6473,16.4767,6.0427,0.1815,0,0.0001,64.2707,53.2602,3.784,41.3566,9.8737,14.1244
7/11/2025,MSH-0331-Chiwaridzo 2,CELL_TDD,MSH-0331-Chiwaridzo 2_LTE_1,1,MSH-0331-Chiwaridzo 2_LTE,95%,99.9644,98.991,99.0091,98.6707,99.736,1.245,99.9586,99.9714,99.9995,912.755,832.666,80.089,27.8611,88,4.832,4.4292,16.1013,6.787,0.1769,0,0,84.3497,54.7016,6.9653,52.0249,11.0892,15.8873
7/11/2025,MSH-0112-Bindura Hospital,CELL_TDD,MSH-0112-Bindura Hospital_LTE_1,1,MSH-0112-Bindura Hospital_LTE,100%,100,99.9155,99.9789,99.1431,99.9091,0.5656,100,99.9885,100.0005,582.5584,537.8862,44.6721,10.5067,23,7.2732,4.8362,16.5734,3.1968,0.1872,0,0.0001,44.4026,45.7477,2.6267,25.7738,11.5558,13.5736
7/11/2025,MSH-0112-Bindura Hospital,CELL_TDD,MSH-0112-Bindura Hospital_LTE_2,2,MSH-0112-Bindura Hospital_LTE,100%,100,99.6772,99.9186,97.4627,99.8554,0.8499,99.9501,99.9168,100.0003,719.0866,647.8637,71.2228,9.1561,19,12.3719,5.8727,16.1468,3.8749,0.1841,0,0,34.4691,50.4299,2.289,20.2801,10.6895,15.4551
7/11/2025,MSH-0112-Bindura Hospital,CELL_TDD,MSH-0112-Bindura Hospital_LTE_3,3,MSH-0112-Bindura Hospital_LTE,100%,100,99.7745,99.9393,98.7212,99.8156,1.3163,99.8813,96.2638,99.9979,907.0014,822.7716,84.2298,20.2492,69,10.7227,4.6972,15.8919,5.2103,0.1776,0,0,42.18,52.7387,5.0623,29.0694,10.5218,13.9216
7/11/2025,MSH-0112-Bindura Hospital,CELL_TDD,MSH-0112-Bindura Hospital_LTE_4,4,MSH-0112-Bindura Hospital_LTE,100%,100,99.4954,99.9652,96.3679,99.5882,0.7748,99.5327,99.8606,100.0003,682.0221,626.1646,55.8575,13.9158,25,8.4426,3.6428,15.2613,3.8292,0.1811,0,0.0001,39.7996,51.1297,3.479,30.5343,12.1871,16.6292
7/11/2025,MSH-0112-Bindura Hospital,CELL_TDD,MSH-0112-Bindura Hospital_LTE_5,5,MSH-0112-Bindura Hospital_LTE,100%,100,99.3685,99.7965,97.3999,99.6728,0.8915,99.9462,99.9712,100.0003,394.1885,335.7551,58.4334,9.342,23,12.1635,6.2042,14.7044,4.2758,0.1688,0,0,20.7468,49.4708,2.3355,19.3998,10.8566,13.1161
7/11/2025,MSH-0112-Bindura Hospital,CELL_TDD,MSH-0112-Bindura Hospital_LTE_6,6,MSH-0112-Bindura Hospital_LTE,100%,100,99.3477,99.7953,96.2484,99.4618,13.0275,99.9444,97.8826,100.0003,490.8601,441.0184,49.8417,13.1534,76,9.68,3.8512,16.9291,5.9643,0.2028,0.0001,0,34.5455,50.8076,3.2883,28.7435,10.3601,12.4098
7/11/2025,MSH-0014-Chipadze,CELL_TDD,MSH-0014-Chipadze_LTE_6,6,MSH-0014-Chipadze,100%,99.9982,97.6132,99.7716,83.0471,99.6262,1.4009,99.4704,99.5353,100.0006,858.261,787.439,70.8221,14.1915,31,5.5275,4.0169,16.15,6.4124,0.173,0,0,51.1452,59.9313,3.5479,26.4074,10.0978,16.1723
7/11/2025,MSH-0014-Chipadze,CELL_TDD,MSH-0014-Chipadze_LTE_5,5,MSH-0014-Chipadze,100%,99.9982,97.7728,99.1105,88.5029,99.42,2.194,98.53,98.8985,100.0006,661.4704,583.8794,77.591,43.9511,203,2.2087,1.7228,19.9659,13.9882,0.2213,0,0.0002,65.7996,68.3457,10.9878,36.5716,8.8013,12.1187
7/11/2025,MSH-0014-Chipadze,CELL_TDD,MSH-0014-Chipadze_LTE_4,4,MSH-0014-Chipadze,100%,99.9982,99.566,99.7848,97.5091,99.8903,0.7547,98.5329,98.7392,100.0006,535.3066,489.0006,46.306,15.1835,125,6.3501,3.6628,17.3578,5.7766,0.1912,0,0,41.918,58.9295,3.7959,23.6808,9.971,13.9974
7/11/2025,MSH-0014-Chipadze,CELL_TDD,MSH-0014-Chipadze_LTE_3,3,MSH-0014-Chipadze,100%,99.9982,99.2087,99.9302,88.9027,99.8962,0.6285,99.4043,99.5143,100.0006,1342.5985,1228.4548,114.1438,22.4412,42,6.4873,4.9289,14.5793,3.6066,0.161,0,0,53.6969,58.4045,5.6103,24.3419,9.8061,12.0181
7/11/2025,MSH-0014-Chipadze,CELL_TDD,MSH-0014-Chipadze_LTE_2,2,MSH-0014-Chipadze,100%,99.9982,99.0938,99.6112,95.3187,99.6471,1.8548,99.2916,99.4891,100.0006,1030.9417,916.4756,114.4661,47.1257,173,3.5587,2.4631,18.1999,11.8619,0.2035,0,0.0002,63.247,63.7253,11.7814,26.0576,9.1098,11.9162
7/11/2025,MSH-0014-Chipadze,CELL_TDD,MSH-0014-Chipadze_LTE_1,1,MSH-0014-Chipadze,100%,99.9982,99.7579,99.8207,98.9084,99.8924,0.7403,98.9696,99.0889,100.0006,732.4108,666.8549,65.5559,19.0652,102,8.5885,5.1626,16.1037,5.3377,0.1801,0,0,37.236,54.5122,4.7663,17.8009,10.6879,13.2081
8/11/2025,MSH0013-Bindura-Zaoga,CELL_TDD,Bindura_Zaoga_LTE_6,6,MSH0013-Bindura-Zaoga,100%,100,99.786,99.8883,97.4638,99.8568,0.7479,98.53,98.5985,100.0005,475.8703,439.5858,36.2844,6.294,15,8.1639,3.5239,13.1769,5.6569,0.1717,0,0,38.2038,48.7821,1.5735,29.8994,9.6982,10.1607
8/11/2025,MSH0013-Bindura-Zaoga,CELL_TDD,Bindura_Zaoga_LTE_5,5,MSH0013-Bindura-Zaoga,100%,100,99.6331,99.8151,98.2952,99.5057,1.7528,98.5061,98.7324,100.0005,808.795,713.0819,95.7131,33.2483,75,4.2909,3.8961,14.5689,8.2503,0.1708,0,0.0002,61.2755,59.7137,8.3121,47.5557,10.3402,12.4263
8/11/2025,MSH0013-Bindura-Zaoga,CELL_TDD,Bindura_Zaoga_LTE_4,4,MSH0013-Bindura-Zaoga,100%,100,95.3157,97.0219,88.1902,96.1945,3.2437,98.7298,99.0614,100.0005,717.2403,653.8046,63.4357,32.0499,147,5.9478,2.5804,17.4416,14.2149,0.2117,0,0.0003,53.672,51.0525,8.0125,49.2795,9.5738,12.291
8/11/2025,MSH0013-Bindura-Zaoga,CELL_TDD,Bindura_Zaoga_LTE_3,3,MSH0013-Bindura-Zaoga,100%,100,99.975,100,99.5556,99.9475,1.3472,99.1071,99.2013,100.0005,454.2103,419.8054,34.4049,5.6947,17,9.8884,4.5653,11.5414,3.9304,0.1391,0,0,31.7329,45.4482,1.4237,22.8282,9.4662,11.3345
8/11/2025,MSH0013-Bindura-Zaoga,CELL_TDD,Bindura_Zaoga_LTE_2,2,MSH0013-Bindura-Zaoga,100%,100,99.8509,99.9378,99.2027,99.6295,1.3022,98.5832,99.0341,100.0005,1364.1322,1253.0488,111.0835,33.9912,78,5.7137,4.1692,13.6488,6.2449,0.1563,0,0,67.1308,56.1072,8.4978,42.706,10.429,13.2891
8/11/2025,MSH0013-Bindura-Zaoga,CELL_TDD,Bindura_Zaoga_LTE_1,1,MSH0013-Bindura-Zaoga,100%,100,96.5423,98.1243,88.8848,96.8755,2.9079,98.6191,99.0331,100.0016,626.4961,574.6687,51.8274,33.6462,145,4.4821,2.1762,18.1881,12.7773,0.222,0,0.0004,53.839,45.8298,8.4116,44.8863,9.3482,10.7683
8/11/2025,MSH-0331-Chiwaridzo 2,CELL_TDD,MSH-0331-Chiwaridzo 2_LTE_6,6,MSH-0331-Chiwaridzo 2_LTE,100%,99.9645,97.6324,97.9826,95.1249,99.4448,1.1058,99.7735,99.7456,99.8494,249.2012,229.458,19.7432,11.9307,74,4.007,2.3474,21.6017,6.8523,0.2673,0,0,56.6298,50.5978,2.9827,40.9163,9.6767,10.0168
8/11/2025,MSH-0331-Chiwaridzo 2,CELL_TDD,MSH-0331-Chiwaridzo 2_LTE_5,5,MSH-0331-Chiwaridzo 2_LTE,100%,99.9645,98.0534,98.5366,94.4118,99.5976,1.6677,99.9155,99.8093,99.8494,420.5362,388.6079,31.9283,11.7229,56,7.9316,3.8233,17.623,6.7003,0.2103,0,0,51.161,51.1657,2.9307,37.2644,9.2727,13.1484
8/11/2025,MSH-0331-Chiwaridzo 2,CELL_TDD,MSH-0331-Chiwaridzo 2_LTE_4,4,MSH-0331-Chiwaridzo 2_LTE,100%,99.9645,97.2135,97.2873,96.4734,99.72,1.5002,99.8997,99.7748,99.85,739.6726,677.6607,62.0118,24.8904,108,6.6455,3.8436,16.3916,5.8006,0.1845,0,0,69.9993,59.3915,6.2226,50.1763,11.2281,16.8539
8/11/2025,MSH-0331-Chiwaridzo 2,CELL_TDD,MSH-0331-Chiwaridzo 2_LTE_3,3,MSH-0331-Chiwaridzo 2_LTE,100%,99.9645,98.2988,98.3874,96.8011,99.8717,0.8099,99.9156,99.9041,99.8516,411.3197,379.2495,32.0702,15.6417,113,5.0812,3.9497,18.7353,5.0103,0.2095,0,0,57.0487,47.8951,3.9104,31.6482,10.5051,12.0447
8/11/2025,MSH-0331-Chiwaridzo 2,CELL_TDD,MSH-0331-Chiwaridzo 2_LTE_2,2,MSH-0331-Chiwaridzo 2_LTE,100%,99.9645,97.7001,97.723,97.399,99.7697,2.0475,99.9214,99.9376,99.8516,461.9686,423.737,38.2316,15.1008,127,7.0922,3.8999,16.5678,7.5887,0.1933,0,0,53.7776,49.5471,3.7752,32.4578,10.3066,13.2719
8/11/2025,MSH-0331-Chiwaridzo 2,CELL_TDD,MSH-0331-Chiwaridzo 2_LTE_1,1,MSH-0331-Chiwaridzo 2_LTE,100%,99.9645,96.3351,96.2503,98.1641,99.7571,0.9966,99.9045,99.9299,99.8494,806.4603,733.6293,72.8309,29.5987,188,5.2432,3.9736,16.7423,7.1609,0.1867,0,0,72.9356,54.604,7.3997,45.197,11.2089,14.9915
8/11/2025,MSH-0112-Bindura Hospital,CELL_TDD,MSH-0112-Bindura Hospital_LTE_1,1,MSH-0112-Bindura Hospital_LTE,100%,100,99.7975,99.9663,98.4449,99.8491,1.0566,99.9066,99.9497,99.999,644.0555,597.0855,46.97,10.5504,23,5.7486,3.7806,17.6272,4.2548,0.2042,0,0,54.5924,49.3257,2.6376,32.3334,11.0889,12.9903
8/11/2025,MSH-0112-Bindura Hospital,CELL_TDD,MSH-0112-Bindura Hospital_LTE_2,2,MSH-0112-Bindura Hospital_LTE,100%,100,99.8508,100,98.1563,99.8697,0.6328,100,100,99.999,993.9542,931.9021,62.0521,9.2039,22,13.4663,4.6632,15.8406,3.136,0.1791,0,0,44.7555,47.7376,2.301,20.8525,10.8007,16.8705
8/11/2025,MSH-0112-Bindura Hospital,CELL_TDD,MSH-0112-Bindura Hospital_LTE_3,3,MSH-0112-Bindura Hospital_LTE,100%,100,99.8562,99.9746,98.9872,99.8502,0.9146,100,97.5246,99.999,936.0615,858.1499,77.9116,19.6473,38,8.9179,4.606,16.2613,4.6033,0.181,0,0,48.8312,51.4815,4.9118,30.6224,10.4865,14.1251
8/11/2025,MSH-0112-Bindura Hospital,CELL_TDD,MSH-0112-Bindura Hospital_LTE_4,4,MSH-0112-Bindura Hospital_LTE,100%,100,99.1757,99.7725,95.4253,99.5518,0.9535,99.8056,99.8284,99.999,742.7649,690.6838,52.081,12.8841,24,7.9537,3.6188,13.1734,3.7317,0.1619,0,0,45.4144,51.723,3.221,32.5427,12.1425,17.1446
8/11/2025,MSH-0112-Bindura Hospital,CELL_TDD,MSH-0112-Bindura Hospital_LTE_5,5,MSH-0112-Bindura Hospital_LTE,100%,100,99.7051,99.9032,98.6599,99.8214,0.6501,99.8801,99.9476,99.999,513.1049,477.1932,35.9117,8.7958,20,14.6915,3.7191,15.0729,3.3556,0.17,0,0,27.5957,46.552,2.199,19.7145,10.5255,13.6771
8/11/2025,MSH-0112-Bindura Hospital,CELL_TDD,MSH-0112-Bindura Hospital_LTE_6,6,MSH-0112-Bindura Hospital_LTE,100%,100,99.6172,99.8825,97.0885,99.7858,10.3689,99.9491,99.9243,99.9992,609.7548,558.6948,51.06,14.2481,33,8.0731,3.6804,18.3875,5.6067,0.2185,0,0,44.7927,51.8645,3.562,34.041,10.1845,11.3527
8/11/2025,MSH-0014-Chipadze,CELL_TDD,MSH-0014-Chipadze_LTE_6,6,MSH-0014-Chipadze,100%,99.9998,96.2903,99.2227,77.9186,99.6358,1.0547,99.5969,99.6317,100.0016,882.2806,791.0988,91.1818,16.211,35,6.4501,4.9613,15.9587,6.0232,0.1705,0,0,53.2785,64.2772,4.0528,25.0506,9.858,15.8781
8/11/2025,MSH-0014-Chipadze,CELL_TDD,MSH-0014-Chipadze_LTE_5,5,MSH-0014-Chipadze,100%,99.9998,97.528,98.8303,91.0582,99.0647,3.1622,99.137,99.311,100.0013,547.448,479.8747,67.5733,49.7792,146,2.0457,1.8269,20.6116,14.8791,0.2346,0.0001,0.0002,54.5579,65.5628,12.4448,34.4314,8.6007,12.0447
8/11/2025,MSH-0014-Chipadze,CELL_TDD,MSH-0014-Chipadze_LTE_4,4,MSH-0014-Chipadze,100%,99.9998,99.855,99.9819,98.4951,99.8942,0.7249,97.9097,98.2733,100.0016,680.8691,598.8325,82.0366,17.5027,41,5.9528,5.7252,17.153,5.6286,0.1883,0,0,46.6223,62.6817,4.3757,25.81,10.4861,14.4831
8/11/2025,MSH-0014-Chipadze,CELL_TDD,MSH-0014-Chipadze_LTE_3,3,MSH-0014-Chipadze,100%,99.9998,97.5958,99.5086,82.8513,99.6682,1.0667,99.8918,99.8819,100.0013,1415.3037,1270.6234,144.6804,21.6994,44,7.7374,6.2873,14.9228,4.0378,0.165,0,0,57.1929,63.5354,5.4248,23.918,9.7758,12.8876
8/11/2025,MSH-0014-Chipadze,CELL_TDD,MSH-0014-Chipadze_LTE_2,2,MSH-0014-Chipadze,100%,99.9998,98.4126,99.3594,92.3067,99.4484,2.5241,99.8463,99.8019,100.0013,836.7919,743.4805,93.3114,53.0833,135,3.0011,2.3098,18.3214,13.0951,0.2085,0,0.0002,60.1783,60.4681,13.2708,26.413,8.31,10.2012
8/11/2025,MSH-0014-Chipadze,CELL_TDD,MSH-0014-Chipadze_LTE_1,1,MSH-0014-Chipadze,100%,99.9998,99.8781,99.9723,98.5651,99.8285,0.7754,99.0283,99.218,100.0013,1022.2384,928.7238,93.5146,20.7384,47,9.0862,5.6597,16.3245,5.2811,0.182,0,0,44.8468,58.3059,5.1846,19.7327,10.6281,14.1308
9/11/2025,MSH0013-Bindura-Zaoga,CELL_TDD,Bindura_Zaoga_LTE_6,6,MSH0013-Bindura-Zaoga,100%,100,99.7335,99.8861,97.5104,99.8305,1.0675,98.5692,98.6885,100.0002,469.9713,435.5944,34.3768,5.9112,19,7.6545,3.7035,12.7259,4.709,0.1569,0,0,37.7803,47.2235,1.4778,29.8533,9.5026,11.6884
9/11/2025,MSH0013-Bindura-Zaoga,CELL_TDD,Bindura_Zaoga_LTE_5,5,MSH0013-Bindura-Zaoga,100%,100,99.674,99.8441,98.3421,99.6173,1.7203,98.7625,98.9844,100,902.9094,793.2487,109.6607,24.5934,61,5.5804,4.768,14.5439,7.9298,0.1709,0,0,63.4259,59.8352,6.1483,45.7787,10.4278,12.0181
9/11/2025,MSH0013-Bindura-Zaoga,CELL_TDD,Bindura_Zaoga_LTE_4,4,MSH0013-Bindura-Zaoga,100%,100,96.3983,98.0545,90.4404,97.3207,4.6716,98.2456,98.503,99.9998,436.6056,393.9619,42.6437,38.0458,85,5.7767,1.8004,19.6017,18.5753,0.2422,0.0001,0.0008,37.0945,48.4761,9.5115,46.4364,9.3709,11.5012
9/11/2025,MSH0013-Bindura-Zaoga,CELL_TDD,Bindura_Zaoga_LTE_3,3,MSH0013-Bindura-Zaoga,100%,100,99.9651,100,99.2032,99.9456,0.6218,99.0448,99.106,99.9998,578.2435,541.9525,36.291,6.0173,15,10.0147,4.9538,11.2349,3.0936,0.1416,0,0,41.7388,43.1331,1.5043,24.0948,10.06,12.1826
9/11/2025,MSH0013-Bindura-Zaoga,CELL_TDD,Bindura_Zaoga_LTE_2,2,MSH0013-Bindura-Zaoga,100%,100,99.8388,99.9637,98.8522,99.7614,1.1316,98.7549,99.0702,99.9998,1162.2846,1058.1664,104.1181,27.1638,61,7.0236,4.6182,13.201,5.7362,0.1529,0,0,62.114,56.5954,6.791,37.6925,10.1959,13.1384
9/11/2025,MSH0013-Bindura-Zaoga,CELL_TDD,Bindura_Zaoga_LTE_1,1,MSH0013-Bindura-Zaoga,100%,100,97.7038,98.877,92.8852,97.9254,3.3326,98.1203,98.8439,100,587.8172,522.8404,64.9769,42.9195,107,6.1154,2.4621,18.5809,14.3222,0.2204,0.0001,0.0008,37.4551,44.8751,10.7299,42.3975,9.4967,12.6189
9/11/2025,MSH-0331-Chiwaridzo 2,CELL_TDD,MSH-0331-Chiwaridzo 2_LTE_6,6,MSH-0331-Chiwaridzo 2_LTE,100%,99.9748,97.0278,98.5075,88.6133,99.6117,1.2216,99.8666,99.8019,99.4853,480.4913,440.1023,40.389,18.4993,69,3.4845,3.2391,20.6568,7.9095,0.2338,0,0,61.5959,50.0177,4.6248,46.7918,9.988,11.7415
9/11/2025,MSH-0331-Chiwaridzo 2,CELL_TDD,MSH-0331-Chiwaridzo 2_LTE_5,5,MSH-0331-Chiwaridzo 2_LTE,100%,99.9748,97.8023,98.3396,94.9482,99.3383,2.9918,99.8734,99.8634,99.4853,594.9643,551.9369,43.0274,15.2553,51,6.8786,3.2256,17.9682,8.949,0.206,0,0,50.9401,50.1582,3.8138,41.9361,9.7093,13.9099
9/11/2025,MSH-0331-Chiwaridzo 2,CELL_TDD,MSH-0331-Chiwaridzo 2_LTE_4,4,MSH-0331-Chiwaridzo 2_LTE,100%,99.9748,97.8807,97.8181,98.291,99.6899,1.0587,99.9305,99.872,99.4853,859.9583,769.0989,90.8594,27.567,93,5.8482,4.766,16.4518,7.6063,0.1845,0,0,63.245,60.8321,6.8918,49.3986,11.2179,16.7491
9/11/2025,MSH-0331-Chiwaridzo 2,CELL_TDD,MSH-0331-Chiwaridzo 2_LTE_3,3,MSH-0331-Chiwaridzo 2_LTE,100%,99.9748,97.7799,98.4247,91.7772,99.7882,0.8244,99.9548,99.9048,99.4755,727.0926,664.1899,62.9027,20.5027,94,3.5468,4.4696,18.5412,5.428,0.2005,0,0.0001,64.9999,49.504,5.1257,39.6797,10.3461,12.9957
9/11/2025,MSH-0331-Chiwaridzo 2,CELL_TDD,MSH-0331-Chiwaridzo 2_LTE_2,2,MSH-0331-Chiwaridzo 2_LTE,100%,99.9748,98.1943,98.4409,96.1571,99.7048,3.1629,99.7336,99.8536,99.4755,689.3715,615.0431,74.3284,17.9425,87,5.7029,5.1514,17.0315,7.1807,0.1969,0,0.0001,52.7769,52.4096,4.4856,35.0749,10.127,13.9694
9/11/2025,MSH-0331-Chiwaridzo 2,CELL_TDD,MSH-0331-Chiwaridzo 2_LTE_1,1,MSH-0331-Chiwaridzo 2_LTE,100%,99.9748,97.4766,97.4957,97.2381,99.7685,0.7555,99.9052,99.8455,99.476,1100.2068,1003.6187,96.5881,34.0918,151,4.2968,4.1729,15.3545,6.5021,0.1658,0,0,67.271,54.6971,8.523,43.7809,11.1145,16.1877
9/11/2025,MSH-0112-Bindura Hospital,CELL_TDD,MSH-0112-Bindura Hospital_LTE_1,1,MSH-0112-Bindura Hospital_LTE,100%,100,99.9115,99.9923,99.2661,99.8934,0.4684,99.8093,99.9152,100.0008,764.0627,704.1617,59.901,11.2077,22,6.1968,4.5121,16.8962,3.6544,0.1918,0,0,58.6899,52.0449,2.8019,34.0268,11.3635,13.2115
9/11/2025,MSH-0112-Bindura Hospital,CELL_TDD,MSH-0112-Bindura Hospital_LTE_2,2,MSH-0112-Bindura Hospital_LTE,100%,100,99.8787,99.9733,99.3299,99.9112,0.519,99.9532,99.9572,100.0008,667.6754,607.5715,60.1039,8.1977,19,16.1709,5.7072,15.1749,3.9109,0.1697,0,0,31.9268,48.2004,2.0494,17.296,10.4337,14.9631
9/11/2025,MSH-0112-Bindura Hospital,CELL_TDD,MSH-0112-Bindura Hospital_LTE_3,3,MSH-0112-Bindura Hospital_LTE,100%,100,99.8339,99.9616,99.0172,99.8622,0.6914,99.9649,96.4095,100.0005,931.0591,863.05,68.0091,21.3823,40,7.0023,3.6087,16.8198,4.5676,0.186,0,0,52.9558,50.8378,5.3456,33.385,10.433,13.714
9/11/2025,MSH-0112-Bindura Hospital,CELL_TDD,MSH-0112-Bindura Hospital_LTE_4,4,MSH-0112-Bindura Hospital_LTE,100%,100,99.7085,99.9771,98.1924,99.7969,0.6515,99.8326,99.9219,100.0008,696.7052,651.8585,44.8468,13.041,30,7.2429,3.1641,16.303,3.5056,0.1937,0,0,48.2914,54.6467,3.2603,33.5755,11.8974,14.7104
9/11/2025,MSH-0112-Bindura Hospital,CELL_TDD,MSH-0112-Bindura Hospital_LTE_5,5,MSH-0112-Bindura Hospital_LTE,100%,100,99.3456,99.8648,96.0379,99.8932,0.651,100,99.9522,100.0005,342.2576,315.2857,26.9719,7.4455,20,15.2516,3.6748,14.0029,2.9759,0.159,0,0,18.3839,49.8415,1.8614,17.6581,10.2558,11.8757
9/11/2025,MSH-0112-Bindura Hospital,CELL_TDD,MSH-0112-Bindura Hospital_LTE_6,6,MSH-0112-Bindura Hospital_LTE,100%,100,99.6487,99.8737,97.2162,99.6422,13.0467,99.941,99.9263,100.0005,466.4817,430.787,35.6948,15.3234,37,6.5835,2.6783,19.2072,5.4245,0.2309,0.0001,0,39.4573,50.1445,3.8308,31.7529,10.1037,10.9588
9/11/2025,MSH-0014-Chipadze,CELL_TDD,MSH-0014-Chipadze_LTE_6,6,MSH-0014-Chipadze,100%,100,96.7087,99.6374,80.9871,99.6675,1.2824,98.9587,99.1317,99.9992,1100.8399,1009.1104,91.7295,15.9702,31,6.3067,4.3581,16.3428,5.4698,0.1742,0,0,59.4147,66.257,3.9925,27.6827,9.5083,15.9551
9/11/2025,MSH-0014-Chipadze,CELL_TDD,MSH-0014-Chipadze_LTE_5,5,MSH-0014-Chipadze,100%,100,98.3145,99.5164,91.4962,99.3913,2.7324,98.6518,98.7805,99.9992,674.5693,599.2852,75.2841,45.78,114,1.8807,1.904,19.9044,14.7227,0.2255,0,0.0002,66.5598,67.22,11.445,36.4836,8.5872,12.0508
9/11/2025,MSH-0014-Chipadze,CELL_TDD,MSH-0014-Chipadze_LTE_4,4,MSH-0014-Chipadze,100%,100,99.8642,99.9546,98.9035,99.9232,0.6498,99.0656,99.1265,99.9992,576.1219,525.2866,50.8353,18.516,39,6.0118,3.7854,16.9369,5.1443,0.1888,0,0,42.7796,58.6126,4.629,24.3042,10.1715,14.0581
9/11/2025,MSH-0014-Chipadze,CELL_TDD,MSH-0014-Chipadze_LTE_3,3,MSH-0014-Chipadze,100%,100,98.4456,99.8318,86.0659,99.8204,0.8961,99.36,99.4839,99.9992,1507.2828,1377.3674,129.9155,23.8212,43,6.9885,5.0161,14.8216,3.5888,0.1662,0,0,59.8921,68.52,5.9553,26.4352,9.9908,12.1313
9/11/2025,MSH-0014-Chipadze,CELL_TDD,MSH-0014-Chipadze_LTE_2,2,MSH-0014-Chipadze,100%,100,98.8345,99.5683,92.9666,99.4915,2.0861,96.9359,98.3521,99.9992,975.4659,870.7523,104.7136,49.3071,120,2.9606,2.3773,18.0224,12.115,0.2024,0,0.0001,63.0401,63.434,12.3268,26.5744,8.5725,11.0413
9/11/2025,MSH-0014-Chipadze,CELL_TDD,MSH-0014-Chipadze_LTE_1,1,MSH-0014-Chipadze,100%,100,99.8389,99.9892,97.1014,99.8573,0.5495,98.6387,98.8841,99.9997,904.3971,838.3468,66.0503,20.8313,45,10.138,4.4485,16.2114,4.4917,0.1802,0,0,38.7319,55.7271,5.2078,18.7674,10.7529,13.8812
10/11/2025,MSH0013-Bindura-Zaoga,CELL_TDD,Bindura_Zaoga_LTE_6,6,MSH0013-Bindura-Zaoga,100%,100,99.5482,99.7709,96.679,99.6587,1.3421,98.3802,98.4056,99.9989,342.4955,302.547,39.9485,4.8431,17,9.077,5.504,12.1314,5.1326,0.1555,0,0,27.5079,47.9076,1.2108,24.0515,9.3865,9.5382
10/11/2025,MSH0013-Bindura-Zaoga,CELL_TDD,Bindura_Zaoga_LTE_5,5,MSH0013-Bindura-Zaoga,100%,100,99.6857,99.8563,98.1397,99.5795,1.7188,98.6176,98.8645,99.9989,864.1209,787.4375,76.6834,37.4648,97,5.3711,3.4415,14.5666,7.6716,0.1746,0,0.0001,58.5752,52.4913,9.3662,45.2005,10.4639,13.0403
10/11/2025,MSH0013-Bindura-Zaoga,CELL_TDD,Bindura_Zaoga_LTE_4,4,MSH0013-Bindura-Zaoga,100%,100,98.4564,99.4369,92.958,99.0834,2.7036,99.3881,99.4841,99.9989,401.1963,366.3706,34.8257,23.9377,53,4.3332,1.3379,18.1003,15.9704,0.2248,0,0.0001,52.5934,44.2741,5.9844,47.9581,9.1406,9.3753
10/11/2025,MSH0013-Bindura-Zaoga,CELL_TDD,Bindura_Zaoga_LTE_3,3,MSH0013-Bindura-Zaoga,100%,100,99.9571,99.9776,99.5074,99.9777,0.3796,99.1396,99.2586,99.9989,472.7541,428.7477,44.0064,5.713,16,11.222,5.7144,11.2661,3.2197,0.1364,0,0,30.5707,41.7179,1.4282,22.0462,10.0659,11.6695
10/11/2025,MSH0013-Bindura-Zaoga,CELL_TDD,Bindura_Zaoga_LTE_2,2,MSH0013-Bindura-Zaoga,100%,100,99.7526,99.9071,98.6223,99.6454,1.6219,98.3122,99.0948,99.9989,1079.6757,995.173,84.5027,37.1982,89,5.1346,3.4562,13.9109,6.3942,0.1613,0,0.0001,57.1187,51.0759,9.2995,38.8462,10.2226,13.4047
10/11/2025,MSH0013-Bindura-Zaoga,CELL_TDD,Bindura_Zaoga_LTE_1,1,MSH0013-Bindura-Zaoga,100%,100,98.9528,99.8184,94.0147,99.4177,2.4119,99.1309,99.362,99.9989,629.8677,568.1445,61.7231,23.1481,50,4.9967,2.6858,17.3874,10.9046,0.2104,0,0,52.938,51.1378,5.787,42.1146,9.1904,10.7589
10/11/2025,MSH-0331-Chiwaridzo 2,CELL_TDD,MSH-0331-Chiwaridzo 2_LTE_6,6,MSH-0331-Chiwaridzo 2_LTE,100%,100,99.0929,99.6431,95.0153,99.3795,1.2022,99.8415,99.8632,99.9992,737.3392,685.1337,52.2055,21.8037,57,4.3198,2.5998,19.4944,7.5875,0.2268,0,0.0001,68.4764,50.8579,5.4509,48.7442,10.0203,12.3784
10/11/2025,MSH-0331-Chiwaridzo 2,CELL_TDD,MSH-0331-Chiwaridzo 2_LTE_5,5,MSH-0331-Chiwaridzo 2_LTE,100%,100,99.262,99.7539,95.7682,99.5969,1.6925,99.9485,99.9527,99.9992,969.3015,892.78,76.5215,18.9192,48,7.3137,4.3273,17.4244,5.8308,0.1932,0,0.0001,58.0939,51.7439,4.7298,41.504,9.3927,12.991
10/11/2025,MSH-0331-Chiwaridzo 2,CELL_TDD,MSH-0331-Chiwaridzo 2_LTE_4,4,MSH-0331-Chiwaridzo 2_LTE,100%,100,99.389,99.5797,97.7032,99.597,0.9397,99.9008,99.8991,99.9992,1532.5188,1393.0877,139.4311,37.7085,82,6.518,4.5222,15.6699,5.9839,0.1749,0,0,69.6484,60.631,9.4271,51.7015,11.1098,17.5921
10/11/2025,MSH-0331-Chiwaridzo 2,CELL_TDD,MSH-0331-Chiwaridzo 2_LTE_3,3,MSH-0331-Chiwaridzo 2_LTE,100%,100,99.7987,99.9149,98.3677,99.7612,0.9249,99.8543,99.9042,99.9992,965.6628,881.857,83.8057,23.3384,49,4.3339,4.3977,19.1962,5.0565,0.2105,0,0.0001,71.6056,50.6502,5.8346,39.2738,10.3437,12.1181
10/11/2025,MSH-0331-Chiwaridzo 2,CELL_TDD,MSH-0331-Chiwaridzo 2_LTE_2,2,MSH-0331-Chiwaridzo 2_LTE,100%,100,99.8324,99.9684,97.8373,99.6876,2.8497,99.9803,99.9832,99.9992,982.0335,911.1349,70.8986,21.0934,54,6.2671,3.9536,15.8463,6.4204,0.1756,0,0,57.9072,49.3739,5.2734,33.4232,10.1254,13.8313
10/11/2025,MSH-0331-Chiwaridzo 2,CELL_TDD,MSH-0331-Chiwaridzo 2_LTE_1,1,MSH-0331-Chiwaridzo 2_LTE,100%,100,99.0246,99.0411,98.7143,99.7555,0.7417,99.9377,99.9471,99.9997,1436.8384,1306.7141,130.1243,42.0494,90,4.602,4.3788,16.4753,6.9298,0.1817,0,0,71.8001,55.2558,10.5124,44.1258,11.1007,15.1431
10/11/2025,MSH-0112-Bindura Hospital,CELL_TDD,MSH-0112-Bindura Hospital_LTE_1,1,MSH-0112-Bindura Hospital_LTE,100%,100,99.9042,99.9848,99.1561,99.8873,0.7442,99.9585,99.9612,99.9995,704.7148,638.4157,66.2991,10.5008,25,6.1383,5.8416,16.1795,3.2644,0.1833,0,0,53.8703,48.1854,2.6252,31.1915,11.4488,13.6516
10/11/2025,MSH-0112-Bindura Hospital,CELL_TDD,MSH-0112-Bindura Hospital_LTE_2,2,MSH-0112-Bindura Hospital_LTE,100%,100,99.7707,99.9388,98.6018,99.9008,0.6083,99.9798,99.9873,99.9989,716.881,663.7603,53.1207,9.1979,21,14.8548,4.3008,15.2486,3.9074,0.1656,0,0,32.4618,47.4312,2.2995,18.3659,10.3162,14.6808
10/11/2025,MSH-0112-Bindura Hospital,CELL_TDD,MSH-0112-Bindura Hospital_LTE_3,3,MSH-0112-Bindura Hospital_LTE,100%,100,99.8455,99.9532,99.1519,99.8314,0.6843,99.7689,96.1626,99.9989,1264.3878,1169.5051,94.8826,23.792,45,7.9717,4.4498,16.193,5.2654,0.1764,0,0,60.1739,53.5509,5.948,34.0659,10.5536,14.1866
10/11/2025,MSH-0112-Bindura Hospital,CELL_TDD,MSH-0112-Bindura Hospital_LTE_4,4,MSH-0112-Bindura Hospital_LTE,100%,100,99.665,99.9548,97.7029,99.8552,0.7939,99.9255,99.9505,99.9989,577.0867,539.5718,37.5149,13.4808,27,6.6433,2.3703,15.5687,4.2603,0.1936,0,0,40.6375,48.9441,3.3702,31.4415,12.1385,15.2189
10/11/2025,MSH-0112-Bindura Hospital,CELL_TDD,MSH-0112-Bindura Hospital_LTE_5,5,MSH-0112-Bindura Hospital_LTE,100%,100,99.2921,99.878,96.7268,99.7474,0.9126,99.9424,99.9629,99.9989,274.6879,247.4769,27.2111,7.5499,19,10.9233,3.1263,14.8923,3.6928,0.171,0,0,19.2361,50.3142,1.8875,18.8412,10.5142,12.5913
10/11/2025,MSH-0112-Bindura Hospital,CELL_TDD,MSH-0112-Bindura Hospital_LTE_6,6,MSH-0112-Bindura Hospital_LTE,100%,100,99.6801,99.8787,97.6839,99.7857,12.1224,99.9758,99.8981,99.9992,558.9652,514.1254,44.8398,17.2324,37,7.957,3.0505,17.96,5.5729,0.2161,0.0001,0,43.7663,51.0534,4.3081,33.0347,10.4386,11.9593
10/11/2025,MSH-0014-Chipadze,CELL_TDD,MSH-0014-Chipadze_LTE_6,6,MSH-0014-Chipadze,100%,100,97.4672,99.8373,76.4212,99.8028,1.0905,98.5845,98.7649,99.9992,935.1856,851.28,83.9056,15.7272,38,5.6386,4.7775,16.793,5.8041,0.1785,0,0,57.4101,61.3126,3.9318,27.2331,9.0656,14.8075
10/11/2025,MSH-0014-Chipadze,CELL_TDD,MSH-0014-Chipadze_LTE_5,5,MSH-0014-Chipadze,100%,100,99.2394,99.6772,95.3855,99.7207,2.2266,98.6679,98.6653,99.9989,654.1475,598.3883,55.7592,26.2203,60,1.7742,1.6433,19.5737,11.0964,0.2161,0,0,73.9595,65.1912,6.5551,35.9596,8.4342,11.07
10/11/2025,MSH-0014-Chipadze,CELL_TDD,MSH-0014-Chipadze_LTE_4,4,MSH-0014-Chipadze,100%,100,99.8934,99.9731,99.0239,99.8725,0.9701,98.731,98.8852,99.9989,556.6531,506.6531,50,16.9405,37,4.943,3.5378,17.5774,6.3655,0.1974,0,0,45.996,59.9507,4.2351,25.0909,9.898,13.5459
10/11/2025,MSH-0014-Chipadze,CELL_TDD,MSH-0014-Chipadze_LTE_3,3,MSH-0014-Chipadze,100%,100,98.4802,99.9414,81.9536,99.8265,1.2157,99.6132,99.6794,99.9989,1445.9978,1305.1795,140.8184,22.3141,48,6.338,5.6964,14.6251,3.8156,0.1595,0,0,63.1774,61.431,5.5785,23.9595,9.7319,12.4225
10/11/2025,MSH-0014-Chipadze,CELL_TDD,MSH-0014-Chipadze_LTE_2,2,MSH-0014-Chipadze,100%,100,99.3501,99.7475,93.7119,99.713,1.4762,99.6682,99.6101,99.9989,909.6959,819.1322,90.5637,28.9664,54,2.4803,2.6446,17.3644,9.3012,0.1966,0,0,70.2368,63.872,7.2416,25.3557,8.2492,10.3784
10/11/2025,MSH-0014-Chipadze,CELL_TDD,MSH-0014-Chipadze_LTE_1,1,MSH-0014-Chipadze,100%,100,99.9173,99.9886,98.7277,99.823,0.8416,98.9312,99.0762,99.9989,732.8432,665.1709,67.6723,20.6335,40,7.1184,4.7853,16.9062,5.8586,0.1911,0,0,42.2108,55.9423,5.1584,19.0191,10.2008,11.5852
11/11/2025,MSH0013-Bindura-Zaoga,CELL_TDD,Bindura_Zaoga_LTE_6,6,MSH0013-Bindura-Zaoga,100%,100,99.7005,99.85,97.654,99.808,0.5923,98.1552,98.2597,100.0014,616.6466,550.4729,66.1737,6.8179,15,10.2805,5.884,12.702,4.6909,0.1593,0,0,35.3823,52.4218,1.7045,28.9762,9.98,12.0025
11/11/2025,MSH0013-Bindura-Zaoga,CELL_TDD,Bindura_Zaoga_LTE_5,5,MSH0013-Bindura-Zaoga,100%,100,99.5461,99.8297,97.4758,99.4471,1.8831,99.2368,99.4014,100.0008,754.5552,682.1853,72.3699,37.9984,95,4.0252,3.3966,14.1739,7.562,0.1663,0,0.0001,65.5266,50.8239,9.4996,48.8808,10.126,13.3525
11/11/2025,MSH0013-Bindura-Zaoga,CELL_TDD,Bindura_Zaoga_LTE_4,4,MSH0013-Bindura-Zaoga,100%,100,98.6421,99.5133,93.3812,99.069,3.0013,98.6438,99.0329,100.0008,591.5638,548.2086,43.3553,24.7449,53,4.1226,1.9392,17.4866,13.2174,0.2188,0,0.0002,61.8867,46.2195,6.1862,51.0791,9.1573,10.078
11/11/2025,MSH0013-Bindura-Zaoga,CELL_TDD,Bindura_Zaoga_LTE_3,3,MSH0013-Bindura-Zaoga,100%,100,99.8719,99.973,98.0676,99.9196,0.5946,98.5528,98.715,100.0011,466.1604,425.9511,40.2093,5.3046,14,11.0101,6.3521,10.8817,3.1747,0.1377,0,0,34.6889,42.7018,1.3262,22.4761,9.8547,11.4846
11/11/2025,MSH0013-Bindura-Zaoga,CELL_TDD,Bindura_Zaoga_LTE_2,2,MSH0013-Bindura-Zaoga,100%,100,99.6705,99.8984,98.3444,99.4827,1.8733,98.7213,99.2918,100.0008,1669.0432,1544.0289,125.0143,37.8552,89,5.5505,4.4098,13.4047,6.6789,0.1524,0,0.0001,73.8275,53.4194,9.4638,47.301,9.9088,13.2526
11/11/2025,MSH0013-Bindura-Zaoga,CELL_TDD,Bindura_Zaoga_LTE_1,1,MSH0013-Bindura-Zaoga,100%,100,99.0258,99.7065,94.8674,99.3698,2.1027,99.1774,99.3434,99.9995,635.2913,570.9378,64.3535,24.4713,48,3.9481,3.1452,20.0547,9.8928,0.2504,0,0.0001,63.1147,48.4527,6.1178,45.1403,9.1823,8.9467
11/11/2025,MSH-0331-Chiwaridzo 2,CELL_TDD,MSH-0331-Chiwaridzo 2_LTE_6,6,MSH-0331-Chiwaridzo 2_LTE,100%,100,98.9325,99.5534,93.6899,99.2216,1.2071,99.9146,99.9251,100.0003,565.515,514.335,51.18,20.8118,53,4.079,2.4637,21.5399,8.8812,0.2595,0,0,61.3134,53.4028,5.203,47.3939,9.8442,10.6693
11/11/2025,MSH-0331-Chiwaridzo 2,CELL_TDD,MSH-0331-Chiwaridzo 2_LTE_5,5,MSH-0331-Chiwaridzo 2_LTE,100%,100,98.9477,99.7365,92.1735,99.6501,1.6777,99.9576,99.9581,99.9994,1107.4873,1008.0418,99.4456,19.9618,51,7.3148,5.5807,16.6409,6.1741,0.1848,0,0,61.5546,53.867,4.9904,44.9981,9.6999,14.2422
11/11/2025,MSH-0331-Chiwaridzo 2,CELL_TDD,MSH-0331-Chiwaridzo 2_LTE_4,4,MSH-0331-Chiwaridzo 2_LTE,100%,100,99.1916,99.3754,97.3279,99.4793,1.0762,99.6486,99.788,100,1475.4315,1322.3502,153.0813,39.5405,75,6.8244,4.749,15.6348,6.4476,0.1774,0,0,69.1506,62.7827,9.8851,52.1834,11.0827,17.0234
11/11/2025,MSH-0331-Chiwaridzo 2,CELL_TDD,MSH-0331-Chiwaridzo 2_LTE_3,3,MSH-0331-Chiwaridzo 2_LTE,100%,100,99.8495,99.9332,98.7685,99.7405,0.6632,99.9476,99.9551,100,933.1805,843.9953,89.1852,23.959,56,4.4839,4.1114,19.3641,5.6696,0.2154,0,0.0001,66.9111,52.9618,5.9897,38.7783,10.1666,11.7878
11/11/2025,MSH-0331-Chiwaridzo 2,CELL_TDD,MSH-0331-Chiwaridzo 2_LTE_2,2,MSH-0331-Chiwaridzo 2_LTE,100%,100,99.6522,99.942,95.7436,99.8138,1.5909,99.9554,99.9597,100.0003,1100.9162,1025.474,75.4422,23.3122,52,6.0764,3.68,16.4533,5.8432,0.1791,0,0.0001,65.7731,50.317,5.828,36.9538,9.7139,13.7424
11/11/2025,MSH-0331-Chiwaridzo 2,CELL_TDD,MSH-0331-Chiwaridzo 2_LTE_1,1,MSH-0331-Chiwaridzo 2_LTE,100%,100,99.1225,99.1619,98.2566,99.8024,0.7163,99.8769,99.9099,100.0008,1480.6398,1312.0913,168.5486,42.0318,94,5.6289,5.3284,16.4127,6.9829,0.1844,0,0,72.9401,57.7575,10.5079,44.6239,11.0474,15.1726
11/11/2025,MSH-0112-Bindura Hospital,CELL_TDD,MSH-0112-Bindura Hospital_LTE_1,1,MSH-0112-Bindura Hospital_LTE,100%,100,99.7934,99.9371,98.0525,99.82,0.4395,100,100,99.9992,616.1888,559.3149,56.8739,10.6195,22,6.8446,5.3197,16.5426,3.425,0.1859,0,0,52.9736,48.9002,2.6549,29.6271,11.4815,12.3585
11/11/2025,MSH-0112-Bindura Hospital,CELL_TDD,MSH-0112-Bindura Hospital_LTE_2,2,MSH-0112-Bindura Hospital_LTE,100%,100,99.8936,99.9755,99.6799,99.9173,0.6296,99.7229,99.8361,99.9992,644.7966,588.4037,56.3929,10.1427,24,13.8854,5.2455,14.7811,3.4609,0.1603,0,0.0001,31.0957,47.6918,2.5357,18.1763,10.2404,13.6237
11/11/2025,MSH-0112-Bindura Hospital,CELL_TDD,MSH-0112-Bindura Hospital_LTE_3,3,MSH-0112-Bindura Hospital_LTE,100%,100,99.8678,99.9815,99.1888,99.8542,0.7951,99.9806,95.6321,99.9989,1565.8606,1419.4834,146.3773,23.9051,43,7.8549,5.8144,15.785,5.4417,0.173,0,0,69.6995,59.5312,5.9763,36.6525,10.5746,15.3345
11/11/2025,MSH-0112-Bindura Hospital,CELL_TDD,MSH-0112-Bindura Hospital_LTE_4,4,MSH-0112-Bindura Hospital_LTE,100%,100,99.674,99.9324,96.7433,99.9165,0.2975,99.8539,99.8864,99.9981,588.9079,549.7871,39.1207,15.3602,30,6.8966,2.3848,15.7968,3.7744,0.1896,0,0,41.9445,50.356,3.8401,32.3358,12.1485,15.6631
11/11/2025,MSH-0112-Bindura Hospital,CELL_TDD,MSH-0112-Bindura Hospital_LTE_5,5,MSH-0112-Bindura Hospital_LTE,100%,100,99.7245,99.9875,98.283,99.8029,0.8868,99.6333,99.7792,99.9989,344.8428,307.3437,37.4991,7.3628,19,9.9667,3.9029,15.0769,4.2255,0.1663,0,0,24.7565,47.1802,1.8407,21.9648,10.2612,11.0891
11/11/2025,MSH-0112-Bindura Hospital,CELL_TDD,MSH-0112-Bindura Hospital_LTE_6,6,MSH-0112-Bindura Hospital_LTE,100%,100,99.6767,99.9092,97.2719,99.7452,13.2933,99.9728,99.8763,99.9989,831.8599,769.1722,62.6878,17.0489,38,7.6866,3.4806,17.603,5.7672,0.2067,0,0,53.7085,52.3551,4.2622,38.1214,10.2004,12.0658
11/11/2025,MSH-0014-Chipadze,CELL_TDD,MSH-0014-Chipadze_LTE_6,6,MSH-0014-Chipadze,100%,100,98.0492,99.7242,81.5802,99.7979,1.0638,99.3247,99.3918,100.0003,906.5847,804.6453,101.9394,17.614,40,5.4879,5.6569,17.1165,5.2384,0.1797,0,0,52.4655,63.6076,4.4035,26.6344,9.336,15.0486
11/11/2025,MSH-0014-Chipadze,CELL_TDD,MSH-0014-Chipadze_LTE_5,5,MSH-0014-Chipadze,100%,100,99.2004,99.8189,94.1837,99.6868,2.1871,98.7164,98.9822,100.0003,734.025,673.7897,60.2354,24.9479,60,2.4233,1.7111,18.7225,12.1514,0.2073,0,0.0002,74.1141,66.3077,6.237,35.8791,8.5415,11.8997
11/11/2025,MSH-0014-Chipadze,CELL_TDD,MSH-0014-Chipadze_LTE_4,4,MSH-0014-Chipadze,100%,100,99.7435,99.9684,97.9548,99.8826,0.9201,96.931,97.4639,100.0003,610.627,561.9191,48.7079,17.4108,38,5.2705,3.3714,17.1231,6.3364,0.1877,0,0,47.9707,58.6747,4.3527,25.5335,9.9515,13.8358
11/11/2025,MSH-0014-Chipadze,CELL_TDD,MSH-0014-Chipadze_LTE_3,3,MSH-0014-Chipadze,100%,100,98.9523,99.8962,87.9139,99.7854,1.0033,99.1985,99.3119,100.0003,1294.975,1151.9779,142.9971,21.6781,39,6.5426,6.3186,15.4777,4.5753,0.1693,0,0,59.7967,62.8224,5.4195,22.6072,9.6372,13.0248
11/11/2025,MSH-0014-Chipadze,CELL_TDD,MSH-0014-Chipadze_LTE_2,2,MSH-0014-Chipadze,100%,100,99.1837,99.6213,93.7102,99.7196,1.7262,98.9392,99.2318,100.0003,1016.2233,925.2334,90.9898,30.5017,68,2.9362,2.4093,17.4259,9.6898,0.1931,0,0,72.1026,64.5561,7.6254,25.7707,8.1218,10.7031
11/11/2025,MSH-0014-Chipadze,CELL_TDD,MSH-0014-Chipadze_LTE_1,1,MSH-0014-Chipadze,100%,100,99.9147,99.9818,98.9213,99.7991,0.9388,98.476,98.7191,100.0003,820.403,742.8036,77.5994,22.7928,52,7.1234,4.4019,16.2702,5.7043,0.1834,0,0,42.147,57.2988,5.6982,20.2054,10.1982,12.4321
12/11/2025,MSH0013-Bindura-Zaoga,CELL_TDD,Bindura_Zaoga_LTE_6,6,MSH0013-Bindura-Zaoga,100%,100,99.739,99.8596,98.1618,99.7762,1.0632,98.5386,98.6328,100.0014,496.2717,462.057,34.2147,5.4199,15,8.4272,3.0503,13.3924,4.6482,0.1718,0,0,36.2633,45.1005,1.355,28.8383,9.5846,11.3157
12/11/2025,MSH0013-Bindura-Zaoga,CELL_TDD,Bindura_Zaoga_LTE_5,5,MSH0013-Bindura-Zaoga,100%,100,99.6141,99.7309,98.795,99.3989,1.7753,99.1976,99.3032,100.0014,796.7623,717.4038,79.3585,36.3004,95,4.9092,3.4726,14.4903,9.1064,0.1695,0,0.0001,60.8231,51.2221,9.0751,48.7612,10.1031,12.8194
12/11/2025,MSH0013-Bindura-Zaoga,CELL_TDD,Bindura_Zaoga_LTE_4,4,MSH0013-Bindura-Zaoga,100%,100,98.5496,99.461,93.1207,99.0693,2.5314,98.8677,99.0971,100.0011,456.6645,406.6046,50.0599,25.1331,53,4.9365,2.0654,18.0505,13.9131,0.2235,0,0.0004,48.2239,49.7795,6.2833,45.6336,9.1203,10.2477
12/11/2025,MSH0013-Bindura-Zaoga,CELL_TDD,Bindura_Zaoga_LTE_3,3,MSH0013-Bindura-Zaoga,100%,100,99.9471,100,98.5714,99.9454,0.4384,97.8597,98.1354,100.0011,420.8919,374.203,46.6889,6.6988,15,7.997,5.7573,11.2579,3.8051,0.1444,0,0,33.3473,47.8788,1.6747,23.5772,10.352,11.6424
12/11/2025,MSH0013-Bindura-Zaoga,CELL_TDD,Bindura_Zaoga_LTE_2,2,MSH0013-Bindura-Zaoga,100%,100,99.7632,99.907,98.8477,99.617,1.5328,98.4348,99.0116,100.0011,1328.7324,1214.8867,113.8456,35.8771,87,5.4731,4.1822,13.2749,6.7575,0.151,0,0,68.634,53.3957,8.9693,44.0024,10.2353,12.6985
12/11/2025,MSH0013-Bindura-Zaoga,CELL_TDD,Bindura_Zaoga_LTE_1,1,MSH0013-Bindura-Zaoga,100%,100,98.7438,99.5485,94.0009,99.391,2.3108,97.4243,98.3664,100.0011,513.4831,466.3596,47.1234,23.7047,47,4.3767,2.0953,18.6602,10.8062,0.2266,0,0.0001,49.8572,47.5749,5.9262,41.6722,9.0803,9.5683
12/11/2025,MSH-0331-Chiwaridzo 2,CELL_TDD,MSH-0331-Chiwaridzo 2_LTE_6,6,MSH-0331-Chiwaridzo 2_LTE,100%,100,98.7242,99.2435,94.624,99.1303,1.259,99.9301,99.9462,100.0008,687.2841,633.8729,53.4112,21.9087,57,4.5727,2.5689,20.6329,8.0493,0.2509,0,0.0004,68.4502,52.7685,5.4772,49.4345,10.1572,11.1889
12/11/2025,MSH-0331-Chiwaridzo 2,CELL_TDD,MSH-0331-Chiwaridzo 2_LTE_5,5,MSH-0331-Chiwaridzo 2_LTE,100%,100,99.0972,99.8223,93.279,99.3432,1.719,99.9701,99.9675,100.0011,870.9589,762.3913,108.5676,20.5014,55,7.7427,4.9501,17.505,6.3476,0.1979,0,0.0004,47.5315,65.8692,5.1254,39.0096,9.3854,13.9029
12/11/2025,MSH-0331-Chiwaridzo 2,CELL_TDD,MSH-0331-Chiwaridzo 2_LTE_4,4,MSH-0331-Chiwaridzo 2_LTE,100%,100,98.6558,98.8542,96.6298,99.3539,1.1978,99.6542,99.81,100.0008,1231.393,1119.5329,111.8601,41.6204,95,6.9514,3.5723,16.6646,8.4459,0.1894,0,0,62.2958,57.7222,10.4051,50.5547,11.0059,16.4832
12/11/2025,MSH-0331-Chiwaridzo 2,CELL_TDD,MSH-0331-Chiwaridzo 2_LTE_3,3,MSH-0331-Chiwaridzo 2_LTE,100%,100,99.693,99.87,97.6375,99.6987,0.738,99.5345,99.7003,100.0008,1191.9702,1092.5206,99.4496,23.8906,52,5.2219,4.4704,18.4539,5.1434,0.2006,0,0.0001,71.1536,54.1486,5.9727,37.7693,10.5089,13.1313
12/11/2025,MSH-0331-Chiwaridzo 2,CELL_TDD,MSH-0331-Chiwaridzo 2_LTE_2,2,MSH-0331-Chiwaridzo 2_LTE,100%,100,99.6628,99.9619,94.9016,99.868,2.7536,100,99.9769,100.0008,1104.1241,1021.7698,82.3543,22.6976,51,7.0738,3.8041,15.755,6.3973,0.1744,0,0,56.5299,53.0929,5.6744,34.3768,10.1712,15.2342
12/11/2025,MSH-0331-Chiwaridzo 2,CELL_TDD,MSH-0331-Chiwaridzo 2_LTE_1,1,MSH-0331-Chiwaridzo 2_LTE,100%,100,98.7208,98.7597,97.9778,99.7936,0.9565,99.8018,99.8692,100.0011,1517.5818,1360.0723,157.5095,42.1465,103,5.4946,4.8241,15.9569,7.9975,0.1773,0,0,69.0844,54.9316,10.5366,44.8191,11.0127,15.6038
12/11/2025,MSH-0112-Bindura Hospital,CELL_TDD,MSH-0112-Bindura Hospital_LTE_1,1,MSH-0112-Bindura Hospital_LTE,100%,100,99.856,99.9924,98.6101,99.8808,0.3287,100,100,100.0006,519.6234,472.6826,46.9408,9.4311,22,6.1024,4.6044,18.3631,3.6197,0.2062,0,0,51.4772,48.5612,2.3578,29.8013,10.9764,11.2771
12/11/2025,MSH-0112-Bindura Hospital,CELL_TDD,MSH-0112-Bindura Hospital_LTE_2,2,MSH-0112-Bindura Hospital_LTE,100%,100,99.888,99.9862,99.4717,99.8569,0.4184,99.9308,99.9756,100.0011,568.5777,533.7478,34.8299,9.7893,19,15.0756,3.7931,14.0429,3.1773,0.1566,0,0,26.4686,44.2595,2.4473,17.6695,10.2154,13.6737
12/11/2025,MSH-0112-Bindura Hospital,CELL_TDD,MSH-0112-Bindura Hospital_LTE_3,3,MSH-0112-Bindura Hospital_LTE,100%,100,99.4439,99.9165,96.7096,99.8066,0.591,100,93.0584,100.0008,1553.468,1384.5662,168.9017,23.6471,42,10.0228,6.0014,16.1384,6.1263,0.1781,0,0,66.7722,64.7591,5.9118,36.4773,10.6014,15.428
12/11/2025,MSH-0112-Bindura Hospital,CELL_TDD,MSH-0112-Bindura Hospital_LTE_4,4,MSH-0112-Bindura Hospital_LTE,100%,100,99.722,99.9379,97.8761,99.8378,0.6255,100,100,100.0006,601.8585,555.9806,45.8779,13.28,32,8.0832,2.9131,13.6793,3.8398,0.1658,0,0,39.0626,48.2053,3.32,28.4997,12.2801,16.6224
12/11/2025,MSH-0112-Bindura Hospital,CELL_TDD,MSH-0112-Bindura Hospital_LTE_5,5,MSH-0112-Bindura Hospital_LTE,100%,100,99.2962,99.9521,97.0668,99.9397,0.5427,99.872,99.9092,100.0006,248.2374,206.8133,41.4241,6.5521,17,10.0024,5.3428,15.2823,3.7604,0.1763,0,0,20.399,47.2288,1.638,19.6513,10.1489,11.2384
12/11/2025,MSH-0112-Bindura Hospital,CELL_TDD,MSH-0112-Bindura Hospital_LTE_6,6,MSH-0112-Bindura Hospital_LTE,100%,100,99.4506,99.6711,97.3121,99.4286,13.648,99.9707,99.8401,100.0006,749.2883,697.9654,51.3229,14.7399,36,7.8937,2.897,17.6183,6.693,0.21,0,0,54.2152,50.0944,3.685,39.8103,10.2911,11.3402
12/11/2025,MSH-0014-Chipadze,CELL_TDD,MSH-0014-Chipadze_LTE_6,6,MSH-0014-Chipadze,100%,100,98.0019,99.8422,81.8789,99.8496,1.1684,98.5853,98.7022,100.0011,990.8071,873.2541,117.553,17.8633,38,6.2298,5.6438,17.4093,5.0828,0.1865,0,0,55.2406,65.0239,4.4658,27.4788,9.6158,15.3035
12/11/2025,MSH-0014-Chipadze,CELL_TDD,MSH-0014-Chipadze_LTE_5,5,MSH-0014-Chipadze,100%,100,99.0535,99.7432,94.422,99.5623,2.7432,97.9214,98.2278,100.0011,668.1094,607.838,60.2714,24.6536,59,2.1257,1.7248,19.2508,11.1921,0.2123,0,0.0001,70.5578,67.2339,6.1634,35.4613,8.5489,11.5135
12/11/2025,MSH-0014-Chipadze,CELL_TDD,MSH-0014-Chipadze_LTE_4,4,MSH-0014-Chipadze,100%,100,99.8962,99.9689,99.3093,99.8887,0.6884,98.1364,98.4471,100.0011,519.0368,472.9797,46.0571,16.6883,37,4.2322,3.4764,17.7524,6.2681,0.2016,0,0,46.2771,58.1465,4.1721,25.5892,9.6846,12.758
12/11/2025,MSH-0014-Chipadze,CELL_TDD,MSH-0014-Chipadze_LTE_3,3,MSH-0014-Chipadze,100%,100,99.0394,99.9372,87.7401,99.8267,0.63,98.9872,99.0365,100.0011,1331.9349,1202.4179,129.517,23.0147,41,6.2068,4.9894,15.0272,4.2997,0.17,0,0,61.1247,61.1295,5.7537,24.4918,10.1679,12.1589
12/11/2025,MSH-0014-Chipadze,CELL_TDD,MSH-0014-Chipadze_LTE_2,2,MSH-0014-Chipadze,100%,100,99.4756,99.8149,94.8745,99.7735,1.2982,98.6129,98.7805,100.0011,977.4407,893.0129,84.4278,32.3296,63,2.8469,2.3259,17.049,8.6864,0.1879,0,0,66.5247,63.3242,8.0824,25.0271,8.743,10.3463
12/11/2025,MSH-0014-Chipadze,CELL_TDD,MSH-0014-Chipadze_LTE_1,1,MSH-0014-Chipadze,100%,100,99.9133,99.9798,98.9773,99.8727,0.7244,98.8051,99.0117,100.0014,825.2148,756.3695,68.8452,21.1004,42,6.4571,4.0029,15.7474,5.7392,0.1781,0,0,43.241,57.4925,5.2751,20.9478,10.3295,11.9644
13/11/2025,MSH0013-Bindura-Zaoga,CELL_TDD,Bindura_Zaoga_LTE_6,6,MSH0013-Bindura-Zaoga,100%,100,99.5104,99.8036,95.2978,99.8699,0.8649,99.4497,99.4725,99.9997,344.8505,322.7577,22.0928,5.4977,14,8.7472,2.7918,12.5782,4.5792,0.1624,0,0,27.2474,46.086,1.3744,22.6385,10.1464,11.0671
13/11/2025,MSH0013-Bindura-Zaoga,CELL_TDD,Bindura_Zaoga_LTE_5,5,MSH0013-Bindura-Zaoga,100%,100,99.6071,99.7701,98.52,99.5455,1.9709,98.0415,98.4577,99.9997,832.8509,745.66,87.1909,35.7665,100,5.711,3.7426,14.7345,8.4766,0.1735,0,0.0003,57.7088,53.6985,8.9416,46.9387,10.4492,13.4583
13/11/2025,MSH0013-Bindura-Zaoga,CELL_TDD,Bindura_Zaoga_LTE_4,4,MSH0013-Bindura-Zaoga,100%,100,98.0835,99.261,90.9878,99.0489,2.9627,98.1372,98.5451,99.9997,379.3169,342.1428,37.1741,25.0007,105,4.9067,1.5188,18.5342,15.9855,0.2359,0.0001,0.0005,44.6966,45.8945,6.2502,44.4759,9.0444,9.205
13/11/2025,MSH0013-Bindura-Zaoga,CELL_TDD,Bindura_Zaoga_LTE_3,3,MSH0013-Bindura-Zaoga,100%,100,99.8967,99.9285,99.0783,99.8754,0.4653,98.7052,98.6521,100,561.9004,522.0347,39.8657,6.5958,16,7.927,4.9243,11.8798,3.1327,0.1512,0,0,40.9648,43.9315,1.6489,24.401,10.8078,12.1662
13/11/2025,MSH0013-Bindura-Zaoga,CELL_TDD,Bindura_Zaoga_LTE_2,2,MSH0013-Bindura-Zaoga,100%,100,99.8018,99.8914,99.2271,99.6342,1.6542,95.6026,97.4853,99.9997,1271.7842,1162.613,109.1712,36.5016,90,6.2212,3.97,13.2019,7.2315,0.1521,0,0.0001,64.0011,54.9243,9.1254,41.8617,10.2467,12.9093
13/11/2025,MSH0013-Bindura-Zaoga,CELL_TDD,Bindura_Zaoga_LTE_1,1,MSH0013-Bindura-Zaoga,100%,100,99.0019,99.7191,94.5006,99.4113,2.3531,97.9328,98.5045,100.0008,596.7989,544.9103,51.8886,24.2465,88,5.9033,2.1277,16.5437,10.8167,0.1999,0,0.0001,45.0504,49.6635,6.0616,39.6192,9.2568,11.2889
13/11/2025,MSH-0331-Chiwaridzo 2,CELL_TDD,MSH-0331-Chiwaridzo 2_LTE_6,6,MSH-0331-Chiwaridzo 2_LTE,100%,100,97.9837,98.761,92.3023,98.853,1.3973,99.8353,99.8814,99.9995,756.7638,692.4591,64.3047,20.9528,48,4.8794,2.9284,19.0158,7.6812,0.2226,0,0.0001,62.6825,54.5802,5.2382,46.0788,10.0808,11.9879
13/11/2025,MSH-0331-Chiwaridzo 2,CELL_TDD,MSH-0331-Chiwaridzo 2_LTE_5,5,MSH-0331-Chiwaridzo 2_LTE,100%,100,99.1126,99.8528,93.7651,99.621,1.8819,99.9648,99.9535,99.9995,1031.9699,947.9177,84.0523,17.8635,39,9.0497,4.8527,16.4925,5.5996,0.1855,0,0.0001,53.8068,52.831,4.4659,39.3207,9.5163,13.9901
13/11/2025,MSH-0331-Chiwaridzo 2,CELL_TDD,MSH-0331-Chiwaridzo 2_LTE_4,4,MSH-0331-Chiwaridzo 2_LTE,100%,100,98.6177,98.8592,96.1421,99.3485,1.015,99.9519,99.9522,99.9995,1315.7154,1219.0747,96.6407,37.4737,78,6.8262,3.0327,15.2568,7.3128,0.1776,0,0,65.657,59.7849,9.3684,51.0851,11.2438,17.6077
13/11/2025,MSH-0331-Chiwaridzo 2,CELL_TDD,MSH-0331-Chiwaridzo 2_LTE_3,3,MSH-0331-Chiwaridzo 2_LTE,100%,100,99.3827,99.6504,96.8474,99.6518,0.9513,99.8102,99.8837,99.9995,885.5945,819.2821,66.3125,21.9229,50,4.3774,3.0717,20.3373,5.9855,0.2299,0,0.0001,68.8101,51.9214,5.4807,38.7748,10.2008,11.6759
13/11/2025,MSH-0331-Chiwaridzo 2,CELL_TDD,MSH-0331-Chiwaridzo 2_LTE_2,2,MSH-0331-Chiwaridzo 2_LTE,100%,100,99.7586,99.9782,96.5185,99.8634,1.4867,99.9524,99.9772,99.9995,900.3278,825.214,75.1139,22.5097,57,6.4286,3.4843,16.2795,5.8687,0.1827,0,0,59.267,52.7055,5.6274,35.4234,10.0651,13.2594
13/11/2025,MSH-0331-Chiwaridzo 2,CELL_TDD,MSH-0331-Chiwaridzo 2_LTE_1,1,MSH-0331-Chiwaridzo 2_LTE,100%,100,98.7374,98.7939,97.5209,99.7624,0.721,99.9302,99.9056,100,1434.0456,1311.7825,122.263,43.5145,93,5.6683,3.9936,15.9906,6.8952,0.1811,0,0,69.1832,54.5366,10.8786,44.1266,11.1826,15.6027
13/11/2025,MSH-0112-Bindura Hospital,CELL_TDD,MSH-0112-Bindura Hospital_LTE_1,1,MSH-0112-Bindura Hospital_LTE,100%,100,99.8098,99.9762,97.8178,99.8587,0.7129,98.8506,99.8339,100.0005,638.7622,554.4881,84.2741,8.0897,22,6.3105,6.7444,17.7845,4.9219,0.2008,0,0,55.5908,54.3067,2.0224,32.5592,11.3258,12.6029
13/11/2025,MSH-0112-Bindura Hospital,CELL_TDD,MSH-0112-Bindura Hospital_LTE_2,2,MSH-0112-Bindura Hospital_LTE,100%,100,99.7267,99.9651,96.8944,99.8441,0.7463,99.7764,99.8558,100.0005,654.6273,601.065,53.5623,9.3125,21,12.3579,4.0582,14.9003,3.9162,0.1604,0,0,35.1335,56.4545,2.3281,22.0967,10.1477,14.5338
13/11/2025,MSH-0112-Bindura Hospital,CELL_TDD,MSH-0112-Bindura Hospital_LTE_3,3,MSH-0112-Bindura Hospital_LTE,100%,100,99.798,99.9294,99.1453,99.7637,0.8567,99.7198,92.1531,100.0008,1535.0776,1404.4481,130.6294,24.0872,47,8.8355,4.7352,15.8746,7.7811,0.1761,0,0,68.6868,59.1508,6.0218,37.6246,10.7123,15.4402
13/11/2025,MSH-0112-Bindura Hospital,CELL_TDD,MSH-0112-Bindura Hospital_LTE_4,4,MSH-0112-Bindura Hospital_LTE,100%,100,99.5516,99.8775,97.2592,99.6408,0.8468,99.8782,99.7216,100.0008,687.5952,634.8314,52.7638,14.62,34,9.6347,3.1674,13.6919,3.743,0.1578,0,0.0001,38.7942,49.2596,3.655,27.4328,12.4406,17.8295
13/11/2025,MSH-0112-Bindura Hospital,CELL_TDD,MSH-0112-Bindura Hospital_LTE_5,5,MSH-0112-Bindura Hospital_LTE,100%,100,99.1621,99.7543,96.337,99.6366,0.8539,100,99.9695,100.0008,380.5548,348.3651,32.1897,7.3452,21,12.2027,4.2265,14.1136,3.2536,0.1608,0,0,20.8951,45.7385,1.8363,18.6961,10.5812,13.1451
13/11/2025,MSH-0112-Bindura Hospital,CELL_TDD,MSH-0112-Bindura Hospital_LTE_6,6,MSH-0112-Bindura Hospital_LTE,100%,100,99.5619,99.8693,97.2308,99.6648,14.5449,99.9706,99.8824,100.0008,976.2296,883.3428,92.8868,17.9785,39,9.1826,4.7744,16.2886,6.3226,0.1902,0,0,51.3675,57.0503,4.4946,36.5785,10.2641,13.7438
13/11/2025,MSH-0014-Chipadze,CELL_TDD,MSH-0014-Chipadze_LTE_6,6,MSH-0014-Chipadze,100%,99.9996,96.5321,99.8591,74.2501,99.7572,1.117,98.4104,98.6699,99.9981,853.436,761.8105,91.6255,17.4653,35,4.1715,4.9015,17.7388,6.2251,0.1902,0,0,56.9475,62.9453,4.3663,27.9769,9.5483,14.6211
13/11/2025,MSH-0014-Chipadze,CELL_TDD,MSH-0014-Chipadze_LTE_5,5,MSH-0014-Chipadze,100%,99.9996,98.8486,99.6987,93.0527,99.7166,2.3104,98.4798,98.6553,99.9981,644.6092,584.2223,60.3869,25.7705,54,1.9618,1.8912,19.6297,11.121,0.2197,0,0.0001,69.2657,68.3066,6.4426,34.6552,8.4397,11.494
13/11/2025,MSH-0014-Chipadze,CELL_TDD,MSH-0014-Chipadze_LTE_4,4,MSH-0014-Chipadze,100%,99.9996,99.8681,99.9434,99.2527,99.9043,1.0237,98.3948,98.5606,99.9981,567.9302,488.4196,79.5106,16.3766,38,5.7402,5.6677,16.8478,6.2562,0.19,0,0,41.6668,62.3481,4.0941,24.5026,9.7605,13.973
13/11/2025,MSH-0014-Chipadze,CELL_TDD,MSH-0014-Chipadze_LTE_3,3,MSH-0014-Chipadze,100%,99.9996,98.1035,99.8961,81.0932,99.8929,0.9617,98.4909,98.7257,99.9981,1404.8856,1222.2074,182.6782,22.5387,42,5.6984,6.8543,15.3979,4.4574,0.1732,0,0,61.7738,67.0092,5.6347,24.607,9.9406,12.4199
13/11/2025,MSH-0014-Chipadze,CELL_TDD,MSH-0014-Chipadze_LTE_2,2,MSH-0014-Chipadze,100%,99.9996,99.3026,99.8081,94.0771,99.797,1.9329,98.156,98.7274,99.9981,952.0319,865.5552,86.4767,30.7346,63,2.9109,2.3814,18.1997,9.577,0.2045,0,0,70.428,65.3822,7.6836,25.066,8.8159,10.733
13/11/2025,MSH-0014-Chipadze,CELL_TDD,MSH-0014-Chipadze_LTE_1,1,MSH-0014-Chipadze,100%,99.9996,99.8235,99.9811,97.5111,99.8328,0.7459,98.0148,98.3416,99.9989,747.1042,676.7171,70.3872,21.1673,45,8.1159,4.998,16.2023,5.3444,0.1825,0,0,37.4182,55.5937,5.2918,18.6071,10.4642,13.011
14/11/2025,MSH0013-Bindura-Zaoga,CELL_TDD,Bindura_Zaoga_LTE_6,6,MSH0013-Bindura-Zaoga,95%,99.999,99.6394,99.8804,97.3585,99.6865,1.5445,98.9592,98.9301,99.9929,261.5655,238.4524,23.1131,3.9783,15,7.1132,3.2833,13.19,5.1994,0.1726,0,0,29.8984,42.7439,0.9946,22.2758,9.7331,10.3648
14/11/2025,MSH0013-Bindura-Zaoga,CELL_TDD,Bindura_Zaoga_LTE_5,5,MSH0013-Bindura-Zaoga,95%,99.999,99.5545,99.8016,97.9039,99.5549,1.9959,98.1663,98.4309,99.9944,717.5723,658.7402,58.8321,36.3036,91,5.7075,3.0983,15.4557,8.2395,0.1836,0,0.0001,53.3239,49.5467,9.0759,42.4482,10.4943,13.2997
14/11/2025,MSH0013-Bindura-Zaoga,CELL_TDD,Bindura_Zaoga_LTE_4,4,MSH0013-Bindura-Zaoga,95%,99.999,98.3157,99.337,92.9012,99.1467,3.0071,99.2639,99.3618,99.9944,413.869,364.7385,49.1305,22.8858,71,5.1998,2.2553,18.0727,15.4854,0.2276,0,0.0003,46.3047,47.8947,5.7214,44.1419,9.076,9.977
14/11/2025,MSH0013-Bindura-Zaoga,CELL_TDD,Bindura_Zaoga_LTE_3,3,MSH0013-Bindura-Zaoga,95%,99.999,99.8856,99.9032,99.5833,99.976,0.4661,97.3776,97.6912,99.9944,325.3898,297.5854,27.8044,5.3919,15,11.7233,5.6146,11.1234,2.6874,0.1381,0,0,20.6726,42.4668,1.348,17.7322,10.7218,11.4531
14/11/2025,MSH0013-Bindura-Zaoga,CELL_TDD,Bindura_Zaoga_LTE_2,2,MSH0013-Bindura-Zaoga,95%,99.999,99.4092,99.8883,96.7398,99.7314,1.5069,97.6238,98.6086,99.9944,930.3336,837.841,92.4926,32.3417,75,6.3305,3.7507,13.6148,7.1288,0.1587,0,0.0001,55.0935,59.0122,8.0854,37.5181,10.4321,13.0611
14/11/2025,MSH0013-Bindura-Zaoga,CELL_TDD,Bindura_Zaoga_LTE_1,1,MSH0013-Bindura-Zaoga,95%,99.999,98.4224,99.63,92.9949,99.2755,2.4915,97.3545,98.0872,99.9938,578.1994,526.4372,51.7622,21.2896,59,5.8396,2.3688,17.3765,10.6964,0.2142,0,0.0002,48.5925,51.1864,5.3224,39.9643,9.2528,10.8983
14/11/2025,MSH-0331-Chiwaridzo 2,CELL_TDD,MSH-0331-Chiwaridzo 2_LTE_6,6,MSH-0331-Chiwaridzo 2_LTE,100%,100,98.7079,99.4252,94.3007,99.3758,1.3539,99.8325,99.7691,100.0003,499.2581,465.3258,33.9323,15.7919,71,3.9992,2.0166,23.0647,7.3355,0.2879,0,0.0001,63.1534,50.5354,3.948,45.0341,9.9116,9.6786
14/11/2025,MSH-0331-Chiwaridzo 2,CELL_TDD,MSH-0331-Chiwaridzo 2_LTE_5,5,MSH-0331-Chiwaridzo 2_LTE,100%,100,99.1403,99.8566,94.2955,99.6309,1.4322,99.9396,99.8787,100.0003,772.2398,711.512,60.7279,14.5826,50,8.5798,4.5205,16.2981,5.2148,0.187,0,0,43.8577,48.5863,3.6456,33.8117,9.2941,13.142
14/11/2025,MSH-0331-Chiwaridzo 2,CELL_TDD,MSH-0331-Chiwaridzo 2_LTE_4,4,MSH-0331-Chiwaridzo 2_LTE,100%,100,98.5063,98.9057,94.5963,99.2785,1.1838,99.7454,99.7216,100.0005,1367.3524,1272.6484,94.704,31.8782,79,7.315,3.2311,15.0676,6.111,0.1756,0,0,63.9968,63.545,7.9696,49.7328,11.0405,17.8055
14/11/2025,MSH-0331-Chiwaridzo 2,CELL_TDD,MSH-0331-Chiwaridzo 2_LTE_3,3,MSH-0331-Chiwaridzo 2_LTE,100%,100,99.6525,99.9022,97.4906,99.5968,1.1532,99.8258,99.7468,100.0003,843.3304,778.6665,64.6639,21.3851,82,4.7213,3.6862,20.2488,5.3249,0.2345,0,0.0001,59.679,49.761,5.3463,33.88,10.3592,12.2532
14/11/2025,MSH-0331-Chiwaridzo 2,CELL_TDD,MSH-0331-Chiwaridzo 2_LTE_2,2,MSH-0331-Chiwaridzo 2_LTE,100%,100,99.4806,99.9742,93.5334,99.7923,1.8896,99.8837,99.9261,100.0003,696.8151,640.187,56.6281,16.3384,46,6.3496,2.836,17.0319,6.6087,0.1947,0,0.0001,50.6173,53.6876,4.0846,31.6134,9.737,12.3184
14/11/2025,MSH-0331-Chiwaridzo 2,CELL_TDD,MSH-0331-Chiwaridzo 2_LTE_1,1,MSH-0331-Chiwaridzo 2_LTE,100%,100,99.0956,99.2255,96.6709,99.6466,0.8777,99.78,99.8149,100.0008,1269.7199,1144.6402,125.0798,37.03,123,6.3254,4.5381,15.938,6.641,0.18,0,0,65.1353,55.6418,9.2575,41.3887,11.3226,15.4577
14/11/2025,MSH-0112-Bindura Hospital,CELL_TDD,MSH-0112-Bindura Hospital_LTE_1,1,MSH-0112-Bindura Hospital_LTE,100%,100,99.8024,99.9603,97.5701,99.8764,0.7573,99.9643,99.981,100.0016,579.062,514.7169,64.3451,9.121,22,8.3762,6.3446,14.9509,3.4449,0.1646,0,0,41.133,47.2793,2.2803,24.6806,11.6081,14.2582
14/11/2025,MSH-0112-Bindura Hospital,CELL_TDD,MSH-0112-Bindura Hospital_LTE_2,2,MSH-0112-Bindura Hospital_LTE,100%,100,99.8744,99.9738,99.3317,99.9125,0.5007,99.9321,99.9523,100.0008,603.2725,544.5862,58.6863,8.6205,24,11.8902,6.2409,15.3767,3.01,0.1692,0,0,32.2675,45.8236,2.1551,20.1137,10.5606,13.9371
14/11/2025,MSH-0112-Bindura Hospital,CELL_TDD,MSH-0112-Bindura Hospital_LTE_3,3,MSH-0112-Bindura Hospital_LTE,100%,100,99.796,99.9394,99.0968,99.7863,1.4352,99.9439,93.1698,100.0008,1326.727,1195.5021,131.2249,21.226,94,9.9216,5.2554,16.787,7.2213,0.1868,0,0,57.0628,60.1516,5.3065,33.6296,10.6358,15.5488
14/11/2025,MSH-0112-Bindura Hospital,CELL_TDD,MSH-0112-Bindura Hospital_LTE_4,4,MSH-0112-Bindura Hospital_LTE,100%,100,99.0455,99.6557,95.8165,99.4676,1.099,100,100,100.0008,740.0245,661.7214,78.3031,14.5498,31,11.8631,4.7728,12.9031,4.638,0.1462,0,0,32.7795,52.7799,3.6375,25.0348,12.6393,18.7131
14/11/2025,MSH-0112-Bindura Hospital,CELL_TDD,MSH-0112-Bindura Hospital_LTE_5,5,MSH-0112-Bindura Hospital_LTE,100%,100,99.4623,99.9079,97.5034,99.7475,0.6022,99.9574,99.975,100.001,376.9995,340.6669,36.3326,8.0622,26,12.9571,4.2568,14.0711,2.9573,0.1594,0,0,21.0143,46.8577,2.0155,17.631,10.5709,13.8339
14/11/2025,MSH-0112-Bindura Hospital,CELL_TDD,MSH-0112-Bindura Hospital_LTE_6,6,MSH-0112-Bindura Hospital_LTE,100%,100,99.4632,99.7904,96.8832,99.6295,15.1155,99.893,99.699,100.0008,565.6673,518.426,47.2413,16.2148,69,9.2537,3.091,17.2112,7.5805,0.2091,0.0001,0,37.2051,54.3035,4.0537,30.7157,10.5397,12.1752
14/11/2025,MSH-0014-Chipadze,CELL_TDD,MSH-0014-Chipadze_LTE_6,6,MSH-0014-Chipadze,100%,99.9985,97.7069,98.8978,89.6092,99.768,1.2364,97.8417,98.1187,99.9979,761.8772,662.2663,99.6108,13.3886,28,5.9031,5.8848,16.9606,6.5213,0.1835,0,0.0001,56.2771,68.4896,3.3472,26.0127,9.771,14.7781
14/11/2025,MSH-0014-Chipadze,CELL_TDD,MSH-0014-Chipadze_LTE_5,5,MSH-0014-Chipadze,100%,99.9985,98.6943,99.7256,91.3745,99.6257,1.9594,97.706,98.419,99.9979,561.6793,519.9075,41.7718,21.6173,50,2.5504,1.5046,19.9256,11.0574,0.226,0,0.0001,67.5192,67.2534,5.4043,33.1813,8.8044,11.2998
14/11/2025,MSH-0014-Chipadze,CELL_TDD,MSH-0014-Chipadze_LTE_4,4,MSH-0014-Chipadze,100%,99.9985,99.7711,99.9164,98.5405,99.9002,0.9343,97.7308,98.0725,99.9982,480.766,432.2714,48.4946,14.7465,35,6.389,4.4578,17.5134,6.5614,0.2003,0,0,42.3795,60.0071,3.6866,23.2887,9.9232,13.4776
14/11/2025,MSH-0014-Chipadze,CELL_TDD,MSH-0014-Chipadze_LTE_3,3,MSH-0014-Chipadze,100%,99.9985,98.7954,99.8348,86.6298,99.7957,0.8464,98.2963,98.6699,99.9979,918.0652,820.6826,97.3826,19.0028,38,7.3087,6.0107,16.724,5.0479,0.1861,0,0,48.1767,62.1371,4.7507,19.219,10.0406,13.6528
14/11/2025,MSH-0014-Chipadze,CELL_TDD,MSH-0014-Chipadze_LTE_2,2,MSH-0014-Chipadze,100%,99.9985,99.2401,99.7774,94.8256,99.7205,1.6867,98.6428,99.0148,99.9979,714.8757,653.3477,61.528,23.4856,52,3.4794,2.1104,18.0833,9.117,0.2036,0,0,58.8644,62.6023,5.8714,22.6616,8.6494,11.3644
14/11/2025,MSH-0014-Chipadze,CELL_TDD,MSH-0014-Chipadze_LTE_1,1,MSH-0014-Chipadze,100%,99.9985,99.885,99.975,98.8694,99.9411,0.8217,98.7733,99.0909,99.9982,634.381,573.7049,60.6762,15.7585,37,9.3977,5.5459,16.3563,5.4427,0.1822,0,0,34.8127,54.9128,3.9396,17.3609,10.6567,13.3143
15/11/2025,MSH0013-Bindura-Zaoga,CELL_TDD,Bindura_Zaoga_LTE_6,6,MSH0013-Bindura-Zaoga,100%,99.9997,99.7921,99.9754,96.9349,99.8537,1.6029,98.7582,98.8053,100.0028,677.3149,636.8695,40.4454,5.4546,15,9.8604,4.3725,12.2096,4.7898,0.1513,0,0,43.0957,47.2155,1.3637,30.661,9.7288,11.6519
15/11/2025,MSH0013-Bindura-Zaoga,CELL_TDD,Bindura_Zaoga_LTE_5,5,MSH0013-Bindura-Zaoga,100%,99.9997,99.5819,99.8702,97.7528,99.5629,2.1326,99.2744,99.4137,100.0028,837.0465,747.627,89.4195,32.9897,82,5.0389,3.9071,15.1637,8.8226,0.1806,0,0.0001,60.9701,57.0722,8.2474,47.9156,10.1117,12.0849
15/11/2025,MSH0013-Bindura-Zaoga,CELL_TDD,Bindura_Zaoga_LTE_4,4,MSH0013-Bindura-Zaoga,100%,99.9997,98.284,99.1798,93.0346,98.8534,2.6199,99.1672,99.2823,100.0028,393.681,353.6801,40.0009,25.3668,113,3.7979,1.8606,19.9316,14.4508,0.2528,0,0.0005,53.5491,45.5093,6.3417,48.6264,9.0116,8.3186
15/11/2025,MSH0013-Bindura-Zaoga,CELL_TDD,Bindura_Zaoga_LTE_3,3,MSH0013-Bindura-Zaoga,100%,99.9997,99.9422,100,98.893,99.8187,0.8264,99.2693,99.38,100.0028,438.5299,413.0617,25.4682,6.1366,16,9.7452,3.6782,11.1327,3.8635,0.1374,0,0,36.1634,42.8925,1.5342,23.9628,9.7633,11.4154
15/11/2025,MSH0013-Bindura-Zaoga,CELL_TDD,Bindura_Zaoga_LTE_2,2,MSH0013-Bindura-Zaoga,100%,99.9997,99.7636,99.9411,98.6806,99.6409,1.5279,98.6222,99.1518,100.0028,1016.784,922.4612,94.3229,32.2547,71,5.4769,3.6696,13.4837,6.4472,0.1569,0,0,63.0033,57.0487,8.0637,39.7334,10.0916,12.6093
15/11/2025,MSH0013-Bindura-Zaoga,CELL_TDD,Bindura_Zaoga_LTE_1,1,MSH0013-Bindura-Zaoga,100%,99.9997,98.6891,99.5512,94.4772,99.1107,2.7567,98.0335,98.7817,100.0028,717.1655,656.0486,61.1169,23.3066,125,4.7963,2.4069,17.8666,11.0188,0.2232,0,0.0002,59.8333,49.0917,5.8267,43.8558,9.1982,9.6973
15/11/2025,MSH-0331-Chiwaridzo 2,CELL_TDD,MSH-0331-Chiwaridzo 2_LTE_6,6,MSH-0331-Chiwaridzo 2_LTE,100%,100,98.6573,99.4011,93.6353,99.1993,1.1937,99.8655,99.8772,99.9978,633.8451,572.6338,61.2113,18.164,43,3.6996,3.3965,21.8618,6.7132,0.262,0,0,69.9289,56.0469,4.541,48.7405,9.7167,10.371
15/11/2025,MSH-0331-Chiwaridzo 2,CELL_TDD,MSH-0331-Chiwaridzo 2_LTE_5,5,MSH-0331-Chiwaridzo 2_LTE,100%,100,99.1266,99.7461,94.6228,99.673,2.6528,99.787,99.8459,99.9981,756.1658,699.946,56.2198,18.7917,52,7.7991,3.1784,18.1045,7.2235,0.2096,0,0,48.3386,51.8788,4.6979,37.8853,9.6329,13.023
15/11/2025,MSH-0331-Chiwaridzo 2,CELL_TDD,MSH-0331-Chiwaridzo 2_LTE_4,4,MSH-0331-Chiwaridzo 2_LTE,100%,100,98.7187,99.0074,96.1691,99.4027,1.3782,99.8191,99.8841,99.9981,1412.0554,1307.6275,104.4279,34.3774,71,6.4434,3.5927,15.4796,6.8864,0.1801,0,0,67.5016,66.7319,8.5943,50.6688,10.8781,17.2562
15/11/2025,MSH-0331-Chiwaridzo 2,CELL_TDD,MSH-0331-Chiwaridzo 2_LTE_3,3,MSH-0331-Chiwaridzo 2_LTE,100%,100,99.7789,99.9047,98.4496,99.6589,1.0564,99.969,99.9501,99.9978,996.7238,916.0942,80.6296,20.3629,50,4.5237,4.0942,19.9157,5.3544,0.2225,0,0,71.6994,54.2389,5.0907,39.2609,10.0103,11.8989
15/11/2025,MSH-0331-Chiwaridzo 2,CELL_TDD,MSH-0331-Chiwaridzo 2_LTE_2,2,MSH-0331-Chiwaridzo 2_LTE,100%,100,99.6305,99.9617,95.3257,99.6982,2.4152,99.9908,99.9676,99.9978,908.6989,839.6617,69.0371,18.8055,45,7.1741,4.1619,16.0291,5.9764,0.1792,0,0,53.647,51.3164,4.7014,30.7148,9.7763,13.278
15/11/2025,MSH-0331-Chiwaridzo 2,CELL_TDD,MSH-0331-Chiwaridzo 2_LTE_1,1,MSH-0331-Chiwaridzo 2_LTE,100%,100,99.4967,99.553,98.5066,99.7966,0.6579,99.9112,99.7641,99.9984,1507.7836,1371.7619,136.0217,40.0598,71,4.7855,4.2595,16.4203,5.7674,0.1805,0,0,73.7614,56.5714,10.015,45.0418,11.1466,15.2987
15/11/2025,MSH-0112-Bindura Hospital,CELL_TDD,MSH-0112-Bindura Hospital_LTE_1,1,MSH-0112-Bindura Hospital_LTE,100%,100,99.8558,99.9693,98.1079,99.9083,0.5598,100,99.9898,99.9984,472.7019,422.634,50.0679,11.3109,23,5.2819,3.8796,19.072,4.8368,0.2228,0,0.0001,49.0422,52.3745,2.8277,30.2263,11.4028,11.4646
15/11/2025,MSH-0112-Bindura Hospital,CELL_TDD,MSH-0112-Bindura Hospital_LTE_2,2,MSH-0112-Bindura Hospital_LTE,100%,100,99.7865,99.9821,97.6722,99.8751,0.3221,99.9084,99.9502,99.9981,826.0668,773.1437,52.9231,9.2573,27,13.5683,4.5951,14.6522,2.8824,0.1586,0,0,38.0825,45.3421,2.3143,19.0684,10.1699,14.1908
15/11/2025,MSH-0112-Bindura Hospital,CELL_TDD,MSH-0112-Bindura Hospital_LTE_3,3,MSH-0112-Bindura Hospital_LTE,100%,100,99.7326,99.9662,98.3882,99.8365,1.1375,99.9537,92.9669,99.9981,1686.7826,1503.172,183.6105,22.1071,53,8.4458,6.3004,15.9545,5.8567,0.1725,0,0,69.0837,64.8005,5.5268,38.2912,10.7579,15.8084
15/11/2025,MSH-0112-Bindura Hospital,CELL_TDD,MSH-0112-Bindura Hospital_LTE_4,4,MSH-0112-Bindura Hospital_LTE,100%,100,99.4864,99.843,97.0529,99.7471,0.7475,99.8641,99.9355,99.9981,749.5533,685.909,63.6443,15.3816,30,9.1349,4.2361,14.0483,3.8897,0.1637,0,0,40.9975,51.8527,3.8454,29.1718,12.7188,17.071
15/11/2025,MSH-0112-Bindura Hospital,CELL_TDD,MSH-0112-Bindura Hospital_LTE_5,5,MSH-0112-Bindura Hospital_LTE,100%,100,98.9229,99.9139,94.9235,99.6265,0.2642,99.7673,99.9069,99.9981,277.6148,257.4015,20.2132,6.2384,24,10.284,3.3656,14.4433,2.744,0.1615,0,0,23.0773,43.1041,1.5596,17.6411,10.4111,12.5761
15/11/2025,MSH-0112-Bindura Hospital,CELL_TDD,MSH-0112-Bindura Hospital_LTE_6,6,MSH-0112-Bindura Hospital_LTE,100%,100,99.5663,99.8814,97.2308,99.5506,14.272,100,99.9662,99.9975,793.6272,741.7009,51.9263,16.008,49,7.7683,2.8843,16.6908,8.1043,0.1939,0,0,53.3469,53.7662,4.002,38.5861,10.0585,11.9882
15/11/2025,MSH-0014-Chipadze,CELL_TDD,MSH-0014-Chipadze_LTE_6,6,MSH-0014-Chipadze,100%,99.9996,98.1351,99.5982,86.6115,99.6471,1.4355,97.5991,97.8555,99.996,953.6466,869.0628,84.5838,17.3413,34,4.4446,3.6739,17.7524,5.9208,0.188,0,0,68.5545,68.7604,4.3353,30.3543,9.4342,14.5261
15/11/2025,MSH-0014-Chipadze,CELL_TDD,MSH-0014-Chipadze_LTE_5,5,MSH-0014-Chipadze,100%,99.9996,99.1262,99.6435,96.0038,99.5184,2.6945,99.1837,99.3195,99.996,602.6465,544.997,57.6494,25.1833,67,1.8814,1.7645,20.2351,11.938,0.2266,0,0,72.2774,67.2309,6.2958,35.4596,8.0318,10.9653
15/11/2025,MSH-0014-Chipadze,CELL_TDD,MSH-0014-Chipadze_LTE_4,4,MSH-0014-Chipadze,100%,99.9996,99.8008,99.9426,98.1642,99.9133,0.9933,97.7146,98.0929,99.996,474.5096,429.4688,45.0408,14.7973,56,5.4895,3.6239,17.3061,6.1717,0.1931,0,0,40.9678,57.1831,3.6993,23.8529,9.5726,13.2241
15/11/2025,MSH-0014-Chipadze,CELL_TDD,MSH-0014-Chipadze_LTE_3,3,MSH-0014-Chipadze,100%,99.9996,98.7705,99.8545,85.5422,99.7892,1.2542,99.1493,99.2657,99.996,1291.5662,1150.7126,140.8536,20.6878,44,5.7659,6.3609,16.1624,5.1611,0.1802,0,0,72.4922,63.5287,5.1719,24.6842,9.6097,11.2143
15/11/2025,MSH-0014-Chipadze,CELL_TDD,MSH-0014-Chipadze_LTE_2,2,MSH-0014-Chipadze,100%,99.9996,99.5218,99.7921,96.5113,99.735,1.9084,98.9096,99.095,99.996,930.6733,847.3623,83.311,29.5813,65,2.8425,2.1643,17.4784,10.1788,0.197,0,0,68.4177,63.5206,7.3953,26.0208,7.8346,10.4595
15/11/2025,MSH-0014-Chipadze,CELL_TDD,MSH-0014-Chipadze_LTE_1,1,MSH-0014-Chipadze,100%,99.9996,99.9147,99.979,98.9276,99.8624,0.9106,98.6885,98.8874,99.996,760.7679,677.0078,83.7601,20.4964,63,9.0847,5.2781,16.699,5.4889,0.1876,0,0,37.3444,59.2935,5.1241,18.6128,10.5934,13.6385
16/11/2025,MSH0013-Bindura-Zaoga,CELL_TDD,Bindura_Zaoga_LTE_6,6,MSH0013-Bindura-Zaoga,100%,99.9995,99.7258,99.9014,97.5155,99.7066,1.4044,98.5479,98.7069,99.9989,434.468,406.8632,27.6047,5.23,13,9.9602,3.8189,11.6985,4.1796,0.1419,0,0,31.3107,45.1583,1.3075,25.0611,10.2097,11.5983
16/11/2025,MSH0013-Bindura-Zaoga,CELL_TDD,Bindura_Zaoga_LTE_5,5,MSH0013-Bindura-Zaoga,100%,99.9995,99.458,99.867,97.1737,99.7853,1.7962,98.714,98.9204,99.9989,898.5956,772.3642,126.2314,23.3589,53,5.4766,5.8327,14.5759,7.4707,0.1714,0,0,64.7521,58.8669,5.8397,47.2875,10.4101,12.1304
16/11/2025,MSH0013-Bindura-Zaoga,CELL_TDD,Bindura_Zaoga_LTE_4,4,MSH0013-Bindura-Zaoga,100%,99.9995,97.4462,99.0665,88.3248,98.7792,2.3528,98.8541,99.0553,99.9989,465.4754,419.8925,45.5829,22.7358,49,5.9867,2.0499,17.0905,14.4016,0.2182,0,0.0002,43.7428,48.4489,5.684,43.9408,8.9019,10.9891
16/11/2025,MSH0013-Bindura-Zaoga,CELL_TDD,Bindura_Zaoga_LTE_3,3,MSH0013-Bindura-Zaoga,100%,99.9995,99.9653,99.9817,99.6491,99.8731,0.5849,97.6395,98.2258,99.9989,484.4718,449.8745,34.5973,6.5073,15,9.9778,4.3522,11.227,3.4077,0.1397,0,0,35.0805,43.8727,1.6268,23.2739,10.1345,12.3053
16/11/2025,MSH0013-Bindura-Zaoga,CELL_TDD,Bindura_Zaoga_LTE_2,2,MSH0013-Bindura-Zaoga,100%,99.9995,99.7767,99.9358,98.8218,99.6951,1.13,98.2958,98.8625,99.9989,886.6194,807.1154,79.504,25.3774,52,6.0797,3.343,13.0959,6.061,0.1515,0,0,62.927,58.7081,6.3443,38.7758,10.4199,12.6375
16/11/2025,MSH0013-Bindura-Zaoga,CELL_TDD,Bindura_Zaoga_LTE_1,1,MSH0013-Bindura-Zaoga,100%,99.9995,98.5261,99.6473,92.338,99.3862,2.2757,98.3088,99.0223,99.9991,559.933,481.0834,78.8496,22.5173,50,5.5237,3.6191,16.5309,10.8772,0.2062,0,0.0001,48.9251,54.1694,5.6293,41.4818,9.2307,10.4278
16/11/2025,MSH-0331-Chiwaridzo 2,CELL_TDD,MSH-0331-Chiwaridzo 2_LTE_6,6,MSH-0331-Chiwaridzo 2_LTE,100%,99.9962,98.2569,98.7804,94.8298,99.0739,0.714,99.9065,99.908,100.0011,600.4437,557.3001,43.1436,18.2123,63,4.9785,2.7128,20.1042,6.073,0.235,0,0,59.5721,52.8139,4.5531,42.8085,10.1668,11.4053
16/11/2025,MSH-0331-Chiwaridzo 2,CELL_TDD,MSH-0331-Chiwaridzo 2_LTE_5,5,MSH-0331-Chiwaridzo 2_LTE,100%,99.9962,99.1476,99.6216,96.246,99.5602,2.0536,100,99.9812,100.0011,797.4317,742.9179,54.5138,17.1903,83,7.7377,3.4207,17.9599,6.8122,0.2076,0,0,55.0645,51.5646,4.2976,39.1122,9.464,13.1869
16/11/2025,MSH-0331-Chiwaridzo 2,CELL_TDD,MSH-0331-Chiwaridzo 2_LTE_4,4,MSH-0331-Chiwaridzo 2_LTE,100%,99.9962,98.3863,98.7623,95.5283,99.4775,0.8416,99.8988,99.9209,100.0011,1215.7236,1101.918,113.8056,29.1592,90,6.7426,4.4096,15.1704,6.3265,0.1776,0,0,63.5845,58.4901,7.2898,48.4214,10.9474,16.1452
16/11/2025,MSH-0331-Chiwaridzo 2,CELL_TDD,MSH-0331-Chiwaridzo 2_LTE_3,3,MSH-0331-Chiwaridzo 2_LTE,100%,99.9961,99.5495,99.7573,97.071,99.7542,0.6979,99.8667,99.921,100.0011,814.4485,736.8535,77.595,19.4479,71,6.3085,4.9832,18.6782,4.675,0.2128,0,0.0001,58.2257,52.0588,4.862,33.8655,10.0844,11.9798
16/11/2025,MSH-0331-Chiwaridzo 2,CELL_TDD,MSH-0331-Chiwaridzo 2_LTE_2,2,MSH-0331-Chiwaridzo 2_LTE,100%,99.9961,99.6818,99.8382,97.5862,99.8284,1.6522,100,99.9922,100.0011,943.3297,865.6328,77.6969,20.1412,87,7.5295,4.0458,16.5574,6.0496,0.1864,0,0.0001,58.5142,53.7335,5.0353,33.9599,9.7035,12.823
16/11/2025,MSH-0331-Chiwaridzo 2,CELL_TDD,MSH-0331-Chiwaridzo 2_LTE_1,1,MSH-0331-Chiwaridzo 2_LTE,100%,99.9961,99.4022,99.518,97.4978,99.7744,0.7031,99.8446,99.8647,100.0014,1325.6706,1221.2179,104.4528,36.1716,159,5.8425,3.7538,16.1954,5.9452,0.1836,0,0,67.8222,52.4917,9.0429,42.0382,11.2101,15.4605
16/11/2025,MSH-0112-Bindura Hospital,CELL_TDD,MSH-0112-Bindura Hospital_LTE_1,1,MSH-0112-Bindura Hospital_LTE,100%,100,99.8585,99.9729,98.7223,99.9126,0.6928,100,100,100.0013,598.0233,556.4548,41.5685,10.8788,25,5.845,2.7932,18.6574,5.1498,0.2099,0,0,54.1509,49.4944,2.7197,33.0604,11.326,12.7393
16/11/2025,MSH-0112-Bindura Hospital,CELL_TDD,MSH-0112-Bindura Hospital_LTE_2,2,MSH-0112-Bindura Hospital_LTE,100%,100,99.8431,99.9694,98.1347,99.8704,0.3395,100,100,100.0013,850.4411,782.6059,67.8352,10.2074,23,16.258,4.5404,13.8658,3.2908,0.1486,0,0,33.8566,50.6462,2.5519,18.6747,10.3028,14.4681
16/11/2025,MSH-0112-Bindura Hospital,CELL_TDD,MSH-0112-Bindura Hospital_LTE_3,3,MSH-0112-Bindura Hospital_LTE,100%,100,99.8564,99.9566,99.3118,99.833,1.108,99.9501,91.328,100.0013,1636.447,1499.0295,137.4175,21.0529,38,8.355,5.0754,16.1765,5.8459,0.1751,0,0,70.3152,59.1001,5.2632,37.1112,10.8129,15.5401
16/11/2025,MSH-0112-Bindura Hospital,CELL_TDD,MSH-0112-Bindura Hospital_LTE_4,4,MSH-0112-Bindura Hospital_LTE,100%,100,99.5878,99.9606,97.6662,99.7862,0.8028,99.8024,99.8109,100.0013,805.8704,748.9146,56.9557,14.8326,29,8.19,3.9485,14.4168,3.6465,0.1619,0,0,46.2539,51.2538,3.7081,32.3047,12.6194,16.6349
16/11/2025,MSH-0112-Bindura Hospital,CELL_TDD,MSH-0112-Bindura Hospital_LTE_5,5,MSH-0112-Bindura Hospital_LTE,100%,100,99.6666,99.9583,98.2713,99.9318,0.4655,100,100,100.0013,247.3125,216.5631,30.7493,7.0146,19,11.6804,3.7193,13.9466,3.3491,0.1554,0,0.0001,20.8684,45.4642,1.7537,17.3266,10.2084,12.7542
16/11/2025,MSH-0112-Bindura Hospital,CELL_TDD,MSH-0112-Bindura Hospital_LTE_6,6,MSH-0112-Bindura Hospital_LTE,100%,100,99.6342,99.8724,97.3027,99.7442,13.7207,99.9657,99.5685,100.0013,709.2043,659.0184,50.1859,15.8336,43,6.9034,2.9973,17.3243,7.6691,0.2008,0.0001,0,55.1758,52.8556,3.9584,37.8969,9.9751,11.9228
16/11/2025,MSH-0014-Chipadze,CELL_TDD,MSH-0014-Chipadze_LTE_6,6,MSH-0014-Chipadze,100%,99.9995,97.1666,99.1203,86.386,99.5793,1.5795,99.5783,99.6072,99.9616,786.1168,693.9147,92.2022,12.8944,43,5.341,5.0043,17.3297,7.4731,0.1865,0,0,55.4805,67.5966,3.2236,27.8777,9.3217,14.3914
16/11/2025,MSH-0014-Chipadze,CELL_TDD,MSH-0014-Chipadze_LTE_5,5,MSH-0014-Chipadze,100%,99.9995,98.9707,99.531,95.4326,99.5771,2.2232,99.279,99.361,99.9616,604.5268,534.3649,70.1619,25.1558,169,1.9708,2.1153,20.2204,11.9092,0.2263,0,0.0001,68.1603,68.7201,6.2889,35.0238,8.2887,11.2541
16/11/2025,MSH-0014-Chipadze,CELL_TDD,MSH-0014-Chipadze_LTE_4,4,MSH-0014-Chipadze,100%,99.9995,99.8901,99.9598,99.1708,99.93,0.574,99.0418,99.1377,99.9619,423.8409,389.7024,34.1384,13.7458,40,6.8893,3.6802,17.1888,5.2437,0.1954,0,0,35.8824,54.3485,3.4365,21.2659,10.0034,13.225
16/11/2025,MSH-0014-Chipadze,CELL_TDD,MSH-0014-Chipadze_LTE_3,3,MSH-0014-Chipadze,100%,99.9995,98.7547,99.5915,90.04,99.757,0.976,98.9875,99.1354,99.9616,1433.0727,1322.9264,110.1463,20.8037,73,7.4025,4.7795,15.4531,4.5144,0.1697,0,0,60.3604,59.734,5.2009,23.9004,9.9413,14.0093
16/11/2025,MSH-0014-Chipadze,CELL_TDD,MSH-0014-Chipadze_LTE_2,2,MSH-0014-Chipadze,100%,99.9995,99.3421,99.787,95.2509,99.7155,1.8004,98.8636,99.1507,99.9616,1023.7638,938.3848,85.379,29.3845,144,3.4277,2.5324,17.7141,9.4768,0.2005,0,0,68.233,64.5122,7.3461,25.3442,8.6655,11.5971
16/11/2025,MSH-0014-Chipadze,CELL_TDD,MSH-0014-Chipadze_LTE_1,1,MSH-0014-Chipadze,100%,99.9995,99.9044,99.9763,98.9218,99.9261,0.4877,98.5883,98.7208,99.9621,662.5714,610.3493,52.2221,18.0746,54,9.1994,3.812,16.6679,5.2641,0.1865,0,0,36.6711,55.1118,4.5186,16.8303,10.3593,13.2055
17/11/2025,MSH0013-Bindura-Zaoga,CELL_TDD,Bindura_Zaoga_LTE_6,6,MSH0013-Bindura-Zaoga,100%,100,99.6025,99.8505,97.6744,99.882,1.9264,98.0476,98.1116,99.9997,447.1167,419.2963,27.8204,5.0961,17,8.3935,2.7994,12.9556,5.1425,0.166,0,0,36.203,46.59,1.274,29.4977,9.6734,10.4459
17/11/2025,MSH0013-Bindura-Zaoga,CELL_TDD,Bindura_Zaoga_LTE_5,5,MSH0013-Bindura-Zaoga,100%,100,99.4389,99.7472,98.0221,99.2754,2.634,99.1984,99.3188,99.9997,821.0463,749.5817,71.4646,36.8756,89,5.0376,3.3815,15.1938,8.3529,0.1796,0,0.0001,56.3912,51.4338,9.2189,46.0964,10.2635,13.1765
17/11/2025,MSH0013-Bindura-Zaoga,CELL_TDD,Bindura_Zaoga_LTE_4,4,MSH0013-Bindura-Zaoga,100%,100,90.8937,93.4384,83.2609,94.7449,2.8574,99.2529,99.2915,100,405.5571,352.5324,53.0247,31.6036,223,4.3293,2.1321,19.7235,15.5489,0.2455,0.0001,0.0004,48.1491,48.8377,7.9009,47.9517,9.2553,9.5685
17/11/2025,MSH0013-Bindura-Zaoga,CELL_TDD,Bindura_Zaoga_LTE_3,3,MSH0013-Bindura-Zaoga,100%,100,99.8602,99.9745,98.6559,99.9246,1.3651,98.9262,99.0536,99.9997,526.523,485.1611,41.3619,6.3508,15,9.2683,4.3606,11.4078,4.0064,0.1418,0,0,39.4734,45.9467,1.5877,26.0886,10.0942,11.2212
17/11/2025,MSH0013-Bindura-Zaoga,CELL_TDD,Bindura_Zaoga_LTE_2,2,MSH0013-Bindura-Zaoga,100%,100,99.4141,99.9177,96.6712,99.5578,1.5729,98.7084,99.1082,100,1098.1978,991.7427,106.4551,35.9066,82,5.9624,4.0301,13.3666,6.4203,0.1543,0,0.0001,58.5499,65.7934,8.9766,40.5947,10.1826,13.117
17/11/2025,MSH0013-Bindura-Zaoga,CELL_TDD,Bindura_Zaoga_LTE_1,1,MSH0013-Bindura-Zaoga,100%,100,93.2476,95.2127,87.0417,94.7266,2.819,98.4396,98.8277,100.0005,602.349,526.1819,76.1671,34.2416,246,4.7678,3.0172,18.0454,12.0125,0.2214,0,0.0001,50.3342,50.4814,8.5604,42.4133,9.4457,9.9717
17/11/2025,MSH-0331-Chiwaridzo 2,CELL_TDD,MSH-0331-Chiwaridzo 2_LTE_6,6,MSH-0331-Chiwaridzo 2_LTE,83%,99.9945,98.6239,99.1214,96.3122,99.2038,1.4289,99.8799,99.8717,100.001,518.8268,484.105,34.7218,16.6522,43,4.4306,2.5227,20.0717,6.2002,0.2387,0,0,65.3198,49.5122,4.1631,44.6816,10.2392,12.1233
17/11/2025,MSH-0331-Chiwaridzo 2,CELL_TDD,MSH-0331-Chiwaridzo 2_LTE_5,5,MSH-0331-Chiwaridzo 2_LTE,83%,99.9945,98.7507,99.5371,95.1343,99.6763,1.2696,99.9647,99.9551,100.0007,617.3314,572.711,44.6204,15.1879,35,8.6985,4.0124,17.2434,4.5747,0.1994,0,0,50.2583,50.1686,3.797,36.8285,9.2992,13.2308
17/11/2025,MSH-0331-Chiwaridzo 2,CELL_TDD,MSH-0331-Chiwaridzo 2_LTE_4,4,MSH-0331-Chiwaridzo 2_LTE,83%,99.9945,98.9355,98.9534,98.8667,99.2675,1.0934,99.8776,99.9225,100.0007,953.9569,853.8662,100.0907,29.5118,72,7.3006,4.1918,15.4797,7.8763,0.1761,0,0,61.4096,60.9851,7.3779,49.1213,10.9341,16.7274
17/11/2025,MSH-0331-Chiwaridzo 2,CELL_TDD,MSH-0331-Chiwaridzo 2_LTE_3,3,MSH-0331-Chiwaridzo 2_LTE,83%,99.9945,99.4925,99.8186,96.9343,99.8221,1.2777,99.9372,99.9529,100.0007,773.505,703.3809,70.1241,19.5196,55,5.3556,4.4481,18.7259,6.8476,0.2115,0,0,66.9782,52.3717,4.8799,37.0327,9.9848,12.4973
17/11/2025,MSH-0331-Chiwaridzo 2,CELL_TDD,MSH-0331-Chiwaridzo 2_LTE_2,2,MSH-0331-Chiwaridzo 2_LTE,83%,99.9945,99.5739,99.8517,96.5027,99.8675,1.3434,99.9879,99.9854,100.0007,589.6998,536.8382,52.8617,18.5118,51,7.8511,3.8549,16.2703,5.8704,0.1853,0,0,51.8661,51.3134,4.6279,32.8145,9.6859,12.5893
17/11/2025,MSH-0331-Chiwaridzo 2,CELL_TDD,MSH-0331-Chiwaridzo 2_LTE_1,1,MSH-0331-Chiwaridzo 2_LTE,83%,99.9945,99.3528,99.4338,98.4642,99.7145,0.8313,99.9556,99.7987,100.001,1008.9248,925.6603,83.2645,36.5963,109,5.9382,3.7988,16.6797,5.9897,0.1905,0,0,66.7822,53.765,9.1491,44.2099,11.2706,14.9092
17/11/2025,MSH-0112-Bindura Hospital,CELL_TDD,MSH-0112-Bindura Hospital_LTE_1,1,MSH-0112-Bindura Hospital_LTE,100%,100,99.5801,99.9746,97.2718,99.824,0.6358,100,100,100.0003,500.9339,453.5777,47.3562,9.2193,22,6.151,4.0004,17.9301,4.228,0.2057,0,0.0001,47.3588,49.3397,2.3048,29.8734,11.2196,12.0444
17/11/2025,MSH-0112-Bindura Hospital,CELL_TDD,MSH-0112-Bindura Hospital_LTE_2,2,MSH-0112-Bindura Hospital_LTE,100%,100,99.8003,99.9514,98.9062,99.9229,0.4291,99.9743,99.9841,100,708.3233,642.6863,65.6369,9.9473,23,12.9745,5.1743,15.3699,2.9732,0.1644,0,0,36.3775,67.708,2.4868,22.7444,10.0511,14.1193
17/11/2025,MSH-0112-Bindura Hospital,CELL_TDD,MSH-0112-Bindura Hospital_LTE_3,3,MSH-0112-Bindura Hospital_LTE,100%,100,98.9991,99.9342,93.9667,99.8058,1.5727,99.981,96.0446,100.0003,1463.9819,1320.6143,143.3676,22.3075,42,8.2437,5.2148,15.7674,6.87,0.1725,0,0,69.0158,61.0435,5.5769,37.3865,10.6617,15.1089
17/11/2025,MSH-0112-Bindura Hospital,CELL_TDD,MSH-0112-Bindura Hospital_LTE_4,4,MSH-0112-Bindura Hospital_LTE,100%,100,99.3645,99.8534,97.6065,99.693,1.3135,99.9119,99.9681,100.0003,733.4655,660.8909,72.5746,14.9071,29,9.6374,3.8589,14.1304,4.9837,0.1604,0,0,40.0915,57.2672,3.7268,30.2154,12.2402,16.4959
17/11/2025,MSH-0112-Bindura Hospital,CELL_TDD,MSH-0112-Bindura Hospital_LTE_5,5,MSH-0112-Bindura Hospital_LTE,100%,100,99.6464,99.9525,98.6621,99.8715,0.6315,99.881,99.9252,100,303.6726,267.8721,35.8005,8.3023,23,10.6653,3.9244,14.8039,3.6524,0.1701,0,0,21.0237,46.76,2.0756,19.379,10.2282,12.135
17/11/2025,MSH-0112-Bindura Hospital,CELL_TDD,MSH-0112-Bindura Hospital_LTE_6,6,MSH-0112-Bindura Hospital_LTE,100%,100,99.5878,99.8808,97.8333,99.6841,9.702,99.9788,99.9332,100,837.5163,765.6553,71.861,18.0378,40,7.825,3.441,17.2212,7.3486,0.1973,0,0,53.6124,57.1449,4.5094,38.504,10.424,12.7382
17/11/2025,MSH-0014-Chipadze,CELL_TDD,MSH-0014-Chipadze_LTE_6,6,MSH-0014-Chipadze,100%,99.9998,96.7164,99.6808,85.6938,99.6042,1.5561,98.6513,98.7921,100.0016,942.2942,849.6996,92.5946,17.2224,53,4.7321,3.8846,17.5655,7.5507,0.1899,0,0,62.3017,68.4571,4.3056,29.5037,9.8855,14.9666
17/11/2025,MSH-0014-Chipadze,CELL_TDD,MSH-0014-Chipadze_LTE_5,5,MSH-0014-Chipadze,100%,99.9998,97.4208,98.6648,92.9853,99.0089,2.6459,98.6408,98.909,100.0016,637.3745,563.2526,74.1219,32.517,159,2.3682,2.1292,19.8577,13.0076,0.2237,0,0.0001,62.2193,67.6587,8.1293,33.768,8.9597,11.9762
17/11/2025,MSH-0014-Chipadze,CELL_TDD,MSH-0014-Chipadze_LTE_4,4,MSH-0014-Chipadze,100%,99.9998,99.719,99.8264,99.1403,99.7335,0.9362,98.1387,98.4061,100.0016,511.5194,473.2172,38.3022,16.3969,57,5.9426,2.8463,17.0803,6.3588,0.1926,0,0,40.7624,57.9111,4.0992,23.4976,10.0818,13.4616
17/11/2025,MSH-0014-Chipadze,CELL_TDD,MSH-0014-Chipadze_LTE_3,3,MSH-0014-Chipadze,100%,99.9998,98.2424,99.6436,88.3568,99.7397,1.0619,99.1079,99.2237,100.0016,1509.1376,1389.6552,119.4824,25.0491,116,6.8979,4.2744,15.4473,4.4232,0.17,0,0,63.4714,60.9161,6.2623,25.4937,10.25,12.0087
17/11/2025,MSH-0014-Chipadze,CELL_TDD,MSH-0014-Chipadze_LTE_2,2,MSH-0014-Chipadze,100%,99.9998,98.1351,99.1091,92.7508,99.3659,2.1345,99.1833,99.3497,100.0016,1033.5933,925.6678,107.9255,40.9166,174,3.1729,2.6755,17.771,11.2269,0.2006,0,0,64.6627,63.9903,10.2291,25.9922,8.5663,11.4738
17/11/2025,MSH-0014-Chipadze,CELL_TDD,MSH-0014-Chipadze_LTE_1,1,MSH-0014-Chipadze,100%,99.9998,99.6418,99.7959,98.4261,99.8122,0.9648,98.5524,98.7741,100.0022,730.869,643.6163,87.2526,18.1202,65,10.7977,6.3037,16.3615,5.8554,0.1849,0,0,31.5377,58.3229,4.53,16.9764,10.4544,15.3233
18/11/2025,MSH0013-Bindura-Zaoga,CELL_TDD,Bindura_Zaoga_LTE_6,6,MSH0013-Bindura-Zaoga,87%,99.9999,99.5897,99.7524,98.8048,99.8777,1.7104,99.2509,99.3124,100.001,302.3793,279.8735,22.5058,4.995,15,8.4876,3.8066,13.7259,4.7409,0.1751,0,0,28.7144,44.998,1.2487,24.4196,10.3288,10.013
18/11/2025,MSH0013-Bindura-Zaoga,CELL_TDD,Bindura_Zaoga_LTE_5,5,MSH0013-Bindura-Zaoga,87%,99.9999,99.6068,99.8466,98.3914,99.3762,2.0643,99.4319,99.5352,100.001,619.2162,513.0776,106.1386,32.2715,94,5.5913,5.3272,14.9431,8.4719,0.1765,0,0.0001,51.5163,61.899,8.0679,45.4178,10.5408,12.8418
18/11/2025,MSH0013-Bindura-Zaoga,CELL_TDD,Bindura_Zaoga_LTE_4,4,MSH0013-Bindura-Zaoga,87%,99.9999,91.3654,93.8674,83.2477,94.695,2.7241,98.6711,98.8514,100.001,267.1841,240.1916,26.9925,29.9937,175,5.8957,1.0766,18.519,18.1492,0.2303,0.0001,0.0003,31.3135,45.0482,7.4984,41.1991,9.4483,10.6965
18/11/2025,MSH0013-Bindura-Zaoga,CELL_TDD,Bindura_Zaoga_LTE_3,3,MSH0013-Bindura-Zaoga,87%,99.9999,99.8831,100,98.8304,99.8715,1.2159,98.6842,98.9319,100.001,334.4925,311.289,23.2035,6.1084,17,9.5854,3.9886,11.3941,3.2086,0.1464,0,0,30.4793,43.2078,1.5271,21.5476,10.6193,11.3701
18/11/2025,MSH0013-Bindura-Zaoga,CELL_TDD,Bindura_Zaoga_LTE_2,2,MSH0013-Bindura-Zaoga,87%,99.9999,99.6866,99.871,98.7361,99.6011,1.5725,97.5886,98.5738,100.001,969.5814,877.2524,92.3291,35.2322,92,6.4746,3.8836,13.8333,7.1513,0.1596,0,0.0001,57.3891,53.4155,8.8081,40.062,10.5872,13.4179
18/11/2025,MSH0013-Bindura-Zaoga,CELL_TDD,Bindura_Zaoga_LTE_1,1,MSH0013-Bindura-Zaoga,87%,99.9999,94.6339,96.6101,87.9899,95.4432,2.519,97.5894,98.1858,100.0017,383.2092,346.9895,36.2197,35.4209,220,6.2384,1.3668,18.6939,13.8753,0.229,0,0.0001,34.6789,44.4377,8.8552,39.3047,9.3424,10.2219
18/11/2025,MSH-0331-Chiwaridzo 2,CELL_TDD,MSH-0331-Chiwaridzo 2_LTE_6,6,MSH-0331-Chiwaridzo 2_LTE,83%,99.9768,98.964,99.5924,95.2681,99.3068,1.5467,99.7126,99.7778,100,466.4173,432.172,34.2452,13.8753,43,4.5382,2.6943,20.2451,7.0526,0.2367,0,0,74.8846,54.1129,3.4688,53.0076,10.0957,11.9809
18/11/2025,MSH-0331-Chiwaridzo 2,CELL_TDD,MSH-0331-Chiwaridzo 2_LTE_5,5,MSH-0331-Chiwaridzo 2_LTE,83%,99.9768,97.9434,99.5422,89.0769,99.2679,1.6942,99.7121,99.7758,99.9996,526.4857,487.6082,38.8775,12.6972,61,8.7996,3.6738,16.3961,6.1916,0.1874,0,0,56.8349,49.8627,3.1743,41.8722,9.1969,13.2107
18/11/2025,MSH-0331-Chiwaridzo 2,CELL_TDD,MSH-0331-Chiwaridzo 2_LTE_4,4,MSH-0331-Chiwaridzo 2_LTE,83%,99.9768,98.7154,98.9098,96.9337,99.3,1.7761,99.8554,99.8703,99.9996,832.9732,762.7047,70.2685,25.7943,70,7.3621,3.6968,15.7505,8.2746,0.1839,0,0.0001,71.5554,58.4174,6.4486,56.5193,11.2116,17.1769
18/11/2025,MSH-0331-Chiwaridzo 2,CELL_TDD,MSH-0331-Chiwaridzo 2_LTE_3,3,MSH-0331-Chiwaridzo 2_LTE,83%,99.9768,99.6952,99.8688,97.4116,99.6725,1.3686,99.9302,99.939,99.9996,603.2632,536.4039,66.8593,15.829,54,5.2272,5.3927,18.9636,5.062,0.2094,0,0.0001,76.2487,54.505,3.9573,43.0495,9.982,11.8891
18/11/2025,MSH-0331-Chiwaridzo 2,CELL_TDD,MSH-0331-Chiwaridzo 2_LTE_2,2,MSH-0331-Chiwaridzo 2_LTE,83%,99.9768,99.586,99.9544,95.9276,99.7051,4.7451,99.6927,99.876,99.9996,513.7983,477.6335,36.1648,11.6361,46,7.0193,2.8614,17.2774,7.5615,0.1923,0,0,69.541,51.5327,2.909,40.6902,9.6348,11.8596
18/11/2025,MSH-0331-Chiwaridzo 2,CELL_TDD,MSH-0331-Chiwaridzo 2_LTE_1,1,MSH-0331-Chiwaridzo 2_LTE,83%,99.9768,98.9262,98.9707,98.1548,99.6418,1.2172,99.8779,99.8985,100,863.7375,794.2382,69.4993,27.8826,89,6.1005,3.6096,16.1727,7.0365,0.1823,0,0.0001,78.7473,55.8469,6.9707,48.7058,11.0186,15.2663
18/11/2025,MSH-0112-Bindura Hospital,CELL_TDD,MSH-0112-Bindura Hospital_LTE_1,1,MSH-0112-Bindura Hospital_LTE,100%,100,99.8432,99.9923,98.6959,99.8854,0.4752,99.7558,99.9596,100.0009,593.6986,526.3218,67.3768,8.6262,26,8.1259,6.7342,15.8748,3.6952,0.1878,0,0,45.1222,48.3734,2.1565,26.2091,11.3389,13.4649
18/11/2025,MSH-0112-Bindura Hospital,CELL_TDD,MSH-0112-Bindura Hospital_LTE_2,2,MSH-0112-Bindura Hospital_LTE,100%,100,99.8369,99.9745,99.1449,99.9193,0.7206,99.7693,99.8828,100.0006,798.6687,728.1791,70.4896,12.8493,35,11.4628,4.3775,15.2714,3.3064,0.1676,0,0,37.0034,69.986,3.2123,25.7306,10.639,14.9087
18/11/2025,MSH-0112-Bindura Hospital,CELL_TDD,MSH-0112-Bindura Hospital_LTE_3,3,MSH-0112-Bindura Hospital_LTE,100%,100,99.6538,99.8201,98.7933,99.6109,1.8251,99.9389,96.4889,100.0006,1437.8287,1295.592,142.2367,26.7146,64,8.9622,4.4364,15.5845,8.379,0.1702,0,0,62.356,59.2707,6.6786,37.4627,10.5749,14.6797
18/11/2025,MSH-0112-Bindura Hospital,CELL_TDD,MSH-0112-Bindura Hospital_LTE_4,4,MSH-0112-Bindura Hospital_LTE,100%,100,99.5829,99.9797,97.9506,99.6311,1.0196,100,100,100.0006,554.8871,513.5615,41.3257,11.8605,27,8.6087,3.0129,13.1787,4.0201,0.1573,0,0.0001,34.6461,48.9523,2.9651,26.6305,12.2983,16.1283
18/11/2025,MSH-0112-Bindura Hospital,CELL_TDD,MSH-0112-Bindura Hospital_LTE_5,5,MSH-0112-Bindura Hospital_LTE,100%,100,99.4094,99.9639,97.4651,99.8465,0.71,99.6993,99.8517,100.0006,430.8555,388.6892,42.1663,8.5858,27,9.3582,4.2399,15.7087,3.8122,0.1788,0,0,29.1915,48.0274,2.1464,23.269,10.8379,14.1144
18/11/2025,MSH-0112-Bindura Hospital,CELL_TDD,MSH-0112-Bindura Hospital_LTE_6,6,MSH-0112-Bindura Hospital_LTE,100%,100,99.3989,99.7133,97.5453,99.3836,7.7602,99.9231,99.8884,100.0006,692.9498,627.6693,65.2804,25.7796,65,7.9157,2.66,18.0472,10.1059,0.2082,0,0,45.49,55.4366,6.4449,38.465,10.6755,13.7454
18/11/2025,MSH-0014-Chipadze,CELL_TDD,MSH-0014-Chipadze_LTE_6,6,MSH-0014-Chipadze,100%,100,97.7291,99.7554,82.834,99.7403,1.3884,99.439,99.4738,100,989.262,905.7463,83.5157,19.8327,42,4.9526,3.4177,17.1025,6.8672,0.1872,0,0,59.7046,67.5882,4.9582,28.2206,10.5373,15.7912
18/11/2025,MSH-0014-Chipadze,CELL_TDD,MSH-0014-Chipadze_LTE_5,5,MSH-0014-Chipadze,100%,100,96.7966,98.9036,88.3855,99.0447,2.3866,99.1298,99.2524,100,700.4392,631.7476,68.6916,49.0468,208,2.7703,1.526,19.3133,13.8287,0.2145,0,0.0002,63.7369,69.2796,12.2617,34.3902,9.502,13.0813
18/11/2025,MSH-0014-Chipadze,CELL_TDD,MSH-0014-Chipadze_LTE_4,4,MSH-0014-Chipadze,100%,100,99.087,99.9223,91.7532,99.8301,1.42,97.8692,98.2912,100.0003,704.7761,647.5327,57.2434,23.7367,68,4.0192,2.1782,19.3809,7.9947,0.2124,0,0.0001,50.8843,64.3562,5.9342,29.3305,10.1824,14.2619
18/11/2025,MSH-0014-Chipadze,CELL_TDD,MSH-0014-Chipadze_LTE_3,3,MSH-0014-Chipadze,100%,100,98.8681,99.8637,86.5385,99.8465,0.9953,99.4845,99.5737,99.9994,1560.8624,1413.6737,147.1887,26.7803,55,6.0028,4.9725,15.2799,4.6432,0.1735,0,0,60.9162,64.8535,6.6951,25.9325,10.5718,12.8996
18/11/2025,MSH-0014-Chipadze,CELL_TDD,MSH-0014-Chipadze_LTE_2,2,MSH-0014-Chipadze,100%,100,98.3484,99.3924,91.62,99.4401,1.9304,98.8011,99.278,100,1125.9397,1020.7708,105.1688,57.5932,214,3.3902,2.1663,18.4121,12.0943,0.2053,0,0.0001,70.5923,63.9015,14.3983,26.3721,9.2246,12.1106
18/11/2025,MSH-0014-Chipadze,CELL_TDD,MSH-0014-Chipadze_LTE_1,1,MSH-0014-Chipadze,100%,100,99.7982,99.9385,97.9002,99.7871,1.1979,98.4245,98.8354,100,960.9209,866.627,94.2939,26.7829,85,6.4627,3.715,17.1173,7.1596,0.193,0,0,41.3104,61.023,6.6957,20.7994,10.4386,13.7557
19/11/2025,MSH0013-Bindura-Zaoga,CELL_TDD,Bindura_Zaoga_LTE_6,6,MSH0013-Bindura-Zaoga,33%,99.9999,99.4937,99.5769,98.7654,99.8601,1.9436,99.226,99.2806,99.9988,99.1291,92.4176,6.7115,4.5279,13,7.8182,2.7306,12.6992,5.2754,0.1572,0,0.0004,34.316,49.7782,1.132,28.4033,9.5181,11.1893
19/11/2025,MSH0013-Bindura-Zaoga,CELL_TDD,Bindura_Zaoga_LTE_5,5,MSH0013-Bindura-Zaoga,33%,99.9999,99.5914,99.7787,98.4244,99.189,3.1434,98.8175,99.0188,99.9988,228.2872,206.9119,21.3752,45.3435,92,4.1089,3.5238,15.4912,10.7896,0.1837,0,0.0003,74.5537,52.2782,11.3359,61.1543,10.5668,13.6896
19/11/2025,MSH0013-Bindura-Zaoga,CELL_TDD,Bindura_Zaoga_LTE_4,4,MSH0013-Bindura-Zaoga,33%,99.9999,96.4656,98.7403,88.615,97.4564,3.7734,99.5029,99.5757,99.9988,79.0467,70.9237,8.123,29.7444,63,5.3089,1.3863,19.18,17.5144,0.2351,0.0001,0.0007,33.4315,44.6486,7.4361,47.7393,9.1809,10.7051
19/11/2025,MSH0013-Bindura-Zaoga,CELL_TDD,Bindura_Zaoga_LTE_3,3,MSH0013-Bindura-Zaoga,33%,99.9999,99.902,100,98.3333,100,1.2038,97.2093,97.9239,99.9988,101.4942,95.9343,5.5599,5.635,17,9.9579,2.9163,11.6602,3.5491,0.1486,0,0,34.0879,43.5111,1.4088,24.6447,10.1459,10.8853
19/11/2025,MSH0013-Bindura-Zaoga,CELL_TDD,Bindura_Zaoga_LTE_2,2,MSH0013-Bindura-Zaoga,33%,99.9999,99.7636,99.906,99.0264,99.4681,2.5878,98.4932,99.2517,99.9988,409.8211,375.9483,33.8728,37.9673,75,4.5743,4.1371,14.3748,7.2512,0.1642,0,0.0002,88.2562,56.9554,9.4918,52.1786,10.4922,13.7031
19/11/2025,MSH0013-Bindura-Zaoga,CELL_TDD,Bindura_Zaoga_LTE_1,1,MSH0013-Bindura-Zaoga,33%,99.9999,98.289,99.5409,94.4553,98.4764,3.654,97.3881,98.3407,99.9351,150.5855,136.934,13.6515,28.2789,60,7.107,1.9784,17.2408,13.8601,0.2041,0,0.0001,44.8994,44.0777,7.0697,44.1942,9.2982,12.1409
19/11/2025,MSH-0331-Chiwaridzo 2,CELL_TDD,MSH-0331-Chiwaridzo 2_LTE_6,6,MSH-0331-Chiwaridzo 2_LTE,4%,99.9999,/0,/0,/0,NIL,/0,/0,/0,/0,0,0,0,0,0,/0,/0,/0,/0,/0,/0,/0,/0,/0,0,/0,/0,/0
19/11/2025,MSH-0331-Chiwaridzo 2,CELL_TDD,MSH-0331-Chiwaridzo 2_LTE_5,5,MSH-0331-Chiwaridzo 2_LTE,4%,99.9999,/0,/0,/0,NIL,/0,/0,/0,/0,0,0,0,0,0,/0,/0,/0,/0,/0,/0,/0,/0,/0,0,/0,/0,/0
19/11/2025,MSH-0331-Chiwaridzo 2,CELL_TDD,MSH-0331-Chiwaridzo 2_LTE_4,4,MSH-0331-Chiwaridzo 2_LTE,4%,99.9999,/0,/0,/0,NIL,/0,/0,/0,/0,0,0,0,0,0,/0,/0,/0,/0,/0,/0,/0,/0,/0,0,/0,/0,/0
19/11/2025,MSH-0331-Chiwaridzo 2,CELL_TDD,MSH-0331-Chiwaridzo 2_LTE_3,3,MSH-0331-Chiwaridzo 2_LTE,4%,99.9999,/0,/0,/0,NIL,/0,/0,/0,/0,0,0,0,0,0,/0,/0,/0,/0,/0,/0,/0,/0,/0,0,/0,/0,/0
19/11/2025,MSH-0331-Chiwaridzo 2,CELL_TDD,MSH-0331-Chiwaridzo 2_LTE_2,2,MSH-0331-Chiwaridzo 2_LTE,4%,99.9999,/0,/0,/0,NIL,/0,/0,/0,/0,0,0,0,0,0,/0,/0,/0,/0,/0,/0,/0,/0,/0,0,/0,/0,/0
19/11/2025,MSH-0331-Chiwaridzo 2,CELL_TDD,MSH-0331-Chiwaridzo 2_LTE_1,1,MSH-0331-Chiwaridzo 2_LTE,4%,99.9999,/0,/0,/0,NIL,/0,/0,/0,/0,0,0,0,0,0,/0,/0,/0,/0,/0,/0,/0,/0,/0,0,/0,/0,/0
19/11/2025,MSH-0112-Bindura Hospital,CELL_TDD,MSH-0112-Bindura Hospital_LTE_1,1,MSH-0112-Bindura Hospital_LTE,100%,100,99.7782,99.9698,96.8315,99.8707,0.9053,93.305,99.4716,99.9992,663.2451,594.0894,69.1557,9.6188,23,9.487,6.298,14.7728,3.8081,0.1677,0,0.0001,40.7994,50.0141,2.4047,24.0572,11.4098,14.5905
19/11/2025,MSH-0112-Bindura Hospital,CELL_TDD,MSH-0112-Bindura Hospital_LTE_2,2,MSH-0112-Bindura Hospital_LTE,100%,100,99.788,99.939,98.4677,99.9699,0.9038,100,99.9339,99.9986,753.2834,686.5366,66.7468,13.6903,32,9.0522,3.9391,15.8151,4.9295,0.1785,0,0,48.8933,57.4452,3.4226,30.6676,10.9718,14.1562
19/11/2025,MSH-0112-Bindura Hospital,CELL_TDD,MSH-0112-Bindura Hospital_LTE_3,3,MSH-0112-Bindura Hospital_LTE,100%,100,99.6615,99.8773,98.4498,99.5819,2.0187,99.8919,94.7695,99.9986,1510.5099,1367.3478,143.162,32.3712,88,10.1181,3.9894,15.6272,8.8888,0.1733,0,0,63.682,60.1878,8.0928,39.3392,10.6711,15.3579
19/11/2025,MSH-0112-Bindura Hospital,CELL_TDD,MSH-0112-Bindura Hospital_LTE_4,4,MSH-0112-Bindura Hospital_LTE,100%,100,99.3519,99.8874,96.875,99.587,0.6116,95.4902,98.2364,99.9986,530.0241,492.0515,37.9726,11.9977,25,10.2001,3.3203,13.955,3.5101,0.1639,0,0,32.6692,47.0102,2.9994,23.9241,12.742,16.4302
19/11/2025,MSH-0112-Bindura Hospital,CELL_TDD,MSH-0112-Bindura Hospital_LTE_5,5,MSH-0112-Bindura Hospital_LTE,100%,100,99.6385,99.9122,98.3654,99.9136,1.5322,99.8639,99.7547,99.9986,742.7684,683.1556,59.6127,11.2514,27,10.0558,4.0003,16.0504,3.868,0.1894,0,0,38.1494,52.2973,2.8128,29.1671,11.0445,15.3538
19/11/2025,MSH-0112-Bindura Hospital,CELL_TDD,MSH-0112-Bindura Hospital_LTE_6,6,MSH-0112-Bindura Hospital_LTE,100%,100,99.362,99.7726,97.0257,99.2776,8.5085,99.6779,96.0312,99.9986,871.7126,794.8732,76.8394,29,73,8.7944,2.746,17.5852,10.1576,0.2035,0,0,49.2468,54.5935,7.25,41.8774,10.9152,14.3133
19/11/2025,MSH-0014-Chipadze,CELL_TDD,MSH-0014-Chipadze_LTE_6,6,MSH-0014-Chipadze,100%,99.9988,98.5514,99.3419,93.2468,99.8136,1.3235,99.8463,99.8505,99.9356,954.2798,875.2358,79.0441,19.2464,64,4.8518,3.2888,16.4586,6.7698,0.1797,0,0,58.4574,65.779,4.8116,28.7173,11.2459,16.6904
19/11/2025,MSH-0014-Chipadze,CELL_TDD,MSH-0014-Chipadze_LTE_5,5,MSH-0014-Chipadze,100%,99.9988,94.5471,97.5958,84.7561,98.7023,3.8847,99.8445,99.8567,99.9356,525.0281,454.4279,70.6002,81.9008,187,3.9094,1.2822,19.4667,20.2138,0.2181,0.0001,0.0003,37.3632,66.6182,20.4752,31.3461,10.0547,15.2285
19/11/2025,MSH-0014-Chipadze,CELL_TDD,MSH-0014-Chipadze_LTE_4,4,MSH-0014-Chipadze,100%,99.9988,98.55,99.1145,93.3696,99.7715,1.6021,98.2709,98.7541,99.9356,948.8724,864.0785,84.7939,30.5489,113,4.5743,2.851,19.0735,8.3512,0.2092,0,0.0001,59.8068,69.8336,7.6372,31.8429,10.8422,15.4312
19/11/2025,MSH-0014-Chipadze,CELL_TDD,MSH-0014-Chipadze_LTE_3,3,MSH-0014-Chipadze,100%,99.9988,99.0202,99.337,95.4416,99.813,0.9286,99.7241,99.7537,99.9362,1454.6114,1332.286,122.3253,27.1045,92,7.1338,4.3118,15.9499,5.3828,0.1765,0,0,58.197,65.2171,6.7761,23.1513,11.2061,15.0358
19/11/2025,MSH-0014-Chipadze,CELL_TDD,MSH-0014-Chipadze_LTE_2,2,MSH-0014-Chipadze,100%,99.9988,97.8491,99.0205,91.934,99.2395,2.5374,99.7134,99.8064,99.9337,1068.4513,949.9891,118.4622,92.0675,200,5.5049,2.0115,17.472,16.1084,0.1959,0,0.0003,46.6462,61.1925,23.0169,24.9382,10.4233,15.0552
19/11/2025,MSH-0014-Chipadze,CELL_TDD,MSH-0014-Chipadze_LTE_1,1,MSH-0014-Chipadze,100%,99.9988,99.3757,99.5087,97.6973,99.7735,1.5484,98.6881,99.1202,99.9366,1282.811,1173.1869,109.6241,33.0662,126,6.9938,3.1843,17.4563,8.3703,0.1939,0,0.0001,52.2204,70.5252,8.2665,23.8668,11.0392,15.0327
20/11/2025,MSH0013-Bindura-Zaoga,CELL_TDD,Bindura_Zaoga_LTE_6,6,MSH0013-Bindura-Zaoga,50%,99.9994,99.8367,99.8944,99.0909,99.8598,0.8983,98.0296,98.1859,99.9944,90.2607,75.8727,14.388,4.003,13,5.7363,5.1658,14.094,4.5389,0.1865,0,0,38.3879,49.4343,1.0007,28.2649,10.8422,8.0331
20/11/2025,MSH0013-Bindura-Zaoga,CELL_TDD,Bindura_Zaoga_LTE_5,5,MSH0013-Bindura-Zaoga,50%,99.9994,99.6261,99.8592,98.5834,99.4754,2.1404,99.0694,99.1988,99.9944,222.2596,195.2851,26.9746,16.8247,86,7.4471,4.6463,13.7026,7.131,0.1673,0,0.0001,45.8392,49.9149,4.2062,33.781,10.4597,14.0562
20/11/2025,MSH0013-Bindura-Zaoga,CELL_TDD,Bindura_Zaoga_LTE_4,4,MSH0013-Bindura-Zaoga,50%,99.9994,96.5187,98.9127,88.8889,98.2039,3.0706,98.3139,98.5043,99.9944,126.8961,115.1,11.7961,24.5881,69,8.5045,0.9606,18.5014,20.1389,0.2277,0.0001,0.0001,22.7718,43.6202,6.147,37.993,9.2691,12.735
20/11/2025,MSH0013-Bindura-Zaoga,CELL_TDD,Bindura_Zaoga_LTE_3,3,MSH0013-Bindura-Zaoga,50%,99.9994,99.9524,100,99.1597,99.8997,0.5048,99.5261,99.6198,99.9944,122.7817,111.9261,10.8557,5.5561,15,9.2024,5.2581,12.5979,2.1581,0.1628,0,0,19.8102,41.7456,1.389,16.5171,10.6759,11.9793
20/11/2025,MSH0013-Bindura-Zaoga,CELL_TDD,Bindura_Zaoga_LTE_2,2,MSH0013-Bindura-Zaoga,50%,99.9994,99.0249,99.9129,94.374,99.5716,1.0072,97.619,98.5019,99.9944,438.9897,400.3621,38.6276,17.7733,71,9.3388,5.0032,12.459,6.073,0.145,0,0,46.657,52.3728,4.4433,32.8109,11.0236,13.0789
20/11/2025,MSH0013-Bindura-Zaoga,CELL_TDD,Bindura_Zaoga_LTE_1,1,MSH0013-Bindura-Zaoga,50%,99.9994,98.328,99.6763,93.1081,99.1209,1.6354,97.5,98.9451,99.9586,125.1931,112.5672,12.6258,28.4747,71,7.722,0.8826,18.3996,14.4203,0.2165,0,0,21.5546,37.5677,7.1187,35.6857,9.545,11.6934
20/11/2025,MSH-0331-Chiwaridzo 2,CELL_TDD,MSH-0331-Chiwaridzo 2_LTE_6,6,MSH-0331-Chiwaridzo 2_LTE,75%,99.9998,98.9061,99.5203,94.9087,99.336,1.3809,99.9402,99.9493,100.0004,551.93,498.9152,53.0147,19.9488,48,4.4959,3.7909,20.2469,6.7745,0.2435,0,0,69.7764,55.3022,4.9872,48.1997,9.9826,12.127
20/11/2025,MSH-0331-Chiwaridzo 2,CELL_TDD,MSH-0331-Chiwaridzo 2_LTE_5,5,MSH-0331-Chiwaridzo 2_LTE,75%,99.9998,98.5276,99.8042,93.1119,99.3098,5.7848,99.9468,99.9319,100,731.3837,680.6486,50.7351,19.5452,44,6.9701,3.2483,17.2276,8.4119,0.1969,0,0,63.8813,52.8526,4.8863,45.8909,9.3263,13.4226
20/11/2025,MSH-0331-Chiwaridzo 2,CELL_TDD,MSH-0331-Chiwaridzo 2_LTE_4,4,MSH-0331-Chiwaridzo 2_LTE,75%,99.9998,99.1168,99.3731,97.5151,99.4516,1.447,99.9605,99.9605,100,1178.1871,1075.1166,103.0705,32.704,69,6.397,4.199,15.4041,6.1511,0.1765,0,0,75.0041,61.6795,8.176,55.7023,11.2628,17.9356
20/11/2025,MSH-0331-Chiwaridzo 2,CELL_TDD,MSH-0331-Chiwaridzo 2_LTE_3,3,MSH-0331-Chiwaridzo 2_LTE,75%,99.9997,99.6815,99.9296,97.3357,99.6966,1.0199,99.953,99.9708,100,903.1675,820.3626,82.8049,23.6032,51,5.3892,4.8245,17.8044,5.3685,0.1965,0,0.0001,75.571,54.9826,5.9008,39.1996,10.1339,13.332
20/11/2025,MSH-0331-Chiwaridzo 2,CELL_TDD,MSH-0331-Chiwaridzo 2_LTE_2,2,MSH-0331-Chiwaridzo 2_LTE,75%,99.9997,99.5462,99.9334,95.7124,99.7588,3.3761,99.9205,99.9218,100,822.0307,767.5952,54.4355,20.9715,49,6.4202,2.8015,17.1724,6.8482,0.1901,0,0.0001,71.9471,55.9211,5.2429,39.8929,9.7653,13.1188
20/11/2025,MSH-0331-Chiwaridzo 2,CELL_TDD,MSH-0331-Chiwaridzo 2_LTE_1,1,MSH-0331-Chiwaridzo 2_LTE,75%,99.9997,98.9794,99.0661,98.013,99.6846,1.0499,99.9708,99.9659,100,1208.8592,1105.207,103.6521,41.7662,89,4.7409,3.8886,16.1828,5.9586,0.1769,0,0,82.9323,55.6994,10.4416,50.099,11.0775,15.5048
20/11/2025,MSH-0112-Bindura Hospital,CELL_TDD,MSH-0112-Bindura Hospital_LTE_1,1,MSH-0112-Bindura Hospital_LTE,100%,100,99.5491,99.9659,95.944,99.8145,1.397,96.514,99.015,100.0027,533.6883,452.9888,80.6995,9.3857,22,6.8453,6.3061,16.9251,4.5251,0.1915,0,0,36.3029,52.5617,2.3464,23.4385,11.5054,14.5192
20/11/2025,MSH-0112-Bindura Hospital,CELL_TDD,MSH-0112-Bindura Hospital_LTE_2,2,MSH-0112-Bindura Hospital_LTE,100%,100,99.6937,99.8257,99.0724,99.939,0.6357,100,100,100.0024,611.791,555.3551,56.4359,11.3502,26,12.6729,4.8097,14.8398,5.7905,0.1635,0,0,31.4578,48.6659,2.8375,22.0034,10.8134,15.1248
20/11/2025,MSH-0112-Bindura Hospital,CELL_TDD,MSH-0112-Bindura Hospital_LTE_3,3,MSH-0112-Bindura Hospital_LTE,100%,100,99.7329,99.8727,98.878,99.5683,1.8393,99.8044,94.0669,100.0024,1257.4386,1147.0104,110.4282,28.864,61,8.5625,3.4028,16.2064,8.7375,0.1793,0,0,58.2653,55.5209,7.216,37.3929,10.6377,14.5339
20/11/2025,MSH-0112-Bindura Hospital,CELL_TDD,MSH-0112-Bindura Hospital_LTE_4,4,MSH-0112-Bindura Hospital_LTE,100%,100,99.3531,99.8284,97.1977,99.4512,1.2301,94.7059,97.453,100.0024,528.8643,485.7232,43.1412,12.659,27,8.4552,3.3294,14.8374,3.9767,0.1736,0,0,32.7233,47.9604,3.1648,25.5434,12.5604,16.3374
20/11/2025,MSH-0112-Bindura Hospital,CELL_TDD,MSH-0112-Bindura Hospital_LTE_5,5,MSH-0112-Bindura Hospital_LTE,100%,100,99.7077,99.8416,99.201,99.9121,0.6773,99.6622,99.6991,100.0024,483.2125,441.2584,41.9541,9.8064,24,11.6342,3.7638,15.5946,3.8061,0.1824,0,0,26.7633,49.8813,2.4516,22.7674,10.5982,13.9521
20/11/2025,MSH-0112-Bindura Hospital,CELL_TDD,MSH-0112-Bindura Hospital_LTE_6,6,MSH-0112-Bindura Hospital_LTE,100%,100,99.2628,99.6854,96.9628,99.2248,12.2231,99.9508,99.8706,100.0024,735.6088,683.2753,52.3335,21.918,56,6.5137,2.0399,18.6785,10.8562,0.2181,0.0001,0.0001,45.8569,51.3701,5.4795,39.5628,10.3803,12.8823
20/11/2025,MSH-0014-Chipadze,CELL_TDD,MSH-0014-Chipadze_LTE_6,6,MSH-0014-Chipadze,100%,100,98.5496,99.8284,89.9869,99.749,1.601,99.4163,99.4516,99.9997,810.8571,733.5176,77.3395,17.1047,35,5.0548,3.6918,18.1128,7.2581,0.1968,0,0,54.2028,64.8833,4.2762,26.562,10.4683,14.5179
20/11/2025,MSH-0014-Chipadze,CELL_TDD,MSH-0014-Chipadze_LTE_5,5,MSH-0014-Chipadze,100%,100,97.9698,99.4592,91.9496,99.3957,2.391,99.0916,99.1525,99.9994,852.6574,762.4798,90.1775,36.3175,102,2.5892,1.9354,19.8907,14.7913,0.2221,0,0.0001,72.9539,70.5698,9.0794,36.9517,9.5754,12.8798
20/11/2025,MSH-0014-Chipadze,CELL_TDD,MSH-0014-Chipadze_LTE_4,4,MSH-0014-Chipadze,100%,100,99.6503,99.8614,97.7933,99.7943,1.922,98.0272,98.5283,99.9994,783.8482,712.9488,70.8994,24.9621,73,4.2006,2.412,18.9375,8.9396,0.2094,0,0.0002,53.1185,65.3292,6.2405,30.1155,10.2725,14.9677
20/11/2025,MSH-0014-Chipadze,CELL_TDD,MSH-0014-Chipadze_LTE_3,3,MSH-0014-Chipadze,100%,100,99.2489,99.8263,92.9701,99.8045,0.9807,99.6818,99.6806,99.9994,1295.5571,1190.0278,105.5294,22.0511,42,7.2222,4.2059,15.7101,5.0806,0.174,0,0,53.143,60.947,5.5128,23.2009,10.4816,12.8985
20/11/2025,MSH-0014-Chipadze,CELL_TDD,MSH-0014-Chipadze_LTE_2,2,MSH-0014-Chipadze,100%,100,98.8409,99.6174,92.7981,99.6555,1.8029,99.1054,99.2099,99.9997,1287.3729,1145.4969,141.876,44.4974,115,3.1915,2.6436,17.8105,11.7142,0.2007,0,0,74.4256,68.1911,11.1244,27.7604,9.2358,12.2741
20/11/2025,MSH-0014-Chipadze,CELL_TDD,MSH-0014-Chipadze_LTE_1,1,MSH-0014-Chipadze,100%,100,99.7187,99.8941,97.6308,99.7363,1.7742,98.3395,98.8253,100,1065.6114,967.026,98.5854,29.6295,74,6.115,3.3782,17.7546,9.0822,0.2,0,0,47.5937,62.285,7.4074,22.1445,10.4892,13.6794
21/11/2025,MSH0013-Bindura-Zaoga,CELL_TDD,Bindura_Zaoga_LTE_6,6,MSH0013-Bindura-Zaoga,100%,99.999,99.7636,99.8971,98.2558,99.6957,1.2461,98.2871,98.3342,99.9957,402.8546,376.9038,25.9508,6.1887,19,8.5039,3.2554,12.2215,4.7578,0.1487,0,0,33.1184,46.687,1.5472,27.4254,10.2091,11.1032
21/11/2025,MSH0013-Bindura-Zaoga,CELL_TDD,Bindura_Zaoga_LTE_5,5,MSH0013-Bindura-Zaoga,100%,99.999,99.6996,99.8853,98.4213,99.4339,2.3383,98.8564,99.0777,99.9957,759.3495,694.0463,65.3032,37.4834,89,5.0995,3.0429,14.6982,7.6196,0.173,0,0.0001,59.6989,57.5175,9.3708,47.5969,10.436,13.265
21/11/2025,MSH0013-Bindura-Zaoga,CELL_TDD,Bindura_Zaoga_LTE_4,4,MSH0013-Bindura-Zaoga,100%,99.999,98.3123,99.2304,93.249,98.879,2.8511,98.9428,99.1048,99.9945,401.4458,364.9543,36.4915,23.4585,51,5.1283,1.5599,17.8082,14.4052,0.2217,0,0.0001,46.5889,47.4954,5.8646,45.2592,9.1427,9.9505
21/11/2025,MSH0013-Bindura-Zaoga,CELL_TDD,Bindura_Zaoga_LTE_3,3,MSH0013-Bindura-Zaoga,100%,99.999,99.887,99.9213,99.1111,99.961,0.6633,98.19,98.5507,99.9954,519.803,448.1743,71.6286,7.27,18,7.6127,8.8712,11.6182,3.296,0.1363,0,0,31.4577,49.6544,1.8175,22.7701,10.2127,13.0055
21/11/2025,MSH0013-Bindura-Zaoga,CELL_TDD,Bindura_Zaoga_LTE_2,2,MSH0013-Bindura-Zaoga,100%,99.999,99.4151,99.9359,96.0784,99.6637,1.7437,98.2158,99.0254,99.9954,1203.5573,1104.9782,98.5791,33.9648,79,5.6221,3.7287,13.4989,6.6247,0.1543,0,0,64.4986,55.7632,8.4912,40.0961,10.685,13.477
21/11/2025,MSH0013-Bindura-Zaoga,CELL_TDD,Bindura_Zaoga_LTE_1,1,MSH0013-Bindura-Zaoga,100%,99.999,98.9384,99.6359,94.8492,99.3914,2.485,98.6111,98.9888,99.9954,530.9484,480.3729,50.5755,23.311,51,5.3935,2.1573,17.0214,11.6994,0.2106,0,0.0001,46.5622,48.6932,5.8278,40.1427,9.4693,10.9188
21/11/2025,MSH-0331-Chiwaridzo 2,CELL_TDD,MSH-0331-Chiwaridzo 2_LTE_6,6,MSH-0331-Chiwaridzo 2_LTE,100%,100,98.8443,99.7689,91.5409,99.5454,1.0348,99.8778,99.8924,99.9995,581.4715,522.2439,59.2276,20.0934,54,4.3481,3.0694,21.8056,7.1969,0.2564,0,0.0001,61.4801,54.3723,5.0234,45.2034,10.3337,11.3609
21/11/2025,MSH-0331-Chiwaridzo 2,CELL_TDD,MSH-0331-Chiwaridzo 2_LTE_5,5,MSH-0331-Chiwaridzo 2_LTE,100%,100,98.8477,99.5488,94.3953,99.2438,2.1252,99.9049,99.9302,99.9995,946.9382,862.4821,84.4561,19.4584,45,7.5159,4.4158,16.7257,6.3221,0.1887,0,0,54.8647,53.2815,4.8646,41.7351,9.2545,12.9063
21/11/2025,MSH-0331-Chiwaridzo 2,CELL_TDD,MSH-0331-Chiwaridzo 2_LTE_4,4,MSH-0331-Chiwaridzo 2_LTE,100%,100,99.0714,99.242,97.2767,99.6239,0.9089,99.8193,99.8751,99.9995,1476.2857,1343.2617,133.024,30.1375,70,6.3838,4.4669,15.1837,5.6799,0.172,0,0,74.1979,64.4468,7.5344,54.391,10.9561,16.8228
21/11/2025,MSH-0331-Chiwaridzo 2,CELL_TDD,MSH-0331-Chiwaridzo 2_LTE_3,3,MSH-0331-Chiwaridzo 2_LTE,100%,100,99.5514,99.9364,94.7646,99.8338,0.8941,99.8868,99.9239,99.9995,919.4647,841.7256,77.7392,20.9177,64,4.7604,4.2777,19.5674,5.1002,0.2207,0,0.0001,68.6107,50.6701,5.2294,37.8882,10.3387,11.7167
21/11/2025,MSH-0331-Chiwaridzo 2,CELL_TDD,MSH-0331-Chiwaridzo 2_LTE_2,2,MSH-0331-Chiwaridzo 2_LTE,100%,100,99.6851,99.8925,96.8454,99.7505,2.3983,99.9638,99.9366,99.9995,977.5577,896.1838,81.3739,20.7981,48,6.4032,3.7416,16.6186,7.0114,0.1865,0,0,62.5164,52.1387,5.1995,37.5622,10.0349,13.5391
21/11/2025,MSH-0331-Chiwaridzo 2,CELL_TDD,MSH-0331-Chiwaridzo 2_LTE_1,1,MSH-0331-Chiwaridzo 2_LTE,100%,100,98.8601,98.968,97.1266,99.7101,0.6998,99.8812,99.9179,99.9995,1487.931,1365.4898,122.4413,37.9647,78,4.9567,3.8509,16.256,6.0226,0.1808,0,0,78.0896,54.2253,9.4912,47.2827,10.9992,14.8928
21/11/2025,MSH-0112-Bindura Hospital,CELL_TDD,MSH-0112-Bindura Hospital_LTE_1,1,MSH-0112-Bindura Hospital_LTE,100%,100,99.872,99.9854,98.4475,99.9063,1.1748,100,100,99.9997,867.3629,743.3246,124.0383,9.9238,23,7.4934,7.5626,16.934,4.4256,0.1925,0,0,53.3799,58.5767,2.4809,31.8509,11.753,15.2377
21/11/2025,MSH-0112-Bindura Hospital,CELL_TDD,MSH-0112-Bindura Hospital_LTE_2,2,MSH-0112-Bindura Hospital_LTE,100%,100,99.8887,99.9456,99.3169,99.8948,0.4711,99.9383,99.8773,99.9995,469.1274,424.0152,45.1123,10.9384,25,13.0211,4.5542,14.9728,4.0214,0.1643,0,0,26.6463,48.0498,2.7346,18.8597,10.8962,14.2058
21/11/2025,MSH-0112-Bindura Hospital,CELL_TDD,MSH-0112-Bindura Hospital_LTE_3,3,MSH-0112-Bindura Hospital_LTE,100%,100,99.7352,99.9809,98.3536,99.7717,1.2922,99.8403,87.4378,99.9995,1306.1796,1206.5396,99.6401,22.2762,63,9.3893,4.7672,15.406,5.6654,0.1673,0,0.0001,53.7048,57.1286,5.569,32.1142,10.8857,15.3806
21/11/2025,MSH-0112-Bindura Hospital,CELL_TDD,MSH-0112-Bindura Hospital_LTE_4,4,MSH-0112-Bindura Hospital_LTE,100%,100,99.3273,99.8982,95.6702,99.5994,0.778,99.6589,99.8496,99.9995,641.4017,584.6057,56.7961,14.2907,31,8.6088,4.4748,14.1021,3.6233,0.1648,0,0,37.0446,49.3736,3.5727,28.1844,12.7479,17.187
21/11/2025,MSH-0112-Bindura Hospital,CELL_TDD,MSH-0112-Bindura Hospital_LTE_5,5,MSH-0112-Bindura Hospital_LTE,100%,100,99.8125,99.9773,98.7256,99.888,0.6872,99.839,99.7085,99.9995,464.9326,406.9292,58.0034,9.2797,23,10.5444,4.5256,15.0675,3.8882,0.1714,0,0,25.3142,56.3618,2.3199,22.5751,10.5186,13.6113
21/11/2025,MSH-0112-Bindura Hospital,CELL_TDD,MSH-0112-Bindura Hospital_LTE_6,6,MSH-0112-Bindura Hospital_LTE,100%,100,99.6816,99.8787,98.3,99.6232,17.2337,99.9355,99.5048,99.9995,532.4309,478.122,54.3089,13.3678,52,8.0412,4.0526,17.0617,7.1012,0.2069,0.0001,0.0001,41.0901,52.3214,3.342,32.1225,10.0858,11.7958
21/11/2025,MSH-0014-Chipadze,CELL_TDD,MSH-0014-Chipadze_LTE_6,6,MSH-0014-Chipadze,100%,100,98.9219,99.7757,91.7857,99.7112,1.5368,99.1723,99.245,99.9997,1007.9546,914.0931,93.8615,16.9333,44,4.7143,4.3497,17.2421,6.3206,0.1864,0,0,61.4224,64.1931,4.2333,29.4572,9.7567,15.0078
21/11/2025,MSH-0014-Chipadze,CELL_TDD,MSH-0014-Chipadze_LTE_5,5,MSH-0014-Chipadze,100%,100,98.9919,99.5378,95.4339,99.5571,2.355,97.3437,97.9551,100,680.065,591.8064,88.2585,26.4235,81,2.136,2.3747,19.5439,12.0515,0.2141,0,0,70.4266,71.9603,6.6059,35.4638,8.9459,11.5496
21/11/2025,MSH-0014-Chipadze,CELL_TDD,MSH-0014-Chipadze_LTE_4,4,MSH-0014-Chipadze,100%,100,99.8893,99.9516,99.2258,99.9047,0.9341,98.4599,98.5925,100.0008,626.7565,579.8658,46.8908,18.4721,82,5.8207,3.2347,17.1816,6.2891,0.1927,0,0,44.3257,59.2433,4.618,24.5821,10.1062,14.4426
21/11/2025,MSH-0014-Chipadze,CELL_TDD,MSH-0014-Chipadze_LTE_3,3,MSH-0014-Chipadze,100%,100,99.4792,99.8923,93.1119,99.8624,0.7886,99.3376,99.3928,100.0005,1533.7508,1380.3773,153.3735,22.214,41,6.2696,6.0695,15.0979,4.3738,0.1643,0,0,64.2317,63.1015,5.5535,24.479,9.889,13.2051
21/11/2025,MSH-0014-Chipadze,CELL_TDD,MSH-0014-Chipadze_LTE_2,2,MSH-0014-Chipadze,100%,100,99.2622,99.6695,95.3075,99.718,1.7299,99.456,99.4583,100.0005,1102.1803,985.7537,116.4266,30.2102,65,3.7007,2.9572,18.219,9.4827,0.2034,0,0,71.2133,69.8855,7.5525,25.4978,8.9249,11.7838
21/11/2025,MSH-0014-Chipadze,CELL_TDD,MSH-0014-Chipadze_LTE_1,1,MSH-0014-Chipadze,100%,100,99.8671,99.9612,98.3457,99.8955,0.7498,99.2928,99.4221,100.0008,822.329,737.1043,85.2247,19.2428,71,8.5416,5.2345,16.0603,6.1275,0.1845,0,0,38.1248,58.0305,4.8107,18.835,10.0118,13.1506
22/11/2025,MSH0013-Bindura-Zaoga,CELL_TDD,Bindura_Zaoga_LTE_6,6,MSH0013-Bindura-Zaoga,100%,99.999,99.8864,99.9268,99.3464,99.9031,1.5358,98.1585,98.3189,99.998,448.1355,414.157,33.9785,5.2511,15,9.0562,3.7384,12.1526,4.8572,0.1509,0,0,37.8503,46.7826,1.3128,29.032,10.0241,10.2938
22/11/2025,MSH0013-Bindura-Zaoga,CELL_TDD,Bindura_Zaoga_LTE_5,5,MSH0013-Bindura-Zaoga,100%,99.999,99.6629,99.8778,97.8967,99.6334,1.816,99.0235,99.2186,99.998,787.4352,710.8773,76.5579,34.1537,91,4.7713,3.5771,14.5542,7.9345,0.1722,0,0,60.3599,53.4041,8.5384,45.1477,10.543,13.1205
22/11/2025,MSH0013-Bindura-Zaoga,CELL_TDD,Bindura_Zaoga_LTE_4,4,MSH0013-Bindura-Zaoga,100%,99.999,97.1021,99.1125,88.2765,98.7078,2.7024,98.5459,98.4363,99.998,445.6255,410.7952,34.8303,21.9674,49,5.8459,1.503,17.4049,15.3727,0.2171,0,0.0001,44.2264,46.3875,5.4918,43.4892,9.2807,10.5386
22/11/2025,MSH0013-Bindura-Zaoga,CELL_TDD,Bindura_Zaoga_LTE_3,3,MSH0013-Bindura-Zaoga,100%,99.999,99.9182,100,98.5663,99.9571,0.9601,98.0702,98.5915,99.9983,560.1931,508.7316,51.4614,6.598,18,10.4132,6.5057,11.2233,3.724,0.1313,0,0,38.0696,49.624,1.6495,25.7965,10.4593,12.5652
22/11/2025,MSH0013-Bindura-Zaoga,CELL_TDD,Bindura_Zaoga_LTE_2,2,MSH0013-Bindura-Zaoga,100%,99.999,99.7969,99.933,98.776,99.6711,1.4653,98.3587,99.0002,99.998,1173.9191,1065.204,108.7152,33.1242,76,5.7838,4.1229,13.597,6.1676,0.1577,0,0,62.4169,55.8629,8.281,38.8576,10.444,13.3481
22/11/2025,MSH0013-Bindura-Zaoga,CELL_TDD,Bindura_Zaoga_LTE_1,1,MSH0013-Bindura-Zaoga,100%,99.999,98.912,99.6814,94.4257,99.419,2.4783,98.6992,98.7999,99.9989,447.9941,399.5997,48.3945,20.8255,47,4.991,2.3313,16.3381,12.2965,0.2049,0,0.0001,42.8769,48.7945,5.2064,38.2383,9.3628,9.6735
22/11/2025,MSH-0331-Chiwaridzo 2,CELL_TDD,MSH-0331-Chiwaridzo 2_LTE_6,6,MSH-0331-Chiwaridzo 2_LTE,100%,100,98.4769,99.7945,90.6027,99.4448,1.013,99.6787,99.7855,100.0005,765.7979,681.5885,84.2093,19.3705,46,4.5231,4.2306,19.1006,7.0584,0.2254,0,0.0001,66.3057,55.6109,4.8426,46.5681,9.9828,12.5893
22/11/2025,MSH-0331-Chiwaridzo 2,CELL_TDD,MSH-0331-Chiwaridzo 2_LTE_5,5,MSH-0331-Chiwaridzo 2_LTE,100%,100,98.1462,99.4904,91.7564,99.0472,3.0264,99.9384,99.8846,100.0005,996.827,897.7515,99.0755,17.9663,43,7.6288,5.2708,16.4665,7.4299,0.1875,0,0,57.1508,55.3637,4.4916,43.2066,9.3787,13.3113
22/11/2025,MSH-0331-Chiwaridzo 2,CELL_TDD,MSH-0331-Chiwaridzo 2_LTE_4,4,MSH-0331-Chiwaridzo 2_LTE,100%,100,98.7648,99.1358,96.4554,99.5813,1.4314,99.9058,99.9177,100.0005,1696.5675,1516.984,179.5835,32.6219,73,6.1641,5.5941,15.0189,5.6537,0.168,0,0,74.2429,62.6256,8.1555,53.2155,10.9367,17.3814
22/11/2025,MSH-0331-Chiwaridzo 2,CELL_TDD,MSH-0331-Chiwaridzo 2_LTE_3,3,MSH-0331-Chiwaridzo 2_LTE,100%,100,99.8161,99.9574,98.0989,99.7169,0.9539,99.73,99.8511,100.0005,1102.6606,999.1774,103.4832,23.3406,51,4.5794,5.0139,18.1627,5.0949,0.1993,0,0,72.8801,52.0725,5.8351,39.1851,10.4403,12.7386
22/11/2025,MSH-0331-Chiwaridzo 2,CELL_TDD,MSH-0331-Chiwaridzo 2_LTE_2,2,MSH-0331-Chiwaridzo 2_LTE,100%,100,99.6372,99.9354,96.3073,99.8238,1.8327,99.9287,99.9622,100.0005,1035.8074,948.9395,86.8679,23.2358,50,6.1887,3.878,16.6913,6.143,0.1869,0,0,62.7779,53.3642,5.809,37.9292,9.9223,13.5552
22/11/2025,MSH-0331-Chiwaridzo 2,CELL_TDD,MSH-0331-Chiwaridzo 2_LTE_1,1,MSH-0331-Chiwaridzo 2_LTE,100%,100,99.1531,99.2904,97.4122,99.7144,0.7535,99.9522,99.9584,100.0005,1459.5697,1341.0083,118.5614,39.808,87,4.1293,3.9575,16.5686,5.4855,0.1823,0,0,75.2807,51.1605,9.952,44.1912,10.9834,15.357
22/11/2025,MSH-0112-Bindura Hospital,CELL_TDD,MSH-0112-Bindura Hospital_LTE_1,1,MSH-0112-Bindura Hospital_LTE,100%,100,99.8344,99.9491,97.9941,99.8527,0.7754,99.8203,99.9656,99.9995,668.2225,581.3418,86.8807,11.1962,27,6.2031,5.3095,17.8377,4.7539,0.2087,0,0.0001,54.1545,53.356,2.7991,32.2374,11.3645,13.3123
22/11/2025,MSH-0112-Bindura Hospital,CELL_TDD,MSH-0112-Bindura Hospital_LTE_2,2,MSH-0112-Bindura Hospital_LTE,100%,100,99.7579,99.8617,99.3313,99.8507,0.3872,99.8379,99.9268,99.9987,703.0694,644.2193,58.8501,9.3277,24,11.2469,3.9853,15.5275,4.2388,0.1661,0,0,33.7103,49.6937,2.3319,21.5849,10.2809,15.4507
22/11/2025,MSH-0112-Bindura Hospital,CELL_TDD,MSH-0112-Bindura Hospital_LTE_3,3,MSH-0112-Bindura Hospital_LTE,100%,100,99.8815,99.9522,99.4953,99.7697,1.3283,100,88.7172,99.9987,1561.5636,1411.4782,150.0854,22.0549,65,8.376,5.6087,15.7494,6.2026,0.1688,0,0,65.2322,59.4001,5.5137,34.8077,10.6652,15.559
22/11/2025,MSH-0112-Bindura Hospital,CELL_TDD,MSH-0112-Bindura Hospital_LTE_4,4,MSH-0112-Bindura Hospital_LTE,100%,100,99.4098,99.7667,96.6559,99.7617,0.7847,99.8844,99.9388,99.9984,669.661,626.6002,43.0608,15.0867,31,8.1971,2.8042,14.6668,4.1508,0.1718,0,0.0001,43.1803,49.3945,3.7717,29.7394,12.3835,15.9912
22/11/2025,MSH-0112-Bindura Hospital,CELL_TDD,MSH-0112-Bindura Hospital_LTE_5,5,MSH-0112-Bindura Hospital_LTE,100%,100,99.6945,99.9675,98.5592,99.8795,0.3846,100,99.9242,99.9984,381.2047,336.9282,44.2765,9.3109,33,13.4705,5.0054,14.4988,3.174,0.1626,0,0.0001,19.7685,47.9331,2.3277,18.0246,10.4547,13.88
22/11/2025,MSH-0112-Bindura Hospital,CELL_TDD,MSH-0112-Bindura Hospital_LTE_6,6,MSH-0112-Bindura Hospital_LTE,100%,100,99.5371,99.8847,97.1922,99.5829,16.35,99.9181,99.8083,99.9987,563.8386,526.2575,37.5811,13.3951,53,6.688,2.4104,18.5701,7.7433,0.2198,0.0001,0.0001,47.1677,50.8603,3.3488,35.27,10.06,11.1212
22/11/2025,MSH-0014-Chipadze,CELL_TDD,MSH-0014-Chipadze_LTE_6,6,MSH-0014-Chipadze,100%,100,98.0405,99.8117,86.7236,99.6238,1.6079,99.293,99.3688,99.9981,1118.2233,1041.9208,76.3025,15.2984,36,5.4795,3.3375,16.2619,5.4952,0.1719,0,0,60.2247,68.1819,3.8246,27.6574,9.9205,15.9648
22/11/2025,MSH-0014-Chipadze,CELL_TDD,MSH-0014-Chipadze_LTE_5,5,MSH-0014-Chipadze,100%,100,98.6622,99.5953,92.5224,99.5636,2.926,97.1741,97.8578,99.9981,767.5411,683.3969,84.1442,26.3091,66,1.9064,2.2923,19.7801,12.9189,0.2148,0,0,71.2156,69.9963,6.5773,36.8776,8.5451,12.3677
22/11/2025,MSH-0014-Chipadze,CELL_TDD,MSH-0014-Chipadze_LTE_4,4,MSH-0014-Chipadze,100%,100,99.8378,99.9685,98.4335,99.9034,0.811,98.6154,98.7169,99.9981,613.3686,559.8527,53.5159,18.155,67,4.6398,3.3814,17.8293,6.4318,0.1991,0,0,49.779,60.2068,4.5388,26.9697,10.2829,13.5067
22/11/2025,MSH-0014-Chipadze,CELL_TDD,MSH-0014-Chipadze_LTE_3,3,MSH-0014-Chipadze,100%,100,98.6623,99.9446,83.9216,99.8824,0.939,96.9678,97.3583,99.9981,1489.3371,1357.5085,131.8285,20.1686,40,6.3883,5.2921,14.9976,4.2451,0.1654,0,0,60.8477,61.5263,5.0421,24.8624,9.9944,12.64
22/11/2025,MSH-0014-Chipadze,CELL_TDD,MSH-0014-Chipadze_LTE_2,2,MSH-0014-Chipadze,100%,100,99.1497,99.7575,93.056,99.6622,2.5834,99.4095,99.4585,99.9981,1067.9137,970.0466,97.8671,29.1563,66,2.825,2.6754,17.4634,10.0391,0.1955,0,0,72.7997,63.9389,7.2891,26.0063,8.5181,11.1887
22/11/2025,MSH-0014-Chipadze,CELL_TDD,MSH-0014-Chipadze_LTE_1,1,MSH-0014-Chipadze,100%,100,99.8397,99.9875,97.6998,99.8886,0.8794,98.7241,98.9744,99.9984,776.6323,676.2594,100.3728,18.0347,80,7.5117,6.5729,16.6063,6.25,0.1869,0,0,41.3592,59.1069,4.5087,18.8195,10.1836,12.8067
23/11/2025,MSH0013-Bindura-Zaoga,CELL_TDD,Bindura_Zaoga_LTE_6,6,MSH0013-Bindura-Zaoga,100%,99.9994,99.6888,99.9106,96.8208,99.9117,0.9485,98.3817,98.5075,99.9986,480.295,429.5681,50.7269,6.0934,14,8.7463,5.6372,12.1974,4.6637,0.152,0,0,37.6156,49.2091,1.5233,28.5764,9.8714,10.7654
23/11/2025,MSH0013-Bindura-Zaoga,CELL_TDD,Bindura_Zaoga_LTE_5,5,MSH0013-Bindura-Zaoga,100%,99.9994,99.6577,99.8408,98.1633,99.5249,1.5019,98.733,98.9626,99.9983,934.7058,842.5752,92.1306,28.9327,60,6.0327,4.0026,14.1485,7.2834,0.1693,0,0,63.6263,60.4756,7.2332,45.5308,10.365,12.7388
23/11/2025,MSH0013-Bindura-Zaoga,CELL_TDD,Bindura_Zaoga_LTE_4,4,MSH0013-Bindura-Zaoga,100%,99.9994,98.2451,99.1342,93.2613,98.8255,2.9361,98.362,98.7963,99.9983,384.9211,350.93,33.991,24.3819,56,4.9896,1.5225,18.8439,15.3447,0.2372,0.0001,0.0006,46.1933,45.9083,6.0955,46.0213,9.0983,9.3074
23/11/2025,MSH0013-Bindura-Zaoga,CELL_TDD,Bindura_Zaoga_LTE_3,3,MSH0013-Bindura-Zaoga,100%,99.9994,99.9048,99.949,99.2958,99.8494,0.7097,99.505,99.6004,99.9983,545.0483,504.9187,40.1296,6.4557,16,8.5449,3.5764,11.8015,4.1933,0.1508,0,0,39.8531,46.7259,1.6139,27.5954,9.9257,11.6663
23/11/2025,MSH0013-Bindura-Zaoga,CELL_TDD,Bindura_Zaoga_LTE_2,2,MSH0013-Bindura-Zaoga,100%,99.9994,99.7473,99.9039,98.6325,99.7032,1.266,98.1902,98.8038,99.9983,986.0695,906.6917,79.3779,25.7856,57,5.5833,3.5819,13.1163,6.3805,0.1535,0,0,61.586,54.0956,6.4464,35.8839,10.3146,12.4699
23/11/2025,MSH0013-Bindura-Zaoga,CELL_TDD,Bindura_Zaoga_LTE_1,1,MSH0013-Bindura-Zaoga,100%,99.9994,99.0846,99.7235,95.7632,99.3362,2.3637,98.6245,99.0422,99.9983,505.0032,461.973,43.0302,23.8743,50,5.48,1.878,17.6865,11.0785,0.2243,0,0.0003,47.5928,46.6667,5.9686,40.767,9.3084,9.5473
23/11/2025,MSH-0331-Chiwaridzo 2,CELL_TDD,MSH-0331-Chiwaridzo 2_LTE_6,6,MSH-0331-Chiwaridzo 2_LTE,100%,100,99.0818,99.6492,94.964,99.4012,1.3711,99.8909,99.9111,99.9995,702.1314,641.4338,60.6975,23.9268,55,4.0738,2.7642,20.2161,7.5061,0.234,0,0.0001,66.8718,53.4245,5.9817,46.8331,10.2052,12.2162
23/11/2025,MSH-0331-Chiwaridzo 2,CELL_TDD,MSH-0331-Chiwaridzo 2_LTE_5,5,MSH-0331-Chiwaridzo 2_LTE,100%,100,98.7531,99.7373,92.7452,99.485,2.7477,99.834,99.8806,99.9995,1083.1781,986.9802,96.1978,21.5285,57,6.8134,4.4819,17.4555,7.4371,0.1965,0,0.0001,63.338,53.2449,5.3821,46.4194,9.177,13.028
23/11/2025,MSH-0331-Chiwaridzo 2,CELL_TDD,MSH-0331-Chiwaridzo 2_LTE_4,4,MSH-0331-Chiwaridzo 2_LTE,100%,100,99.0087,99.3086,96.6767,99.4994,0.986,99.9521,99.9551,99.9997,1560.929,1415.2882,145.6408,38.4632,74,5.7074,4.4204,15.5419,6.5089,0.1732,0,0,70.6951,59.0034,9.6158,53.9409,10.7197,17.0074
23/11/2025,MSH-0331-Chiwaridzo 2,CELL_TDD,MSH-0331-Chiwaridzo 2_LTE_3,3,MSH-0331-Chiwaridzo 2_LTE,100%,100,99.7694,99.9278,97.8925,99.7643,1.151,99.9547,99.9191,99.9995,1285.7921,1172.0984,113.6937,25.6337,52,4.4987,4.5405,18.6249,5.6834,0.2042,0,0.0001,76.3499,54.5592,6.4084,40.2845,10.0942,12.7032
23/11/2025,MSH-0331-Chiwaridzo 2,CELL_TDD,MSH-0331-Chiwaridzo 2_LTE_2,2,MSH-0331-Chiwaridzo 2_LTE,100%,100,99.7429,99.9529,97.2414,99.8111,1.77,99.9506,99.9534,99.9995,1018.0738,934.7386,83.3351,23.4057,56,5.3161,3.9191,16.532,5.8332,0.1812,0,0.0001,66.0285,51.713,5.8514,37.2985,9.8748,13.3258
23/11/2025,MSH-0331-Chiwaridzo 2,CELL_TDD,MSH-0331-Chiwaridzo 2_LTE_1,1,MSH-0331-Chiwaridzo 2_LTE,100%,100,99.0357,99.081,98.3485,99.7632,0.6437,99.951,99.9491,100,1543.9574,1409.0422,134.9152,44.3232,87,4.0609,4.3361,16.322,6.495,0.1779,0,0,75.2057,52.5578,11.0808,46.1651,10.9915,15.5985
23/11/2025,MSH-0112-Bindura Hospital,CELL_TDD,MSH-0112-Bindura Hospital_LTE_1,1,MSH-0112-Bindura Hospital_LTE,100%,100,99.9273,99.9895,99.1413,99.8805,0.9355,99.9088,99.9858,100,813.5845,708.5269,105.0576,11.8818,26,7.3784,5.2752,16.6855,4.9167,0.1931,0,0,50.4169,58.5694,2.9704,31.5481,11.397,14.9152
23/11/2025,MSH-0112-Bindura Hospital,CELL_TDD,MSH-0112-Bindura Hospital_LTE_2,2,MSH-0112-Bindura Hospital_LTE,100%,100,99.9366,99.9717,99.784,99.9342,0.2804,100,99.9816,100,683.8102,592.8205,90.9897,11.2533,25,13.0463,6.7445,15.1667,4.09,0.1628,0,0,33.355,53.61,2.8133,21.5312,10.4415,14.1166
23/11/2025,MSH-0112-Bindura Hospital,CELL_TDD,MSH-0112-Bindura Hospital_LTE_3,3,MSH-0112-Bindura Hospital_LTE,100%,100,99.8625,99.961,99.2294,99.813,1.0701,99.9686,90.1936,100,1606.9459,1459.8761,147.0699,25.1308,47,6.6845,5.0437,16.5055,7.3999,0.1795,0,0.0001,69.7711,61.0195,6.2827,38.1107,10.5546,15.0305
23/11/2025,MSH-0112-Bindura Hospital,CELL_TDD,MSH-0112-Bindura Hospital_LTE_4,4,MSH-0112-Bindura Hospital_LTE,100%,100,99.6587,99.9311,97.6388,99.7044,1.0083,99.7236,99.8168,100,741.1854,684.635,56.5504,14.7718,31,9.2374,3.4645,15.0562,4.8826,0.1756,0,0.0001,42.4036,51.654,3.6929,30.9652,12.2621,16.2805
23/11/2025,MSH-0112-Bindura Hospital,CELL_TDD,MSH-0112-Bindura Hospital_LTE_5,5,MSH-0112-Bindura Hospital_LTE,100%,100,99.7969,99.9711,98.8583,99.8858,0.4319,99.8557,99.8695,100,409.8196,355.1496,54.6699,10.0088,22,11.7589,4.8635,14.8574,3.7159,0.1655,0,0,25.789,51.5789,2.5022,22.3289,10.2087,11.7609
23/11/2025,MSH-0112-Bindura Hospital,CELL_TDD,MSH-0112-Bindura Hospital_LTE_6,6,MSH-0112-Bindura Hospital_LTE,100%,100,99.7412,99.8928,98.3664,99.8249,14.103,100,99.8536,100,664.8205,598.6573,66.1631,15.4797,39,6.7133,3.7669,18.6904,9.2335,0.2212,0.0001,0.0001,51.5457,56.3859,3.8699,38.8731,9.8103,11.6251
23/11/2025,MSH-0014-Chipadze,CELL_TDD,MSH-0014-Chipadze_LTE_6,6,MSH-0014-Chipadze,100%,100,98.6406,99.7141,89.2402,99.7276,1.4635,99.1205,99.2039,100.0022,1196.7703,1082.2037,114.5666,17.3677,36,5.3098,4.7453,16.112,5.9915,0.1722,0,0,63.8888,69.3117,4.3419,30.418,9.8453,16.332
23/11/2025,MSH-0014-Chipadze,CELL_TDD,MSH-0014-Chipadze_LTE_5,5,MSH-0014-Chipadze,100%,100,98.8389,99.6484,93.1007,99.6492,3.1167,99.044,99.2044,100.0022,703.512,640.0971,63.415,33.0424,69,2.1233,1.5913,20.6471,14.5389,0.229,0,0.0001,68.3299,65.6878,8.2606,35.9338,8.5014,11.9178
23/11/2025,MSH-0014-Chipadze,CELL_TDD,MSH-0014-Chipadze_LTE_4,4,MSH-0014-Chipadze,100%,100,99.7528,99.9154,97.2583,99.9629,0.4208,98.7965,98.9105,100.0022,602.7606,554.522,48.2385,19.3614,41,5.3116,3.3632,17.342,5.8619,0.191,0,0,51.8953,58.3365,4.8404,26.1046,10.2282,12.9054
23/11/2025,MSH-0014-Chipadze,CELL_TDD,MSH-0014-Chipadze_LTE_3,3,MSH-0014-Chipadze,100%,100,99.1038,99.6993,90.5457,99.8472,0.9053,99.0309,99.1605,100.0022,1577.4897,1439.1292,138.3606,24.3831,46,6.8904,5.2286,14.8159,4.3695,0.1659,0,0,62.6372,65.5035,6.0958,26.429,9.789,12.2517
23/11/2025,MSH-0014-Chipadze,CELL_TDD,MSH-0014-Chipadze_LTE_2,2,MSH-0014-Chipadze,100%,100,99.2325,99.6548,95.3889,99.6693,2.3342,99.3896,99.5141,100.0024,1033.4561,940.7535,92.7026,32.2376,65,2.9763,2.3862,18.0102,11.2169,0.2031,0,0,70.2962,63.8134,8.0594,25.9547,8.357,11.0023
23/11/2025,MSH-0014-Chipadze,CELL_TDD,MSH-0014-Chipadze_LTE_1,1,MSH-0014-Chipadze,100%,100,99.8021,99.9239,97.8248,99.8219,0.8024,99.0829,99.1917,100.003,692.9103,637.0158,55.8945,19.7633,43,7.3344,3.8253,16.6768,6.0612,0.1901,0,0,40.0663,55.6952,4.9408,18.4685,10.3943,12.05
24/11/2025,MSH0013-Bindura-Zaoga,CELL_TDD,Bindura_Zaoga_LTE_6,6,MSH0013-Bindura-Zaoga,100%,100,99.7688,99.8775,97.9675,99.8547,1.3294,98.382,98.4408,99.9998,724.3335,660.0122,64.3213,6.2596,15,9.7549,5.404,11.3379,4.3898,0.1322,0,0,39.1398,51.5109,1.5649,29.2265,10.3958,13.4435
24/11/2025,MSH0013-Bindura-Zaoga,CELL_TDD,Bindura_Zaoga_LTE_5,5,MSH0013-Bindura-Zaoga,100%,100,99.5793,99.7918,97.9962,99.4781,2.023,99.106,99.2501,99.9998,816.9481,733.9502,82.9979,40.5084,100,5.3438,3.6096,15.024,9.1191,0.1788,0,0.0001,57.9181,52.9298,10.1271,47.4029,10.2761,12.9226
24/11/2025,MSH0013-Bindura-Zaoga,CELL_TDD,Bindura_Zaoga_LTE_4,4,MSH0013-Bindura-Zaoga,100%,100,98.6769,99.441,93.3591,99.0182,2.7114,99.0556,99.1514,99.9998,468.082,432.2168,35.8653,23.8401,103,5.338,1.5137,18.1049,14.4854,0.2317,0,0.0002,47.4588,45.5771,5.96,44.9505,9.4221,10.0103
24/11/2025,MSH0013-Bindura-Zaoga,CELL_TDD,Bindura_Zaoga_LTE_3,3,MSH0013-Bindura-Zaoga,100%,100,100,100,100,99.9457,0.682,99.1573,99.187,100,441.3216,390.3972,50.9244,7.3261,14,8.6895,4.8128,11.1469,4.3591,0.1386,0,0,34.3862,48.2106,1.8315,25.8464,10.0604,12.2242
24/11/2025,MSH0013-Bindura-Zaoga,CELL_TDD,Bindura_Zaoga_LTE_2,2,MSH0013-Bindura-Zaoga,100%,100,99.7652,99.935,98.7776,99.5608,1.9306,98.9263,99.2805,99.9998,1176.1017,1061.1764,114.9254,36.6454,91,5.9091,4.3218,13.7852,6.9498,0.1602,0,0,60.0819,54.5152,9.1614,39.0627,10.5508,13.4013
24/11/2025,MSH0013-Bindura-Zaoga,CELL_TDD,Bindura_Zaoga_LTE_1,1,MSH0013-Bindura-Zaoga,100%,100,99.2537,99.6856,96.3378,99.4314,2.1408,99.0301,99.2916,99.9998,565.391,504.0706,61.3204,23.4475,107,5.2432,2.5977,16.8765,10.3009,0.2098,0,0.0002,47.3791,50.0377,5.8619,39.8827,9.4944,10.4649
24/11/2025,MSH-0331-Chiwaridzo 2,CELL_TDD,MSH-0331-Chiwaridzo 2_LTE_6,6,MSH-0331-Chiwaridzo 2_LTE,100%,100,98.9557,99.6373,93.3998,99.3699,1.2109,99.8773,99.8824,100.0002,563.4641,506.4348,57.0293,21.5387,76,4.5901,2.7394,21.2904,8.1722,0.2643,0,0.0001,58.3887,54.4079,5.3847,44.1802,10.3212,11.4656
24/11/2025,MSH-0331-Chiwaridzo 2,CELL_TDD,MSH-0331-Chiwaridzo 2_LTE_5,5,MSH-0331-Chiwaridzo 2_LTE,100%,100,99.2147,99.7861,95.5454,99.4238,2.0336,99.9056,99.9184,100.0002,909.5231,798.1868,111.3363,19.0098,48,8.1813,4.92,17.2464,6.8912,0.2004,0,0,50.1723,57.6983,4.7524,40.9665,9.2235,13.0513
24/11/2025,MSH-0331-Chiwaridzo 2,CELL_TDD,MSH-0331-Chiwaridzo 2_LTE_4,4,MSH-0331-Chiwaridzo 2_LTE,100%,100,98.4396,98.8424,95.0953,99.3056,1.2083,99.926,99.9181,100.0002,1471.3366,1351.0351,120.3015,34.7379,95,6.2195,4.0615,15.7606,6.7088,0.1795,0,0,70.6308,57.525,8.6845,52.5604,11.0353,16.7807
24/11/2025,MSH-0331-Chiwaridzo 2,CELL_TDD,MSH-0331-Chiwaridzo 2_LTE_3,3,MSH-0331-Chiwaridzo 2_LTE,100%,100,99.7526,99.9176,97.6677,99.7184,0.9669,99.8912,99.9387,100.0005,991.8702,905.6077,86.2625,23.4631,114,5.3986,3.9833,18.5894,6.0022,0.2097,0,0.0001,65.9218,52.5144,5.8658,37.4985,10.4112,12.9214
24/11/2025,MSH-0331-Chiwaridzo 2,CELL_TDD,MSH-0331-Chiwaridzo 2_LTE_2,2,MSH-0331-Chiwaridzo 2_LTE,100%,100,99.7198,99.9539,96.3067,99.8446,2.15,99.9803,99.9829,100.0002,689.4728,630.2523,59.2205,19.0349,54,6.8367,3.219,16.9854,7.0689,0.1944,0,0.0002,51.1951,51.4345,4.7587,32.0464,9.986,12.9594
24/11/2025,MSH-0331-Chiwaridzo 2,CELL_TDD,MSH-0331-Chiwaridzo 2_LTE_1,1,MSH-0331-Chiwaridzo 2_LTE,100%,100,99.0581,99.1921,96.8462,99.6341,0.7558,99.8628,99.8994,100.0005,1494.818,1383.9565,110.8615,43.3944,136,4.5549,3.4026,16.7399,6.3507,0.1842,0,0,75.2512,50.7301,10.8486,45.4582,11.2955,15.4034
24/11/2025,MSH-0112-Bindura Hospital,CELL_TDD,MSH-0112-Bindura Hospital_LTE_1,1,MSH-0112-Bindura Hospital_LTE,100%,100,99.8509,99.9851,97.7537,99.9114,0.9891,100,99.9928,100.0014,763.3727,685.6989,77.6738,11.333,25,8.6951,5.3013,14.7207,3.8269,0.1665,0,0,45.0851,50.279,2.8332,26.3671,11.6322,15.744
24/11/2025,MSH-0112-Bindura Hospital,CELL_TDD,MSH-0112-Bindura Hospital_LTE_2,2,MSH-0112-Bindura Hospital_LTE,100%,100,99.8671,100,99.1068,99.9265,0.4303,99.9021,99.9135,100.001,670.1079,619.8026,50.3052,11.3515,26,13.2825,4.2305,15.5882,4.022,0.1696,0,0,36.3944,48.7242,2.8379,21.7462,10.7241,14.8211
24/11/2025,MSH-0112-Bindura Hospital,CELL_TDD,MSH-0112-Bindura Hospital_LTE_3,3,MSH-0112-Bindura Hospital_LTE,100%,100,99.2648,99.9451,94.6718,99.7665,1.0091,99.9756,92.758,100.001,1367.7159,1224.7223,142.9937,27.2829,74,10.2965,5.1515,15.8908,6.6727,0.1763,0,0,58.6813,60.6489,6.8207,36.0979,10.8897,14.704
24/11/2025,MSH-0112-Bindura Hospital,CELL_TDD,MSH-0112-Bindura Hospital_LTE_4,4,MSH-0112-Bindura Hospital_LTE,100%,100,99.5919,99.8936,97.5362,99.6022,0.8394,99.8031,99.8207,100.001,646.3655,585.7686,60.5969,14.5016,31,8.618,3.6387,15.3147,4.483,0.1757,0,0,38.7136,55.037,3.6254,30.0897,12.2722,16.3742
24/11/2025,MSH-0112-Bindura Hospital,CELL_TDD,MSH-0112-Bindura Hospital_LTE_5,5,MSH-0112-Bindura Hospital_LTE,100%,100,99.578,99.9673,97.5145,99.8755,0.567,99.898,99.9317,100.001,458.3453,427.8273,30.518,10.5985,25,11.6839,3.0093,15.2508,3.1888,0.1763,0,0,25.1055,49.7584,2.6496,22.7569,10.5002,12.6081
24/11/2025,MSH-0112-Bindura Hospital,CELL_TDD,MSH-0112-Bindura Hospital_LTE_6,6,MSH-0112-Bindura Hospital_LTE,100%,100,99.6362,99.8836,97.6618,99.6525,10.3249,99.9229,99.9153,100.001,617.8307,553.2399,64.5908,18.6309,63,8.2322,3.4541,17.7912,8.5662,0.2141,0.0001,0.0001,43.8194,59.1138,4.6577,35.3761,10.4768,11.6741
24/11/2025,MSH-0014-Chipadze,CELL_TDD,MSH-0014-Chipadze_LTE_6,6,MSH-0014-Chipadze,100%,99.9984,98.6802,99.8539,86.934,99.8418,1.0287,99.4725,99.5141,99.9966,771.7901,686.0421,85.7479,15.4941,39,5.838,5.5234,16.1065,6.1314,0.1748,0,0,50.993,63.3286,3.8735,25.6698,10.0362,16.3892
24/11/2025,MSH-0014-Chipadze,CELL_TDD,MSH-0014-Chipadze_LTE_5,5,MSH-0014-Chipadze,100%,99.9984,99.2552,99.7509,94.759,99.7356,1.9325,98.0873,98.53,99.9963,526.3868,474.3852,52.0016,21.7389,60,2.3321,1.8019,19.7614,11.1717,0.2209,0,0.0001,62.8343,70.0372,5.4347,33.8281,9.2957,11.8638
24/11/2025,MSH-0014-Chipadze,CELL_TDD,MSH-0014-Chipadze_LTE_4,4,MSH-0014-Chipadze,100%,99.9984,99.8506,99.951,98.5421,99.9243,0.7124,97.8126,98.2301,99.9966,485.1321,434.6254,50.5067,17.5022,42,5.3117,3.4538,18.114,7.3018,0.2021,0,0,45.0896,62.9205,4.3755,25.5237,9.6839,13.1575
24/11/2025,MSH-0014-Chipadze,CELL_TDD,MSH-0014-Chipadze_LTE_3,3,MSH-0014-Chipadze,100%,99.9984,99.1358,99.8917,90.2004,99.8385,0.9512,99.3056,99.399,99.9966,982.2435,898.4314,83.8121,16.997,38,7.806,4.972,15.7034,4.4927,0.1748,0,0,50.0848,59.0215,4.2493,20.6854,9.9398,14.3489
24/11/2025,MSH-0014-Chipadze,CELL_TDD,MSH-0014-Chipadze_LTE_2,2,MSH-0014-Chipadze,100%,99.9984,99.4896,99.8303,96.3415,99.7501,1.8111,99.1753,99.3601,99.9963,797.8698,730.9103,66.9595,24.3681,62,3.107,2.3573,17.84,8.7972,0.2004,0,0,66.4813,62.4941,6.092,24.5696,9.0958,10.8114
24/11/2025,MSH-0014-Chipadze,CELL_TDD,MSH-0014-Chipadze_LTE_1,1,MSH-0014-Chipadze,100%,99.9984,99.7041,99.9772,95.6324,99.8687,0.776,98.4861,98.7982,99.9971,580.9933,514.9096,66.0836,17.9599,45,8.5237,4.9379,17.0094,6.459,0.1923,0,0,35.0913,58.6353,4.49,17.5169,10.5997,13.0961
25/11/2025,MSH0013-Bindura-Zaoga,CELL_TDD,Bindura_Zaoga_LTE_6,6,MSH0013-Bindura-Zaoga,100%,99.9992,99.6994,99.8599,97.2393,99.8807,0.9848,99.4109,99.4415,99.9982,175.9844,164.0899,11.8945,4.7824,16,6.2836,1.5396,13.9605,5.833,0.1904,0,0.0001,27.111,45.0962,1.1956,24.6454,10.2195,8.5857
25/11/2025,MSH0013-Bindura-Zaoga,CELL_TDD,Bindura_Zaoga_LTE_5,5,MSH0013-Bindura-Zaoga,100%,99.9992,99.5844,99.8057,98.1293,99.3704,2.3397,99.0992,99.2345,99.9982,740.6634,656.7023,83.9611,35.9041,97,4.613,4.2079,14.7143,8.906,0.1751,0,0.0002,57.6314,52.1016,8.976,46.6445,10.446,13.4671
25/11/2025,MSH0013-Bindura-Zaoga,CELL_TDD,Bindura_Zaoga_LTE_4,4,MSH0013-Bindura-Zaoga,100%,99.9992,98.0311,99.205,93.1005,98.8177,2.7329,99.0932,99.2268,99.9982,429.8992,376.0677,53.8315,22.3677,121,4.922,2.4752,18.2797,14.8838,0.2307,0,0.0002,48.603,49.8583,5.5919,47.1035,9.3972,10.0448
25/11/2025,MSH0013-Bindura-Zaoga,CELL_TDD,Bindura_Zaoga_LTE_3,3,MSH0013-Bindura-Zaoga,100%,99.9992,99.9276,99.9812,98.5849,99.9251,0.7676,98.2022,98.4375,99.9982,557.2243,517.3946,39.8297,7.8691,19,11.5342,5.0095,11.2635,3.1704,0.1329,0,0.0001,31.376,45.4892,1.9673,21.7573,10.3801,12.9415
25/11/2025,MSH0013-Bindura-Zaoga,CELL_TDD,Bindura_Zaoga_LTE_2,2,MSH0013-Bindura-Zaoga,100%,99.9992,99.5883,99.9425,97.4252,99.5358,1.9024,98.812,99.1394,99.9985,1194.0568,1089.2597,104.7971,32.8855,84,5.3012,4.2978,13.8749,7.2023,0.1606,0,0,61.6025,51.8741,8.2214,41.0443,10.3552,13.8012
25/11/2025,MSH0013-Bindura-Zaoga,CELL_TDD,Bindura_Zaoga_LTE_1,1,MSH0013-Bindura-Zaoga,100%,99.9992,98.6528,99.6595,93.0716,99.4905,2.1106,99.1826,99.2881,99.9988,473.8293,432.231,41.5983,21.1098,87,4.8813,2.0077,17.6814,11.3295,0.223,0,0.0001,46.6572,48.7088,5.2774,39.8098,9.6401,9.5923
25/11/2025,MSH-0331-Chiwaridzo 2,CELL_TDD,MSH-0331-Chiwaridzo 2_LTE_6,6,MSH-0331-Chiwaridzo 2_LTE,100%,100,99.1114,99.7813,95.276,99.5121,1.4472,99.954,99.9655,99.9987,611.4635,559.7647,51.6987,20.3606,57,4.3861,2.3909,21.2099,7.67,0.2559,0,0,60.0503,53.2322,5.0901,45.4787,10.146,11.7529
25/11/2025,MSH-0331-Chiwaridzo 2,CELL_TDD,MSH-0331-Chiwaridzo 2_LTE_5,5,MSH-0331-Chiwaridzo 2_LTE,100%,100,98.8231,99.59,94.9261,99.7025,2.4905,99.941,99.9448,99.9987,855.4991,776.3236,79.1755,18.5395,58,6.707,4.0041,17.242,6.0461,0.1968,0,0,52.9561,53.34,4.6349,41.2234,9.5465,12.9942
25/11/2025,MSH-0331-Chiwaridzo 2,CELL_TDD,MSH-0331-Chiwaridzo 2_LTE_4,4,MSH-0331-Chiwaridzo 2_LTE,100%,100,98.9571,99.3338,96.9992,99.5475,1.0126,99.9142,99.9263,99.9987,1390.3617,1260.8274,129.5343,33.9979,73,6.6642,4.0514,15.6097,6.5786,0.1822,0,0,68.7204,62.0794,8.4995,52.8397,10.8752,17.1013
25/11/2025,MSH-0331-Chiwaridzo 2,CELL_TDD,MSH-0331-Chiwaridzo 2_LTE_3,3,MSH-0331-Chiwaridzo 2_LTE,100%,100,99.8242,99.9629,98.2462,99.7562,0.9578,99.8089,99.8777,99.9984,971.3265,886.6119,84.7146,24.2346,60,4.8429,3.8397,18.404,5.5764,0.2045,0,0,61.4042,52.5943,6.0587,36.1099,10.2443,12.9086
25/11/2025,MSH-0331-Chiwaridzo 2,CELL_TDD,MSH-0331-Chiwaridzo 2_LTE_2,2,MSH-0331-Chiwaridzo 2_LTE,100%,100,99.5048,99.9231,95.5365,99.8311,2.1432,99.962,99.9704,99.9984,901.459,819.8683,81.5907,18.3227,47,5.5184,4.0974,17.4692,6.2905,0.1947,0,0,57.4991,52.6777,4.5807,34.5834,9.729,13.0149
25/11/2025,MSH-0331-Chiwaridzo 2,CELL_TDD,MSH-0331-Chiwaridzo 2_LTE_1,1,MSH-0331-Chiwaridzo 2_LTE,100%,100,98.7824,98.8133,98.4396,99.7346,0.7951,99.8241,99.8994,99.9989,1534.4867,1385.6117,148.875,42.9729,85,5.0206,4.6523,16.0458,6.5725,0.1776,0,0,75.6146,55.213,10.7432,46.1218,10.8768,15.2642
25/11/2025,MSH-0112-Bindura Hospital,CELL_TDD,MSH-0112-Bindura Hospital_LTE_1,1,MSH-0112-Bindura Hospital_LTE,100%,100,99.862,99.9706,98.227,99.854,0.5554,100,99.9887,99.9997,636.3347,543.5457,92.7889,11.802,29,7.788,6.8734,14.9314,3.5104,0.1687,0,0,38.472,53.3925,2.9505,24.426,11.918,15.1564
25/11/2025,MSH-0112-Bindura Hospital,CELL_TDD,MSH-0112-Bindura Hospital_LTE_2,2,MSH-0112-Bindura Hospital_LTE,100%,100,99.5738,99.9742,95.8232,99.9622,0.3167,99.9052,99.9515,99.9992,588.9097,547.6667,41.243,11.0258,27,10.4469,3.6373,16.0218,3.7977,0.1802,0,0,35.098,46.5074,2.7565,22.6882,10.806,14.0203
25/11/2025,MSH-0112-Bindura Hospital,CELL_TDD,MSH-0112-Bindura Hospital_LTE_3,3,MSH-0112-Bindura Hospital_LTE,100%,100,99.8616,99.9658,99.1565,99.7498,1.1236,100,93.2651,99.9992,1144.3743,1011.3352,133.0391,26.5493,48,6.9996,5.0129,16.9918,6.6679,0.1891,0,0,58.9936,61.0598,6.6373,39.338,10.9331,14.1114
25/11/2025,MSH-0112-Bindura Hospital,CELL_TDD,MSH-0112-Bindura Hospital_LTE_4,4,MSH-0112-Bindura Hospital_LTE,100%,100,99.6739,99.95,97.6244,99.7353,0.6397,99.8298,99.8616,99.9995,703.0814,621.5858,81.4956,13.9753,33,8.0651,4.0387,15.3268,4.473,0.1734,0,0,42.1831,61.3059,3.4938,31.9342,12.1192,16.9085
25/11/2025,MSH-0112-Bindura Hospital,CELL_TDD,MSH-0112-Bindura Hospital_LTE_5,5,MSH-0112-Bindura Hospital_LTE,100%,100,99.6647,99.9522,98.3127,99.8838,0.6949,99.7583,99.8288,99.9992,434.5463,403.6076,30.9387,10.0543,25,9.8097,2.6855,16.4006,3.1838,0.1909,0,0,27.8831,55.7177,2.5136,24.9784,10.2029,11.4126
25/11/2025,MSH-0112-Bindura Hospital,CELL_TDD,MSH-0112-Bindura Hospital_LTE_6,6,MSH-0112-Bindura Hospital_LTE,100%,100,99.6806,99.8551,98.1689,99.778,10.4914,99.9389,99.9123,99.9992,689.0826,630.0136,59.069,19.8672,42,6.5093,3.1045,17.7614,8.8563,0.211,0.0001,0,48.4295,56.9685,4.9668,38.6587,10.5905,11.6472
25/11/2025,MSH-0014-Chipadze,CELL_TDD,MSH-0014-Chipadze_LTE_6,6,MSH-0014-Chipadze,100%,100,95.5317,99.6851,74.7908,99.7901,1.5223,97.85,98.0421,100.0003,871.8445,794.3115,77.533,16.2086,36,4.9252,3.8078,18.1121,7.8148,0.1964,0,0,59.0838,64.7219,4.0521,27.8295,9.8002,14.5838
25/11/2025,MSH-0014-Chipadze,CELL_TDD,MSH-0014-Chipadze_LTE_5,5,MSH-0014-Chipadze,100%,100,98.4702,99.473,92.8389,99.5376,2.2443,98.2271,98.821,100,635.7498,564.0288,71.721,27.8003,67,2.4011,1.9345,19.9924,12.751,0.2254,0,0.0009,65.6957,71.2052,6.9501,34.7466,8.9794,11.6764
25/11/2025,MSH-0014-Chipadze,CELL_TDD,MSH-0014-Chipadze_LTE_4,4,MSH-0014-Chipadze,100%,100,99.7537,99.9444,97.8415,99.9025,0.8505,97.1361,97.6111,100,619.132,566.1022,53.0298,19.4859,40,4.187,2.9389,18.1098,7.3616,0.2028,0,0.0001,52.3539,61.9702,4.8715,27.6642,9.6075,13.0748
25/11/2025,MSH-0014-Chipadze,CELL_TDD,MSH-0014-Chipadze_LTE_3,3,MSH-0014-Chipadze,100%,100,98.8423,99.9687,85.7143,99.8699,1.1429,98.709,98.8707,100.0003,1413.0662,1273.7804,139.2857,24.4588,44,6.8212,5.7259,15.2558,4.4956,0.1709,0,0,58.8591,61.7222,6.1147,23.9505,9.7663,12.4963
25/11/2025,MSH-0014-Chipadze,CELL_TDD,MSH-0014-Chipadze_LTE_2,2,MSH-0014-Chipadze,100%,100,98.9915,99.794,92.177,99.6634,2.1536,99.158,99.2261,100,997.3535,907.0211,90.3324,33.08,74,2.729,2.3993,17.4411,9.9044,0.1956,0,0.0006,72.0447,63.2487,8.27,26.2514,8.5554,10.8094
25/11/2025,MSH-0014-Chipadze,CELL_TDD,MSH-0014-Chipadze_LTE_1,1,MSH-0014-Chipadze,100%,100,99.7195,99.9611,96.9138,99.855,0.8776,98.7952,99.0168,100.0008,927.7272,847.5256,80.2016,22.8076,47,7.4405,4.0659,16.4501,6.1381,0.1907,0,0,44.5891,59.5159,5.7019,20.7394,10.5414,12.9026
26/11/2025,MSH0013-Bindura-Zaoga,CELL_TDD,Bindura_Zaoga_LTE_6,6,MSH0013-Bindura-Zaoga,100%,99.9998,99.8103,99.8632,98.5455,99.9093,0.9723,98.1925,98.3992,100,584.5848,536.226,48.3588,7.0242,17,8.4719,4.4833,12.6573,5.4423,0.1567,0,0.0001,40.5087,49.5926,1.756,32.0291,9.7479,11.1509
26/11/2025,MSH0013-Bindura-Zaoga,CELL_TDD,Bindura_Zaoga_LTE_5,5,MSH0013-Bindura-Zaoga,100%,99.9998,99.6121,99.8387,97.9963,99.5067,2.0939,99.066,99.2257,100,733.3108,672.087,61.2238,37.6028,101,4.998,3.0392,14.7942,8.5422,0.1771,0,0.0001,58.4267,49.065,9.4007,46.6378,10.1332,12.558
26/11/2025,MSH0013-Bindura-Zaoga,CELL_TDD,Bindura_Zaoga_LTE_4,4,MSH0013-Bindura-Zaoga,100%,99.9998,97.9824,99.0164,92.6903,98.7064,2.7512,98.5825,98.8735,100,447.4586,413.2423,34.2163,22.6212,50,5.3233,1.7193,17.261,14.4671,0.2202,0,0.0002,47.9379,45.3573,5.6553,45.0141,9.1865,10.2145
26/11/2025,MSH0013-Bindura-Zaoga,CELL_TDD,Bindura_Zaoga_LTE_3,3,MSH0013-Bindura-Zaoga,100%,99.9998,99.9341,99.9491,99.4505,99.9831,0.8005,98.9387,99.166,100,490.5788,441.0213,49.5575,8.6901,23,8.4325,4.8907,11.4823,4.0045,0.1395,0,0,35.8592,49.2604,2.1725,26.1318,10.3187,11.9777
26/11/2025,MSH0013-Bindura-Zaoga,CELL_TDD,Bindura_Zaoga_LTE_2,2,MSH0013-Bindura-Zaoga,100%,99.9998,99.7716,99.9126,98.7521,99.6181,1.5535,98.9481,99.3661,100.0003,1216.7935,1111.3018,105.4918,38.2969,93,6.581,3.926,13.3376,6.0918,0.1524,0,0,61.3818,56.6219,9.5742,40.2945,10.6317,14.0923
26/11/2025,MSH0013-Bindura-Zaoga,CELL_TDD,Bindura_Zaoga_LTE_1,1,MSH0013-Bindura-Zaoga,100%,99.9998,98.3721,99.5799,92.1806,99.0326,2.6584,98.8312,99.0684,100.0008,556.6322,508.4387,48.1935,22.9331,47,5.1149,2.0816,18.7132,11.5396,0.2377,0,0.0001,51.225,48.1136,5.7333,41.7155,9.2086,9.234
26/11/2025,MSH-0331-Chiwaridzo 2,CELL_TDD,MSH-0331-Chiwaridzo 2_LTE_6,6,MSH-0331-Chiwaridzo 2_LTE,100%,100,99.1742,99.6517,95.5969,99.3858,1.8027,99.8895,99.9064,100.0015,717.0454,653.4832,63.5622,21.7933,51,4.1495,2.6548,21.1722,7.6397,0.2537,0,0,71.9851,55.5671,5.4483,51.8445,10.2338,11.7832
26/11/2025,MSH-0331-Chiwaridzo 2,CELL_TDD,MSH-0331-Chiwaridzo 2_LTE_5,5,MSH-0331-Chiwaridzo 2_LTE,100%,100,99.0034,99.7524,94.5527,99.5158,1.6772,99.8989,99.8941,100.0015,914.88,834.8106,80.0694,20.0757,45,6.2088,4.1795,17.8728,5.9441,0.2023,0,0,58.1961,55.5854,5.0189,42.7787,9.206,12.8067
26/11/2025,MSH-0331-Chiwaridzo 2,CELL_TDD,MSH-0331-Chiwaridzo 2_LTE_4,4,MSH-0331-Chiwaridzo 2_LTE,100%,100,99.0253,99.1707,97.6477,99.6462,0.9331,99.8791,99.9229,100.0015,1352.4056,1222.5267,129.8789,37.4008,73,5.9403,4.3484,15.7452,5.9811,0.1801,0,0,73.1841,61.2132,9.3502,56.1186,10.7393,16.7451
26/11/2025,MSH-0331-Chiwaridzo 2,CELL_TDD,MSH-0331-Chiwaridzo 2_LTE_3,3,MSH-0331-Chiwaridzo 2_LTE,100%,100,99.7307,99.8957,97.1959,99.759,0.9484,99.9525,99.9673,100.0017,1216.8753,1124.0343,92.841,30.0583,63,4.1091,3.4544,18.8543,6.1401,0.2067,0,0,78.3163,52.9698,7.5146,43.9723,10.1123,12.8199
26/11/2025,MSH-0331-Chiwaridzo 2,CELL_TDD,MSH-0331-Chiwaridzo 2_LTE_2,2,MSH-0331-Chiwaridzo 2_LTE,100%,100,99.6152,99.9472,95.2457,99.82,2.1744,100,99.9747,100.0015,951.7838,883.62,68.1639,21.0516,54,5.4228,3.5155,17.0938,5.7992,0.1898,0,0,62.2389,50.0269,5.2629,36.5818,10.0006,13.3615
26/11/2025,MSH-0331-Chiwaridzo 2,CELL_TDD,MSH-0331-Chiwaridzo 2_LTE_1,1,MSH-0331-Chiwaridzo 2_LTE,100%,100,98.3149,98.335,97.9664,99.7353,0.7169,99.8236,99.9096,100.0015,1551.7213,1410.7784,140.9429,42.154,92,5.1059,4.4663,16.3531,6.0747,0.1798,0,0,77.1248,55.606,10.5385,46.7474,10.9984,15.1919
26/11/2025,MSH-0112-Bindura Hospital,CELL_TDD,MSH-0112-Bindura Hospital_LTE_1,1,MSH-0112-Bindura Hospital_LTE,100%,100,99.8385,99.9796,98.3357,99.881,0.8202,99.9294,99.9547,100.001,702.7227,604.6251,98.0976,12.2292,27,5.9411,6.5064,18.395,4.6474,0.2161,0,0,57.8715,56.6456,3.0573,33.9591,11.4875,13.6934
26/11/2025,MSH-0112-Bindura Hospital,CELL_TDD,MSH-0112-Bindura Hospital_LTE_2,2,MSH-0112-Bindura Hospital_LTE,100%,100,99.6637,99.9843,97.9902,99.8876,0.4047,99.934,99.9457,100.0012,650.9149,604.6136,46.3013,11.3847,28,13.0434,3.9851,16.1092,3.9363,0.1774,0,0,34.1033,48.9848,2.8462,22.0256,10.3311,14.2825
26/11/2025,MSH-0112-Bindura Hospital,CELL_TDD,MSH-0112-Bindura Hospital_LTE_3,3,MSH-0112-Bindura Hospital_LTE,100%,100,99.8006,99.9402,98.9891,99.704,1.1031,99.9599,95.0227,100.001,1272.8162,1123.9243,148.8919,29.2435,76,7.2342,5.178,16.8371,6.3726,0.1838,0,0,63.2231,61.0918,7.3109,40.0973,10.8298,13.8933
26/11/2025,MSH-0112-Bindura Hospital,CELL_TDD,MSH-0112-Bindura Hospital_LTE_4,4,MSH-0112-Bindura Hospital_LTE,100%,100,99.5431,99.909,97.1814,99.6887,0.853,99.8102,99.8086,100.0007,725.7111,665.8639,59.8472,15.8588,27,8.925,4.4441,12.9979,3.3379,0.1534,0,0,39.624,50.4263,3.9647,28.6452,12.4733,18.5299
26/11/2025,MSH-0112-Bindura Hospital,CELL_TDD,MSH-0112-Bindura Hospital_LTE_5,5,MSH-0112-Bindura Hospital_LTE,100%,100,99.6424,99.9801,97.238,99.8526,0.3242,99.9463,99.9604,100.001,384.8468,360.1703,24.6764,10.2562,25,10.3003,2.5326,15.6009,3.5429,0.1808,0,0,25.388,46.0587,2.5641,21.312,10.2661,11.9104
26/11/2025,MSH-0112-Bindura Hospital,CELL_TDD,MSH-0112-Bindura Hospital_LTE_6,6,MSH-0112-Bindura Hospital_LTE,100%,100,99.6148,99.8607,97.7318,99.4925,15.5268,99.942,99.9564,100.001,688.1522,632.4882,55.664,19.3406,70,6.0786,2.7978,18.7811,9.9467,0.2192,0.0001,0.0001,55.8504,56.4807,4.8351,42.8552,10.4746,11.1969
26/11/2025,MSH-0014-Chipadze,CELL_TDD,MSH-0014-Chipadze_LTE_6,6,MSH-0014-Chipadze,100%,100,97.9067,99.6383,85.6153,99.7011,1.6869,98.4058,98.5729,100.0005,1003.137,909.5399,93.5971,18.0798,42,6.0227,4.4156,17.1079,6.1258,0.1849,0,0,60.7668,65.3073,4.52,29.0941,9.996,15.2639
26/11/2025,MSH-0014-Chipadze,CELL_TDD,MSH-0014-Chipadze_LTE_5,5,MSH-0014-Chipadze,100%,100,99.1111,99.6883,94.5912,99.6986,2.4119,98.4502,98.8905,100.0007,737.8246,665.3306,72.494,29.8178,84,1.9294,1.9923,19.6959,12.0141,0.2181,0,0.0003,74.3769,67.6984,7.4544,36.9981,8.9583,12.1462
26/11/2025,MSH-0014-Chipadze,CELL_TDD,MSH-0014-Chipadze_LTE_4,4,MSH-0014-Chipadze,100%,100,99.7924,99.9635,97.9125,99.9212,0.7942,97.6036,97.9454,100.0005,664.2131,608.8886,55.3246,20.5119,86,4.6779,3.0875,18.4597,7.4271,0.2139,0,0,54.2465,62.4619,5.128,28.899,9.6308,13.3619
26/11/2025,MSH-0014-Chipadze,CELL_TDD,MSH-0014-Chipadze_LTE_3,3,MSH-0014-Chipadze,100%,100,99.2942,99.8996,90.5376,99.8675,0.9296,99.3333,99.3992,100.0005,1261.8408,1154.4611,107.3797,23.8566,42,7.1862,4.5519,15.5324,4.9128,0.1732,0,0,57.643,61.7493,5.9642,21.6398,9.6712,12.861
26/11/2025,MSH-0014-Chipadze,CELL_TDD,MSH-0014-Chipadze_LTE_2,2,MSH-0014-Chipadze,100%,100,99.3121,99.7538,94.2484,99.6727,2.4609,98.8683,99.1772,100.0005,1154.8168,1025.9292,128.8876,31.4628,62,3.0458,3.3215,17.1156,9.9031,0.1914,0,0.0002,74.6099,66.5887,7.8657,26.4737,8.3692,10.9064
26/11/2025,MSH-0014-Chipadze,CELL_TDD,MSH-0014-Chipadze_LTE_1,1,MSH-0014-Chipadze,100%,100,99.6965,99.9741,96.1887,99.8994,0.674,98.7617,98.9699,100.0012,967.0803,850.2001,116.8802,25.7503,83,7.6271,5.3428,16.889,6.5176,0.194,0,0,45.81,63.4297,6.4376,21.5063,10.4939,12.6173
27/11/2025,MSH0013-Bindura-Zaoga,CELL_TDD,Bindura_Zaoga_LTE_6,6,MSH0013-Bindura-Zaoga,100%,100,99.2814,99.8151,90.6015,99.4731,1.3294,97.8049,98.0367,99.9988,640.769,606.9124,33.8566,7.3729,17,8.7092,2.4563,12.2533,5.6143,0.149,0,0,45.2243,50.5987,1.8432,30.4378,9.7765,11.3386
27/11/2025,MSH0013-Bindura-Zaoga,CELL_TDD,Bindura_Zaoga_LTE_5,5,MSH0013-Bindura-Zaoga,100%,100,99.6021,99.8199,97.8758,99.4816,1.9502,98.9446,99.1585,99.9991,618.5148,549.112,69.4028,40.7823,98,4.4672,2.9549,15.3731,9.5269,0.1866,0,0.0002,54.3677,52.6666,10.1955,47.1018,10.2674,12.6562
27/11/2025,MSH0013-Bindura-Zaoga,CELL_TDD,Bindura_Zaoga_LTE_4,4,MSH0013-Bindura-Zaoga,100%,100,98.2682,99.1515,93.7614,98.8845,2.6903,98.9849,99.1068,99.9988,450.2974,400.641,49.6563,25.823,47,6.8004,1.9203,17.1895,14.8601,0.2183,0.0001,0.0003,35.2861,48.8578,6.4557,41.8763,9.3605,12.1018
27/11/2025,MSH0013-Bindura-Zaoga,CELL_TDD,Bindura_Zaoga_LTE_3,3,MSH0013-Bindura-Zaoga,100%,100,99.8792,99.9639,97.992,99.8927,0.7185,97.5699,97.8437,99.9988,640.5429,602.0309,38.512,8.2536,21,9.8784,3.7001,11.5393,3.9213,0.1338,0,0,41.1518,46.8566,2.0634,24.6955,10.3079,12.3447
27/11/2025,MSH0013-Bindura-Zaoga,CELL_TDD,Bindura_Zaoga_LTE_2,2,MSH0013-Bindura-Zaoga,100%,100,99.7171,99.9271,98.0209,99.6449,1.4488,98.3108,99.0409,99.9988,1331.9052,1232.8558,99.0494,44.5504,105,7.2894,3.2627,14.0424,6.3623,0.1614,0,0.0001,60.3273,55.2094,11.1376,42.9087,10.3555,13.9579
27/11/2025,MSH0013-Bindura-Zaoga,CELL_TDD,Bindura_Zaoga_LTE_1,1,MSH0013-Bindura-Zaoga,100%,100,98.8297,99.6113,94.1415,99.3361,2.4789,98.4088,98.8928,99.9988,499.883,451.7538,48.1292,26.1259,48,6.2949,1.9664,16.7325,11.3533,0.2084,0,0.0001,39.417,48.7532,6.5315,38.6519,9.1638,10.7074
27/11/2025,MSH-0331-Chiwaridzo 2,CELL_TDD,MSH-0331-Chiwaridzo 2_LTE_6,6,MSH-0331-Chiwaridzo 2_LTE,100%,100,98.9502,99.693,94.1215,99.3308,1.3001,99.7993,99.8438,100,853.9493,774.9264,79.0229,26.3433,84,4.4947,3.6028,19.6035,6.9799,0.2302,0,0.0001,71.3864,54.9955,6.5858,52.7396,10.1464,13.1618
27/11/2025,MSH-0331-Chiwaridzo 2,CELL_TDD,MSH-0331-Chiwaridzo 2_LTE_5,5,MSH-0331-Chiwaridzo 2_LTE,100%,100,99.1856,99.8093,94.8755,99.4549,1.2744,99.9252,99.9188,99.9993,961.3635,894.593,66.7705,23.857,56,7.1772,2.8383,17.3572,6.6577,0.2002,0,0.0001,61.0284,53.6445,5.9643,45.4341,9.4015,13.1451
27/11/2025,MSH-0331-Chiwaridzo 2,CELL_TDD,MSH-0331-Chiwaridzo 2_LTE_4,4,MSH-0331-Chiwaridzo 2_LTE,100%,100,98.9157,99.1763,96.7309,99.4988,1.1815,99.8458,99.8844,99.9993,1359.0307,1240.6575,118.3732,37.6118,95,6.2458,3.7917,15.5002,6.6264,0.1786,0,0.0001,70.9294,61.3446,9.403,54.1788,10.8965,16.9509
27/11/2025,MSH-0331-Chiwaridzo 2,CELL_TDD,MSH-0331-Chiwaridzo 2_LTE_3,3,MSH-0331-Chiwaridzo 2_LTE,100%,100,99.6363,99.8469,97.7209,99.8004,0.9732,99.7296,99.8541,99.9995,1269.575,1153.0437,116.5313,29.5661,107,4.0516,4.3084,17.8182,5.7959,0.1943,0,0.0001,75.8742,55.044,7.3915,44.234,10.328,13.216
27/11/2025,MSH-0331-Chiwaridzo 2,CELL_TDD,MSH-0331-Chiwaridzo 2_LTE_2,2,MSH-0331-Chiwaridzo 2_LTE,100%,100,99.7091,99.9586,96.5351,99.8229,1.4373,99.9584,99.9579,99.9993,1070.3922,997.5589,72.8333,22.3865,59,5.8032,3.7546,16.5307,5.1854,0.1826,0,0.0001,65.3118,51.002,5.5966,37.1856,10.1425,13.7502
27/11/2025,MSH-0331-Chiwaridzo 2,CELL_TDD,MSH-0331-Chiwaridzo 2_LTE_1,1,MSH-0331-Chiwaridzo 2_LTE,100%,100,98.5005,98.5206,98.2177,99.6596,0.9097,99.7232,99.8626,100,1369.5652,1238.2208,131.3444,41.6471,134,5.3954,4.1325,16.791,7.413,0.188,0,0.0001,79.1684,54.709,10.4118,48.1408,11.0218,14.6248
27/11/2025,MSH-0112-Bindura Hospital,CELL_TDD,MSH-0112-Bindura Hospital_LTE_1,1,MSH-0112-Bindura Hospital_LTE,100%,100,99.8504,99.9872,97.9825,99.86,0.7999,100,99.989,100.0005,704.4255,650.7577,53.6678,11.4929,25,6.0769,3.8751,19.07,4.4386,0.2193,0,0,64.4111,49.4578,2.8732,35.0248,11.2575,12.5835
27/11/2025,MSH-0112-Bindura Hospital,CELL_TDD,MSH-0112-Bindura Hospital_LTE_2,2,MSH-0112-Bindura Hospital_LTE,100%,100,99.7268,99.9807,95.6656,99.9615,0.3721,99.9343,99.9676,100.0002,570.0401,528.4572,41.5829,10.8748,24,12.6926,3.9963,15.1599,3.6328,0.1676,0,0,32.5442,47.4056,2.7187,20.6237,10.4029,13.5686
27/11/2025,MSH-0112-Bindura Hospital,CELL_TDD,MSH-0112-Bindura Hospital_LTE_3,3,MSH-0112-Bindura Hospital_LTE,100%,100,99.8174,99.973,98.8953,99.7079,1.3284,99.8215,95.2626,100.0002,1161.2274,996.6927,164.5347,25.9714,79,7.6512,5.977,16.3482,6.7264,0.1819,0,0,59.5274,64.5079,6.4928,37.5664,10.8972,13.7591
27/11/2025,MSH-0112-Bindura Hospital,CELL_TDD,MSH-0112-Bindura Hospital_LTE_4,4,MSH-0112-Bindura Hospital_LTE,100%,100,99.7293,99.9793,97.0803,99.776,0.8335,99.8315,99.9134,100.0002,786.1818,733.1991,52.9826,17.2563,28,8.7776,3.277,13.9607,3.9076,0.1579,0,0,44.2299,50.798,4.3141,29.681,12.581,17.446
27/11/2025,MSH-0112-Bindura Hospital,CELL_TDD,MSH-0112-Bindura Hospital_LTE_5,5,MSH-0112-Bindura Hospital_LTE,100%,100,99.5676,99.942,97.145,99.8168,0.4406,99.9469,99.96,100.0005,426.1813,393.286,32.8953,9.949,26,10.5824,3.5783,15.2315,3.3976,0.1732,0,0,25.9007,48.1224,2.4873,21.6316,10.2701,12.2081
27/11/2025,MSH-0112-Bindura Hospital,CELL_TDD,MSH-0112-Bindura Hospital_LTE_6,6,MSH-0112-Bindura Hospital_LTE,100%,100,99.5083,99.7988,97.4437,99.5431,14.543,99.8883,99.8736,100.0002,656.1553,592.2988,63.8565,20.0686,69,6.0339,2.9597,18.4223,8.8026,0.2161,0.0001,0,51.5251,57.7843,5.0172,42.2193,10.2607,11.2827
27/11/2025,MSH-0014-Chipadze,CELL_TDD,MSH-0014-Chipadze_LTE_6,6,MSH-0014-Chipadze,79%,100,97.2988,99.7656,82.4283,99.8337,0.9648,99.2078,99.2615,99.9988,476.2573,440.9546,35.3028,14.7652,30,5.8799,3.3053,16.7872,6.8121,0.184,0,0,45.924,57.9458,3.6913,22.83,10.0457,14.5675
27/11/2025,MSH-0014-Chipadze,CELL_TDD,MSH-0014-Chipadze_LTE_5,5,MSH-0014-Chipadze,79%,100,99.218,99.7661,94.8119,99.6596,2.0477,98.4786,98.7616,99.9988,491.6389,446.2168,45.4222,24.5293,49,2.1699,1.6794,20.2512,12.1918,0.225,0,0.0001,75.1856,69.9326,6.1323,36.0354,8.8165,11.2549
27/11/2025,MSH-0014-Chipadze,CELL_TDD,MSH-0014-Chipadze_LTE_4,4,MSH-0014-Chipadze,79%,100,99.6597,99.9654,97.1042,99.8815,1.028,97.499,97.8847,99.9994,407.5998,364.0509,43.5489,18.2463,44,4.6628,3.4735,18.6812,8.0424,0.2137,0,0,45.8857,62.4719,4.5616,26.1142,9.9302,12.8944
27/11/2025,MSH-0014-Chipadze,CELL_TDD,MSH-0014-Chipadze_LTE_3,3,MSH-0014-Chipadze,79%,100,98.6973,99.9312,83.4467,99.8773,0.6036,99.0817,99.1729,99.9988,760.2867,684.1763,76.1103,20.6139,41,8.6218,5.5355,15.8926,4.771,0.1783,0,0,44.8304,59.1123,5.1535,20.0742,9.9635,13.8308
27/11/2025,MSH-0014-Chipadze,CELL_TDD,MSH-0014-Chipadze_LTE_2,2,MSH-0014-Chipadze,79%,100,99.3979,99.8884,92.8632,99.7824,1.3204,94.0812,96.024,99.9988,845.4041,735.7415,109.6626,29.4655,58,3.3515,3.7634,17.6362,8.3388,0.2015,0,0,70.0802,68.6989,7.3664,26.3899,8.9162,11.2491
27/11/2025,MSH-0014-Chipadze,CELL_TDD,MSH-0014-Chipadze_LTE_1,1,MSH-0014-Chipadze,79%,100,99.5987,99.9732,94.1044,99.8867,0.7616,98.7624,98.9702,99.9991,567.0333,500.9367,66.0966,23.8117,47,6.9338,4.758,16.7996,6.5298,0.19,0,0,41.7204,60.389,5.9529,19.8806,10.1639,12.5668
28/11/2025,MSH0013-Bindura-Zaoga,CELL_TDD,Bindura_Zaoga_LTE_6,6,MSH0013-Bindura-Zaoga,100%,99.9985,99.8389,99.926,98.6254,99.7815,1.3649,98.181,98.2803,99.9942,442.1218,382.4329,59.6889,6.4239,17,8.9876,5.7067,12.0418,5.1681,0.1505,0,0,34.9397,52.9713,1.606,28.5779,10.1733,11.8497
28/11/2025,MSH0013-Bindura-Zaoga,CELL_TDD,Bindura_Zaoga_LTE_5,5,MSH0013-Bindura-Zaoga,100%,99.9985,99.6231,99.8846,97.789,99.4427,1.9402,99.3635,99.4569,99.9942,710.7248,654.7187,56.0061,37.589,89,5.6068,2.871,14.0929,8.823,0.1674,0,0.0001,61.4537,49.2046,9.3973,48.1139,10.3882,13.6557
28/11/2025,MSH0013-Bindura-Zaoga,CELL_TDD,Bindura_Zaoga_LTE_4,4,MSH0013-Bindura-Zaoga,100%,99.9985,97.9819,99.0462,92.1037,98.4682,2.0573,99.1405,99.3192,99.9942,360.3173,318.743,41.5742,41.1892,125,5.4591,1.5509,18.1854,15.9495,0.2338,0.0001,0.0006,37.9718,47.2755,10.2973,46.2528,9.9822,11.5131
28/11/2025,MSH0013-Bindura-Zaoga,CELL_TDD,Bindura_Zaoga_LTE_3,3,MSH0013-Bindura-Zaoga,100%,99.9985,99.9468,99.9447,100,99.945,0.9142,99.5787,99.6791,99.9942,398.8687,365.3687,33.5,7.8856,19,9.9064,4.7617,11.4109,3.6805,0.1373,0,0,30.9295,47.0513,1.9714,22.3001,10.2614,12.0956
28/11/2025,MSH0013-Bindura-Zaoga,CELL_TDD,Bindura_Zaoga_LTE_2,2,MSH0013-Bindura-Zaoga,100%,99.9985,99.7719,99.9153,98.7919,99.647,1.6288,98.6628,99.1991,99.9942,1446.8974,1341.8006,105.0968,35.3676,87,6.8458,4.2535,12.6773,6.2613,0.1449,0,0.0001,69.0118,54.7508,8.8419,43.0113,10.6464,14.503
28/11/2025,MSH0013-Bindura-Zaoga,CELL_TDD,Bindura_Zaoga_LTE_1,1,MSH0013-Bindura-Zaoga,100%,99.9985,99.0917,99.5859,95.3315,99.2426,1.9685,98.3844,98.9437,99.9948,685.9552,613.9675,71.9877,43.888,134,7.4727,2.6475,15.7873,11.1336,0.1879,0,0.0002,42.6361,50.837,10.972,41.9097,9.9798,13.2918
28/11/2025,MSH-0331-Chiwaridzo 2,CELL_TDD,MSH-0331-Chiwaridzo 2_LTE_6,6,MSH-0331-Chiwaridzo 2_LTE,100%,99.9975,99.04,99.6093,95.4795,99.332,1.0688,99.6398,99.7763,99.9995,623.8719,561.0989,62.7731,18.6589,41,5.2005,3.8956,20.0803,5.7213,0.2425,0,0,59.4203,54.8235,4.6647,43.5233,10.6286,11.9719
28/11/2025,MSH-0331-Chiwaridzo 2,CELL_TDD,MSH-0331-Chiwaridzo 2_LTE_5,5,MSH-0331-Chiwaridzo 2_LTE,100%,99.9975,98.7502,99.4762,94.7428,99.258,1.6873,99.945,99.9368,99.9992,835.255,763.685,71.57,17.5335,42,6.9967,4.476,17.0839,5.8781,0.1924,0,0,54.3946,52.2533,4.3834,39.0941,9.4849,13.0721
28/11/2025,MSH-0331-Chiwaridzo 2,CELL_TDD,MSH-0331-Chiwaridzo 2_LTE_4,4,MSH-0331-Chiwaridzo 2_LTE,100%,99.9975,98.7815,99.148,96.4633,99.564,1.1336,99.9708,99.9641,99.9992,1039.345,906.4301,132.9149,24.4086,70,6.7463,5.7822,15.106,6.3212,0.1766,0,0,60.3714,61.2442,6.1022,47.4482,10.8174,16.4857
28/11/2025,MSH-0331-Chiwaridzo 2,CELL_TDD,MSH-0331-Chiwaridzo 2_LTE_3,3,MSH-0331-Chiwaridzo 2_LTE,100%,99.9975,99.7527,99.9601,96.9933,99.8109,0.6911,99.3826,99.7482,99.9982,978.2845,901.7311,76.5534,22.0258,60,5.4663,3.9733,18.9786,5.4961,0.2193,0,0.0001,66.6079,53.2855,5.5064,38.8501,10.5028,12.7767
28/11/2025,MSH-0331-Chiwaridzo 2,CELL_TDD,MSH-0331-Chiwaridzo 2_LTE_2,2,MSH-0331-Chiwaridzo 2_LTE,100%,99.9975,99.7139,99.9135,96.5743,99.7682,1.4007,99.918,99.9317,99.9992,923.3929,854.6373,68.7556,22.1926,58,6.164,3.5343,16.8117,5.9147,0.1857,0,0.0001,57.3343,50.1494,5.5482,35.7521,10.404,13.5105
28/11/2025,MSH-0331-Chiwaridzo 2,CELL_TDD,MSH-0331-Chiwaridzo 2_LTE_1,1,MSH-0331-Chiwaridzo 2_LTE,100%,99.9975,99.2789,99.3499,98.4367,99.7091,0.8366,99.4086,99.6575,99.9995,1235.0964,1131.6955,103.4009,30.1501,72,6.8241,4.1057,16.2982,6.6387,0.1819,0,0,66.1964,55.56,7.5375,40.6254,11.1011,14.9543
28/11/2025,MSH-0112-Bindura Hospital,CELL_TDD,MSH-0112-Bindura Hospital_LTE_1,1,MSH-0112-Bindura Hospital_LTE,100%,100,99.8038,99.9146,98.2456,99.8629,0.9386,99.7678,99.9506,100.0012,499.6376,463.3404,36.2972,11.2475,23,7.8271,3.7213,16.1469,3.9182,0.1859,0,0,39.0268,46.796,2.8119,24.149,11.6927,13.707
28/11/2025,MSH-0112-Bindura Hospital,CELL_TDD,MSH-0112-Bindura Hospital_LTE_2,2,MSH-0112-Bindura Hospital_LTE,100%,100,99.8821,99.9866,98.5022,99.9204,0.4509,99.9581,99.9107,100.001,740.1343,679.8527,60.2817,10.4884,25,14.0657,5.43,15.1947,3.7469,0.1614,0,0,35.0752,49.8474,2.6221,19.8499,10.7242,15.4553
28/11/2025,MSH-0112-Bindura Hospital,CELL_TDD,MSH-0112-Bindura Hospital_LTE_3,3,MSH-0112-Bindura Hospital_LTE,100%,100,99.8099,99.9433,98.9989,99.6946,1.2446,100,95.9829,100.0007,1297.0291,1102.9347,194.0943,24.1821,76,9.0331,7.4697,15.718,6.1632,0.1717,0,0,59.442,64.7586,6.0455,35.0611,11.1344,15.3231
28/11/2025,MSH-0112-Bindura Hospital,CELL_TDD,MSH-0112-Bindura Hospital_LTE_4,4,MSH-0112-Bindura Hospital_LTE,100%,100,99.7829,99.9468,98.4874,99.6962,0.5878,100,100,100.0007,697.0651,655.4136,41.6515,14.802,28,9.2264,3.088,13.4629,2.8739,0.1539,0,0.0001,40.545,58.2401,3.7005,27.1911,12.4148,16.7098
28/11/2025,MSH-0112-Bindura Hospital,CELL_TDD,MSH-0112-Bindura Hospital_LTE_5,5,MSH-0112-Bindura Hospital_LTE,100%,100,99.7057,99.8788,98.6301,99.7286,0.7797,99.9116,99.8074,100.0007,498.4605,454.0061,44.4544,9.3473,24,10.7338,5.3057,14.6869,2.9721,0.1606,0,0,29.5396,46.3537,2.3368,22.515,10.2478,12.9665
28/11/2025,MSH-0112-Bindura Hospital,CELL_TDD,MSH-0112-Bindura Hospital_LTE_6,6,MSH-0112-Bindura Hospital_LTE,100%,100,99.5779,99.821,97.2471,99.5791,11.4649,99.9417,99.7957,100.0007,776.1831,710.5132,65.67,21.0347,65,7.2858,2.8018,17.5408,9.4094,0.2077,0.0001,0,53.5349,58.8097,5.2587,43.1587,10.3386,11.7521
28/11/2025,MSH-0014-Chipadze,CELL_TDD,MSH-0014-Chipadze_LTE_6,6,MSH-0014-Chipadze,75%,99.9991,97.8482,99.8087,85.7201,99.7565,1.3572,98.6397,98.797,99.998,632.2107,570.9223,61.2884,17.4871,41,5.8486,4.5521,16.9212,6.3292,0.1824,0,0,60.4292,64.6523,4.3718,26.8135,9.6924,14.8482
28/11/2025,MSH-0014-Chipadze,CELL_TDD,MSH-0014-Chipadze_LTE_5,5,MSH-0014-Chipadze,75%,99.9991,96.1906,98.8846,86.5978,98.6598,2.9316,99.2812,99.4552,99.998,536.3528,475.6623,60.6905,29.7768,169,2.9175,2.4494,19.6314,12.5577,0.225,0,0.0003,69.3953,71.2341,7.4442,36.064,8.7958,12.4752
28/11/2025,MSH-0014-Chipadze,CELL_TDD,MSH-0014-Chipadze_LTE_4,4,MSH-0014-Chipadze,75%,99.9991,99.6492,99.9034,97.437,99.8023,1.2428,97.1703,97.7178,99.998,522.2245,479.2249,42.9996,21.5391,79,5.1136,3.1719,18.7774,8.0967,0.2133,0,0,60.6856,66.3475,5.3848,29.468,9.751,13.5859
28/11/2025,MSH-0014-Chipadze,CELL_TDD,MSH-0014-Chipadze_LTE_3,3,MSH-0014-Chipadze,75%,99.9991,98.6108,99.9235,85.6395,99.7631,1.2096,98.7089,98.895,99.9964,863.9607,792.695,71.2657,19.2424,36,9.032,4.8671,16.1479,5.1264,0.1763,0,0,51.6778,59.4163,4.8106,20.7593,10.088,14.8885
28/11/2025,MSH-0014-Chipadze,CELL_TDD,MSH-0014-Chipadze_LTE_2,2,MSH-0014-Chipadze,75%,99.9991,98.4596,99.4623,91.9691,99.4317,2.3063,98.689,99.2435,99.998,747.9003,664.7099,83.1904,32.954,147,2.9119,3.3651,18.6215,9.4901,0.2128,0,0.0002,74.2872,66.8324,8.2385,26.4544,8.77,10.4303
28/11/2025,MSH-0014-Chipadze,CELL_TDD,MSH-0014-Chipadze_LTE_1,1,MSH-0014-Chipadze,75%,99.9991,99.7346,99.975,96.8874,99.8167,1.0511,98.39,98.6653,99.9987,663.1832,608.2686,54.9146,25.9935,76,6.9883,3.2778,17.7693,7.4685,0.2045,0,0,48.5377,61.7689,6.4984,21.4311,10.0329,13.3114
29/11/2025,MSH0013-Bindura-Zaoga,CELL_TDD,Bindura_Zaoga_LTE_6,6,MSH0013-Bindura-Zaoga,100%,99.9993,99.6936,99.8698,96.8641,99.7854,1.5567,97.6864,97.8157,100.0003,480.1234,454.9946,25.1288,5.8493,16,8.6463,3.037,12.6861,5.2594,0.1588,0,0,41.7594,45.8449,1.4623,29.084,9.8892,10.5387
29/11/2025,MSH0013-Bindura-Zaoga,CELL_TDD,Bindura_Zaoga_LTE_5,5,MSH0013-Bindura-Zaoga,100%,99.9993,99.5243,99.7622,97.7598,99.1232,1.9598,99.3376,99.4272,100.0003,605.9739,550.4676,55.5062,32.2735,99,4.649,2.7274,14.5705,9.3655,0.1729,0,0.0002,57.848,50.4533,8.0684,43.5525,10.3926,13.2174
29/11/2025,MSH0013-Bindura-Zaoga,CELL_TDD,Bindura_Zaoga_LTE_4,4,MSH0013-Bindura-Zaoga,100%,99.9993,96.6661,98.9615,87.865,98.0712,2.8447,99.3434,99.3777,100.0003,377.3807,333.4895,43.8912,34.5557,156,5.3909,1.6979,19.2894,17.6291,0.2432,0.0001,0.0003,38.502,45.7003,8.6389,46.6202,9.3359,10.7865
29/11/2025,MSH0013-Bindura-Zaoga,CELL_TDD,Bindura_Zaoga_LTE_3,3,MSH0013-Bindura-Zaoga,100%,99.9993,99.8896,99.9302,99.1342,99.8384,1.5134,98.1481,98.4816,100.0003,432.2021,405.6051,26.597,7.3348,16,9.0528,3.7745,11.6921,3.7244,0.1439,0,0.0002,34.288,46.045,1.8337,23.221,10.0978,10.7565
29/11/2025,MSH0013-Bindura-Zaoga,CELL_TDD,Bindura_Zaoga_LTE_2,2,MSH0013-Bindura-Zaoga,100%,99.9993,99.7355,99.8894,98.5995,99.3923,1.399,98.5164,99.0009,100.0003,1453.8978,1330.3156,123.5822,33.919,75,7.2128,4.0745,13.0559,6.6738,0.1505,0,0,66.4666,58.1306,8.4797,41.4225,10.6215,14.1366
29/11/2025,MSH0013-Bindura-Zaoga,CELL_TDD,Bindura_Zaoga_LTE_1,1,MSH0013-Bindura-Zaoga,100%,99.9993,98.3458,99.5404,93.197,98.7733,2.4481,98.8957,99.0938,100.0003,520.82,465.0174,55.8026,36.1538,176,6.3745,1.9622,17.8216,13.584,0.2227,0,0.0002,39.6493,46.4855,9.0385,40.9986,9.5504,10.9683
29/11/2025,MSH-0331-Chiwaridzo 2,CELL_TDD,MSH-0331-Chiwaridzo 2_LTE_6,6,MSH-0331-Chiwaridzo 2_LTE,95%,99.9697,98.7057,99.2515,95.8865,99.0605,1.4685,99.9108,99.8992,99.9991,488.5717,455.4856,33.0861,14.2291,44,4.0049,2.8107,20.7881,6.8398,0.2431,0,0.0001,75.7748,52.5689,3.5573,52.3338,9.7202,11.9111
29/11/2025,MSH-0331-Chiwaridzo 2,CELL_TDD,MSH-0331-Chiwaridzo 2_LTE_5,5,MSH-0331-Chiwaridzo 2_LTE,95%,99.9697,99.0375,99.6652,95.7764,99.2231,2.2549,99.8847,99.8781,99.9991,612.005,568.0635,43.9414,13.1163,42,6.4202,3.3486,18.3025,6.9342,0.2097,0,0.0001,69.2411,52.3624,3.2791,48.6821,9.0092,12.4684
29/11/2025,MSH-0331-Chiwaridzo 2,CELL_TDD,MSH-0331-Chiwaridzo 2_LTE_4,4,MSH-0331-Chiwaridzo 2_LTE,95%,99.9697,99.0528,99.2795,97.5441,99.2362,1.3605,99.7136,99.783,99.9991,894.9834,825.581,69.4024,22.4027,72,5.4022,3.8379,17.1454,7.8866,0.1903,0,0,83.8206,57.0913,5.6007,60.848,10.568,15.6108
29/11/2025,MSH-0331-Chiwaridzo 2,CELL_TDD,MSH-0331-Chiwaridzo 2_LTE_3,3,MSH-0331-Chiwaridzo 2_LTE,95%,99.9697,99.5585,99.7161,98.1468,99.757,1.4234,99.9554,99.9556,99.9996,822.328,769.0482,53.2798,18.1341,62,4.6478,3.5025,18.7071,5.9365,0.2054,0,0.0001,80.9182,51.5313,4.5335,44.4996,10.0298,13.4596
29/11/2025,MSH-0331-Chiwaridzo 2,CELL_TDD,MSH-0331-Chiwaridzo 2_LTE_2,2,MSH-0331-Chiwaridzo 2_LTE,95%,99.9697,99.5009,99.8069,96.2331,99.7109,1.9878,99.9667,99.9578,99.9991,645.9906,597.6275,48.3631,15.2468,57,5.9486,3.5278,17.127,6.6049,0.1863,0,0.0001,72.205,51.9498,3.8117,41.3229,9.6093,13.0423
29/11/2025,MSH-0331-Chiwaridzo 2,CELL_TDD,MSH-0331-Chiwaridzo 2_LTE_1,1,MSH-0331-Chiwaridzo 2_LTE,95%,99.9697,98.8021,98.7964,98.8834,99.6756,0.8076,99.8177,99.8531,99.9991,1192.3333,1103.5645,88.7689,28.8462,106,5.6189,3.8581,15.0787,6.8299,0.1675,0,0,85.422,53.3965,7.2115,51.5056,10.9504,17.0237
29/11/2025,MSH-0112-Bindura Hospital,CELL_TDD,MSH-0112-Bindura Hospital_LTE_1,1,MSH-0112-Bindura Hospital_LTE,100%,100,99.8704,99.9715,98.3001,99.863,0.8185,99.8805,99.9642,99.9992,658.3753,612.7088,45.6665,13.1613,27,8.2471,3.5565,16.3192,4.4799,0.1879,0,0,43.7446,49.4884,3.2903,27.2367,11.7475,14.6076
29/11/2025,MSH-0112-Bindura Hospital,CELL_TDD,MSH-0112-Bindura Hospital_LTE_2,2,MSH-0112-Bindura Hospital_LTE,100%,100,99.8374,99.9913,97.8085,99.8524,0.6092,99.9457,99.9788,99.9978,538.5493,494.3567,44.1926,8.5901,25,13.5849,4.6619,14.8494,3.4017,0.1608,0,0,28.5812,47.5046,2.1475,16.9758,10.6592,14.8817
29/11/2025,MSH-0112-Bindura Hospital,CELL_TDD,MSH-0112-Bindura Hospital_LTE_3,3,MSH-0112-Bindura Hospital_LTE,100%,100,99.8606,99.9514,99.2137,99.7187,1.1996,99.8813,96.7171,99.998,1033.6798,890.3556,143.3242,21.3004,51,7.2854,5.8463,16.225,6.4985,0.1803,0,0,57.1158,61.5129,5.3251,35.626,10.7667,14.431
29/11/2025,MSH-0112-Bindura Hospital,CELL_TDD,MSH-0112-Bindura Hospital_LTE_4,4,MSH-0112-Bindura Hospital_LTE,100%,100,98.6509,99.7796,92.3027,99.1945,0.9306,99.8487,99.8752,99.998,832.9911,780.9112,52.0799,16.4394,28,9.3963,3.3051,14.5414,3.8402,0.1644,0,0,45.8703,51.802,4.1098,32.0338,12.3348,16.8807
29/11/2025,MSH-0112-Bindura Hospital,CELL_TDD,MSH-0112-Bindura Hospital_LTE_5,5,MSH-0112-Bindura Hospital_LTE,100%,100,99.5892,99.9198,97.657,99.6535,0.4465,99.9191,99.9153,99.9978,569.0086,526.4289,42.5797,7.7595,19,14.5546,4.6704,14.5481,2.7568,0.1625,0,0,27.3359,46.1616,1.9399,20.894,9.8295,12.791
29/11/2025,MSH-0112-Bindura Hospital,CELL_TDD,MSH-0112-Bindura Hospital_LTE_6,6,MSH-0112-Bindura Hospital_LTE,100%,100,99.6991,99.846,98.2946,99.6633,8.9512,99.8014,99.8503,99.9978,846.657,778.5404,68.1165,18.3642,59,7.2967,3.2235,18.1223,8.6251,0.2103,0,0.0002,57.2516,56.9173,4.5911,43.7783,10.1584,11.6232
29/11/2025,MSH-0014-Chipadze,CELL_TDD,MSH-0014-Chipadze_LTE_6,6,MSH-0014-Chipadze,100%,99.9995,97.5732,99.7669,82.1416,99.7663,1.4167,99.277,99.3248,99.9997,756.3872,709.1673,47.2199,14.8462,33,7.4142,3.2095,16.6464,6.1626,0.1809,0,0,45.6773,56.7179,3.7116,24.0275,9.9756,15.2153
29/11/2025,MSH-0014-Chipadze,CELL_TDD,MSH-0014-Chipadze_LTE_5,5,MSH-0014-Chipadze,100%,99.9995,98.5804,99.5791,92.652,99.5552,1.5723,98.2024,98.5794,99.9994,769.746,695.7367,74.0092,35.7941,90,2.4206,1.8308,19.6925,12.1827,0.2169,0,0.0001,73.39,69.3241,8.9485,36.8947,8.9962,12.4315
29/11/2025,MSH-0014-Chipadze,CELL_TDD,MSH-0014-Chipadze_LTE_4,4,MSH-0014-Chipadze,100%,99.9995,99.6352,99.8952,97.4739,99.7486,0.8878,97.7909,98.1057,99.9994,548.4563,506.9551,41.5013,16.8074,55,4.0092,2.6836,18.6053,6.9936,0.2123,0,0,47.8058,59.2795,4.2018,26.9034,10.2362,13.4112
29/11/2025,MSH-0014-Chipadze,CELL_TDD,MSH-0014-Chipadze_LTE_3,3,MSH-0014-Chipadze,100%,99.9995,98.6798,99.7315,86.3935,99.8887,0.8142,99.2793,99.3773,99.9997,888.1661,822.4634,65.7027,17.7444,40,8.6786,4.1618,16.6563,4.681,0.1843,0,0,40.4203,54.9839,4.4361,18.0417,9.9939,14.3063
29/11/2025,MSH-0014-Chipadze,CELL_TDD,MSH-0014-Chipadze_LTE_2,2,MSH-0014-Chipadze,100%,99.9995,99.0139,99.752,92.9052,99.6657,1.6119,99.3571,99.2471,99.9989,1216.725,1089.0749,127.6501,38.4566,91,3.6829,2.985,17.6754,11.0314,0.1965,0,0.0001,71.9504,65.9365,9.6142,27.1038,9.1029,11.753
29/11/2025,MSH-0014-Chipadze,CELL_TDD,MSH-0014-Chipadze_LTE_1,1,MSH-0014-Chipadze,100%,99.9995,99.8008,99.9663,97.714,99.7214,0.8779,98.814,98.9587,99.9997,862.8882,801.5993,61.2889,21.0697,73,8.0453,3.6858,17.4998,6.3592,0.207,0,0,43.0895,57.8269,5.2674,20.1298,10.5585,13.2659
30/11/2025,MSH0013-Bindura-Zaoga,CELL_TDD,Bindura_Zaoga_LTE_6,6,MSH0013-Bindura-Zaoga,100%,99.999,99.7462,99.8646,97.9798,99.8659,0.8591,99.0862,99.139,99.9951,337.6038,308.2674,29.3364,5.7828,16,7.8365,3.8757,13.1701,4.57,0.1673,0,0,33.4976,48.1213,1.4457,25.291,9.9329,9.7057
30/11/2025,MSH0013-Bindura-Zaoga,CELL_TDD,Bindura_Zaoga_LTE_5,5,MSH0013-Bindura-Zaoga,100%,99.999,99.642,99.9033,97.8461,99.612,1.3911,99.1299,99.238,99.9955,696.4102,645.677,50.7332,25.7201,61,5.3861,2.7018,15.1344,8.3762,0.1861,0,0,62.8921,50.9098,6.43,46.2655,10.4655,12.0629
30/11/2025,MSH0013-Bindura-Zaoga,CELL_TDD,Bindura_Zaoga_LTE_4,4,MSH0013-Bindura-Zaoga,100%,99.999,98.4044,99.2082,93.4911,98.7293,2.2328,99.1761,99.3429,99.9955,310.5523,275.5709,34.9814,28.1803,105,5.8454,1.4339,18.6587,18.4725,0.2347,0.0001,0.0002,34.7971,47.0127,7.0451,41.7534,9.299,10.5479
30/11/2025,MSH0013-Bindura-Zaoga,CELL_TDD,Bindura_Zaoga_LTE_3,3,MSH0013-Bindura-Zaoga,100%,99.999,99.8307,99.9679,96.4981,99.9841,0.5507,98.8183,99.0577,99.9951,355.9628,334.2991,21.6637,7.3157,19,10.2785,2.831,11.6049,3.7835,0.1442,0,0,28.0525,45.8007,1.8289,20.0878,10.38,11.3356
30/11/2025,MSH0013-Bindura-Zaoga,CELL_TDD,Bindura_Zaoga_LTE_2,2,MSH0013-Bindura-Zaoga,100%,99.999,99.7481,99.9355,98.5753,99.7599,1.2718,98.0359,98.6566,99.9955,1102.0164,1013.7322,88.2842,24.7909,55,6.8747,3.4544,12.7634,6.5135,0.1477,0,0,63.9768,58.7437,6.1977,37.2681,10.496,13.5036
30/11/2025,MSH0013-Bindura-Zaoga,CELL_TDD,Bindura_Zaoga_LTE_1,1,MSH0013-Bindura-Zaoga,100%,99.999,98.7439,99.4872,93.2934,99.135,2.0799,98.4667,99.0943,99.9961,465.889,424.895,40.994,27.7041,102,6.1097,1.9047,16.8213,12.2926,0.2082,0,0.0001,41.0984,48.5568,6.926,39.2553,9.6198,9.9989
30/11/2025,MSH-0331-Chiwaridzo 2,CELL_TDD,MSH-0331-Chiwaridzo 2_LTE_6,6,MSH-0331-Chiwaridzo 2_LTE,100%,100,99.2223,99.7334,96.0988,99.3061,1.3707,99.9061,99.8527,99.9995,722.4592,648.5601,73.8991,22.3808,72,3.8806,3.3854,21.4618,7.5936,0.257,0,0,71.3657,57.2115,5.5952,51.494,10.0662,11.6282
30/11/2025,MSH-0331-Chiwaridzo 2,CELL_TDD,MSH-0331-Chiwaridzo 2_LTE_5,5,MSH-0331-Chiwaridzo 2_LTE,100%,100,99.0546,99.6886,94.7286,99.5852,1.9507,99.944,99.8908,99.9995,994.7398,908.5871,86.1527,21.1373,51,7.136,4.428,16.7909,6.3046,0.1945,0,0.0001,57.2223,52.2079,5.2843,42.2736,9.6693,13.2227
30/11/2025,MSH-0331-Chiwaridzo 2,CELL_TDD,MSH-0331-Chiwaridzo 2_LTE_4,4,MSH-0331-Chiwaridzo 2_LTE,100%,100,98.5826,98.8902,96.3308,99.2218,1.263,99.5519,99.6296,99.9995,1328.5747,1212.8831,115.6917,38.2723,89,5.6914,3.6669,16.7197,9.0305,0.192,0,0.0001,71.2216,57.7008,9.568,55.0897,10.868,16.0851
30/11/2025,MSH-0331-Chiwaridzo 2,CELL_TDD,MSH-0331-Chiwaridzo 2_LTE_3,3,MSH-0331-Chiwaridzo 2_LTE,100%,100,99.8505,99.9545,98.5642,99.7768,1.1787,99.9121,99.9072,99.9995,1333.7718,1239.1727,94.5991,27.7421,95,4.2431,4.0205,18.349,5.1272,0.1997,0,0.0001,77.6279,51.7339,6.9355,41.3652,10.3014,13.6753
30/11/2025,MSH-0331-Chiwaridzo 2,CELL_TDD,MSH-0331-Chiwaridzo 2_LTE_2,2,MSH-0331-Chiwaridzo 2_LTE,100%,100,99.7113,99.8984,97.4504,99.8345,2.8448,99.9352,99.9353,99.9995,1037.2137,961.9106,75.3031,20.699,51,6.3757,3.8023,16.9572,6.701,0.19,0,0.0001,60.9921,51.7155,5.1747,37.9587,9.8547,13.6591
30/11/2025,MSH-0331-Chiwaridzo 2,CELL_TDD,MSH-0331-Chiwaridzo 2_LTE_1,1,MSH-0331-Chiwaridzo 2_LTE,100%,100,98.9914,99.0787,97.7262,99.6518,1.0341,99.7549,99.8401,99.9997,1660.25,1508.0377,152.2123,44.7473,125,4.7201,4.062,15.9556,6.698,0.1736,0,0,74.6453,56.6282,11.1868,43.9692,10.9029,15.8263
30/11/2025,MSH-0112-Bindura Hospital,CELL_TDD,MSH-0112-Bindura Hospital_LTE_1,1,MSH-0112-Bindura Hospital_LTE,100%,100,99.8667,99.9949,98.1988,99.9034,0.6648,99.819,99.9806,100.0011,518.9773,482.2203,36.757,12.6415,27,8.8249,3.3849,14.7809,4.6675,0.1645,0,0.0001,34.9511,47.1269,3.1604,22.4692,11.5106,14.4744
30/11/2025,MSH-0112-Bindura Hospital,CELL_TDD,MSH-0112-Bindura Hospital_LTE_2,2,MSH-0112-Bindura Hospital_LTE,100%,100,99.9734,99.9905,99.7475,99.9811,0.5722,99.9444,99.9293,100.0008,588.1262,536.6482,51.478,9.281,26,10.9731,5.106,16.5322,3.5382,0.1871,0,0,36.6079,48.7105,2.3202,20.6722,10.7217,13.1956
30/11/2025,MSH-0112-Bindura Hospital,CELL_TDD,MSH-0112-Bindura Hospital_LTE_3,3,MSH-0112-Bindura Hospital_LTE,100%,100,99.8416,99.9557,98.0465,99.8314,1.1696,99.9414,99.4291,100.0008,1263.5391,1165.5209,98.0182,23.1609,64,6.7395,4.0534,15.9405,7.2054,0.1756,0,0.0001,61.3096,56.3071,5.7902,36.9908,10.7054,14.5328
30/11/2025,MSH-0112-Bindura Hospital,CELL_TDD,MSH-0112-Bindura Hospital_LTE_4,4,MSH-0112-Bindura Hospital_LTE,100%,100,99.6291,99.9387,97.6486,99.5897,0.8425,99.8622,99.9074,100.0008,637.5355,591.7419,45.7935,16.5016,30,10.2016,3.1746,15.3327,3.8701,0.1749,0,0.0001,35.9758,51.1588,4.1254,27.3624,12.1571,15.8947
30/11/2025,MSH-0112-Bindura Hospital,CELL_TDD,MSH-0112-Bindura Hospital_LTE_5,5,MSH-0112-Bindura Hospital_LTE,100%,100,99.6767,99.9128,98.4112,99.6763,1.0349,99.9562,99.8469,100.0011,460.8031,427.3252,33.478,6.9775,23,10.7465,3.426,16.251,3.6555,0.1923,0,0,29.4473,47.649,1.7444,23.4004,9.6989,10.9219
30/11/2025,MSH-0112-Bindura Hospital,CELL_TDD,MSH-0112-Bindura Hospital_LTE_6,6,MSH-0112-Bindura Hospital_LTE,100%,100,99.6311,99.9032,97.0786,99.7293,1.9382,99.8905,99.8333,100.0008,818.779,743.4091,75.3699,20.3924,68,6.5851,3.1118,18.1142,8.9049,0.2094,0,0.0001,56.1067,60.1084,5.0981,43.3039,10.3234,13.1148
30/11/2025,MSH-0014-Chipadze,CELL_TDD,MSH-0014-Chipadze_LTE_6,6,MSH-0014-Chipadze,95%,99.9997,99.3296,99.8926,92.9397,99.8442,1.1395,99.1974,99.2872,99.9945,705.833,624.2018,81.6312,14.5195,48,6.0353,5.9927,16.4168,5.783,0.1772,0,0,49.9576,62.3727,3.6299,25.6905,9.7083,15.4686
30/11/2025,MSH-0014-Chipadze,CELL_TDD,MSH-0014-Chipadze_LTE_5,5,MSH-0014-Chipadze,95%,99.9997,99.1298,99.5222,95.881,99.6163,2.1683,98.7884,99.2654,99.9945,673.1463,623.4502,49.6961,23.53,67,2.3745,1.5977,19.4815,12.188,0.2131,0,0.0004,71.1637,68.0073,5.8825,35.5275,8.7386,12.7211
30/11/2025,MSH-0014-Chipadze,CELL_TDD,MSH-0014-Chipadze_LTE_4,4,MSH-0014-Chipadze,95%,99.9997,99.7903,99.9689,98.8368,98.768,0.7159,97.6987,98.0608,99.9945,471.5607,427.1665,44.3942,14.7976,56,5.6008,3.7603,17.5779,5.8583,0.1973,0,0,43.1734,59.5145,3.6994,24.8735,10.3514,13.7708
30/11/2025,MSH-0014-Chipadze,CELL_TDD,MSH-0014-Chipadze_LTE_3,3,MSH-0014-Chipadze,95%,99.9997,99.441,99.9355,91.5936,99.8277,0.7608,98.5813,98.694,99.9945,889.9101,817.1924,72.7177,18.3839,44,6.9253,4.6648,15.3172,4.6944,0.1702,0,0,54.0357,57.4878,4.596,22.8626,9.722,12.5467
30/11/2025,MSH-0014-Chipadze,CELL_TDD,MSH-0014-Chipadze_LTE_2,2,MSH-0014-Chipadze,95%,99.9997,99.3713,99.7652,94.5247,99.7414,1.6693,99.2416,99.4633,99.9955,931.5556,820.5135,111.0422,32.1515,81,2.7131,3.4194,17.0944,10.2355,0.193,0,0.0003,71.394,66.4169,8.0379,26.1435,8.1698,11.7777
30/11/2025,MSH-0014-Chipadze,CELL_TDD,MSH-0014-Chipadze_LTE_1,1,MSH-0014-Chipadze,95%,99.9997,99.8115,99.9296,99.0193,98.0214,0.6363,98.7032,98.8557,99.9948,605.3445,554.5547,50.7898,16.9892,56,9.055,4.1628,17.305,5.8421,0.201,0,0,36.3933,55.6647,4.2473,17.9126,11.011,13.6347
