Date,eNodeB Name,Cell FDD TDD Indication,Cell Name,LocalCell Id,eNodeB Function Name,Integrity,L.RA.TA.UE.Index0,L.RA.TA.UE.Index1,L.RA.TA.UE.Index10,L.RA.TA.UE.Index11,L.RA.TA.UE.Index2,L.RA.TA.UE.Index3,L.RA.TA.UE.Index4,L.RA.TA.UE.Index5,L.RA.TA.UE.Index6,L.RA.TA.UE.Index7,L.RA.TA.UE.Index8,L.RA.TA.UE.Index9,RACH Setup Success Rate(%)
2025-09-01,MSH0013-Bindura-Zaoga,CELL_TDD,Bindura_Zaoga_LTE_6,6,MSH0013-Bindura-Zaoga,100%,171,41,0,0,387,5329,1923,1125,6,26,0,0,0.4281
2025-09-01,MSH0013-Bindura-Zaoga,CELL_TDD,Bindura_Zaoga_LTE_5,5,MSH0013-Bindura-Zaoga,100%,80,31,0,0,610,18616,34018,7405,875,299,0,0,0.4853
2025-09-01,MSH0013-Bindura-Zaoga,CELL_TDD,Bindura_Zaoga_LTE_4,4,MSH0013-Bindura-Zaoga,100%,458,94,0,0,1679,1984,16077,38013,32278,4059,0,0,0.3378
2025-09-01,MSH0013-Bindura-Zaoga,CELL_TDD,Bindura_Zaoga_LTE_3,3,MSH0013-Bindura-Zaoga,100%,58,10,0,0,762,4478,1125,719,1,11,0,0,0.3744
2025-09-01,MSH0013-Bindura-Zaoga,CELL_TDD,Bindura_Zaoga_LTE_2,2,MSH0013-Bindura-Zaoga,100%,147,29,0,0,785,16130,26244,6655,1126,399,0,0,0.4955
2025-09-01,MSH0013-Bindura-Zaoga,CELL_TDD,Bindura_Zaoga_LTE_1,1,MSH0013-Bindura-Zaoga,100%,395,138,0,0,467,949,9905,22457,20107,3217,0,0,0.378
2025-09-01,MSH-0331-Chiwaridzo 2,CELL_TDD,MSH-0331-Chiwaridzo 2_LTE_6,6,MSH-0331-Chiwaridzo 2_LTE,100%,515,4423,0,0,8859,12261,11288,708,188,646,0,0,0.4893
2025-09-01,MSH-0331-Chiwaridzo 2,CELL_TDD,MSH-0331-Chiwaridzo 2_LTE_5,5,MSH-0331-Chiwaridzo 2_LTE,100%,886,2432,0,0,11280,5207,4705,4533,174,214,0,0,0.5704
2025-09-01,MSH-0331-Chiwaridzo 2,CELL_TDD,MSH-0331-Chiwaridzo 2_LTE_4,4,MSH-0331-Chiwaridzo 2_LTE,100%,1172,3638,0,0,19387,23943,14315,358,1,15,0,0,0.2947
2025-09-01,MSH-0331-Chiwaridzo 2,CELL_TDD,MSH-0331-Chiwaridzo 2_LTE_3,3,MSH-0331-Chiwaridzo 2_LTE,100%,399,6536,0,0,8806,11753,10688,522,67,91,0,0,0.2153
2025-09-01,MSH-0331-Chiwaridzo 2,CELL_TDD,MSH-0331-Chiwaridzo 2_LTE_2,2,MSH-0331-Chiwaridzo 2_LTE,100%,748,5906,0,0,10956,6979,4420,5853,54,217,0,0,0.5861
2025-09-01,MSH-0331-Chiwaridzo 2,CELL_TDD,MSH-0331-Chiwaridzo 2_LTE_1,1,MSH-0331-Chiwaridzo 2_LTE,100%,1100,4550,0,0,30908,22598,13145,172,2,3,0,0,0.2629
2025-09-01,MSH-0112-Bindura Hospital,CELL_TDD,MSH-0112-Bindura Hospital_LTE_1,1,MSH-0112-Bindura Hospital_LTE,100%,104,593,0,0,1004,1944,909,84177,214,237,0,0,0.934
2025-09-01,MSH-0112-Bindura Hospital,CELL_TDD,MSH-0112-Bindura Hospital_LTE_2,2,MSH-0112-Bindura Hospital_LTE,100%,231,199,0,0,1663,10468,5803,22,43,7,0,0,0.8404
2025-09-01,MSH-0112-Bindura Hospital,CELL_TDD,MSH-0112-Bindura Hospital_LTE_3,3,MSH-0112-Bindura Hospital_LTE,100%,341,2726,0,0,14260,21666,3335,1142,1038,292,0,0,0.8408
2025-09-01,MSH-0112-Bindura Hospital,CELL_TDD,MSH-0112-Bindura Hospital_LTE_4,4,MSH-0112-Bindura Hospital_LTE,100%,53,321,0,0,498,2088,1218,9651,186,493,0,0,0.6431
2025-09-01,MSH-0112-Bindura Hospital,CELL_TDD,MSH-0112-Bindura Hospital_LTE_5,5,MSH-0112-Bindura Hospital_LTE,100%,275,96,0,0,599,6219,5719,28,38,6,0,0,0.6947
2025-09-01,MSH-0112-Bindura Hospital,CELL_TDD,MSH-0112-Bindura Hospital_LTE_6,6,MSH-0112-Bindura Hospital_LTE,100%,292,1748,0,0,9765,15506,5142,1312,1987,398,0,0,0.7553
2025-09-01,MSH-0014-Chipadze,CELL_TDD,MSH-0014-Chipadze_LTE_6,6,MSH-0014-Chipadze,91%,52,175,0,0,2482,4099,5473,1080,484,42,0,0,0.482
2025-09-01,MSH-0014-Chipadze,CELL_TDD,MSH-0014-Chipadze_LTE_5,5,MSH-0014-Chipadze,91%,117,471,0,0,2771,5411,7952,2146,1437,410,0,0,0.2303
2025-09-01,MSH-0014-Chipadze,CELL_TDD,MSH-0014-Chipadze_LTE_4,4,MSH-0014-Chipadze,91%,23,426,0,0,3455,3010,7851,119,11,4,0,0,0.5594
2025-09-01,MSH-0014-Chipadze,CELL_TDD,MSH-0014-Chipadze_LTE_3,3,MSH-0014-Chipadze,91%,13,287,0,0,1541,4288,4695,776,545,52,0,0,0.5491
2025-09-01,MSH-0014-Chipadze,CELL_TDD,MSH-0014-Chipadze_LTE_2,2,MSH-0014-Chipadze,91%,302,613,0,0,4491,4850,8254,2250,867,354,0,0,0.3494
2025-09-01,MSH-0014-Chipadze,CELL_TDD,MSH-0014-Chipadze_LTE_1,1,MSH-0014-Chipadze,91%,28,474,0,0,4090,2522,6176,182,1,3,0,0,0.5547
2025-09-02,MSH0013-Bindura-Zaoga,CELL_TDD,Bindura_Zaoga_LTE_6,6,MSH0013-Bindura-Zaoga,100%,75,25,0,0,588,6747,2360,762,16,9,0,0,0.3751
2025-09-02,MSH0013-Bindura-Zaoga,CELL_TDD,Bindura_Zaoga_LTE_5,5,MSH0013-Bindura-Zaoga,100%,103,42,0,0,1005,16822,32497,8604,752,198,0,0,0.5311
2025-09-02,MSH0013-Bindura-Zaoga,CELL_TDD,Bindura_Zaoga_LTE_4,4,MSH0013-Bindura-Zaoga,100%,2573,348,0,0,2859,6777,63671,200844,69621,12231,0,0,0.3454
2025-09-02,MSH0013-Bindura-Zaoga,CELL_TDD,Bindura_Zaoga_LTE_3,3,MSH0013-Bindura-Zaoga,100%,44,218,0,0,1374,6045,1731,608,2,7,0,0,0.5006
2025-09-02,MSH0013-Bindura-Zaoga,CELL_TDD,Bindura_Zaoga_LTE_2,2,MSH0013-Bindura-Zaoga,100%,54,12,0,0,962,17032,27532,8054,707,153,0,0,0.3307
2025-09-02,MSH0013-Bindura-Zaoga,CELL_TDD,Bindura_Zaoga_LTE_1,1,MSH0013-Bindura-Zaoga,100%,1761,159,0,0,1481,3461,34204,112657,52727,7282,0,0,0.359
2025-09-02,MSH-0331-Chiwaridzo 2,CELL_TDD,MSH-0331-Chiwaridzo 2_LTE_6,6,MSH-0331-Chiwaridzo 2_LTE,95%,237,2476,0,0,8230,10468,9631,178,100,253,0,0,0.7481
2025-09-02,MSH-0331-Chiwaridzo 2,CELL_TDD,MSH-0331-Chiwaridzo 2_LTE_5,5,MSH-0331-Chiwaridzo 2_LTE,95%,774,3358,0,0,11516,6305,3610,4652,273,242,0,0,0.5229
2025-09-02,MSH-0331-Chiwaridzo 2,CELL_TDD,MSH-0331-Chiwaridzo 2_LTE_4,4,MSH-0331-Chiwaridzo 2_LTE,95%,1018,3626,0,0,18991,21837,11444,46,9,3,0,0,0.3688
2025-09-02,MSH-0331-Chiwaridzo 2,CELL_TDD,MSH-0331-Chiwaridzo 2_LTE_3,3,MSH-0331-Chiwaridzo 2_LTE,95%,337,5307,0,0,9544,10036,11552,138,81,120,0,0,0.757
2025-09-02,MSH-0331-Chiwaridzo 2,CELL_TDD,MSH-0331-Chiwaridzo 2_LTE_2,2,MSH-0331-Chiwaridzo 2_LTE,95%,1030,5168,0,0,11160,7703,4955,4847,14,87,0,0,0.6327
2025-09-02,MSH-0331-Chiwaridzo 2,CELL_TDD,MSH-0331-Chiwaridzo 2_LTE_1,1,MSH-0331-Chiwaridzo 2_LTE,95%,734,4383,0,0,37836,27326,11729,54,3,3,0,0,0.1424
2025-09-02,MSH-0112-Bindura Hospital,CELL_TDD,MSH-0112-Bindura Hospital_LTE_1,1,MSH-0112-Bindura Hospital_LTE,100%,75,720,0,0,1481,3228,1077,84455,212,217,0,0,0.9627
2025-09-02,MSH-0112-Bindura Hospital,CELL_TDD,MSH-0112-Bindura Hospital_LTE_2,2,MSH-0112-Bindura Hospital_LTE,100%,432,172,0,0,2078,10972,5765,54,13,3,0,0,0.7243
2025-09-02,MSH-0112-Bindura Hospital,CELL_TDD,MSH-0112-Bindura Hospital_LTE_3,3,MSH-0112-Bindura Hospital_LTE,100%,464,3009,0,0,15405,19880,5198,1344,1873,286,0,0,0.8102
2025-09-02,MSH-0112-Bindura Hospital,CELL_TDD,MSH-0112-Bindura Hospital_LTE_4,4,MSH-0112-Bindura Hospital_LTE,100%,39,486,0,0,511,3593,920,12055,296,318,0,0,0.8076
2025-09-02,MSH-0112-Bindura Hospital,CELL_TDD,MSH-0112-Bindura Hospital_LTE_5,5,MSH-0112-Bindura Hospital_LTE,100%,639,308,0,0,1255,8013,5747,87,15,3,0,0,0.3819
2025-09-02,MSH-0112-Bindura Hospital,CELL_TDD,MSH-0112-Bindura Hospital_LTE_6,6,MSH-0112-Bindura Hospital_LTE,100%,255,1879,0,0,13625,16428,4509,1400,991,491,0,0,0.7975
2025-09-02,MSH-0014-Chipadze,CELL_TDD,MSH-0014-Chipadze_LTE_6,6,MSH-0014-Chipadze,100%,74,604,0,0,1471,4146,6325,1238,615,81,0,0,0.018
2025-09-02,MSH-0014-Chipadze,CELL_TDD,MSH-0014-Chipadze_LTE_5,5,MSH-0014-Chipadze,100%,94,589,0,0,3810,6647,12337,5525,2444,378,0,0,0.2851
2025-09-02,MSH-0014-Chipadze,CELL_TDD,MSH-0014-Chipadze_LTE_4,4,MSH-0014-Chipadze,100%,128,1627,0,0,4192,3193,8792,140,2,6,0,0,0.518
2025-09-02,MSH-0014-Chipadze,CELL_TDD,MSH-0014-Chipadze_LTE_3,3,MSH-0014-Chipadze,100%,73,616,0,0,2867,4681,8756,832,500,81,0,0,0.4235
2025-09-02,MSH-0014-Chipadze,CELL_TDD,MSH-0014-Chipadze_LTE_2,2,MSH-0014-Chipadze,100%,435,721,0,0,4797,5002,12429,5545,1756,236,0,0,0.3751
2025-09-02,MSH-0014-Chipadze,CELL_TDD,MSH-0014-Chipadze_LTE_1,1,MSH-0014-Chipadze,100%,90,813,0,0,4874,2958,8871,299,1,5,0,0,0.6494
2025-09-03,MSH0013-Bindura-Zaoga,CELL_TDD,Bindura_Zaoga_LTE_6,6,MSH0013-Bindura-Zaoga,100%,75,186,0,0,407,5793,2891,511,32,42,0,0,0.4139
2025-09-03,MSH0013-Bindura-Zaoga,CELL_TDD,Bindura_Zaoga_LTE_5,5,MSH0013-Bindura-Zaoga,100%,178,43,0,0,1434,20858,30440,7756,713,584,0,0,0.4536
2025-09-03,MSH0013-Bindura-Zaoga,CELL_TDD,Bindura_Zaoga_LTE_4,4,MSH0013-Bindura-Zaoga,100%,292,366,0,0,481,1807,14681,46784,28380,4835,0,0,0.3624
2025-09-03,MSH0013-Bindura-Zaoga,CELL_TDD,Bindura_Zaoga_LTE_3,3,MSH0013-Bindura-Zaoga,100%,36,27,0,0,1427,4692,1063,329,5,2,0,0,0.5287
2025-09-03,MSH0013-Bindura-Zaoga,CELL_TDD,Bindura_Zaoga_LTE_2,2,MSH0013-Bindura-Zaoga,100%,14,7,0,0,573,15280,26614,8501,551,336,0,0,0.3195
2025-09-03,MSH0013-Bindura-Zaoga,CELL_TDD,Bindura_Zaoga_LTE_1,1,MSH0013-Bindura-Zaoga,100%,234,57,0,0,1382,1377,11084,30235,21083,4182,0,0,0.382
2025-09-03,MSH-0331-Chiwaridzo 2,CELL_TDD,MSH-0331-Chiwaridzo 2_LTE_6,6,MSH-0331-Chiwaridzo 2_LTE,100%,272,3694,0,0,10060,10323,11763,114,209,280,0,0,0.7213
2025-09-03,MSH-0331-Chiwaridzo 2,CELL_TDD,MSH-0331-Chiwaridzo 2_LTE_5,5,MSH-0331-Chiwaridzo 2_LTE,100%,792,4637,0,0,11804,6340,4197,4317,246,346,0,0,0.7129
2025-09-03,MSH-0331-Chiwaridzo 2,CELL_TDD,MSH-0331-Chiwaridzo 2_LTE_4,4,MSH-0331-Chiwaridzo 2_LTE,100%,1327,4734,0,0,19585,18063,12183,44,0,1,0,0,0.2342
2025-09-03,MSH-0331-Chiwaridzo 2,CELL_TDD,MSH-0331-Chiwaridzo 2_LTE_3,3,MSH-0331-Chiwaridzo 2_LTE,100%,374,4821,0,0,10707,11828,12047,111,189,180,0,0,0.6209
2025-09-03,MSH-0331-Chiwaridzo 2,CELL_TDD,MSH-0331-Chiwaridzo 2_LTE_2,2,MSH-0331-Chiwaridzo 2_LTE,100%,1327,6549,0,0,12563,6421,5259,5748,42,103,0,0,0.7642
2025-09-03,MSH-0331-Chiwaridzo 2,CELL_TDD,MSH-0331-Chiwaridzo 2_LTE_1,1,MSH-0331-Chiwaridzo 2_LTE,100%,1138,5266,0,0,39716,21396,11696,40,4,0,0,0,0.1409
2025-09-03,MSH-0112-Bindura Hospital,CELL_TDD,MSH-0112-Bindura Hospital_LTE_1,1,MSH-0112-Bindura Hospital_LTE,100%,101,626,0,0,1435,2430,1409,86756,98,294,0,0,0.9248
2025-09-03,MSH-0112-Bindura Hospital,CELL_TDD,MSH-0112-Bindura Hospital_LTE_2,2,MSH-0112-Bindura Hospital_LTE,100%,366,238,0,0,1815,7672,5733,14,18,3,0,0,0.4577
2025-09-03,MSH-0112-Bindura Hospital,CELL_TDD,MSH-0112-Bindura Hospital_LTE_3,3,MSH-0112-Bindura Hospital_LTE,100%,502,3555,0,0,11843,15945,3574,1717,1196,371,0,0,0.6904
2025-09-03,MSH-0112-Bindura Hospital,CELL_TDD,MSH-0112-Bindura Hospital_LTE_4,4,MSH-0112-Bindura Hospital_LTE,100%,123,577,0,0,1609,3266,1025,17152,220,350,0,0,0.2856
2025-09-03,MSH-0112-Bindura Hospital,CELL_TDD,MSH-0112-Bindura Hospital_LTE_5,5,MSH-0112-Bindura Hospital_LTE,100%,207,254,0,0,1400,5798,5445,23,44,14,0,0,0.3007
2025-09-03,MSH-0112-Bindura Hospital,CELL_TDD,MSH-0112-Bindura Hospital_LTE_6,6,MSH-0112-Bindura Hospital_LTE,100%,302,2131,0,0,13594,16068,6655,3362,1574,556,0,0,0.66
2025-09-03,MSH-0014-Chipadze,CELL_TDD,MSH-0014-Chipadze_LTE_6,6,MSH-0014-Chipadze,100%,86,425,0,0,1075,4508,5493,1171,533,101,0,0,0.4576
2025-09-03,MSH-0014-Chipadze,CELL_TDD,MSH-0014-Chipadze_LTE_5,5,MSH-0014-Chipadze,100%,338,431,0,0,3734,8844,10594,2525,2004,271,0,0,0.3569
2025-09-03,MSH-0014-Chipadze,CELL_TDD,MSH-0014-Chipadze_LTE_4,4,MSH-0014-Chipadze,100%,34,533,0,0,4246,3536,8084,171,3,3,0,0,0.4548
2025-09-03,MSH-0014-Chipadze,CELL_TDD,MSH-0014-Chipadze_LTE_3,3,MSH-0014-Chipadze,100%,57,851,0,0,2254,4880,5597,1438,330,59,0,0,0.47
2025-09-03,MSH-0014-Chipadze,CELL_TDD,MSH-0014-Chipadze_LTE_2,2,MSH-0014-Chipadze,100%,100,682,0,0,4898,5579,9077,2420,975,213,0,0,0.3772
2025-09-03,MSH-0014-Chipadze,CELL_TDD,MSH-0014-Chipadze_LTE_1,1,MSH-0014-Chipadze,100%,25,680,0,0,3902,3366,8600,144,1,8,0,0,0.6145
2025-09-04,MSH0013-Bindura-Zaoga,CELL_TDD,Bindura_Zaoga_LTE_6,6,MSH0013-Bindura-Zaoga,100%,108,23,0,0,1272,7758,3084,924,463,34,0,0,0.4984
2025-09-04,MSH0013-Bindura-Zaoga,CELL_TDD,Bindura_Zaoga_LTE_5,5,MSH0013-Bindura-Zaoga,100%,166,29,0,0,1640,17223,37731,9107,949,527,0,0,0.5002
2025-09-04,MSH0013-Bindura-Zaoga,CELL_TDD,Bindura_Zaoga_LTE_4,4,MSH0013-Bindura-Zaoga,100%,392,66,0,0,759,2318,15008,33271,21038,5010,0,0,0.3212
2025-09-04,MSH0013-Bindura-Zaoga,CELL_TDD,Bindura_Zaoga_LTE_3,3,MSH0013-Bindura-Zaoga,100%,17,390,0,0,1399,4223,1445,472,53,52,0,0,0.5426
2025-09-04,MSH0013-Bindura-Zaoga,CELL_TDD,Bindura_Zaoga_LTE_2,2,MSH0013-Bindura-Zaoga,100%,27,13,0,0,1326,15676,31036,9510,1003,327,0,0,0.2987
2025-09-04,MSH0013-Bindura-Zaoga,CELL_TDD,Bindura_Zaoga_LTE_1,1,MSH0013-Bindura-Zaoga,100%,197,25,0,0,613,1024,11199,22841,16268,4919,0,0,0.2695
2025-09-04,MSH-0331-Chiwaridzo 2,CELL_TDD,MSH-0331-Chiwaridzo 2_LTE_6,6,MSH-0331-Chiwaridzo 2_LTE,100%,178,3214,0,0,10712,12085,11064,110,157,252,0,0,0.7033
2025-09-04,MSH-0331-Chiwaridzo 2,CELL_TDD,MSH-0331-Chiwaridzo 2_LTE_5,5,MSH-0331-Chiwaridzo 2_LTE,100%,887,3655,0,0,9770,6243,6161,4915,278,157,0,0,0.713
2025-09-04,MSH-0331-Chiwaridzo 2,CELL_TDD,MSH-0331-Chiwaridzo 2_LTE_4,4,MSH-0331-Chiwaridzo 2_LTE,100%,1400,3612,0,0,18221,20093,14060,74,4,13,0,0,0.3631
2025-09-04,MSH-0331-Chiwaridzo 2,CELL_TDD,MSH-0331-Chiwaridzo 2_LTE_3,3,MSH-0331-Chiwaridzo 2_LTE,100%,290,5836,0,0,10779,16048,12999,338,250,128,0,0,0.6569
2025-09-04,MSH-0331-Chiwaridzo 2,CELL_TDD,MSH-0331-Chiwaridzo 2_LTE_2,2,MSH-0331-Chiwaridzo 2_LTE,100%,960,4826,0,0,12836,7280,5140,5722,106,77,0,0,0.8073
2025-09-04,MSH-0331-Chiwaridzo 2,CELL_TDD,MSH-0331-Chiwaridzo 2_LTE_1,1,MSH-0331-Chiwaridzo 2_LTE,100%,1082,5628,0,0,32151,26154,13016,40,2,5,0,0,0.1271
2025-09-04,MSH-0112-Bindura Hospital,CELL_TDD,MSH-0112-Bindura Hospital_LTE_1,1,MSH-0112-Bindura Hospital_LTE,100%,89,569,0,0,911,3132,1008,85662,219,280,0,0,0.9116
2025-09-04,MSH-0112-Bindura Hospital,CELL_TDD,MSH-0112-Bindura Hospital_LTE_2,2,MSH-0112-Bindura Hospital_LTE,100%,636,136,0,0,1136,6811,5450,70,21,9,0,0,0.5931
2025-09-04,MSH-0112-Bindura Hospital,CELL_TDD,MSH-0112-Bindura Hospital_LTE_3,3,MSH-0112-Bindura Hospital_LTE,100%,713,2160,0,0,13543,24075,3708,2819,1689,336,0,0,0.7006
2025-09-04,MSH-0112-Bindura Hospital,CELL_TDD,MSH-0112-Bindura Hospital_LTE_4,4,MSH-0112-Bindura Hospital_LTE,100%,70,351,0,0,781,4494,1220,16847,307,350,0,0,0.7246
2025-09-04,MSH-0112-Bindura Hospital,CELL_TDD,MSH-0112-Bindura Hospital_LTE_5,5,MSH-0112-Bindura Hospital_LTE,100%,326,103,0,0,784,5089,5313,77,81,9,0,0,0.6812
2025-09-04,MSH-0112-Bindura Hospital,CELL_TDD,MSH-0112-Bindura Hospital_LTE_6,6,MSH-0112-Bindura Hospital_LTE,100%,429,1438,0,0,15083,21218,10144,2194,979,532,0,0,0.7013
2025-09-04,MSH-0014-Chipadze,CELL_TDD,MSH-0014-Chipadze_LTE_6,6,MSH-0014-Chipadze,100%,25,321,0,0,1558,3241,6571,1359,515,375,0,0,0.3541
2025-09-04,MSH-0014-Chipadze,CELL_TDD,MSH-0014-Chipadze_LTE_5,5,MSH-0014-Chipadze,100%,36,256,0,0,4175,7928,11514,2745,1469,279,0,0,0.3426
2025-09-04,MSH-0014-Chipadze,CELL_TDD,MSH-0014-Chipadze_LTE_4,4,MSH-0014-Chipadze,100%,35,480,0,0,3816,3307,9545,311,5,8,0,0,0.4708
2025-09-04,MSH-0014-Chipadze,CELL_TDD,MSH-0014-Chipadze_LTE_3,3,MSH-0014-Chipadze,100%,59,499,0,0,2427,4168,6552,645,459,363,0,0,0.6033
2025-09-04,MSH-0014-Chipadze,CELL_TDD,MSH-0014-Chipadze_LTE_2,2,MSH-0014-Chipadze,100%,319,624,0,0,6252,5242,8998,2798,1011,215,0,0,0.3908
2025-09-04,MSH-0014-Chipadze,CELL_TDD,MSH-0014-Chipadze_LTE_1,1,MSH-0014-Chipadze,100%,108,587,0,0,5131,4060,9451,589,6,15,0,0,0.6093
2025-09-05,MSH0013-Bindura-Zaoga,CELL_TDD,Bindura_Zaoga_LTE_6,6,MSH0013-Bindura-Zaoga,100%,36,16,0,0,864,7942,2382,665,1,23,0,0,0.5199
2025-09-05,MSH0013-Bindura-Zaoga,CELL_TDD,Bindura_Zaoga_LTE_5,5,MSH0013-Bindura-Zaoga,100%,182,60,0,0,1060,19282,34507,7743,1659,244,0,0,0.5608
2025-09-05,MSH0013-Bindura-Zaoga,CELL_TDD,Bindura_Zaoga_LTE_4,4,MSH0013-Bindura-Zaoga,100%,269,32,0,0,683,1657,12794,22157,22275,3672,0,0,0.3311
2025-09-05,MSH0013-Bindura-Zaoga,CELL_TDD,Bindura_Zaoga_LTE_3,3,MSH0013-Bindura-Zaoga,100%,31,7,0,0,1589,6228,816,356,1,3,0,0,0.536
2025-09-05,MSH0013-Bindura-Zaoga,CELL_TDD,Bindura_Zaoga_LTE_2,2,MSH0013-Bindura-Zaoga,100%,32,5,0,0,1230,14548,26816,4872,1200,398,0,0,0.3971
2025-09-05,MSH0013-Bindura-Zaoga,CELL_TDD,Bindura_Zaoga_LTE_1,1,MSH0013-Bindura-Zaoga,100%,177,18,0,0,1054,820,12157,19791,16413,4710,0,0,0.3592
2025-09-05,MSH-0331-Chiwaridzo 2,CELL_TDD,MSH-0331-Chiwaridzo 2_LTE_6,6,MSH-0331-Chiwaridzo 2_LTE,100%,253,2892,0,0,9445,12521,11596,110,163,225,0,0,0.7252
2025-09-05,MSH-0331-Chiwaridzo 2,CELL_TDD,MSH-0331-Chiwaridzo 2_LTE_5,5,MSH-0331-Chiwaridzo 2_LTE,100%,799,2849,0,0,11220,6907,5657,5073,209,153,0,0,0.7421
2025-09-05,MSH-0331-Chiwaridzo 2,CELL_TDD,MSH-0331-Chiwaridzo 2_LTE_4,4,MSH-0331-Chiwaridzo 2_LTE,100%,1423,5232,0,0,19611,18549,13372,98,3,2,0,0,0.3437
2025-09-05,MSH-0331-Chiwaridzo 2,CELL_TDD,MSH-0331-Chiwaridzo 2_LTE_3,3,MSH-0331-Chiwaridzo 2_LTE,100%,249,4562,0,0,11023,18206,15224,192,258,183,0,0,0.8224
2025-09-05,MSH-0331-Chiwaridzo 2,CELL_TDD,MSH-0331-Chiwaridzo 2_LTE_2,2,MSH-0331-Chiwaridzo 2_LTE,100%,497,4797,0,0,12680,17440,5070,5236,31,91,0,0,0.8411
2025-09-05,MSH-0331-Chiwaridzo 2,CELL_TDD,MSH-0331-Chiwaridzo 2_LTE_1,1,MSH-0331-Chiwaridzo 2_LTE,100%,894,4555,0,0,35124,23812,13966,41,4,7,0,0,0.1889
2025-09-05,MSH-0112-Bindura Hospital,CELL_TDD,MSH-0112-Bindura Hospital_LTE_1,1,MSH-0112-Bindura Hospital_LTE,100%,179,840,0,0,1408,3336,1256,85563,187,380,0,0,0.949
2025-09-05,MSH-0112-Bindura Hospital,CELL_TDD,MSH-0112-Bindura Hospital_LTE_2,2,MSH-0112-Bindura Hospital_LTE,100%,220,131,0,0,2183,6553,5089,32,11,11,0,0,0.7861
2025-09-05,MSH-0112-Bindura Hospital,CELL_TDD,MSH-0112-Bindura Hospital_LTE_3,3,MSH-0112-Bindura Hospital_LTE,100%,219,2841,0,0,9832,22369,3336,1669,2131,323,0,0,0.8645
2025-09-05,MSH-0112-Bindura Hospital,CELL_TDD,MSH-0112-Bindura Hospital_LTE_4,4,MSH-0112-Bindura Hospital_LTE,100%,101,672,0,0,1012,3557,1116,17653,335,437,0,0,0.7551
2025-09-05,MSH-0112-Bindura Hospital,CELL_TDD,MSH-0112-Bindura Hospital_LTE_5,5,MSH-0112-Bindura Hospital_LTE,100%,27,164,0,0,1391,6283,5910,43,26,10,0,0,0.6957
2025-09-05,MSH-0112-Bindura Hospital,CELL_TDD,MSH-0112-Bindura Hospital_LTE_6,6,MSH-0112-Bindura Hospital_LTE,100%,126,2109,0,0,8780,18182,6840,1780,1420,520,0,0,0.7666
2025-09-05,MSH-0014-Chipadze,CELL_TDD,MSH-0014-Chipadze_LTE_6,6,MSH-0014-Chipadze,100%,71,260,0,0,1904,4897,6621,1222,466,309,0,0,0.4361
2025-09-05,MSH-0014-Chipadze,CELL_TDD,MSH-0014-Chipadze_LTE_5,5,MSH-0014-Chipadze,100%,90,395,0,0,3582,8699,13553,2091,1359,373,0,0,0.3209
2025-09-05,MSH-0014-Chipadze,CELL_TDD,MSH-0014-Chipadze_LTE_4,4,MSH-0014-Chipadze,100%,83,473,0,0,4062,4403,8837,317,3,12,0,0,0.5704
2025-09-05,MSH-0014-Chipadze,CELL_TDD,MSH-0014-Chipadze_LTE_3,3,MSH-0014-Chipadze,100%,72,469,0,0,1418,4031,7388,853,621,298,0,0,0.5379
2025-09-05,MSH-0014-Chipadze,CELL_TDD,MSH-0014-Chipadze_LTE_2,2,MSH-0014-Chipadze,100%,195,632,0,0,6508,6462,10963,2310,1169,338,0,0,0.4561
2025-09-05,MSH-0014-Chipadze,CELL_TDD,MSH-0014-Chipadze_LTE_1,1,MSH-0014-Chipadze,100%,54,414,0,0,3590,4329,7197,360,4,2,0,0,0.6159
2025-09-06,MSH0013-Bindura-Zaoga,CELL_TDD,Bindura_Zaoga_LTE_6,6,MSH0013-Bindura-Zaoga,100%,110,24,0,0,471,6940,3095,1588,380,102,0,0,0.4567
2025-09-06,MSH0013-Bindura-Zaoga,CELL_TDD,Bindura_Zaoga_LTE_5,5,MSH0013-Bindura-Zaoga,100%,82,30,0,0,1290,12333,29905,4981,1232,1003,0,0,0.459
2025-09-06,MSH0013-Bindura-Zaoga,CELL_TDD,Bindura_Zaoga_LTE_4,4,MSH0013-Bindura-Zaoga,100%,155,22,0,0,847,1573,12254,26257,19912,4460,0,0,0.3435
2025-09-06,MSH0013-Bindura-Zaoga,CELL_TDD,Bindura_Zaoga_LTE_3,3,MSH0013-Bindura-Zaoga,100%,12,15,0,0,1875,5222,612,635,103,21,0,0,0.5726
2025-09-06,MSH0013-Bindura-Zaoga,CELL_TDD,Bindura_Zaoga_LTE_2,2,MSH0013-Bindura-Zaoga,100%,16,15,0,0,892,11864,25338,3362,1105,780,0,0,0.2519
2025-09-06,MSH0013-Bindura-Zaoga,CELL_TDD,Bindura_Zaoga_LTE_1,1,MSH0013-Bindura-Zaoga,100%,167,46,0,0,760,832,9093,22148,17782,5483,0,0,0.3927
2025-09-06,MSH-0331-Chiwaridzo 2,CELL_TDD,MSH-0331-Chiwaridzo 2_LTE_6,6,MSH-0331-Chiwaridzo 2_LTE,100%,410,3660,0,0,11189,11810,12605,179,127,206,0,0,0.6869
2025-09-06,MSH-0331-Chiwaridzo 2,CELL_TDD,MSH-0331-Chiwaridzo 2_LTE_5,5,MSH-0331-Chiwaridzo 2_LTE,100%,709,2953,0,0,12171,5151,3524,4625,304,122,0,0,0.7095
2025-09-06,MSH-0331-Chiwaridzo 2,CELL_TDD,MSH-0331-Chiwaridzo 2_LTE_4,4,MSH-0331-Chiwaridzo 2_LTE,100%,1272,4569,0,0,22926,18911,14436,47,0,6,0,0,0.2749
2025-09-06,MSH-0331-Chiwaridzo 2,CELL_TDD,MSH-0331-Chiwaridzo 2_LTE_3,3,MSH-0331-Chiwaridzo 2_LTE,100%,471,4767,0,0,10691,24010,14244,137,242,133,0,0,0.832
2025-09-06,MSH-0331-Chiwaridzo 2,CELL_TDD,MSH-0331-Chiwaridzo 2_LTE_2,2,MSH-0331-Chiwaridzo 2_LTE,100%,522,4731,0,0,11479,18538,4819,3907,74,67,0,0,0.8786
2025-09-06,MSH-0331-Chiwaridzo 2,CELL_TDD,MSH-0331-Chiwaridzo 2_LTE_1,1,MSH-0331-Chiwaridzo 2_LTE,100%,1574,3724,0,0,28036,28611,11827,40,2,4,0,0,0.1122
2025-09-06,MSH-0112-Bindura Hospital,CELL_TDD,MSH-0112-Bindura Hospital_LTE_1,1,MSH-0112-Bindura Hospital_LTE,100%,101,566,0,0,768,2954,1288,87479,331,561,0,0,0.9503
2025-09-06,MSH-0112-Bindura Hospital,CELL_TDD,MSH-0112-Bindura Hospital_LTE_2,2,MSH-0112-Bindura Hospital_LTE,100%,9,73,0,0,925,7652,4992,364,166,3,0,0,0.8506
2025-09-06,MSH-0112-Bindura Hospital,CELL_TDD,MSH-0112-Bindura Hospital_LTE_3,3,MSH-0112-Bindura Hospital_LTE,100%,167,2405,0,0,8158,18690,3976,748,760,448,0,0,0.749
2025-09-06,MSH-0112-Bindura Hospital,CELL_TDD,MSH-0112-Bindura Hospital_LTE_4,4,MSH-0112-Bindura Hospital_LTE,100%,58,291,0,0,802,3639,1575,21605,330,639,0,0,0.6837
2025-09-06,MSH-0112-Bindura Hospital,CELL_TDD,MSH-0112-Bindura Hospital_LTE_5,5,MSH-0112-Bindura Hospital_LTE,100%,6,100,0,0,1111,5115,4461,227,335,15,0,0,0.7864
2025-09-06,MSH-0112-Bindura Hospital,CELL_TDD,MSH-0112-Bindura Hospital_LTE_6,6,MSH-0112-Bindura Hospital_LTE,100%,71,1085,0,0,6471,15600,5178,1142,1240,628,0,0,0.5395
2025-09-06,MSH-0014-Chipadze,CELL_TDD,MSH-0014-Chipadze_LTE_6,6,MSH-0014-Chipadze,100%,124,402,0,0,1459,4361,6346,7642,657,552,0,0,0.4388
2025-09-06,MSH-0014-Chipadze,CELL_TDD,MSH-0014-Chipadze_LTE_5,5,MSH-0014-Chipadze,100%,405,1171,0,0,3859,8634,15741,2186,1928,265,0,0,0.3435
2025-09-06,MSH-0014-Chipadze,CELL_TDD,MSH-0014-Chipadze_LTE_4,4,MSH-0014-Chipadze,100%,111,455,0,0,3887,5845,6875,320,12,8,0,0,0.4855
2025-09-06,MSH-0014-Chipadze,CELL_TDD,MSH-0014-Chipadze_LTE_3,3,MSH-0014-Chipadze,100%,35,608,0,0,1515,3497,7054,1469,819,492,0,0,0.517
2025-09-06,MSH-0014-Chipadze,CELL_TDD,MSH-0014-Chipadze_LTE_2,2,MSH-0014-Chipadze,100%,101,1245,0,0,4480,6790,14150,3114,1077,188,0,0,0.3616
2025-09-06,MSH-0014-Chipadze,CELL_TDD,MSH-0014-Chipadze_LTE_1,1,MSH-0014-Chipadze,100%,55,683,0,0,3879,5080,6276,475,1,5,0,0,0.5431
2025-09-07,MSH0013-Bindura-Zaoga,CELL_TDD,Bindura_Zaoga_LTE_6,6,MSH0013-Bindura-Zaoga,100%,200,16,0,0,715,5230,3525,752,49,45,0,0,0.4678
2025-09-07,MSH0013-Bindura-Zaoga,CELL_TDD,Bindura_Zaoga_LTE_5,5,MSH0013-Bindura-Zaoga,100%,33,14,0,0,3015,10151,21892,3565,806,367,0,0,0.4551
2025-09-07,MSH0013-Bindura-Zaoga,CELL_TDD,Bindura_Zaoga_LTE_4,4,MSH0013-Bindura-Zaoga,100%,805,97,0,0,794,2749,32984,97551,32934,5399,0,0,0.3446
2025-09-07,MSH0013-Bindura-Zaoga,CELL_TDD,Bindura_Zaoga_LTE_3,3,MSH0013-Bindura-Zaoga,100%,46,15,0,0,1007,5422,609,559,1,23,0,0,0.4762
2025-09-07,MSH0013-Bindura-Zaoga,CELL_TDD,Bindura_Zaoga_LTE_2,2,MSH0013-Bindura-Zaoga,100%,6,13,0,0,3449,8601,20435,4553,669,655,0,0,0.4389
2025-09-07,MSH0013-Bindura-Zaoga,CELL_TDD,Bindura_Zaoga_LTE_1,1,MSH0013-Bindura-Zaoga,100%,554,46,0,0,960,1663,20429,58877,23409,6540,0,0,0.3802
2025-09-07,MSH-0331-Chiwaridzo 2,CELL_TDD,MSH-0331-Chiwaridzo 2_LTE_6,6,MSH-0331-Chiwaridzo 2_LTE,100%,264,3575,0,0,10793,13170,16350,1044,158,194,0,0,0.7414
2025-09-07,MSH-0331-Chiwaridzo 2,CELL_TDD,MSH-0331-Chiwaridzo 2_LTE_5,5,MSH-0331-Chiwaridzo 2_LTE,100%,501,2809,0,0,10000,5552,4319,5287,571,126,0,0,0.6012
2025-09-07,MSH-0331-Chiwaridzo 2,CELL_TDD,MSH-0331-Chiwaridzo 2_LTE_4,4,MSH-0331-Chiwaridzo 2_LTE,100%,836,4083,0,0,18791,18862,18001,705,10,6,0,0,0.2911
2025-09-07,MSH-0331-Chiwaridzo 2,CELL_TDD,MSH-0331-Chiwaridzo 2_LTE_3,3,MSH-0331-Chiwaridzo 2_LTE,100%,327,4939,0,0,12515,25655,14672,1194,273,114,0,0,0.8261
2025-09-07,MSH-0331-Chiwaridzo 2,CELL_TDD,MSH-0331-Chiwaridzo 2_LTE_2,2,MSH-0331-Chiwaridzo 2_LTE,100%,636,4518,0,0,11388,14952,7258,5650,191,109,0,0,0.7015
2025-09-07,MSH-0331-Chiwaridzo 2,CELL_TDD,MSH-0331-Chiwaridzo 2_LTE_1,1,MSH-0331-Chiwaridzo 2_LTE,100%,599,4746,0,0,37455,31237,15076,416,0,2,0,0,0.3078
2025-09-07,MSH-0112-Bindura Hospital,CELL_TDD,MSH-0112-Bindura Hospital_LTE_1,1,MSH-0112-Bindura Hospital_LTE,100%,271,702,0,0,1575,3127,1478,83734,230,298,0,0,0.9701
2025-09-07,MSH-0112-Bindura Hospital,CELL_TDD,MSH-0112-Bindura Hospital_LTE_2,2,MSH-0112-Bindura Hospital_LTE,100%,10,109,0,0,1794,6941,4542,11,92,19,0,0,0.8499
2025-09-07,MSH-0112-Bindura Hospital,CELL_TDD,MSH-0112-Bindura Hospital_LTE_3,3,MSH-0112-Bindura Hospital_LTE,100%,101,3110,0,0,6680,15988,5004,1156,1545,345,0,0,0.8561
2025-09-07,MSH-0112-Bindura Hospital,CELL_TDD,MSH-0112-Bindura Hospital_LTE_4,4,MSH-0112-Bindura Hospital_LTE,100%,119,756,0,0,726,4526,1853,16357,263,351,0,0,0.8073
2025-09-07,MSH-0112-Bindura Hospital,CELL_TDD,MSH-0112-Bindura Hospital_LTE_5,5,MSH-0112-Bindura Hospital_LTE,100%,23,82,0,0,922,5007,3596,24,66,23,0,0,0.6643
2025-09-07,MSH-0112-Bindura Hospital,CELL_TDD,MSH-0112-Bindura Hospital_LTE_6,6,MSH-0112-Bindura Hospital_LTE,100%,170,1604,0,0,7187,16844,3597,1970,1279,582,0,0,0.7041
2025-09-07,MSH-0014-Chipadze,CELL_TDD,MSH-0014-Chipadze_LTE_6,6,MSH-0014-Chipadze,75%,143,345,0,0,1163,2625,5718,678,523,139,0,0,0.3842
2025-09-07,MSH-0014-Chipadze,CELL_TDD,MSH-0014-Chipadze_LTE_5,5,MSH-0014-Chipadze,75%,273,544,0,0,2389,6183,10538,1351,1544,171,0,0,0.2286
2025-09-07,MSH-0014-Chipadze,CELL_TDD,MSH-0014-Chipadze_LTE_4,4,MSH-0014-Chipadze,75%,86,459,0,0,2988,1910,4256,323,4,2,0,0,0.488
2025-09-07,MSH-0014-Chipadze,CELL_TDD,MSH-0014-Chipadze_LTE_3,3,MSH-0014-Chipadze,75%,77,435,0,0,936,2238,3936,739,195,125,0,0,0.4902
2025-09-07,MSH-0014-Chipadze,CELL_TDD,MSH-0014-Chipadze_LTE_2,2,MSH-0014-Chipadze,75%,63,679,0,0,3901,5265,7624,2295,711,132,0,0,0.3415
2025-09-07,MSH-0014-Chipadze,CELL_TDD,MSH-0014-Chipadze_LTE_1,1,MSH-0014-Chipadze,75%,30,502,0,0,3098,2547,3863,259,3,3,0,0,0.5457
2025-09-08,MSH0013-Bindura-Zaoga,CELL_TDD,Bindura_Zaoga_LTE_6,6,MSH0013-Bindura-Zaoga,100%,566,69,0,0,931,8157,2303,1251,153,38,0,0,0.484
2025-09-08,MSH0013-Bindura-Zaoga,CELL_TDD,Bindura_Zaoga_LTE_5,5,MSH0013-Bindura-Zaoga,100%,167,38,0,0,1005,19000,35027,6436,824,478,0,0,0.4728
2025-09-08,MSH0013-Bindura-Zaoga,CELL_TDD,Bindura_Zaoga_LTE_4,4,MSH0013-Bindura-Zaoga,100%,2646,260,0,0,1653,5384,59751,191266,53375,7495,0,0,0.3457
2025-09-08,MSH0013-Bindura-Zaoga,CELL_TDD,Bindura_Zaoga_LTE_3,3,MSH0013-Bindura-Zaoga,100%,126,17,0,0,839,4811,836,522,1,2,0,0,0.468
2025-09-08,MSH0013-Bindura-Zaoga,CELL_TDD,Bindura_Zaoga_LTE_2,2,MSH0013-Bindura-Zaoga,100%,66,14,0,0,1896,16762,31688,12830,1557,310,0,0,0.3235
2025-09-08,MSH0013-Bindura-Zaoga,CELL_TDD,Bindura_Zaoga_LTE_1,1,MSH0013-Bindura-Zaoga,100%,835,89,0,0,464,4349,30024,113409,36232,8306,0,0,0.3649
2025-09-08,MSH-0331-Chiwaridzo 2,CELL_TDD,MSH-0331-Chiwaridzo 2_LTE_6,6,MSH-0331-Chiwaridzo 2_LTE,100%,269,3519,0,0,10412,9677,12857,585,153,196,0,0,0.7298
2025-09-08,MSH-0331-Chiwaridzo 2,CELL_TDD,MSH-0331-Chiwaridzo 2_LTE_5,5,MSH-0331-Chiwaridzo 2_LTE,100%,356,1737,0,0,10895,7002,4001,5864,496,92,0,0,0.7528
2025-09-08,MSH-0331-Chiwaridzo 2,CELL_TDD,MSH-0331-Chiwaridzo 2_LTE_4,4,MSH-0331-Chiwaridzo 2_LTE,100%,790,6768,0,0,18602,19596,14958,430,3,5,0,0,0.7204
2025-09-08,MSH-0331-Chiwaridzo 2,CELL_TDD,MSH-0331-Chiwaridzo 2_LTE_3,3,MSH-0331-Chiwaridzo 2_LTE,100%,413,6017,0,0,10747,13846,14428,654,95,89,0,0,0.6571
2025-09-08,MSH-0331-Chiwaridzo 2,CELL_TDD,MSH-0331-Chiwaridzo 2_LTE_2,2,MSH-0331-Chiwaridzo 2_LTE,100%,1106,5741,0,0,10382,7624,5189,5760,222,68,0,0,0.7963
2025-09-08,MSH-0331-Chiwaridzo 2,CELL_TDD,MSH-0331-Chiwaridzo 2_LTE_1,1,MSH-0331-Chiwaridzo 2_LTE,100%,1272,4801,0,0,33521,26610,13825,348,1,14,0,0,0.2039
2025-09-08,MSH-0112-Bindura Hospital,CELL_TDD,MSH-0112-Bindura Hospital_LTE_1,1,MSH-0112-Bindura Hospital_LTE,100%,270,565,0,0,2353,4694,1435,84139,278,388,0,0,0.9409
2025-09-08,MSH-0112-Bindura Hospital,CELL_TDD,MSH-0112-Bindura Hospital_LTE_2,2,MSH-0112-Bindura Hospital_LTE,100%,2,58,0,0,3223,6166,4506,32,71,3,0,0,0.8039
2025-09-08,MSH-0112-Bindura Hospital,CELL_TDD,MSH-0112-Bindura Hospital_LTE_3,3,MSH-0112-Bindura Hospital_LTE,100%,98,2354,0,0,13150,16063,4969,1683,1435,465,0,0,0.8566
2025-09-08,MSH-0112-Bindura Hospital,CELL_TDD,MSH-0112-Bindura Hospital_LTE_4,4,MSH-0112-Bindura Hospital_LTE,100%,189,585,0,0,549,5116,1458,18347,333,409,0,0,0.7976
2025-09-08,MSH-0112-Bindura Hospital,CELL_TDD,MSH-0112-Bindura Hospital_LTE_5,5,MSH-0112-Bindura Hospital_LTE,100%,8,39,0,0,1233,3304,4627,49,26,7,0,0,0.5195
2025-09-08,MSH-0112-Bindura Hospital,CELL_TDD,MSH-0112-Bindura Hospital_LTE_6,6,MSH-0112-Bindura Hospital_LTE,100%,40,1959,0,0,12108,13763,4920,979,1430,700,0,0,0.7202
2025-09-08,MSH-0014-Chipadze,CELL_TDD,MSH-0014-Chipadze_LTE_6,6,MSH-0014-Chipadze,79%,160,484,0,0,858,3306,5550,1304,752,113,0,0,0.4547
2025-09-08,MSH-0014-Chipadze,CELL_TDD,MSH-0014-Chipadze_LTE_5,5,MSH-0014-Chipadze,79%,202,382,0,0,3849,5090,12329,2436,1610,341,0,0,0.2575
2025-09-08,MSH-0014-Chipadze,CELL_TDD,MSH-0014-Chipadze_LTE_4,4,MSH-0014-Chipadze,79%,127,663,0,0,3975,2734,8626,141,2,13,0,0,0.513
2025-09-08,MSH-0014-Chipadze,CELL_TDD,MSH-0014-Chipadze_LTE_3,3,MSH-0014-Chipadze,79%,96,540,0,0,2358,2648,3738,1170,569,63,0,0,0.5067
2025-09-08,MSH-0014-Chipadze,CELL_TDD,MSH-0014-Chipadze_LTE_2,2,MSH-0014-Chipadze,79%,215,428,0,0,3972,4105,10462,1906,1397,167,0,0,0.3385
2025-09-08,MSH-0014-Chipadze,CELL_TDD,MSH-0014-Chipadze_LTE_1,1,MSH-0014-Chipadze,79%,135,448,0,0,3486,2873,6894,181,3,9,0,0,0.5795
2025-09-09,MSH0013-Bindura-Zaoga,CELL_TDD,Bindura_Zaoga_LTE_6,6,MSH0013-Bindura-Zaoga,100%,205,66,0,0,534,6505,4197,1010,10,14,0,0,0.6089
2025-09-09,MSH0013-Bindura-Zaoga,CELL_TDD,Bindura_Zaoga_LTE_5,5,MSH0013-Bindura-Zaoga,100%,35,16,0,0,905,16397,30957,7397,683,344,0,0,0.5604
2025-09-09,MSH0013-Bindura-Zaoga,CELL_TDD,Bindura_Zaoga_LTE_4,4,MSH0013-Bindura-Zaoga,100%,525,84,0,0,547,2478,14570,41414,22003,5246,0,0,0.3704
2025-09-09,MSH0013-Bindura-Zaoga,CELL_TDD,Bindura_Zaoga_LTE_3,3,MSH0013-Bindura-Zaoga,100%,49,38,0,0,1141,5909,1179,818,2,5,0,0,0.5648
2025-09-09,MSH0013-Bindura-Zaoga,CELL_TDD,Bindura_Zaoga_LTE_2,2,MSH0013-Bindura-Zaoga,100%,18,11,0,0,1227,16838,30358,9054,899,226,0,0,0.3021
2025-09-09,MSH0013-Bindura-Zaoga,CELL_TDD,Bindura_Zaoga_LTE_1,1,MSH0013-Bindura-Zaoga,100%,120,20,0,0,1202,1113,9987,26456,13616,3577,0,0,0.2588
2025-09-09,MSH-0331-Chiwaridzo 2,CELL_TDD,MSH-0331-Chiwaridzo 2_LTE_6,6,MSH-0331-Chiwaridzo 2_LTE,100%,313,4891,0,0,10473,9654,13004,536,163,294,0,0,0.7048
2025-09-09,MSH-0331-Chiwaridzo 2,CELL_TDD,MSH-0331-Chiwaridzo 2_LTE_5,5,MSH-0331-Chiwaridzo 2_LTE,100%,720,3129,0,0,12455,5162,5904,6264,431,114,0,0,0.795
2025-09-09,MSH-0331-Chiwaridzo 2,CELL_TDD,MSH-0331-Chiwaridzo 2_LTE_4,4,MSH-0331-Chiwaridzo 2_LTE,100%,1108,5020,0,0,18565,22601,17413,138,2,2,0,0,0.2555
2025-09-09,MSH-0331-Chiwaridzo 2,CELL_TDD,MSH-0331-Chiwaridzo 2_LTE_3,3,MSH-0331-Chiwaridzo 2_LTE,100%,582,5988,0,0,10299,16710,13238,283,116,132,0,0,0.7599
2025-09-09,MSH-0331-Chiwaridzo 2,CELL_TDD,MSH-0331-Chiwaridzo 2_LTE_2,2,MSH-0331-Chiwaridzo 2_LTE,100%,811,5507,0,0,11426,11849,5478,6657,408,76,0,0,0.8658
2025-09-09,MSH-0331-Chiwaridzo 2,CELL_TDD,MSH-0331-Chiwaridzo 2_LTE_1,1,MSH-0331-Chiwaridzo 2_LTE,100%,1093,6407,0,0,36298,25561,14059,110,3,4,0,0,0.1197
2025-09-09,MSH-0112-Bindura Hospital,CELL_TDD,MSH-0112-Bindura Hospital_LTE_1,1,MSH-0112-Bindura Hospital_LTE,100%,176,690,0,0,728,4232,1510,81194,266,356,0,0,0.9479
2025-09-09,MSH-0112-Bindura Hospital,CELL_TDD,MSH-0112-Bindura Hospital_LTE_2,2,MSH-0112-Bindura Hospital_LTE,100%,16,130,0,0,1077,7066,5111,4,13,5,0,0,0.8503
2025-09-09,MSH-0112-Bindura Hospital,CELL_TDD,MSH-0112-Bindura Hospital_LTE_3,3,MSH-0112-Bindura Hospital_LTE,100%,96,1922,0,0,16595,17457,9370,872,833,315,0,0,0.791
2025-09-09,MSH-0112-Bindura Hospital,CELL_TDD,MSH-0112-Bindura Hospital_LTE_4,4,MSH-0112-Bindura Hospital_LTE,100%,129,563,0,0,865,4629,1089,14554,359,347,0,0,0.8193
2025-09-09,MSH-0112-Bindura Hospital,CELL_TDD,MSH-0112-Bindura Hospital_LTE_5,5,MSH-0112-Bindura Hospital_LTE,100%,9,201,0,0,1112,3858,4941,6,19,5,0,0,0.5322
2025-09-09,MSH-0112-Bindura Hospital,CELL_TDD,MSH-0112-Bindura Hospital_LTE_6,6,MSH-0112-Bindura Hospital_LTE,100%,40,1982,0,0,15432,14646,4687,1378,1273,521,0,0,0.7474
2025-09-09,MSH-0014-Chipadze,CELL_TDD,MSH-0014-Chipadze_LTE_6,6,MSH-0014-Chipadze,100%,33,348,0,0,1026,2662,4246,1113,1218,275,0,0,0.4241
2025-09-09,MSH-0014-Chipadze,CELL_TDD,MSH-0014-Chipadze_LTE_5,5,MSH-0014-Chipadze,100%,293,232,0,0,3479,3867,10358,1846,2159,336,0,0,0.2704
2025-09-09,MSH-0014-Chipadze,CELL_TDD,MSH-0014-Chipadze_LTE_4,4,MSH-0014-Chipadze,100%,56,548,0,0,4392,2360,5864,116,0,3,0,0,0.6374
2025-09-09,MSH-0014-Chipadze,CELL_TDD,MSH-0014-Chipadze_LTE_3,3,MSH-0014-Chipadze,100%,6,340,0,0,2466,3107,4827,1224,900,183,0,0,0.5783
2025-09-09,MSH-0014-Chipadze,CELL_TDD,MSH-0014-Chipadze_LTE_2,2,MSH-0014-Chipadze,100%,164,526,0,0,4091,4500,11431,2477,1316,209,0,0,0.3884
2025-09-09,MSH-0014-Chipadze,CELL_TDD,MSH-0014-Chipadze_LTE_1,1,MSH-0014-Chipadze,100%,8,362,0,0,3032,2349,4633,111,0,2,0,0,0.7125
2025-09-10,MSH0013-Bindura-Zaoga,CELL_TDD,Bindura_Zaoga_LTE_6,6,MSH0013-Bindura-Zaoga,100%,100,34,0,0,433,8161,2653,732,8,37,0,0,0.475
2025-09-10,MSH0013-Bindura-Zaoga,CELL_TDD,Bindura_Zaoga_LTE_5,5,MSH0013-Bindura-Zaoga,100%,146,39,0,0,1381,18740,33012,7376,1191,309,0,0,0.5093
2025-09-10,MSH0013-Bindura-Zaoga,CELL_TDD,Bindura_Zaoga_LTE_4,4,MSH0013-Bindura-Zaoga,100%,1010,97,0,0,929,2959,27380,84071,32164,6520,0,0,0.3538
2025-09-10,MSH0013-Bindura-Zaoga,CELL_TDD,Bindura_Zaoga_LTE_3,3,MSH0013-Bindura-Zaoga,100%,13,11,0,0,1429,4580,1692,737,3,6,0,0,0.4362
2025-09-10,MSH0013-Bindura-Zaoga,CELL_TDD,Bindura_Zaoga_LTE_2,2,MSH0013-Bindura-Zaoga,100%,40,8,0,0,1895,13401,29927,8603,1189,225,0,0,0.3131
2025-09-10,MSH0013-Bindura-Zaoga,CELL_TDD,Bindura_Zaoga_LTE_1,1,MSH0013-Bindura-Zaoga,100%,379,39,0,0,704,1383,12257,43625,19063,4193,0,0,0.3726
2025-09-10,MSH-0331-Chiwaridzo 2,CELL_TDD,MSH-0331-Chiwaridzo 2_LTE_6,6,MSH-0331-Chiwaridzo 2_LTE,100%,247,4925,0,0,12248,12581,12246,203,149,256,0,0,0.683
2025-09-10,MSH-0331-Chiwaridzo 2,CELL_TDD,MSH-0331-Chiwaridzo 2_LTE_5,5,MSH-0331-Chiwaridzo 2_LTE,100%,869,4204,0,0,12227,7860,6180,5792,309,100,0,0,0.711
2025-09-10,MSH-0331-Chiwaridzo 2,CELL_TDD,MSH-0331-Chiwaridzo 2_LTE_4,4,MSH-0331-Chiwaridzo 2_LTE,100%,1132,5369,0,0,19560,17564,12066,240,4,6,0,0,0.3139
2025-09-10,MSH-0331-Chiwaridzo 2,CELL_TDD,MSH-0331-Chiwaridzo 2_LTE_3,3,MSH-0331-Chiwaridzo 2_LTE,100%,174,6500,0,0,11211,11990,14812,181,70,131,0,0,0.6319
2025-09-10,MSH-0331-Chiwaridzo 2,CELL_TDD,MSH-0331-Chiwaridzo 2_LTE_2,2,MSH-0331-Chiwaridzo 2_LTE,100%,779,7923,0,0,12859,8446,5344,5951,79,60,0,0,0.8309
2025-09-10,MSH-0331-Chiwaridzo 2,CELL_TDD,MSH-0331-Chiwaridzo 2_LTE_1,1,MSH-0331-Chiwaridzo 2_LTE,100%,833,5593,0,0,30533,24976,12135,160,2,8,0,0,0.1062
2025-09-10,MSH-0112-Bindura Hospital,CELL_TDD,MSH-0112-Bindura Hospital_LTE_1,1,MSH-0112-Bindura Hospital_LTE,100%,391,744,0,0,881,3876,1873,86130,164,251,0,0,0.9383
2025-09-10,MSH-0112-Bindura Hospital,CELL_TDD,MSH-0112-Bindura Hospital_LTE_2,2,MSH-0112-Bindura Hospital_LTE,100%,14,200,0,0,2410,6590,3726,46,7,7,0,0,0.244
2025-09-10,MSH-0112-Bindura Hospital,CELL_TDD,MSH-0112-Bindura Hospital_LTE_3,3,MSH-0112-Bindura Hospital_LTE,100%,133,1782,0,0,13518,16174,5367,900,1133,257,0,0,0.7726
2025-09-10,MSH-0112-Bindura Hospital,CELL_TDD,MSH-0112-Bindura Hospital_LTE_4,4,MSH-0112-Bindura Hospital_LTE,100%,379,629,0,0,433,4469,2151,16227,445,301,0,0,0.7713
2025-09-10,MSH-0112-Bindura Hospital,CELL_TDD,MSH-0112-Bindura Hospital_LTE_5,5,MSH-0112-Bindura Hospital_LTE,100%,18,234,0,0,1144,5285,5378,162,9,26,0,0,0.6378
2025-09-10,MSH-0112-Bindura Hospital,CELL_TDD,MSH-0112-Bindura Hospital_LTE_6,6,MSH-0112-Bindura Hospital_LTE,100%,78,1232,0,0,12452,14461,4740,1524,1041,453,0,0,0.6949
2025-09-10,MSH-0014-Chipadze,CELL_TDD,MSH-0014-Chipadze_LTE_6,6,MSH-0014-Chipadze,100%,15,204,0,0,1422,3267,5119,878,920,154,0,0,0.3364
2025-09-10,MSH-0014-Chipadze,CELL_TDD,MSH-0014-Chipadze_LTE_5,5,MSH-0014-Chipadze,100%,183,510,0,0,3948,5826,10025,2272,1397,269,0,0,0.3034
2025-09-10,MSH-0014-Chipadze,CELL_TDD,MSH-0014-Chipadze_LTE_4,4,MSH-0014-Chipadze,100%,23,420,0,0,4021,2345,7837,126,2,6,0,0,0.5021
2025-09-10,MSH-0014-Chipadze,CELL_TDD,MSH-0014-Chipadze_LTE_3,3,MSH-0014-Chipadze,100%,36,415,0,0,1507,3061,6309,1023,908,165,0,0,0.5061
2025-09-10,MSH-0014-Chipadze,CELL_TDD,MSH-0014-Chipadze_LTE_2,2,MSH-0014-Chipadze,100%,35,515,0,0,4126,5214,13433,2407,976,168,0,0,0.3409
2025-09-10,MSH-0014-Chipadze,CELL_TDD,MSH-0014-Chipadze_LTE_1,1,MSH-0014-Chipadze,100%,27,622,0,0,2520,2456,6482,201,1,8,0,0,0.6476
2025-09-11,MSH0013-Bindura-Zaoga,CELL_TDD,Bindura_Zaoga_LTE_6,6,MSH0013-Bindura-Zaoga,100%,115,15,0,0,377,6634,2533,935,3,62,0,0,0.4709
2025-09-11,MSH0013-Bindura-Zaoga,CELL_TDD,Bindura_Zaoga_LTE_5,5,MSH0013-Bindura-Zaoga,100%,168,16,0,0,1204,16459,34159,9460,788,273,0,0,0.516
2025-09-11,MSH0013-Bindura-Zaoga,CELL_TDD,Bindura_Zaoga_LTE_4,4,MSH0013-Bindura-Zaoga,100%,637,63,0,0,875,2103,19243,55383,26483,4930,0,0,0.3035
2025-09-11,MSH0013-Bindura-Zaoga,CELL_TDD,Bindura_Zaoga_LTE_3,3,MSH0013-Bindura-Zaoga,100%,17,11,0,0,2035,5522,1088,697,3,8,0,0,0.5944
2025-09-11,MSH0013-Bindura-Zaoga,CELL_TDD,Bindura_Zaoga_LTE_2,2,MSH0013-Bindura-Zaoga,100%,22,8,0,0,708,16489,31950,7222,820,297,0,0,0.2296
2025-09-11,MSH0013-Bindura-Zaoga,CELL_TDD,Bindura_Zaoga_LTE_1,1,MSH0013-Bindura-Zaoga,100%,471,38,0,0,485,1279,16388,40082,20921,5753,0,0,0.3349
2025-09-11,MSH-0331-Chiwaridzo 2,CELL_TDD,MSH-0331-Chiwaridzo 2_LTE_6,6,MSH-0331-Chiwaridzo 2_LTE,100%,164,4306,0,0,12950,13781,11155,520,95,239,0,0,0.6439
2025-09-11,MSH-0331-Chiwaridzo 2,CELL_TDD,MSH-0331-Chiwaridzo 2_LTE_5,5,MSH-0331-Chiwaridzo 2_LTE,100%,765,3581,0,0,10479,6189,4049,4948,1003,89,0,0,0.7534
2025-09-11,MSH-0331-Chiwaridzo 2,CELL_TDD,MSH-0331-Chiwaridzo 2_LTE_4,4,MSH-0331-Chiwaridzo 2_LTE,100%,1244,4513,0,0,20734,22433,11808,212,16,5,0,0,0.2964
2025-09-11,MSH-0331-Chiwaridzo 2,CELL_TDD,MSH-0331-Chiwaridzo 2_LTE_3,3,MSH-0331-Chiwaridzo 2_LTE,100%,275,7439,0,0,10702,11530,12907,405,80,191,0,0,0.694
2025-09-11,MSH-0331-Chiwaridzo 2,CELL_TDD,MSH-0331-Chiwaridzo 2_LTE_2,2,MSH-0331-Chiwaridzo 2_LTE,100%,647,5655,0,0,11889,6608,4755,5801,496,52,0,0,0.8287
2025-09-11,MSH-0331-Chiwaridzo 2,CELL_TDD,MSH-0331-Chiwaridzo 2_LTE_1,1,MSH-0331-Chiwaridzo 2_LTE,100%,918,4965,0,0,36066,25816,14162,131,6,2,0,0,0.0902
2025-09-11,MSH-0112-Bindura Hospital,CELL_TDD,MSH-0112-Bindura Hospital_LTE_1,1,MSH-0112-Bindura Hospital_LTE,100%,114,718,0,0,3958,4542,1044,82773,104,233,0,0,0.9644
2025-09-11,MSH-0112-Bindura Hospital,CELL_TDD,MSH-0112-Bindura Hospital_LTE_2,2,MSH-0112-Bindura Hospital_LTE,100%,10,122,0,0,4140,7287,3381,37,7,1,0,0,0.6763
2025-09-11,MSH-0112-Bindura Hospital,CELL_TDD,MSH-0112-Bindura Hospital_LTE_3,3,MSH-0112-Bindura Hospital_LTE,100%,152,2423,0,0,13379,18303,5835,674,2190,281,0,0,0.8117
2025-09-11,MSH-0112-Bindura Hospital,CELL_TDD,MSH-0112-Bindura Hospital_LTE_4,4,MSH-0112-Bindura Hospital_LTE,100%,120,602,0,0,590,5539,1492,14347,303,404,0,0,0.6601
2025-09-11,MSH-0112-Bindura Hospital,CELL_TDD,MSH-0112-Bindura Hospital_LTE_5,5,MSH-0112-Bindura Hospital_LTE,100%,14,412,0,0,1416,3529,4079,200,9,8,0,0,0.4833
2025-09-11,MSH-0112-Bindura Hospital,CELL_TDD,MSH-0112-Bindura Hospital_LTE_6,6,MSH-0112-Bindura Hospital_LTE,100%,51,1763,0,0,9432,15596,4409,1225,1901,348,0,0,0.6501
2025-09-11,MSH-0014-Chipadze,CELL_TDD,MSH-0014-Chipadze_LTE_6,6,MSH-0014-Chipadze,95%,92,375,0,0,1498,3912,5270,790,707,511,0,0,0.3538
2025-09-11,MSH-0014-Chipadze,CELL_TDD,MSH-0014-Chipadze_LTE_5,5,MSH-0014-Chipadze,95%,96,395,0,0,4652,7485,9390,1213,1447,199,0,0,0.2827
2025-09-11,MSH-0014-Chipadze,CELL_TDD,MSH-0014-Chipadze_LTE_4,4,MSH-0014-Chipadze,95%,68,420,0,0,2678,1729,6597,172,2,3,0,0,0.4964
2025-09-11,MSH-0014-Chipadze,CELL_TDD,MSH-0014-Chipadze_LTE_3,3,MSH-0014-Chipadze,95%,43,432,0,0,1880,2847,5264,1268,754,378,0,0,0.4712
2025-09-11,MSH-0014-Chipadze,CELL_TDD,MSH-0014-Chipadze_LTE_2,2,MSH-0014-Chipadze,95%,130,400,0,0,4252,7851,9781,2030,1387,145,0,0,0.3382
2025-09-11,MSH-0014-Chipadze,CELL_TDD,MSH-0014-Chipadze_LTE_1,1,MSH-0014-Chipadze,95%,37,587,0,0,2863,1777,6034,177,1,4,0,0,0.6041
2025-09-12,MSH0013-Bindura-Zaoga,CELL_TDD,Bindura_Zaoga_LTE_6,6,MSH0013-Bindura-Zaoga,100%,89,522,0,0,1065,6420,2726,870,2,52,0,0,0.5378
2025-09-12,MSH0013-Bindura-Zaoga,CELL_TDD,Bindura_Zaoga_LTE_5,5,MSH0013-Bindura-Zaoga,100%,108,17,0,0,612,14911,33291,8360,754,295,0,0,0.5677
2025-09-12,MSH0013-Bindura-Zaoga,CELL_TDD,Bindura_Zaoga_LTE_4,4,MSH0013-Bindura-Zaoga,100%,337,41,0,0,365,1122,10202,23703,18872,2778,0,0,0.329
2025-09-12,MSH0013-Bindura-Zaoga,CELL_TDD,Bindura_Zaoga_LTE_3,3,MSH0013-Bindura-Zaoga,100%,66,20,0,0,1752,6681,829,786,0,4,0,0,0.5869
2025-09-12,MSH0013-Bindura-Zaoga,CELL_TDD,Bindura_Zaoga_LTE_2,2,MSH0013-Bindura-Zaoga,100%,20,5,0,0,1079,13895,29516,8586,787,171,0,0,0.2461
2025-09-12,MSH0013-Bindura-Zaoga,CELL_TDD,Bindura_Zaoga_LTE_1,1,MSH0013-Bindura-Zaoga,100%,132,11,0,0,594,934,9154,22379,16024,4590,0,0,0.3923
2025-09-12,MSH-0331-Chiwaridzo 2,CELL_TDD,MSH-0331-Chiwaridzo 2_LTE_6,6,MSH-0331-Chiwaridzo 2_LTE,100%,196,3023,0,0,10804,15462,14202,419,74,263,0,0,0.6208
2025-09-12,MSH-0331-Chiwaridzo 2,CELL_TDD,MSH-0331-Chiwaridzo 2_LTE_5,5,MSH-0331-Chiwaridzo 2_LTE,100%,766,3231,0,0,12199,5655,4456,5753,553,105,0,0,0.7437
2025-09-12,MSH-0331-Chiwaridzo 2,CELL_TDD,MSH-0331-Chiwaridzo 2_LTE_4,4,MSH-0331-Chiwaridzo 2_LTE,100%,1349,5325,0,0,14161,24197,12024,172,9,6,0,0,0.5849
2025-09-12,MSH-0331-Chiwaridzo 2,CELL_TDD,MSH-0331-Chiwaridzo 2_LTE_3,3,MSH-0331-Chiwaridzo 2_LTE,100%,276,6699,0,0,9965,16100,11505,231,96,200,0,0,0.7684
2025-09-12,MSH-0331-Chiwaridzo 2,CELL_TDD,MSH-0331-Chiwaridzo 2_LTE_2,2,MSH-0331-Chiwaridzo 2_LTE,100%,765,5187,0,0,11354,5635,4886,6103,141,50,0,0,0.7939
2025-09-12,MSH-0331-Chiwaridzo 2,CELL_TDD,MSH-0331-Chiwaridzo 2_LTE_1,1,MSH-0331-Chiwaridzo 2_LTE,100%,1079,5849,0,0,28835,26996,11220,166,2,1,0,0,0.0916
2025-09-12,MSH-0112-Bindura Hospital,CELL_TDD,MSH-0112-Bindura Hospital_LTE_1,1,MSH-0112-Bindura Hospital_LTE,100%,233,495,0,0,553,4811,1762,80844,344,253,0,0,0.9154
2025-09-12,MSH-0112-Bindura Hospital,CELL_TDD,MSH-0112-Bindura Hospital_LTE_2,2,MSH-0112-Bindura Hospital_LTE,100%,12,172,0,0,2852,7071,4876,22,21,7,0,0,0.8178
2025-09-12,MSH-0112-Bindura Hospital,CELL_TDD,MSH-0112-Bindura Hospital_LTE_3,3,MSH-0112-Bindura Hospital_LTE,100%,83,1170,0,0,11425,15381,5621,692,3230,405,0,0,0.7715
2025-09-12,MSH-0112-Bindura Hospital,CELL_TDD,MSH-0112-Bindura Hospital_LTE_4,4,MSH-0112-Bindura Hospital_LTE,100%,200,368,0,0,1024,6263,1918,10977,572,310,0,0,0.7077
2025-09-12,MSH-0112-Bindura Hospital,CELL_TDD,MSH-0112-Bindura Hospital_LTE_5,5,MSH-0112-Bindura Hospital_LTE,100%,5,124,0,0,1555,4455,3934,39,25,11,0,0,0.6222
2025-09-12,MSH-0112-Bindura Hospital,CELL_TDD,MSH-0112-Bindura Hospital_LTE_6,6,MSH-0112-Bindura Hospital_LTE,100%,47,1072,0,0,8744,13521,3897,908,2969,468,0,0,0.6683
2025-09-12,MSH-0014-Chipadze,CELL_TDD,MSH-0014-Chipadze_LTE_6,6,MSH-0014-Chipadze,95%,93,351,0,0,872,2709,5329,869,701,550,0,0,0.4368
2025-09-12,MSH-0014-Chipadze,CELL_TDD,MSH-0014-Chipadze_LTE_5,5,MSH-0014-Chipadze,95%,24,224,0,0,4052,5553,18024,1929,1212,261,0,0,0.4244
2025-09-12,MSH-0014-Chipadze,CELL_TDD,MSH-0014-Chipadze_LTE_4,4,MSH-0014-Chipadze,95%,39,549,0,0,3301,2145,8182,291,1,6,0,0,0.5682
2025-09-12,MSH-0014-Chipadze,CELL_TDD,MSH-0014-Chipadze_LTE_3,3,MSH-0014-Chipadze,95%,36,425,0,0,1974,3402,6237,1173,396,207,0,0,0.4111
2025-09-12,MSH-0014-Chipadze,CELL_TDD,MSH-0014-Chipadze_LTE_2,2,MSH-0014-Chipadze,95%,229,398,0,0,4841,5565,9441,2821,1153,200,0,0,0.4309
2025-09-12,MSH-0014-Chipadze,CELL_TDD,MSH-0014-Chipadze_LTE_1,1,MSH-0014-Chipadze,95%,29,560,0,0,3806,2353,7665,167,0,6,0,0,0.6369
2025-09-13,MSH0013-Bindura-Zaoga,CELL_TDD,Bindura_Zaoga_LTE_6,6,MSH0013-Bindura-Zaoga,100%,163,28,0,0,807,5405,2370,896,46,26,0,0,0.5022
2025-09-13,MSH0013-Bindura-Zaoga,CELL_TDD,Bindura_Zaoga_LTE_5,5,MSH0013-Bindura-Zaoga,100%,61,12,0,0,1924,10709,31484,4722,554,214,0,0,0.4851
2025-09-13,MSH0013-Bindura-Zaoga,CELL_TDD,Bindura_Zaoga_LTE_4,4,MSH0013-Bindura-Zaoga,100%,1081,118,0,0,956,2235,28488,77507,26547,6735,0,0,0.3778
2025-09-13,MSH0013-Bindura-Zaoga,CELL_TDD,Bindura_Zaoga_LTE_3,3,MSH0013-Bindura-Zaoga,100%,13,20,0,0,2154,5125,739,710,4,16,0,0,0.5018
2025-09-13,MSH0013-Bindura-Zaoga,CELL_TDD,Bindura_Zaoga_LTE_2,2,MSH0013-Bindura-Zaoga,100%,16,13,0,0,978,11708,31975,6943,346,162,0,0,0.5829
2025-09-13,MSH0013-Bindura-Zaoga,CELL_TDD,Bindura_Zaoga_LTE_1,1,MSH0013-Bindura-Zaoga,100%,378,58,0,0,725,1755,18584,50935,22157,6657,0,0,0.4113
2025-09-13,MSH-0331-Chiwaridzo 2,CELL_TDD,MSH-0331-Chiwaridzo 2_LTE_6,6,MSH-0331-Chiwaridzo 2_LTE,100%,157,3752,0,0,10680,14371,13831,518,270,350,0,0,0.0962
2025-09-13,MSH-0331-Chiwaridzo 2,CELL_TDD,MSH-0331-Chiwaridzo 2_LTE_5,5,MSH-0331-Chiwaridzo 2_LTE,100%,1165,3824,0,0,11141,5199,3630,7567,754,357,0,0,0.636
2025-09-13,MSH-0331-Chiwaridzo 2,CELL_TDD,MSH-0331-Chiwaridzo 2_LTE_4,4,MSH-0331-Chiwaridzo 2_LTE,100%,953,4614,0,0,19285,22346,11817,261,2,3,0,0,0.3501
2025-09-13,MSH-0331-Chiwaridzo 2,CELL_TDD,MSH-0331-Chiwaridzo 2_LTE_3,3,MSH-0331-Chiwaridzo 2_LTE,100%,364,6148,0,0,12382,14356,14863,384,183,135,0,0,0.8037
2025-09-13,MSH-0331-Chiwaridzo 2,CELL_TDD,MSH-0331-Chiwaridzo 2_LTE_2,2,MSH-0331-Chiwaridzo 2_LTE,100%,990,5334,0,0,12929,5979,4760,5424,274,213,0,0,0.7073
2025-09-13,MSH-0331-Chiwaridzo 2,CELL_TDD,MSH-0331-Chiwaridzo 2_LTE_1,1,MSH-0331-Chiwaridzo 2_LTE,100%,806,5347,0,0,23396,33034,14975,159,0,10,0,0,0.6562
2025-09-13,MSH-0112-Bindura Hospital,CELL_TDD,MSH-0112-Bindura Hospital_LTE_1,1,MSH-0112-Bindura Hospital_LTE,100%,76,1443,0,0,1408,4305,2340,81880,658,276,0,0,0.9526
2025-09-13,MSH-0112-Bindura Hospital,CELL_TDD,MSH-0112-Bindura Hospital_LTE_2,2,MSH-0112-Bindura Hospital_LTE,100%,7,90,0,0,1963,6279,4600,14,3,11,0,0,0.7893
2025-09-13,MSH-0112-Bindura Hospital,CELL_TDD,MSH-0112-Bindura Hospital_LTE_3,3,MSH-0112-Bindura Hospital_LTE,100%,47,3253,0,0,10826,14413,4158,692,2790,326,0,0,0.7357
2025-09-13,MSH-0112-Bindura Hospital,CELL_TDD,MSH-0112-Bindura Hospital_LTE_4,4,MSH-0112-Bindura Hospital_LTE,100%,40,220,0,0,915,4970,1249,9954,530,367,0,0,0.6718
2025-09-13,MSH-0112-Bindura Hospital,CELL_TDD,MSH-0112-Bindura Hospital_LTE_5,5,MSH-0112-Bindura Hospital_LTE,100%,5,97,0,0,1594,4910,4431,17,11,6,0,0,0.5926
2025-09-13,MSH-0112-Bindura Hospital,CELL_TDD,MSH-0112-Bindura Hospital_LTE_6,6,MSH-0112-Bindura Hospital_LTE,100%,25,770,0,0,6659,14601,4157,1054,2971,385,0,0,0.7189
2025-09-13,MSH-0014-Chipadze,CELL_TDD,MSH-0014-Chipadze_LTE_6,6,MSH-0014-Chipadze,100%,32,293,0,0,1087,2758,3707,938,310,212,0,0,0.4364
2025-09-13,MSH-0014-Chipadze,CELL_TDD,MSH-0014-Chipadze_LTE_5,5,MSH-0014-Chipadze,100%,63,534,0,0,3055,5310,7748,2073,1733,426,0,0,0.2644
2025-09-13,MSH-0014-Chipadze,CELL_TDD,MSH-0014-Chipadze_LTE_4,4,MSH-0014-Chipadze,100%,32,355,0,0,3712,2765,5646,207,5,13,0,0,0.6578
2025-09-13,MSH-0014-Chipadze,CELL_TDD,MSH-0014-Chipadze_LTE_3,3,MSH-0014-Chipadze,100%,24,570,0,0,1251,2981,6171,1242,414,91,0,0,0.3726
2025-09-13,MSH-0014-Chipadze,CELL_TDD,MSH-0014-Chipadze_LTE_2,2,MSH-0014-Chipadze,100%,490,605,0,0,4565,5228,9095,1485,1248,240,0,0,0.3657
2025-09-13,MSH-0014-Chipadze,CELL_TDD,MSH-0014-Chipadze_LTE_1,1,MSH-0014-Chipadze,100%,47,339,0,0,2660,1935,5455,117,3,6,0,0,0.6693
2025-09-14,MSH0013-Bindura-Zaoga,CELL_TDD,Bindura_Zaoga_LTE_6,6,MSH0013-Bindura-Zaoga,100%,49,25,0,0,1157,4931,2717,875,8,19,0,0,0.4959
2025-09-14,MSH0013-Bindura-Zaoga,CELL_TDD,Bindura_Zaoga_LTE_5,5,MSH0013-Bindura-Zaoga,100%,50,21,0,0,1523,7116,24611,12419,466,263,0,0,0.4839
2025-09-14,MSH0013-Bindura-Zaoga,CELL_TDD,Bindura_Zaoga_LTE_4,4,MSH0013-Bindura-Zaoga,100%,1460,110,0,0,1776,4557,35855,120337,39837,7598,0,0,0.331
2025-09-14,MSH0013-Bindura-Zaoga,CELL_TDD,Bindura_Zaoga_LTE_3,3,MSH0013-Bindura-Zaoga,100%,69,396,0,0,1936,5282,786,649,2,7,0,0,0.5322
2025-09-14,MSH0013-Bindura-Zaoga,CELL_TDD,Bindura_Zaoga_LTE_2,2,MSH0013-Bindura-Zaoga,100%,37,17,0,0,1551,6961,23360,10945,606,229,0,0,0.6448
2025-09-14,MSH0013-Bindura-Zaoga,CELL_TDD,Bindura_Zaoga_LTE_1,1,MSH0013-Bindura-Zaoga,100%,683,80,0,0,582,2219,20722,72976,31534,6068,0,0,0.3834
2025-09-14,MSH-0331-Chiwaridzo 2,CELL_TDD,MSH-0331-Chiwaridzo 2_LTE_6,6,MSH-0331-Chiwaridzo 2_LTE,100%,282,3765,0,0,9799,14411,15976,809,287,707,0,0,0.662
2025-09-14,MSH-0331-Chiwaridzo 2,CELL_TDD,MSH-0331-Chiwaridzo 2_LTE_5,5,MSH-0331-Chiwaridzo 2_LTE,100%,758,3669,0,0,11931,5212,5387,5620,663,245,0,0,0.7157
2025-09-14,MSH-0331-Chiwaridzo 2,CELL_TDD,MSH-0331-Chiwaridzo 2_LTE_4,4,MSH-0331-Chiwaridzo 2_LTE,100%,917,4801,0,0,20947,21044,13856,234,4,5,0,0,0.2593
2025-09-14,MSH-0331-Chiwaridzo 2,CELL_TDD,MSH-0331-Chiwaridzo 2_LTE_3,3,MSH-0331-Chiwaridzo 2_LTE,100%,350,7747,0,0,12158,15478,16359,653,167,368,0,0,0.8082
2025-09-14,MSH-0331-Chiwaridzo 2,CELL_TDD,MSH-0331-Chiwaridzo 2_LTE_2,2,MSH-0331-Chiwaridzo 2_LTE,100%,1020,8145,0,0,14091,4430,5882,5906,182,143,0,0,0.7885
2025-09-14,MSH-0331-Chiwaridzo 2,CELL_TDD,MSH-0331-Chiwaridzo 2_LTE_1,1,MSH-0331-Chiwaridzo 2_LTE,100%,698,6091,0,0,22579,28255,18966,164,6,16,0,0,0.4411
2025-09-14,MSH-0112-Bindura Hospital,CELL_TDD,MSH-0112-Bindura Hospital_LTE_1,1,MSH-0112-Bindura Hospital_LTE,100%,202,484,0,0,770,2856,1612,77908,166,242,0,0,0.9692
2025-09-14,MSH-0112-Bindura Hospital,CELL_TDD,MSH-0112-Bindura Hospital_LTE_2,2,MSH-0112-Bindura Hospital_LTE,100%,9,141,0,0,2158,5651,4338,9,7,7,0,0,0.8402
2025-09-14,MSH-0112-Bindura Hospital,CELL_TDD,MSH-0112-Bindura Hospital_LTE_3,3,MSH-0112-Bindura Hospital_LTE,100%,33,1310,0,0,8656,11823,3443,686,3308,264,0,0,0.7817
2025-09-14,MSH-0112-Bindura Hospital,CELL_TDD,MSH-0112-Bindura Hospital_LTE_4,4,MSH-0112-Bindura Hospital_LTE,100%,100,822,0,0,653,4288,1601,8583,542,266,0,0,0.8054
2025-09-14,MSH-0112-Bindura Hospital,CELL_TDD,MSH-0112-Bindura Hospital_LTE_5,5,MSH-0112-Bindura Hospital_LTE,100%,7,108,0,0,830,4106,4400,17,9,5,0,0,0.5973
2025-09-14,MSH-0112-Bindura Hospital,CELL_TDD,MSH-0112-Bindura Hospital_LTE_6,6,MSH-0112-Bindura Hospital_LTE,100%,46,608,0,0,7985,12311,3621,889,3766,345,0,0,0.7589
2025-09-14,MSH-0014-Chipadze,CELL_TDD,MSH-0014-Chipadze_LTE_6,6,MSH-0014-Chipadze,87%,45,197,0,0,696,1570,3214,782,310,901,0,0,0.3806
2025-09-14,MSH-0014-Chipadze,CELL_TDD,MSH-0014-Chipadze_LTE_5,5,MSH-0014-Chipadze,87%,119,505,0,0,2636,4130,8303,1583,1105,166,0,0,0.3387
2025-09-14,MSH-0014-Chipadze,CELL_TDD,MSH-0014-Chipadze_LTE_4,4,MSH-0014-Chipadze,87%,38,250,0,0,3938,1755,3087,256,0,11,0,0,0.5168
2025-09-14,MSH-0014-Chipadze,CELL_TDD,MSH-0014-Chipadze_LTE_3,3,MSH-0014-Chipadze,87%,26,473,0,0,1761,1817,3733,697,543,276,0,0,0.5166
2025-09-14,MSH-0014-Chipadze,CELL_TDD,MSH-0014-Chipadze_LTE_2,2,MSH-0014-Chipadze,87%,313,519,0,0,4113,4768,8417,1745,878,148,0,0,0.4086
2025-09-14,MSH-0014-Chipadze,CELL_TDD,MSH-0014-Chipadze_LTE_1,1,MSH-0014-Chipadze,87%,44,233,0,0,2302,2126,3211,208,1,6,0,0,0.3984
2025-09-15,MSH0013-Bindura-Zaoga,CELL_TDD,Bindura_Zaoga_LTE_6,6,MSH0013-Bindura-Zaoga,100%,275,42,0,0,851,5685,2520,612,61,13,0,0,0.5039
2025-09-15,MSH0013-Bindura-Zaoga,CELL_TDD,Bindura_Zaoga_LTE_5,5,MSH0013-Bindura-Zaoga,100%,131,28,0,0,1473,16314,34075,7719,1248,248,0,0,0.4112
2025-09-15,MSH0013-Bindura-Zaoga,CELL_TDD,Bindura_Zaoga_LTE_4,4,MSH0013-Bindura-Zaoga,100%,2838,225,0,0,1212,4337,48371,156713,69194,8968,0,0,0.3848
2025-09-15,MSH0013-Bindura-Zaoga,CELL_TDD,Bindura_Zaoga_LTE_3,3,MSH0013-Bindura-Zaoga,100%,38,26,0,0,1526,5141,1505,439,6,2,0,0,0.5524
2025-09-15,MSH0013-Bindura-Zaoga,CELL_TDD,Bindura_Zaoga_LTE_2,2,MSH0013-Bindura-Zaoga,100%,64,25,0,0,1145,19468,33908,7346,1077,165,0,0,0.499
2025-09-15,MSH0013-Bindura-Zaoga,CELL_TDD,Bindura_Zaoga_LTE_1,1,MSH0013-Bindura-Zaoga,100%,1080,158,0,0,1361,2242,26004,84875,45477,6016,0,0,0.4161
2025-09-15,MSH-0331-Chiwaridzo 2,CELL_TDD,MSH-0331-Chiwaridzo 2_LTE_6,6,MSH-0331-Chiwaridzo 2_LTE,91%,143,2829,0,0,8138,8330,10037,399,222,132,0,0,0.7084
2025-09-15,MSH-0331-Chiwaridzo 2,CELL_TDD,MSH-0331-Chiwaridzo 2_LTE_5,5,MSH-0331-Chiwaridzo 2_LTE,91%,666,2682,0,0,9381,3166,3745,4448,127,111,0,0,0.7335
2025-09-15,MSH-0331-Chiwaridzo 2,CELL_TDD,MSH-0331-Chiwaridzo 2_LTE_4,4,MSH-0331-Chiwaridzo 2_LTE,91%,808,3832,0,0,23930,17256,8219,139,2,5,0,0,0.1346
2025-09-15,MSH-0331-Chiwaridzo 2,CELL_TDD,MSH-0331-Chiwaridzo 2_LTE_3,3,MSH-0331-Chiwaridzo 2_LTE,91%,200,4118,0,0,8459,13012,11336,216,131,101,0,0,0.6042
2025-09-15,MSH-0331-Chiwaridzo 2,CELL_TDD,MSH-0331-Chiwaridzo 2_LTE_2,2,MSH-0331-Chiwaridzo 2_LTE,91%,599,4799,0,0,11056,4125,4395,4578,59,40,0,0,0.7249
2025-09-15,MSH-0331-Chiwaridzo 2,CELL_TDD,MSH-0331-Chiwaridzo 2_LTE_1,1,MSH-0331-Chiwaridzo 2_LTE,91%,984,4693,0,0,25224,22731,11617,149,3,2,0,0,0.1852
2025-09-15,MSH-0112-Bindura Hospital,CELL_TDD,MSH-0112-Bindura Hospital_LTE_1,1,MSH-0112-Bindura Hospital_LTE,100%,197,298,0,0,1539,3781,1157,77300,237,285,0,0,0.9629
2025-09-15,MSH-0112-Bindura Hospital,CELL_TDD,MSH-0112-Bindura Hospital_LTE_2,2,MSH-0112-Bindura Hospital_LTE,100%,6,104,0,0,1671,5583,5466,89,22,9,0,0,0.8175
2025-09-15,MSH-0112-Bindura Hospital,CELL_TDD,MSH-0112-Bindura Hospital_LTE_3,3,MSH-0112-Bindura Hospital_LTE,100%,33,1676,0,0,14211,16563,3646,918,2084,315,0,0,0.6901
2025-09-15,MSH-0112-Bindura Hospital,CELL_TDD,MSH-0112-Bindura Hospital_LTE_4,4,MSH-0112-Bindura Hospital_LTE,100%,135,218,0,0,920,3474,1443,10423,306,327,0,0,0.7868
2025-09-15,MSH-0112-Bindura Hospital,CELL_TDD,MSH-0112-Bindura Hospital_LTE_5,5,MSH-0112-Bindura Hospital_LTE,100%,11,84,0,0,1034,4960,5094,86,17,10,0,0,0.7494
2025-09-15,MSH-0112-Bindura Hospital,CELL_TDD,MSH-0112-Bindura Hospital_LTE_6,6,MSH-0112-Bindura Hospital_LTE,100%,30,891,0,0,12660,12462,5293,1385,2057,451,0,0,0.7138
2025-09-15,MSH-0014-Chipadze,CELL_TDD,MSH-0014-Chipadze_LTE_6,6,MSH-0014-Chipadze,91%,35,134,0,0,1238,2680,5664,845,359,321,0,0,0.5013
2025-09-15,MSH-0014-Chipadze,CELL_TDD,MSH-0014-Chipadze_LTE_5,5,MSH-0014-Chipadze,91%,74,506,0,0,3144,4191,8172,1472,953,258,0,0,0.2952
2025-09-15,MSH-0014-Chipadze,CELL_TDD,MSH-0014-Chipadze_LTE_4,4,MSH-0014-Chipadze,91%,30,228,0,0,3222,2703,5409,130,6,5,0,0,0.4862
2025-09-15,MSH-0014-Chipadze,CELL_TDD,MSH-0014-Chipadze_LTE_3,3,MSH-0014-Chipadze,91%,34,418,0,0,1922,2582,5129,620,607,356,0,0,0.6041
2025-09-15,MSH-0014-Chipadze,CELL_TDD,MSH-0014-Chipadze_LTE_2,2,MSH-0014-Chipadze,91%,201,496,0,0,4726,5857,7242,1547,940,150,0,0,0.3754
2025-09-15,MSH-0014-Chipadze,CELL_TDD,MSH-0014-Chipadze_LTE_1,1,MSH-0014-Chipadze,91%,30,651,0,0,3272,2004,5804,148,0,15,0,0,0.5805
2025-09-16,MSH0013-Bindura-Zaoga,CELL_TDD,Bindura_Zaoga_LTE_6,6,MSH0013-Bindura-Zaoga,100%,147,22,0,0,608,6317,3649,749,4,35,0,0,0.4693
2025-09-16,MSH0013-Bindura-Zaoga,CELL_TDD,Bindura_Zaoga_LTE_5,5,MSH0013-Bindura-Zaoga,100%,182,30,0,0,1528,18641,38640,9859,1094,637,0,0,0.4634
2025-09-16,MSH0013-Bindura-Zaoga,CELL_TDD,Bindura_Zaoga_LTE_4,4,MSH0013-Bindura-Zaoga,100%,520,67,0,0,423,1831,17689,38088,46663,4610,0,0,0.2565
2025-09-16,MSH0013-Bindura-Zaoga,CELL_TDD,Bindura_Zaoga_LTE_3,3,MSH0013-Bindura-Zaoga,100%,54,16,0,0,1036,4231,657,617,0,5,0,0,0.4413
2025-09-16,MSH0013-Bindura-Zaoga,CELL_TDD,Bindura_Zaoga_LTE_2,2,MSH0013-Bindura-Zaoga,100%,19,13,0,0,785,15879,32479,7641,1499,511,0,0,0.299
2025-09-16,MSH0013-Bindura-Zaoga,CELL_TDD,Bindura_Zaoga_LTE_1,1,MSH0013-Bindura-Zaoga,100%,174,21,0,0,190,953,9716,28243,34016,3061,0,0,0.4415
2025-09-16,MSH-0331-Chiwaridzo 2,CELL_TDD,MSH-0331-Chiwaridzo 2_LTE_6,6,MSH-0331-Chiwaridzo 2_LTE,75%,142,3992,0,0,5719,7595,6656,171,107,103,0,0,0.763
2025-09-16,MSH-0331-Chiwaridzo 2,CELL_TDD,MSH-0331-Chiwaridzo 2_LTE_5,5,MSH-0331-Chiwaridzo 2_LTE,75%,630,1684,0,0,7085,4290,3176,3777,166,55,0,0,0.7468
2025-09-16,MSH-0331-Chiwaridzo 2,CELL_TDD,MSH-0331-Chiwaridzo 2_LTE_4,4,MSH-0331-Chiwaridzo 2_LTE,75%,741,3772,0,0,18745,12566,7490,75,0,2,0,0,0.156
2025-09-16,MSH-0331-Chiwaridzo 2,CELL_TDD,MSH-0331-Chiwaridzo 2_LTE_3,3,MSH-0331-Chiwaridzo 2_LTE,75%,213,3903,0,0,6848,9877,8753,62,146,109,0,0,0.7009
2025-09-16,MSH-0331-Chiwaridzo 2,CELL_TDD,MSH-0331-Chiwaridzo 2_LTE_2,2,MSH-0331-Chiwaridzo 2_LTE,75%,476,3317,0,0,7697,6275,4031,4543,164,45,0,0,0.7894
2025-09-16,MSH-0331-Chiwaridzo 2,CELL_TDD,MSH-0331-Chiwaridzo 2_LTE_1,1,MSH-0331-Chiwaridzo 2_LTE,75%,876,4123,0,0,16178,18551,6529,50,3,2,0,0,0.0773
2025-09-16,MSH-0112-Bindura Hospital,CELL_TDD,MSH-0112-Bindura Hospital_LTE_1,1,MSH-0112-Bindura Hospital_LTE,100%,122,535,0,0,1165,3843,1884,75857,189,161,0,0,0.9749
2025-09-16,MSH-0112-Bindura Hospital,CELL_TDD,MSH-0112-Bindura Hospital_LTE_2,2,MSH-0112-Bindura Hospital_LTE,100%,213,180,0,0,2021,6143,5532,17,39,10,0,0,0.7394
2025-09-16,MSH-0112-Bindura Hospital,CELL_TDD,MSH-0112-Bindura Hospital_LTE_3,3,MSH-0112-Bindura Hospital_LTE,100%,342,2562,0,0,13655,14158,4972,1374,1755,275,0,0,0.7981
2025-09-16,MSH-0112-Bindura Hospital,CELL_TDD,MSH-0112-Bindura Hospital_LTE_4,4,MSH-0112-Bindura Hospital_LTE,100%,90,440,0,0,776,4858,1291,8308,463,616,0,0,0.8298
2025-09-16,MSH-0112-Bindura Hospital,CELL_TDD,MSH-0112-Bindura Hospital_LTE_5,5,MSH-0112-Bindura Hospital_LTE,100%,147,310,0,0,1415,3983,5495,22,75,11,0,0,0.5423
2025-09-16,MSH-0112-Bindura Hospital,CELL_TDD,MSH-0112-Bindura Hospital_LTE_6,6,MSH-0112-Bindura Hospital_LTE,100%,235,1662,0,0,9657,15583,8315,4554,2058,446,0,0,0.5365
2025-09-16,MSH-0014-Chipadze,CELL_TDD,MSH-0014-Chipadze_LTE_6,6,MSH-0014-Chipadze,100%,41,376,0,0,1629,5018,6748,793,239,553,0,0,0.4527
2025-09-16,MSH-0014-Chipadze,CELL_TDD,MSH-0014-Chipadze_LTE_5,5,MSH-0014-Chipadze,100%,305,867,0,0,4732,7125,16711,6900,2225,389,0,0,0.1135
2025-09-16,MSH-0014-Chipadze,CELL_TDD,MSH-0014-Chipadze_LTE_4,4,MSH-0014-Chipadze,100%,64,592,0,0,5120,3427,9357,230,7,6,0,0,0.5205
2025-09-16,MSH-0014-Chipadze,CELL_TDD,MSH-0014-Chipadze_LTE_3,3,MSH-0014-Chipadze,100%,9,516,0,0,2292,4559,6587,964,869,743,0,0,0.5186
2025-09-16,MSH-0014-Chipadze,CELL_TDD,MSH-0014-Chipadze_LTE_2,2,MSH-0014-Chipadze,100%,70,733,0,0,5593,6966,12961,7731,1563,260,0,0,0.3687
2025-09-16,MSH-0014-Chipadze,CELL_TDD,MSH-0014-Chipadze_LTE_1,1,MSH-0014-Chipadze,100%,58,680,0,0,4675,3043,8801,235,0,3,0,0,0.5956
2025-09-17,MSH0013-Bindura-Zaoga,CELL_TDD,Bindura_Zaoga_LTE_6,6,MSH0013-Bindura-Zaoga,100%,134,25,0,0,518,6501,2649,792,11,43,0,0,0.5019
2025-09-17,MSH0013-Bindura-Zaoga,CELL_TDD,Bindura_Zaoga_LTE_5,5,MSH0013-Bindura-Zaoga,100%,454,50,0,0,1516,21443,51199,11934,1561,722,0,0,0.4403
2025-09-17,MSH0013-Bindura-Zaoga,CELL_TDD,Bindura_Zaoga_LTE_4,4,MSH0013-Bindura-Zaoga,100%,3420,272,0,0,1718,11766,79786,183772,240387,14222,0,0,0.2165
2025-09-17,MSH0013-Bindura-Zaoga,CELL_TDD,Bindura_Zaoga_LTE_3,3,MSH0013-Bindura-Zaoga,100%,65,41,0,0,1581,6193,1069,612,1,8,0,0,0.5861
2025-09-17,MSH0013-Bindura-Zaoga,CELL_TDD,Bindura_Zaoga_LTE_2,2,MSH0013-Bindura-Zaoga,100%,307,39,0,0,1162,22169,38715,10304,1051,330,0,0,0.6324
2025-09-17,MSH0013-Bindura-Zaoga,CELL_TDD,Bindura_Zaoga_LTE_1,1,MSH0013-Bindura-Zaoga,100%,3929,256,0,0,4363,8776,76720,165137,230876,9777,0,0,0.3982
2025-09-17,MSH-0331-Chiwaridzo 2,CELL_TDD,MSH-0331-Chiwaridzo 2_LTE_6,6,MSH-0331-Chiwaridzo 2_LTE,100%,273,4824,0,0,7623,11279,9369,112,190,152,0,0,0.7522
2025-09-17,MSH-0331-Chiwaridzo 2,CELL_TDD,MSH-0331-Chiwaridzo 2_LTE_5,5,MSH-0331-Chiwaridzo 2_LTE,100%,798,2970,0,0,8491,7942,4831,5464,166,103,0,0,0.7322
2025-09-17,MSH-0331-Chiwaridzo 2,CELL_TDD,MSH-0331-Chiwaridzo 2_LTE_4,4,MSH-0331-Chiwaridzo 2_LTE,100%,1092,3843,0,0,16056,18120,8512,114,1,5,0,0,0.1739
2025-09-17,MSH-0331-Chiwaridzo 2,CELL_TDD,MSH-0331-Chiwaridzo 2_LTE_3,3,MSH-0331-Chiwaridzo 2_LTE,100%,322,4202,0,0,7829,11934,9597,121,168,114,0,0,0.3451
2025-09-17,MSH-0331-Chiwaridzo 2,CELL_TDD,MSH-0331-Chiwaridzo 2_LTE_2,2,MSH-0331-Chiwaridzo 2_LTE,100%,572,4951,0,0,10873,5781,4371,5665,43,31,0,0,0.8092
2025-09-17,MSH-0331-Chiwaridzo 2,CELL_TDD,MSH-0331-Chiwaridzo 2_LTE_1,1,MSH-0331-Chiwaridzo 2_LTE,100%,1316,4672,0,0,23850,22641,8701,70,0,7,0,0,0.3716
2025-09-17,MSH-0112-Bindura Hospital,CELL_TDD,MSH-0112-Bindura Hospital_LTE_1,1,MSH-0112-Bindura Hospital_LTE,100%,65,492,0,0,1498,3718,2765,79896,222,315,0,0,0.9724
2025-09-17,MSH-0112-Bindura Hospital,CELL_TDD,MSH-0112-Bindura Hospital_LTE_2,2,MSH-0112-Bindura Hospital_LTE,100%,373,214,0,0,2858,7419,4504,16,26,4,0,0,0.8976
2025-09-17,MSH-0112-Bindura Hospital,CELL_TDD,MSH-0112-Bindura Hospital_LTE_3,3,MSH-0112-Bindura Hospital_LTE,100%,645,1988,0,0,13148,17126,4267,2244,2502,236,0,0,0.7505
2025-09-17,MSH-0112-Bindura Hospital,CELL_TDD,MSH-0112-Bindura Hospital_LTE_4,4,MSH-0112-Bindura Hospital_LTE,100%,143,525,0,0,1219,4049,1918,7273,276,625,0,0,0.7409
2025-09-17,MSH-0112-Bindura Hospital,CELL_TDD,MSH-0112-Bindura Hospital_LTE_5,5,MSH-0112-Bindura Hospital_LTE,100%,366,455,0,0,1632,4205,6762,19,33,14,0,0,0.829
2025-09-17,MSH-0112-Bindura Hospital,CELL_TDD,MSH-0112-Bindura Hospital_LTE_6,6,MSH-0112-Bindura Hospital_LTE,100%,331,1459,0,0,9842,14526,5878,3315,2316,406,0,0,0.6723
2025-09-17,MSH-0014-Chipadze,CELL_TDD,MSH-0014-Chipadze_LTE_6,6,MSH-0014-Chipadze,100%,38,415,0,0,1311,3491,5979,782,513,344,0,0,0.4388
2025-09-17,MSH-0014-Chipadze,CELL_TDD,MSH-0014-Chipadze_LTE_5,5,MSH-0014-Chipadze,100%,181,675,0,0,4130,6009,12996,2983,2219,414,0,0,0.3781
2025-09-17,MSH-0014-Chipadze,CELL_TDD,MSH-0014-Chipadze_LTE_4,4,MSH-0014-Chipadze,100%,53,619,0,0,5428,2363,6874,364,3,7,0,0,0.5783
2025-09-17,MSH-0014-Chipadze,CELL_TDD,MSH-0014-Chipadze_LTE_3,3,MSH-0014-Chipadze,100%,41,482,0,0,1158,4619,4837,583,437,113,0,0,0.5087
2025-09-17,MSH-0014-Chipadze,CELL_TDD,MSH-0014-Chipadze_LTE_2,2,MSH-0014-Chipadze,100%,229,805,0,0,5803,5898,7397,2722,1427,180,0,0,0.4354
2025-09-17,MSH-0014-Chipadze,CELL_TDD,MSH-0014-Chipadze_LTE_1,1,MSH-0014-Chipadze,100%,40,659,0,0,3775,2572,5752,239,2,6,0,0,0.5205
2025-09-18,MSH0013-Bindura-Zaoga,CELL_TDD,Bindura_Zaoga_LTE_6,6,MSH0013-Bindura-Zaoga,100%,148,29,0,0,324,6187,4013,857,6,8,0,0,0.4892
2025-09-18,MSH0013-Bindura-Zaoga,CELL_TDD,Bindura_Zaoga_LTE_5,5,MSH0013-Bindura-Zaoga,100%,85,30,0,0,1913,15505,28453,7538,1292,320,0,0,0.4527
2025-09-18,MSH0013-Bindura-Zaoga,CELL_TDD,Bindura_Zaoga_LTE_4,4,MSH0013-Bindura-Zaoga,100%,265,56,0,0,1059,2004,11262,31813,22967,6103,0,0,0.1089
2025-09-18,MSH0013-Bindura-Zaoga,CELL_TDD,Bindura_Zaoga_LTE_3,3,MSH0013-Bindura-Zaoga,100%,53,21,0,0,1210,5993,796,720,1,4,0,0,0.5949
2025-09-18,MSH0013-Bindura-Zaoga,CELL_TDD,Bindura_Zaoga_LTE_2,2,MSH0013-Bindura-Zaoga,100%,8,18,0,0,625,15020,25607,6997,669,624,0,0,0.5814
2025-09-18,MSH0013-Bindura-Zaoga,CELL_TDD,Bindura_Zaoga_LTE_1,1,MSH0013-Bindura-Zaoga,100%,323,29,0,0,873,1278,11743,26753,18882,3317,0,0,0.3558
2025-09-18,MSH-0331-Chiwaridzo 2,CELL_TDD,MSH-0331-Chiwaridzo 2_LTE_6,6,MSH-0331-Chiwaridzo 2_LTE,100%,251,4344,0,0,10023,12565,13711,224,206,331,0,0,0.7295
2025-09-18,MSH-0331-Chiwaridzo 2,CELL_TDD,MSH-0331-Chiwaridzo 2_LTE_5,5,MSH-0331-Chiwaridzo 2_LTE,100%,759,3114,0,0,9350,4475,4511,5546,235,104,0,0,0.6607
2025-09-18,MSH-0331-Chiwaridzo 2,CELL_TDD,MSH-0331-Chiwaridzo 2_LTE_4,4,MSH-0331-Chiwaridzo 2_LTE,100%,1203,4638,0,0,27356,23419,11869,82,2,2,0,0,0.2369
2025-09-18,MSH-0331-Chiwaridzo 2,CELL_TDD,MSH-0331-Chiwaridzo 2_LTE_3,3,MSH-0331-Chiwaridzo 2_LTE,100%,276,7639,0,0,10952,13192,11051,241,179,181,0,0,0.4621
2025-09-18,MSH-0331-Chiwaridzo 2,CELL_TDD,MSH-0331-Chiwaridzo 2_LTE_2,2,MSH-0331-Chiwaridzo 2_LTE,100%,691,5680,0,0,9968,4677,4851,6679,66,67,0,0,0.7089
2025-09-18,MSH-0331-Chiwaridzo 2,CELL_TDD,MSH-0331-Chiwaridzo 2_LTE_1,1,MSH-0331-Chiwaridzo 2_LTE,100%,1537,5896,0,0,28755,23672,13045,66,1,4,0,0,0.406
2025-09-18,MSH-0112-Bindura Hospital,CELL_TDD,MSH-0112-Bindura Hospital_LTE_1,1,MSH-0112-Bindura Hospital_LTE,100%,250,649,0,0,952,3935,1667,85100,194,479,0,0,0.9152
2025-09-18,MSH-0112-Bindura Hospital,CELL_TDD,MSH-0112-Bindura Hospital_LTE_2,2,MSH-0112-Bindura Hospital_LTE,100%,622,139,0,0,2329,6830,5424,19,3,7,0,0,0.7845
2025-09-18,MSH-0112-Bindura Hospital,CELL_TDD,MSH-0112-Bindura Hospital_LTE_3,3,MSH-0112-Bindura Hospital_LTE,100%,689,2853,0,0,12236,15223,5016,1782,1126,296,0,0,0.845
2025-09-18,MSH-0112-Bindura Hospital,CELL_TDD,MSH-0112-Bindura Hospital_LTE_4,4,MSH-0112-Bindura Hospital_LTE,100%,216,483,0,0,1189,4957,1723,10490,564,663,0,0,0.7911
2025-09-18,MSH-0112-Bindura Hospital,CELL_TDD,MSH-0112-Bindura Hospital_LTE_5,5,MSH-0112-Bindura Hospital_LTE,100%,657,235,0,0,1352,4118,5158,14,2,10,0,0,0.6252
2025-09-18,MSH-0112-Bindura Hospital,CELL_TDD,MSH-0112-Bindura Hospital_LTE_6,6,MSH-0112-Bindura Hospital_LTE,100%,313,1406,0,0,9843,16198,4594,2411,1667,513,0,0,0.7418
2025-09-18,MSH-0014-Chipadze,CELL_TDD,MSH-0014-Chipadze_LTE_6,6,MSH-0014-Chipadze,100%,45,417,0,0,1523,3626,6130,491,722,328,0,0,0.4596
2025-09-18,MSH-0014-Chipadze,CELL_TDD,MSH-0014-Chipadze_LTE_5,5,MSH-0014-Chipadze,100%,359,443,0,0,3725,6546,15292,1789,1461,285,0,0,0.4073
2025-09-18,MSH-0014-Chipadze,CELL_TDD,MSH-0014-Chipadze_LTE_4,4,MSH-0014-Chipadze,100%,79,468,0,0,5527,2281,7584,397,2,5,0,0,0.5008
2025-09-18,MSH-0014-Chipadze,CELL_TDD,MSH-0014-Chipadze_LTE_3,3,MSH-0014-Chipadze,100%,14,239,0,0,1676,4755,5514,692,145,147,0,0,0.587
2025-09-18,MSH-0014-Chipadze,CELL_TDD,MSH-0014-Chipadze_LTE_2,2,MSH-0014-Chipadze,100%,129,804,0,0,4794,5942,8066,1660,1016,238,0,0,0.378
2025-09-18,MSH-0014-Chipadze,CELL_TDD,MSH-0014-Chipadze_LTE_1,1,MSH-0014-Chipadze,100%,29,506,0,0,4037,2447,6616,197,14,5,0,0,0.6007
2025-09-19,MSH0013-Bindura-Zaoga,CELL_TDD,Bindura_Zaoga_LTE_6,6,MSH0013-Bindura-Zaoga,100%,174,126,0,0,608,8037,2797,796,17,12,0,0,0.5596
2025-09-19,MSH0013-Bindura-Zaoga,CELL_TDD,Bindura_Zaoga_LTE_5,5,MSH0013-Bindura-Zaoga,100%,210,46,0,0,1809,19910,33530,6852,873,245,0,0,0.5815
2025-09-19,MSH0013-Bindura-Zaoga,CELL_TDD,Bindura_Zaoga_LTE_4,4,MSH0013-Bindura-Zaoga,100%,678,61,0,0,897,3038,20966,64214,31422,5830,0,0,0.3746
2025-09-19,MSH0013-Bindura-Zaoga,CELL_TDD,Bindura_Zaoga_LTE_3,3,MSH0013-Bindura-Zaoga,100%,38,18,0,0,1664,7290,842,533,1,4,0,0,0.6499
2025-09-19,MSH0013-Bindura-Zaoga,CELL_TDD,Bindura_Zaoga_LTE_2,2,MSH0013-Bindura-Zaoga,100%,93,26,0,0,1823,15586,31299,7103,552,203,0,0,0.5468
2025-09-19,MSH0013-Bindura-Zaoga,CELL_TDD,Bindura_Zaoga_LTE_1,1,MSH0013-Bindura-Zaoga,100%,474,50,0,0,1082,1741,17211,49646,24125,5220,0,0,0.3971
2025-09-19,MSH-0331-Chiwaridzo 2,CELL_TDD,MSH-0331-Chiwaridzo 2_LTE_6,6,MSH-0331-Chiwaridzo 2_LTE,100%,283,4596,0,0,10243,9341,16123,641,352,241,0,0,0.4398
2025-09-19,MSH-0331-Chiwaridzo 2,CELL_TDD,MSH-0331-Chiwaridzo 2_LTE_5,5,MSH-0331-Chiwaridzo 2_LTE,100%,1280,4583,0,0,14540,6682,4328,5217,203,144,0,0,0.7403
2025-09-19,MSH-0331-Chiwaridzo 2,CELL_TDD,MSH-0331-Chiwaridzo 2_LTE_4,4,MSH-0331-Chiwaridzo 2_LTE,100%,1529,5554,0,0,20951,16009,15019,107,2,0,0,0,0.4251
2025-09-19,MSH-0331-Chiwaridzo 2,CELL_TDD,MSH-0331-Chiwaridzo 2_LTE_3,3,MSH-0331-Chiwaridzo 2_LTE,100%,428,5391,0,0,8999,11895,12500,211,52,164,0,0,0.5244
2025-09-19,MSH-0331-Chiwaridzo 2,CELL_TDD,MSH-0331-Chiwaridzo 2_LTE_2,2,MSH-0331-Chiwaridzo 2_LTE,100%,617,7223,0,0,11163,7583,4327,5151,130,77,0,0,0.8054
2025-09-19,MSH-0331-Chiwaridzo 2,CELL_TDD,MSH-0331-Chiwaridzo 2_LTE_1,1,MSH-0331-Chiwaridzo 2_LTE,100%,1448,5096,0,0,26261,21938,14370,81,13,11,0,0,0.282
2025-09-19,MSH-0112-Bindura Hospital,CELL_TDD,MSH-0112-Bindura Hospital_LTE_1,1,MSH-0112-Bindura Hospital_LTE,100%,150,752,0,0,1198,6065,1490,82279,169,692,0,0,0.9277
2025-09-19,MSH-0112-Bindura Hospital,CELL_TDD,MSH-0112-Bindura Hospital_LTE_2,2,MSH-0112-Bindura Hospital_LTE,100%,315,136,0,0,2300,7582,5032,26,2,9,0,0,0.6239
2025-09-19,MSH-0112-Bindura Hospital,CELL_TDD,MSH-0112-Bindura Hospital_LTE_3,3,MSH-0112-Bindura Hospital_LTE,100%,370,1526,0,0,14776,18300,3929,1156,1527,275,0,0,0.8238
2025-09-19,MSH-0112-Bindura Hospital,CELL_TDD,MSH-0112-Bindura Hospital_LTE_4,4,MSH-0112-Bindura Hospital_LTE,100%,135,595,0,0,1301,5435,1720,10800,392,426,0,0,0.7848
2025-09-19,MSH-0112-Bindura Hospital,CELL_TDD,MSH-0112-Bindura Hospital_LTE_5,5,MSH-0112-Bindura Hospital_LTE,100%,284,168,0,0,1239,4741,5068,67,7,9,0,0,0.1231
2025-09-19,MSH-0112-Bindura Hospital,CELL_TDD,MSH-0112-Bindura Hospital_LTE_6,6,MSH-0112-Bindura Hospital_LTE,100%,252,866,0,0,16268,15711,6152,2095,1358,431,0,0,0.7763
2025-09-19,MSH-0014-Chipadze,CELL_TDD,MSH-0014-Chipadze_LTE_6,6,MSH-0014-Chipadze,100%,170,315,0,0,1256,3427,7826,449,471,328,0,0,0.3658
2025-09-19,MSH-0014-Chipadze,CELL_TDD,MSH-0014-Chipadze_LTE_5,5,MSH-0014-Chipadze,100%,211,593,0,0,3420,6868,12048,2018,920,390,0,0,0.2776
2025-09-19,MSH-0014-Chipadze,CELL_TDD,MSH-0014-Chipadze_LTE_4,4,MSH-0014-Chipadze,100%,113,740,0,0,7103,2851,7182,225,5,5,0,0,0.4512
2025-09-19,MSH-0014-Chipadze,CELL_TDD,MSH-0014-Chipadze_LTE_3,3,MSH-0014-Chipadze,100%,18,556,0,0,1854,3653,6497,299,149,171,0,0,0.495
2025-09-19,MSH-0014-Chipadze,CELL_TDD,MSH-0014-Chipadze_LTE_2,2,MSH-0014-Chipadze,100%,117,718,0,0,5083,5449,9274,1916,1083,250,0,0,0.3331
2025-09-19,MSH-0014-Chipadze,CELL_TDD,MSH-0014-Chipadze_LTE_1,1,MSH-0014-Chipadze,100%,29,578,0,0,3933,2306,7494,258,0,1,0,0,0.487
2025-09-20,MSH0013-Bindura-Zaoga,CELL_TDD,Bindura_Zaoga_LTE_6,6,MSH0013-Bindura-Zaoga,100%,146,55,0,0,646,5424,4667,838,50,19,0,0,0.446
2025-09-20,MSH0013-Bindura-Zaoga,CELL_TDD,Bindura_Zaoga_LTE_5,5,MSH0013-Bindura-Zaoga,100%,30,15,0,0,2280,11481,29142,3834,3244,743,0,0,0.2872
2025-09-20,MSH0013-Bindura-Zaoga,CELL_TDD,Bindura_Zaoga_LTE_4,4,MSH0013-Bindura-Zaoga,100%,393,78,0,0,766,1581,11144,42107,20256,4849,0,0,0.3551
2025-09-20,MSH0013-Bindura-Zaoga,CELL_TDD,Bindura_Zaoga_LTE_3,3,MSH0013-Bindura-Zaoga,100%,21,20,0,0,1739,4849,792,619,0,6,0,0,0.5324
2025-09-20,MSH0013-Bindura-Zaoga,CELL_TDD,Bindura_Zaoga_LTE_2,2,MSH0013-Bindura-Zaoga,100%,18,9,0,0,2272,11170,31044,4089,2149,605,0,0,0.4176
2025-09-20,MSH0013-Bindura-Zaoga,CELL_TDD,Bindura_Zaoga_LTE_1,1,MSH0013-Bindura-Zaoga,100%,518,78,0,0,1660,1534,13180,33381,31439,6875,0,0,0.4043
2025-09-20,MSH-0331-Chiwaridzo 2,CELL_TDD,MSH-0331-Chiwaridzo 2_LTE_6,6,MSH-0331-Chiwaridzo 2_LTE,100%,467,4430,0,0,11272,9395,11063,105,410,312,0,0,0.6968
2025-09-20,MSH-0331-Chiwaridzo 2,CELL_TDD,MSH-0331-Chiwaridzo 2_LTE_5,5,MSH-0331-Chiwaridzo 2_LTE,100%,704,4129,0,0,12413,7746,4771,4932,345,175,0,0,0.6709
2025-09-20,MSH-0331-Chiwaridzo 2,CELL_TDD,MSH-0331-Chiwaridzo 2_LTE_4,4,MSH-0331-Chiwaridzo 2_LTE,100%,956,4798,0,0,18636,19361,13635,61,2,8,0,0,0.5302
2025-09-20,MSH-0331-Chiwaridzo 2,CELL_TDD,MSH-0331-Chiwaridzo 2_LTE_3,3,MSH-0331-Chiwaridzo 2_LTE,100%,486,6061,0,0,10376,10607,15019,104,80,183,0,0,0.6735
2025-09-20,MSH-0331-Chiwaridzo 2,CELL_TDD,MSH-0331-Chiwaridzo 2_LTE_2,2,MSH-0331-Chiwaridzo 2_LTE,100%,540,7712,0,0,14989,9064,5937,5567,79,120,0,0,0.6043
2025-09-20,MSH-0331-Chiwaridzo 2,CELL_TDD,MSH-0331-Chiwaridzo 2_LTE_1,1,MSH-0331-Chiwaridzo 2_LTE,100%,1330,7094,0,0,27344,26069,17985,38,2,6,0,0,0.256
2025-09-20,MSH-0112-Bindura Hospital,CELL_TDD,MSH-0112-Bindura Hospital_LTE_1,1,MSH-0112-Bindura Hospital_LTE,100%,188,848,0,0,1500,3193,1696,81123,382,352,0,0,0.9209
2025-09-20,MSH-0112-Bindura Hospital,CELL_TDD,MSH-0112-Bindura Hospital_LTE_2,2,MSH-0112-Bindura Hospital_LTE,100%,288,214,0,0,2766,6141,3383,6,1,6,0,0,0.4931
2025-09-20,MSH-0112-Bindura Hospital,CELL_TDD,MSH-0112-Bindura Hospital_LTE_3,3,MSH-0112-Bindura Hospital_LTE,100%,451,1920,0,0,9131,17084,2734,1093,726,548,0,0,0.7995
2025-09-20,MSH-0112-Bindura Hospital,CELL_TDD,MSH-0112-Bindura Hospital_LTE_4,4,MSH-0112-Bindura Hospital_LTE,100%,139,507,0,0,1050,4487,1262,9468,481,531,0,0,0.6635
2025-09-20,MSH-0112-Bindura Hospital,CELL_TDD,MSH-0112-Bindura Hospital_LTE_5,5,MSH-0112-Bindura Hospital_LTE,100%,155,299,0,0,1609,5760,4103,88,6,12,0,0,0.2177
2025-09-20,MSH-0112-Bindura Hospital,CELL_TDD,MSH-0112-Bindura Hospital_LTE_6,6,MSH-0112-Bindura Hospital_LTE,100%,341,1086,0,0,5591,12403,6030,1422,2165,944,0,0,0.7464
2025-09-20,MSH-0014-Chipadze,CELL_TDD,MSH-0014-Chipadze_LTE_6,6,MSH-0014-Chipadze,100%,76,296,0,0,1422,3668,5860,536,2117,1130,0,0,0.2857
2025-09-20,MSH-0014-Chipadze,CELL_TDD,MSH-0014-Chipadze_LTE_5,5,MSH-0014-Chipadze,100%,162,536,0,0,4632,7561,13059,2418,1563,375,0,0,0.3198
2025-09-20,MSH-0014-Chipadze,CELL_TDD,MSH-0014-Chipadze_LTE_4,4,MSH-0014-Chipadze,100%,46,513,0,0,4051,3232,6734,224,4,10,0,0,0.3941
2025-09-20,MSH-0014-Chipadze,CELL_TDD,MSH-0014-Chipadze_LTE_3,3,MSH-0014-Chipadze,100%,42,597,0,0,1528,4345,6469,800,1406,513,0,0,0.3818
2025-09-20,MSH-0014-Chipadze,CELL_TDD,MSH-0014-Chipadze_LTE_2,2,MSH-0014-Chipadze,100%,315,647,0,0,6321,7586,13586,2261,2584,282,0,0,0.322
2025-09-20,MSH-0014-Chipadze,CELL_TDD,MSH-0014-Chipadze_LTE_1,1,MSH-0014-Chipadze,100%,12,671,0,0,4540,2700,6661,321,6,2,0,0,0.4972
2025-09-21,MSH0013-Bindura-Zaoga,CELL_TDD,Bindura_Zaoga_LTE_6,6,MSH0013-Bindura-Zaoga,100%,302,41,0,0,681,5424,3708,899,12,36,0,0,0.4586
2025-09-21,MSH0013-Bindura-Zaoga,CELL_TDD,Bindura_Zaoga_LTE_5,5,MSH0013-Bindura-Zaoga,100%,39,25,0,0,2083,8854,25289,4695,810,572,0,0,0.4553
2025-09-21,MSH0013-Bindura-Zaoga,CELL_TDD,Bindura_Zaoga_LTE_4,4,MSH0013-Bindura-Zaoga,100%,519,60,0,0,1190,2471,14011,45936,28803,7263,0,0,0.3776
2025-09-21,MSH0013-Bindura-Zaoga,CELL_TDD,Bindura_Zaoga_LTE_3,3,MSH0013-Bindura-Zaoga,100%,160,32,0,0,1468,7401,950,726,0,6,0,0,0.5426
2025-09-21,MSH0013-Bindura-Zaoga,CELL_TDD,Bindura_Zaoga_LTE_2,2,MSH0013-Bindura-Zaoga,100%,5,12,0,0,2698,8571,23965,6511,747,318,0,0,0.5424
2025-09-21,MSH0013-Bindura-Zaoga,CELL_TDD,Bindura_Zaoga_LTE_1,1,MSH0013-Bindura-Zaoga,100%,331,45,0,0,384,987,12076,34288,24000,6824,0,0,0.4332
2025-09-21,MSH-0331-Chiwaridzo 2,CELL_TDD,MSH-0331-Chiwaridzo 2_LTE_6,6,MSH-0331-Chiwaridzo 2_LTE,100%,473,4909,0,0,11180,13331,12748,84,195,262,0,0,0.7218
2025-09-21,MSH-0331-Chiwaridzo 2,CELL_TDD,MSH-0331-Chiwaridzo 2_LTE_5,5,MSH-0331-Chiwaridzo 2_LTE,100%,1263,4165,0,0,13287,9289,4492,5673,438,130,0,0,0.6736
2025-09-21,MSH-0331-Chiwaridzo 2,CELL_TDD,MSH-0331-Chiwaridzo 2_LTE_4,4,MSH-0331-Chiwaridzo 2_LTE,100%,1189,5247,0,0,20762,21522,15929,86,5,4,0,0,0.4807
2025-09-21,MSH-0331-Chiwaridzo 2,CELL_TDD,MSH-0331-Chiwaridzo 2_LTE_3,3,MSH-0331-Chiwaridzo 2_LTE,100%,546,6004,0,0,11924,12936,13903,120,154,113,0,0,0.7105
2025-09-21,MSH-0331-Chiwaridzo 2,CELL_TDD,MSH-0331-Chiwaridzo 2_LTE_2,2,MSH-0331-Chiwaridzo 2_LTE,100%,945,6904,0,0,16807,8735,7095,6811,135,93,0,0,0.6795
2025-09-21,MSH-0331-Chiwaridzo 2,CELL_TDD,MSH-0331-Chiwaridzo 2_LTE_1,1,MSH-0331-Chiwaridzo 2_LTE,100%,1686,6193,0,0,35513,26597,19356,55,2,4,0,0,0.3413
2025-09-21,MSH-0112-Bindura Hospital,CELL_TDD,MSH-0112-Bindura Hospital_LTE_1,1,MSH-0112-Bindura Hospital_LTE,100%,178,702,0,0,2015,4961,2206,49503,171,596,0,0,0.2965
2025-09-21,MSH-0112-Bindura Hospital,CELL_TDD,MSH-0112-Bindura Hospital_LTE_2,2,MSH-0112-Bindura Hospital_LTE,100%,183,145,0,0,2594,6785,2627,6,7,2,0,0,0.8203
2025-09-21,MSH-0112-Bindura Hospital,CELL_TDD,MSH-0112-Bindura Hospital_LTE_3,3,MSH-0112-Bindura Hospital_LTE,100%,395,2519,0,0,9077,21373,3958,461,882,270,0,0,0.7893
2025-09-21,MSH-0112-Bindura Hospital,CELL_TDD,MSH-0112-Bindura Hospital_LTE_4,4,MSH-0112-Bindura Hospital_LTE,100%,124,599,0,0,2348,4247,2109,9143,221,852,0,0,0.7801
2025-09-21,MSH-0112-Bindura Hospital,CELL_TDD,MSH-0112-Bindura Hospital_LTE_5,5,MSH-0112-Bindura Hospital_LTE,100%,110,118,0,0,1619,4969,3366,10,10,3,0,0,0.6781
2025-09-21,MSH-0112-Bindura Hospital,CELL_TDD,MSH-0112-Bindura Hospital_LTE_6,6,MSH-0112-Bindura Hospital_LTE,100%,516,1187,0,0,6748,15340,10587,457,730,330,0,0,0.768
2025-09-21,MSH-0014-Chipadze,CELL_TDD,MSH-0014-Chipadze_LTE_6,6,MSH-0014-Chipadze,100%,55,495,0,0,1729,2745,7092,845,451,155,0,0,0.4229
2025-09-21,MSH-0014-Chipadze,CELL_TDD,MSH-0014-Chipadze_LTE_5,5,MSH-0014-Chipadze,100%,39,411,0,0,5226,10119,15187,3342,1330,399,0,0,0.3188
2025-09-21,MSH-0014-Chipadze,CELL_TDD,MSH-0014-Chipadze_LTE_4,4,MSH-0014-Chipadze,100%,25,623,0,0,5652,2841,6908,383,6,9,0,0,0.455
2025-09-21,MSH-0014-Chipadze,CELL_TDD,MSH-0014-Chipadze_LTE_3,3,MSH-0014-Chipadze,100%,129,657,0,0,1398,3244,7443,641,351,84,0,0,0.4262
2025-09-21,MSH-0014-Chipadze,CELL_TDD,MSH-0014-Chipadze_LTE_2,2,MSH-0014-Chipadze,100%,190,805,0,0,9048,10370,12965,3514,1150,312,0,0,0.2182
2025-09-21,MSH-0014-Chipadze,CELL_TDD,MSH-0014-Chipadze_LTE_1,1,MSH-0014-Chipadze,100%,31,736,0,0,4687,2533,7136,146,5,7,0,0,0.5245
2025-09-22,MSH0013-Bindura-Zaoga,CELL_TDD,Bindura_Zaoga_LTE_6,6,MSH0013-Bindura-Zaoga,100%,168,48,0,0,343,6247,5065,849,129,32,0,0,0.5324
2025-09-22,MSH0013-Bindura-Zaoga,CELL_TDD,Bindura_Zaoga_LTE_5,5,MSH0013-Bindura-Zaoga,100%,100,13,0,0,1511,15238,32591,6994,750,505,0,0,0.5661
2025-09-22,MSH0013-Bindura-Zaoga,CELL_TDD,Bindura_Zaoga_LTE_4,4,MSH0013-Bindura-Zaoga,100%,657,130,0,0,616,2457,17640,41172,36344,4372,0,0,0.3404
2025-09-22,MSH0013-Bindura-Zaoga,CELL_TDD,Bindura_Zaoga_LTE_3,3,MSH0013-Bindura-Zaoga,100%,31,30,0,0,1253,6115,1161,641,1,28,0,0,0.6037
2025-09-22,MSH0013-Bindura-Zaoga,CELL_TDD,Bindura_Zaoga_LTE_2,2,MSH0013-Bindura-Zaoga,100%,36,9,0,0,1359,17170,30562,7015,638,200,0,0,0.3212
2025-09-22,MSH0013-Bindura-Zaoga,CELL_TDD,Bindura_Zaoga_LTE_1,1,MSH0013-Bindura-Zaoga,100%,762,401,0,0,702,1889,14466,36216,35238,3145,0,0,0.3685
2025-09-22,MSH-0331-Chiwaridzo 2,CELL_TDD,MSH-0331-Chiwaridzo 2_LTE_6,6,MSH-0331-Chiwaridzo 2_LTE,66%,216,2363,0,0,5616,5223,7620,132,99,178,0,0,0.6394
2025-09-22,MSH-0331-Chiwaridzo 2,CELL_TDD,MSH-0331-Chiwaridzo 2_LTE_5,5,MSH-0331-Chiwaridzo 2_LTE,66%,932,2754,0,0,7264,5301,2969,3339,215,66,0,0,0.7016
2025-09-22,MSH-0331-Chiwaridzo 2,CELL_TDD,MSH-0331-Chiwaridzo 2_LTE_4,4,MSH-0331-Chiwaridzo 2_LTE,66%,1152,3212,0,0,11873,14086,8071,148,1,3,0,0,0.4202
2025-09-22,MSH-0331-Chiwaridzo 2,CELL_TDD,MSH-0331-Chiwaridzo 2_LTE_3,3,MSH-0331-Chiwaridzo 2_LTE,66%,335,4336,0,0,8165,7583,11630,114,142,63,0,0,0.5009
2025-09-22,MSH-0331-Chiwaridzo 2,CELL_TDD,MSH-0331-Chiwaridzo 2_LTE_2,2,MSH-0331-Chiwaridzo 2_LTE,66%,570,4514,0,0,10649,6909,4101,3184,75,31,0,0,0.7703
2025-09-22,MSH-0331-Chiwaridzo 2,CELL_TDD,MSH-0331-Chiwaridzo 2_LTE_1,1,MSH-0331-Chiwaridzo 2_LTE,66%,1056,4273,0,0,17098,17207,6949,94,1,3,0,0,0.0949
2025-09-22,MSH-0112-Bindura Hospital,CELL_TDD,MSH-0112-Bindura Hospital_LTE_1,1,MSH-0112-Bindura Hospital_LTE,100%,100,737,0,0,1315,3134,1935,9559,147,354,0,0,0.8549
2025-09-22,MSH-0112-Bindura Hospital,CELL_TDD,MSH-0112-Bindura Hospital_LTE_2,2,MSH-0112-Bindura Hospital_LTE,100%,9,161,0,0,1768,5265,3174,7,18,1,0,0,0.3583
2025-09-22,MSH-0112-Bindura Hospital,CELL_TDD,MSH-0112-Bindura Hospital_LTE_3,3,MSH-0112-Bindura Hospital_LTE,100%,101,1721,0,0,11276,20859,4118,3336,943,335,0,0,0.848
2025-09-22,MSH-0112-Bindura Hospital,CELL_TDD,MSH-0112-Bindura Hospital_LTE_4,4,MSH-0112-Bindura Hospital_LTE,100%,53,382,0,0,756,4721,1548,11691,232,307,0,0,0.817
2025-09-22,MSH-0112-Bindura Hospital,CELL_TDD,MSH-0112-Bindura Hospital_LTE_5,5,MSH-0112-Bindura Hospital_LTE,100%,8,261,0,0,1525,4018,4519,12,10,18,0,0,0.1406
2025-09-22,MSH-0112-Bindura Hospital,CELL_TDD,MSH-0112-Bindura Hospital_LTE_6,6,MSH-0112-Bindura Hospital_LTE,100%,51,1244,0,0,8395,15113,6672,1134,1324,539,0,0,0.7904
2025-09-22,MSH-0014-Chipadze,CELL_TDD,MSH-0014-Chipadze_LTE_6,6,MSH-0014-Chipadze,100%,11,345,0,0,1440,3443,5016,749,428,220,0,0,0.4334
2025-09-22,MSH-0014-Chipadze,CELL_TDD,MSH-0014-Chipadze_LTE_5,5,MSH-0014-Chipadze,100%,34,359,0,0,3816,6625,12688,6949,1648,308,0,0,0.3378
2025-09-22,MSH-0014-Chipadze,CELL_TDD,MSH-0014-Chipadze_LTE_4,4,MSH-0014-Chipadze,100%,59,420,0,0,4010,3635,7368,205,2,8,0,0,0.4148
2025-09-22,MSH-0014-Chipadze,CELL_TDD,MSH-0014-Chipadze_LTE_3,3,MSH-0014-Chipadze,100%,8,789,0,0,2193,4998,11333,817,472,181,0,0,0.5378
2025-09-22,MSH-0014-Chipadze,CELL_TDD,MSH-0014-Chipadze_LTE_2,2,MSH-0014-Chipadze,100%,28,451,0,0,5550,7111,14857,8663,1726,186,0,0,0.4184
2025-09-22,MSH-0014-Chipadze,CELL_TDD,MSH-0014-Chipadze_LTE_1,1,MSH-0014-Chipadze,100%,19,620,0,0,3576,3084,7569,166,2,8,0,0,0.5507
2025-09-23,MSH0013-Bindura-Zaoga,CELL_TDD,Bindura_Zaoga_LTE_6,6,MSH0013-Bindura-Zaoga,100%,153,66,0,0,1044,8523,5002,886,46,102,0,0,0.5376
2025-09-23,MSH0013-Bindura-Zaoga,CELL_TDD,Bindura_Zaoga_LTE_5,5,MSH0013-Bindura-Zaoga,100%,98,104,0,0,1550,16693,32305,6227,734,226,0,0,0.5859
2025-09-23,MSH0013-Bindura-Zaoga,CELL_TDD,Bindura_Zaoga_LTE_4,4,MSH0013-Bindura-Zaoga,100%,545,191,0,0,739,3308,16888,35200,43039,4778,0,0,0.3576
2025-09-23,MSH0013-Bindura-Zaoga,CELL_TDD,Bindura_Zaoga_LTE_3,3,MSH0013-Bindura-Zaoga,100%,64,95,0,0,841,6082,860,734,0,6,0,0,0.5639
2025-09-23,MSH0013-Bindura-Zaoga,CELL_TDD,Bindura_Zaoga_LTE_2,2,MSH0013-Bindura-Zaoga,100%,41,95,0,0,1151,16078,29106,6736,681,196,0,0,0.5461
2025-09-23,MSH0013-Bindura-Zaoga,CELL_TDD,Bindura_Zaoga_LTE_1,1,MSH0013-Bindura-Zaoga,100%,711,470,0,0,273,1908,15587,32308,40525,3131,0,0,0.3595
2025-09-23,MSH-0331-Chiwaridzo 2,CELL_TDD,MSH-0331-Chiwaridzo 2_LTE_6,6,MSH-0331-Chiwaridzo 2_LTE,41%,33,851,0,0,2342,2178,3353,31,38,45,0,0,0.8825
2025-09-23,MSH-0331-Chiwaridzo 2,CELL_TDD,MSH-0331-Chiwaridzo 2_LTE_5,5,MSH-0331-Chiwaridzo 2_LTE,41%,195,951,0,0,4136,2275,1852,1341,117,85,0,0,0.7419
2025-09-23,MSH-0331-Chiwaridzo 2,CELL_TDD,MSH-0331-Chiwaridzo 2_LTE_4,4,MSH-0331-Chiwaridzo 2_LTE,41%,58,473,0,0,4464,3030,3212,0,2,0,0,0,0.8145
2025-09-23,MSH-0331-Chiwaridzo 2,CELL_TDD,MSH-0331-Chiwaridzo 2_LTE_3,3,MSH-0331-Chiwaridzo 2_LTE,41%,82,1609,0,0,4390,4068,4713,22,37,39,0,0,0.5816
2025-09-23,MSH-0331-Chiwaridzo 2,CELL_TDD,MSH-0331-Chiwaridzo 2_LTE_2,2,MSH-0331-Chiwaridzo 2_LTE,41%,137,2217,0,0,4514,3653,2169,2219,15,9,0,0,0.6871
2025-09-23,MSH-0331-Chiwaridzo 2,CELL_TDD,MSH-0331-Chiwaridzo 2_LTE_1,1,MSH-0331-Chiwaridzo 2_LTE,41%,111,1535,0,0,7732,9480,4160,15,0,0,0,0,0.1403
2025-09-23,MSH-0112-Bindura Hospital,CELL_TDD,MSH-0112-Bindura Hospital_LTE_1,1,MSH-0112-Bindura Hospital_LTE,100%,171,757,0,0,1086,4794,1379,9806,440,244,0,0,0.8108
2025-09-23,MSH-0112-Bindura Hospital,CELL_TDD,MSH-0112-Bindura Hospital_LTE_2,2,MSH-0112-Bindura Hospital_LTE,100%,30,305,0,0,1706,7302,3319,40,34,5,0,0,0.8291
2025-09-23,MSH-0112-Bindura Hospital,CELL_TDD,MSH-0112-Bindura Hospital_LTE_3,3,MSH-0112-Bindura Hospital_LTE,100%,181,2168,0,0,9997,17793,4372,1372,969,300,0,0,0.7785
2025-09-23,MSH-0112-Bindura Hospital,CELL_TDD,MSH-0112-Bindura Hospital_LTE_4,4,MSH-0112-Bindura Hospital_LTE,100%,454,578,0,0,938,4579,1225,12061,362,289,0,0,0.7692
2025-09-23,MSH-0112-Bindura Hospital,CELL_TDD,MSH-0112-Bindura Hospital_LTE_5,5,MSH-0112-Bindura Hospital_LTE,100%,25,216,0,0,1839,4735,4621,116,27,8,0,0,0.7348
2025-09-23,MSH-0112-Bindura Hospital,CELL_TDD,MSH-0112-Bindura Hospital_LTE_6,6,MSH-0112-Bindura Hospital_LTE,100%,90,1644,0,0,8907,16905,5746,1031,1029,339,0,0,0.7322
2025-09-23,MSH-0014-Chipadze,CELL_TDD,MSH-0014-Chipadze_LTE_6,6,MSH-0014-Chipadze,100%,58,306,0,0,833,3548,4466,510,567,293,0,0,0.0243
2025-09-23,MSH-0014-Chipadze,CELL_TDD,MSH-0014-Chipadze_LTE_5,5,MSH-0014-Chipadze,100%,152,432,0,0,3713,6384,15945,13589,3222,271,0,0,0.438
2025-09-23,MSH-0014-Chipadze,CELL_TDD,MSH-0014-Chipadze_LTE_4,4,MSH-0014-Chipadze,100%,86,540,0,0,5926,2501,6944,303,1,10,0,0,0.5371
2025-09-23,MSH-0014-Chipadze,CELL_TDD,MSH-0014-Chipadze_LTE_3,3,MSH-0014-Chipadze,100%,22,425,0,0,1918,3129,18578,661,438,186,0,0,0.4411
2025-09-23,MSH-0014-Chipadze,CELL_TDD,MSH-0014-Chipadze_LTE_2,2,MSH-0014-Chipadze,100%,35,670,0,0,5165,5940,28163,13111,2193,240,0,0,0.4819
2025-09-23,MSH-0014-Chipadze,CELL_TDD,MSH-0014-Chipadze_LTE_1,1,MSH-0014-Chipadze,100%,22,460,0,0,3624,2693,7401,320,1,1,0,0,0.5634
2025-09-24,MSH0013-Bindura-Zaoga,CELL_TDD,Bindura_Zaoga_LTE_6,6,MSH0013-Bindura-Zaoga,100%,135,146,0,0,861,8768,4841,717,9,64,0,0,0.5666
2025-09-24,MSH0013-Bindura-Zaoga,CELL_TDD,Bindura_Zaoga_LTE_5,5,MSH0013-Bindura-Zaoga,100%,100,407,0,0,689,15769,30561,7088,799,355,0,0,0.551
2025-09-24,MSH0013-Bindura-Zaoga,CELL_TDD,Bindura_Zaoga_LTE_4,4,MSH0013-Bindura-Zaoga,100%,1134,480,0,0,1272,2587,13804,41334,71990,9232,0,0,0.3151
2025-09-24,MSH0013-Bindura-Zaoga,CELL_TDD,Bindura_Zaoga_LTE_3,3,MSH0013-Bindura-Zaoga,100%,30,144,0,0,1345,6205,1218,526,3,1,0,0,0.5372
2025-09-24,MSH0013-Bindura-Zaoga,CELL_TDD,Bindura_Zaoga_LTE_2,2,MSH0013-Bindura-Zaoga,100%,40,123,0,0,1246,17580,31578,8898,615,308,0,0,0.6195
2025-09-24,MSH0013-Bindura-Zaoga,CELL_TDD,Bindura_Zaoga_LTE_1,1,MSH0013-Bindura-Zaoga,100%,638,1305,0,0,478,1121,11599,28188,55554,5017,0,0,0.3938
2025-09-24,MSH-0331-Chiwaridzo 2,CELL_TDD,MSH-0331-Chiwaridzo 2_LTE_6,6,MSH-0331-Chiwaridzo 2_LTE,70%,367,3431,0,0,8680,7684,8962,204,83,190,0,0,0.3717
2025-09-24,MSH-0331-Chiwaridzo 2,CELL_TDD,MSH-0331-Chiwaridzo 2_LTE_5,5,MSH-0331-Chiwaridzo 2_LTE,70%,505,2658,0,0,10801,3794,4347,3008,160,184,0,0,0.7441
2025-09-24,MSH-0331-Chiwaridzo 2,CELL_TDD,MSH-0331-Chiwaridzo 2_LTE_4,4,MSH-0331-Chiwaridzo 2_LTE,70%,1072,6166,0,0,15257,13205,8442,82,1,6,0,0,0.4671
2025-09-24,MSH-0331-Chiwaridzo 2,CELL_TDD,MSH-0331-Chiwaridzo 2_LTE_3,3,MSH-0331-Chiwaridzo 2_LTE,70%,326,3911,0,0,6731,7564,8174,174,71,110,0,0,0.6954
2025-09-24,MSH-0331-Chiwaridzo 2,CELL_TDD,MSH-0331-Chiwaridzo 2_LTE_2,2,MSH-0331-Chiwaridzo 2_LTE,70%,293,3899,0,0,8451,3826,4849,4331,95,124,0,0,0.7708
2025-09-24,MSH-0331-Chiwaridzo 2,CELL_TDD,MSH-0331-Chiwaridzo 2_LTE_1,1,MSH-0331-Chiwaridzo 2_LTE,70%,1060,6634,0,0,22609,13173,9174,53,3,1,0,0,0.3484
2025-09-24,MSH-0112-Bindura Hospital,CELL_TDD,MSH-0112-Bindura Hospital_LTE_1,1,MSH-0112-Bindura Hospital_LTE,100%,330,725,0,0,925,4376,1960,9820,67,180,0,0,0.7569
2025-09-24,MSH-0112-Bindura Hospital,CELL_TDD,MSH-0112-Bindura Hospital_LTE_2,2,MSH-0112-Bindura Hospital_LTE,100%,14,147,0,0,1528,6820,3169,6,21,5,0,0,0.3771
2025-09-24,MSH-0112-Bindura Hospital,CELL_TDD,MSH-0112-Bindura Hospital_LTE_3,3,MSH-0112-Bindura Hospital_LTE,100%,138,2607,0,0,11813,20426,5175,1151,665,291,0,0,0.8961
2025-09-24,MSH-0112-Bindura Hospital,CELL_TDD,MSH-0112-Bindura Hospital_LTE_4,4,MSH-0112-Bindura Hospital_LTE,100%,175,483,0,0,659,4121,1119,11979,101,252,0,0,0.7728
2025-09-24,MSH-0112-Bindura Hospital,CELL_TDD,MSH-0112-Bindura Hospital_LTE_5,5,MSH-0112-Bindura Hospital_LTE,100%,16,193,0,0,2016,4855,4389,13,29,11,0,0,0.6298
2025-09-24,MSH-0112-Bindura Hospital,CELL_TDD,MSH-0112-Bindura Hospital_LTE_6,6,MSH-0112-Bindura Hospital_LTE,100%,92,1222,0,0,11344,17901,7259,905,474,508,0,0,0.7166
2025-09-24,MSH-0014-Chipadze,CELL_TDD,MSH-0014-Chipadze_LTE_6,6,MSH-0014-Chipadze,100%,35,296,0,0,1513,3647,5372,743,1004,261,0,0,0.5126
2025-09-24,MSH-0014-Chipadze,CELL_TDD,MSH-0014-Chipadze_LTE_5,5,MSH-0014-Chipadze,100%,215,532,0,0,5021,6760,14334,6518,1477,463,0,0,0.3768
2025-09-24,MSH-0014-Chipadze,CELL_TDD,MSH-0014-Chipadze_LTE_4,4,MSH-0014-Chipadze,100%,60,500,0,0,4309,2440,8236,209,5,8,0,0,0.521
2025-09-24,MSH-0014-Chipadze,CELL_TDD,MSH-0014-Chipadze_LTE_3,3,MSH-0014-Chipadze,100%,41,352,0,0,1590,3229,13358,641,189,134,0,0,0.3586
2025-09-24,MSH-0014-Chipadze,CELL_TDD,MSH-0014-Chipadze_LTE_2,2,MSH-0014-Chipadze,100%,256,315,0,0,5194,5431,20399,8059,1761,367,0,0,0.4343
2025-09-24,MSH-0014-Chipadze,CELL_TDD,MSH-0014-Chipadze_LTE_1,1,MSH-0014-Chipadze,100%,34,649,0,0,4210,2895,7747,330,4,3,0,0,0.5754
2025-09-25,MSH0013-Bindura-Zaoga,CELL_TDD,Bindura_Zaoga_LTE_6,6,MSH0013-Bindura-Zaoga,100%,147,294,0,0,859,7547,2976,1199,17,20,0,0,0.5395
2025-09-25,MSH0013-Bindura-Zaoga,CELL_TDD,Bindura_Zaoga_LTE_5,5,MSH0013-Bindura-Zaoga,100%,81,187,0,0,1142,15811,33767,7791,597,297,0,0,0.5553
2025-09-25,MSH0013-Bindura-Zaoga,CELL_TDD,Bindura_Zaoga_LTE_4,4,MSH0013-Bindura-Zaoga,100%,561,122,0,0,573,2137,14977,47559,22768,7345,0,0,0.3259
2025-09-25,MSH0013-Bindura-Zaoga,CELL_TDD,Bindura_Zaoga_LTE_3,3,MSH0013-Bindura-Zaoga,100%,66,379,0,0,900,5716,1120,683,2,11,0,0,0.5672
2025-09-25,MSH0013-Bindura-Zaoga,CELL_TDD,Bindura_Zaoga_LTE_2,2,MSH0013-Bindura-Zaoga,100%,26,153,0,0,1479,16131,34057,5391,600,213,0,0,0.6105
2025-09-25,MSH0013-Bindura-Zaoga,CELL_TDD,Bindura_Zaoga_LTE_1,1,MSH0013-Bindura-Zaoga,100%,373,317,0,0,670,1195,12155,34432,21989,6172,0,0,0.3748
2025-09-25,MSH-0331-Chiwaridzo 2,CELL_TDD,MSH-0331-Chiwaridzo 2_LTE_6,6,MSH-0331-Chiwaridzo 2_LTE,100%,379,3912,0,0,12250,10880,14667,343,48,210,0,0,0.6644
2025-09-25,MSH-0331-Chiwaridzo 2,CELL_TDD,MSH-0331-Chiwaridzo 2_LTE_5,5,MSH-0331-Chiwaridzo 2_LTE,100%,942,4042,0,0,12359,4537,5861,5087,370,108,0,0,0.3561
2025-09-25,MSH-0331-Chiwaridzo 2,CELL_TDD,MSH-0331-Chiwaridzo 2_LTE_4,4,MSH-0331-Chiwaridzo 2_LTE,100%,1478,5838,0,0,20082,17159,14028,201,6,2,0,0,0.4419
2025-09-25,MSH-0331-Chiwaridzo 2,CELL_TDD,MSH-0331-Chiwaridzo 2_LTE_3,3,MSH-0331-Chiwaridzo 2_LTE,100%,424,5857,0,0,10278,12479,13422,355,111,154,0,0,0.6201
2025-09-25,MSH-0331-Chiwaridzo 2,CELL_TDD,MSH-0331-Chiwaridzo 2_LTE_2,2,MSH-0331-Chiwaridzo 2_LTE,100%,673,6470,0,0,15335,6303,8202,5285,176,52,0,0,0.7901
2025-09-25,MSH-0331-Chiwaridzo 2,CELL_TDD,MSH-0331-Chiwaridzo 2_LTE_1,1,MSH-0331-Chiwaridzo 2_LTE,100%,1486,6799,0,0,31609,23769,13201,129,4,2,0,0,0.3591
2025-09-25,MSH-0112-Bindura Hospital,CELL_TDD,MSH-0112-Bindura Hospital_LTE_1,1,MSH-0112-Bindura Hospital_LTE,100%,141,776,0,0,1258,5523,2121,6617,223,363,0,0,0.8228
2025-09-25,MSH-0112-Bindura Hospital,CELL_TDD,MSH-0112-Bindura Hospital_LTE_2,2,MSH-0112-Bindura Hospital_LTE,100%,9,85,0,0,1527,6115,3663,55,30,6,0,0,0.8066
2025-09-25,MSH-0112-Bindura Hospital,CELL_TDD,MSH-0112-Bindura Hospital_LTE_3,3,MSH-0112-Bindura Hospital_LTE,100%,98,2231,0,0,15786,18970,5396,2054,898,301,0,0,0.8327
2025-09-25,MSH-0112-Bindura Hospital,CELL_TDD,MSH-0112-Bindura Hospital_LTE_4,4,MSH-0112-Bindura Hospital_LTE,100%,91,680,0,0,1863,5601,2286,7642,154,508,0,0,0.6905
2025-09-25,MSH-0112-Bindura Hospital,CELL_TDD,MSH-0112-Bindura Hospital_LTE_5,5,MSH-0112-Bindura Hospital_LTE,100%,18,333,0,0,1582,4483,4246,199,12,6,0,0,0.4212
2025-09-25,MSH-0112-Bindura Hospital,CELL_TDD,MSH-0112-Bindura Hospital_LTE_6,6,MSH-0112-Bindura Hospital_LTE,100%,40,1611,0,0,12960,15496,7165,733,624,320,0,0,0.7025
2025-09-25,MSH-0014-Chipadze,CELL_TDD,MSH-0014-Chipadze_LTE_6,6,MSH-0014-Chipadze,100%,39,326,0,0,1729,3091,5056,512,810,408,0,0,0.4395
2025-09-25,MSH-0014-Chipadze,CELL_TDD,MSH-0014-Chipadze_LTE_5,5,MSH-0014-Chipadze,100%,217,350,0,0,3544,8657,13870,1781,1158,328,0,0,0.4052
2025-09-25,MSH-0014-Chipadze,CELL_TDD,MSH-0014-Chipadze_LTE_4,4,MSH-0014-Chipadze,100%,50,563,0,0,3959,2454,7653,199,2,7,0,0,0.5112
2025-09-25,MSH-0014-Chipadze,CELL_TDD,MSH-0014-Chipadze_LTE_3,3,MSH-0014-Chipadze,100%,21,322,0,0,1841,3728,5725,640,246,202,0,0,0.5057
2025-09-25,MSH-0014-Chipadze,CELL_TDD,MSH-0014-Chipadze_LTE_2,2,MSH-0014-Chipadze,100%,165,353,0,0,5233,6109,7485,2754,1399,198,0,0,0.3912
2025-09-25,MSH-0014-Chipadze,CELL_TDD,MSH-0014-Chipadze_LTE_1,1,MSH-0014-Chipadze,100%,19,767,0,0,4296,3234,8054,347,3,2,0,0,0.5503
2025-09-26,MSH0013-Bindura-Zaoga,CELL_TDD,Bindura_Zaoga_LTE_6,6,MSH0013-Bindura-Zaoga,100%,138,146,0,0,638,7893,2590,939,8,15,0,0,0.529
2025-09-26,MSH0013-Bindura-Zaoga,CELL_TDD,Bindura_Zaoga_LTE_5,5,MSH0013-Bindura-Zaoga,100%,133,338,0,0,1165,16860,32462,6554,717,237,0,0,0.5314
2025-09-26,MSH0013-Bindura-Zaoga,CELL_TDD,Bindura_Zaoga_LTE_4,4,MSH0013-Bindura-Zaoga,100%,718,434,0,0,711,3244,25797,62145,43297,7870,0,0,0.3433
2025-09-26,MSH0013-Bindura-Zaoga,CELL_TDD,Bindura_Zaoga_LTE_3,3,MSH0013-Bindura-Zaoga,100%,58,225,0,0,885,5950,1047,755,5,10,0,0,0.5173
2025-09-26,MSH0013-Bindura-Zaoga,CELL_TDD,Bindura_Zaoga_LTE_2,2,MSH0013-Bindura-Zaoga,100%,86,130,0,0,681,17482,31566,7183,1046,236,0,0,0.539
2025-09-26,MSH0013-Bindura-Zaoga,CELL_TDD,Bindura_Zaoga_LTE_1,1,MSH0013-Bindura-Zaoga,100%,714,639,0,0,1459,1609,19395,53612,40719,6862,0,0,0.4045
2025-09-26,MSH-0331-Chiwaridzo 2,CELL_TDD,MSH-0331-Chiwaridzo 2_LTE_6,6,MSH-0331-Chiwaridzo 2_LTE,79%,363,2969,0,0,9280,9354,9210,184,21,321,0,0,0.2978
2025-09-26,MSH-0331-Chiwaridzo 2,CELL_TDD,MSH-0331-Chiwaridzo 2_LTE_5,5,MSH-0331-Chiwaridzo 2_LTE,79%,611,3589,0,0,8766,7540,4808,3899,213,91,0,0,0.5864
2025-09-26,MSH-0331-Chiwaridzo 2,CELL_TDD,MSH-0331-Chiwaridzo 2_LTE_4,4,MSH-0331-Chiwaridzo 2_LTE,79%,1126,4541,0,0,15486,15961,10439,27,24,1,0,0,0.4071
2025-09-26,MSH-0331-Chiwaridzo 2,CELL_TDD,MSH-0331-Chiwaridzo 2_LTE_3,3,MSH-0331-Chiwaridzo 2_LTE,79%,310,2795,0,0,7002,9090,11279,182,6,83,0,0,0.7979
2025-09-26,MSH-0331-Chiwaridzo 2,CELL_TDD,MSH-0331-Chiwaridzo 2_LTE_2,2,MSH-0331-Chiwaridzo 2_LTE,79%,329,4906,0,0,10448,6505,6262,4650,172,64,0,0,0.7566
2025-09-26,MSH-0331-Chiwaridzo 2,CELL_TDD,MSH-0331-Chiwaridzo 2_LTE_1,1,MSH-0331-Chiwaridzo 2_LTE,79%,1146,4373,0,0,34902,20297,12269,35,2,0,0,0,0.3913
2025-09-26,MSH-0112-Bindura Hospital,CELL_TDD,MSH-0112-Bindura Hospital_LTE_1,1,MSH-0112-Bindura Hospital_LTE,100%,125,572,0,0,997,5343,1788,10406,222,430,0,0,0.8326
2025-09-26,MSH-0112-Bindura Hospital,CELL_TDD,MSH-0112-Bindura Hospital_LTE_2,2,MSH-0112-Bindura Hospital_LTE,100%,5,73,0,0,1379,6068,4241,52,8,7,0,0,0.6966
2025-09-26,MSH-0112-Bindura Hospital,CELL_TDD,MSH-0112-Bindura Hospital_LTE_3,3,MSH-0112-Bindura Hospital_LTE,100%,91,2283,0,0,12852,17837,3843,1632,854,490,0,0,0.8458
2025-09-26,MSH-0112-Bindura Hospital,CELL_TDD,MSH-0112-Bindura Hospital_LTE_4,4,MSH-0112-Bindura Hospital_LTE,100%,108,670,0,0,1529,4853,1134,12008,239,338,0,0,0.7454
2025-09-26,MSH-0112-Bindura Hospital,CELL_TDD,MSH-0112-Bindura Hospital_LTE_5,5,MSH-0112-Bindura Hospital_LTE,100%,8,296,0,0,1546,4395,4789,100,23,6,0,0,0.3499
2025-09-26,MSH-0112-Bindura Hospital,CELL_TDD,MSH-0112-Bindura Hospital_LTE_6,6,MSH-0112-Bindura Hospital_LTE,100%,40,1328,0,0,9967,16509,5133,1157,851,536,0,0,0.7452
2025-09-26,MSH-0014-Chipadze,CELL_TDD,MSH-0014-Chipadze_LTE_6,6,MSH-0014-Chipadze,100%,67,334,0,0,1062,3593,5870,744,624,526,0,0,0.4534
2025-09-26,MSH-0014-Chipadze,CELL_TDD,MSH-0014-Chipadze_LTE_5,5,MSH-0014-Chipadze,100%,57,646,0,0,3826,7431,14003,9258,1870,436,0,0,0.4173
2025-09-26,MSH-0014-Chipadze,CELL_TDD,MSH-0014-Chipadze_LTE_4,4,MSH-0014-Chipadze,100%,79,616,0,0,4546,3035,9329,132,8,8,0,0,0.4508
2025-09-26,MSH-0014-Chipadze,CELL_TDD,MSH-0014-Chipadze_LTE_3,3,MSH-0014-Chipadze,100%,59,372,0,0,1322,4567,5981,1051,271,177,0,0,0.5675
2025-09-26,MSH-0014-Chipadze,CELL_TDD,MSH-0014-Chipadze_LTE_2,2,MSH-0014-Chipadze,100%,286,517,0,0,4658,6202,10515,6570,1710,303,0,0,0.4472
2025-09-26,MSH-0014-Chipadze,CELL_TDD,MSH-0014-Chipadze_LTE_1,1,MSH-0014-Chipadze,100%,40,651,0,0,4175,2660,8542,366,3,3,0,0,0.6184
2025-09-27,MSH0013-Bindura-Zaoga,CELL_TDD,Bindura_Zaoga_LTE_6,6,MSH0013-Bindura-Zaoga,100%,31,113,0,0,637,4856,5547,847,2,14,0,0,0.4377
2025-09-27,MSH0013-Bindura-Zaoga,CELL_TDD,Bindura_Zaoga_LTE_5,5,MSH0013-Bindura-Zaoga,100%,28,48,0,0,1762,11626,29944,6125,597,300,0,0,0.4619
2025-09-27,MSH0013-Bindura-Zaoga,CELL_TDD,Bindura_Zaoga_LTE_4,4,MSH0013-Bindura-Zaoga,100%,1130,210,0,0,1187,2176,20442,39486,71403,6539,0,0,0.3401
2025-09-27,MSH0013-Bindura-Zaoga,CELL_TDD,Bindura_Zaoga_LTE_3,3,MSH0013-Bindura-Zaoga,100%,15,85,0,0,1219,5315,1362,632,7,5,0,0,0.5552
2025-09-27,MSH0013-Bindura-Zaoga,CELL_TDD,Bindura_Zaoga_LTE_2,2,MSH0013-Bindura-Zaoga,100%,36,886,0,0,1810,14243,29277,6256,706,169,0,0,0.4864
2025-09-27,MSH0013-Bindura-Zaoga,CELL_TDD,Bindura_Zaoga_LTE_1,1,MSH0013-Bindura-Zaoga,100%,554,249,0,0,684,1393,16086,30539,49635,4484,0,0,0.3442
2025-09-27,MSH-0331-Chiwaridzo 2,CELL_TDD,MSH-0331-Chiwaridzo 2_LTE_6,6,MSH-0331-Chiwaridzo 2_LTE,87%,336,3936,0,0,7945,8777,8526,159,14,489,0,0,0.4812
2025-09-27,MSH-0331-Chiwaridzo 2,CELL_TDD,MSH-0331-Chiwaridzo 2_LTE_5,5,MSH-0331-Chiwaridzo 2_LTE,87%,958,2499,0,0,8653,6289,5058,3956,213,96,0,0,0.7247
2025-09-27,MSH-0331-Chiwaridzo 2,CELL_TDD,MSH-0331-Chiwaridzo 2_LTE_4,4,MSH-0331-Chiwaridzo 2_LTE,87%,1092,5394,0,0,16142,14123,10242,58,9,3,0,0,0.268
2025-09-27,MSH-0331-Chiwaridzo 2,CELL_TDD,MSH-0331-Chiwaridzo 2_LTE_3,3,MSH-0331-Chiwaridzo 2_LTE,87%,432,5404,0,0,7652,7521,10846,226,13,185,0,0,0.5274
2025-09-27,MSH-0331-Chiwaridzo 2,CELL_TDD,MSH-0331-Chiwaridzo 2_LTE_2,2,MSH-0331-Chiwaridzo 2_LTE,87%,816,6028,0,0,10625,5654,4950,4081,67,56,0,0,0.7415
2025-09-27,MSH-0331-Chiwaridzo 2,CELL_TDD,MSH-0331-Chiwaridzo 2_LTE_1,1,MSH-0331-Chiwaridzo 2_LTE,87%,1566,7276,0,0,25222,19105,9074,31,6,4,0,0,0.212
2025-09-27,MSH-0112-Bindura Hospital,CELL_TDD,MSH-0112-Bindura Hospital_LTE_1,1,MSH-0112-Bindura Hospital_LTE,100%,151,549,0,0,1077,4849,1816,5848,104,493,0,0,0.6237
2025-09-27,MSH-0112-Bindura Hospital,CELL_TDD,MSH-0112-Bindura Hospital_LTE_2,2,MSH-0112-Bindura Hospital_LTE,100%,17,107,0,0,1691,6336,4001,115,65,1,0,0,0.7936
2025-09-27,MSH-0112-Bindura Hospital,CELL_TDD,MSH-0112-Bindura Hospital_LTE_3,3,MSH-0112-Bindura Hospital_LTE,100%,239,3267,0,0,10152,17135,4271,1033,1606,300,0,0,0.6305
2025-09-27,MSH-0112-Bindura Hospital,CELL_TDD,MSH-0112-Bindura Hospital_LTE_4,4,MSH-0112-Bindura Hospital_LTE,100%,113,716,0,0,1423,5748,1207,8585,312,1049,0,0,0.5975
2025-09-27,MSH-0112-Bindura Hospital,CELL_TDD,MSH-0112-Bindura Hospital_LTE_5,5,MSH-0112-Bindura Hospital_LTE,100%,12,358,0,0,1193,3310,4730,163,27,16,0,0,0.6096
2025-09-27,MSH-0112-Bindura Hospital,CELL_TDD,MSH-0112-Bindura Hospital_LTE_6,6,MSH-0112-Bindura Hospital_LTE,100%,94,1539,0,0,9104,13915,7418,2388,672,528,0,0,0.71
2025-09-27,MSH-0014-Chipadze,CELL_TDD,MSH-0014-Chipadze_LTE_6,6,MSH-0014-Chipadze,100%,39,474,0,0,1450,2716,5013,753,703,146,0,0,0.4703
2025-09-27,MSH-0014-Chipadze,CELL_TDD,MSH-0014-Chipadze_LTE_5,5,MSH-0014-Chipadze,100%,235,727,0,0,4025,4931,11846,5521,1690,237,0,0,0.3518
2025-09-27,MSH-0014-Chipadze,CELL_TDD,MSH-0014-Chipadze_LTE_4,4,MSH-0014-Chipadze,100%,39,492,0,0,3196,2294,6853,99,5,11,0,0,0.4968
2025-09-27,MSH-0014-Chipadze,CELL_TDD,MSH-0014-Chipadze_LTE_3,3,MSH-0014-Chipadze,100%,18,403,0,0,1371,3527,4855,622,83,85,0,0,0.5584
2025-09-27,MSH-0014-Chipadze,CELL_TDD,MSH-0014-Chipadze_LTE_2,2,MSH-0014-Chipadze,100%,114,568,0,0,4543,5218,12217,4789,1455,130,0,0,0.4829
2025-09-27,MSH-0014-Chipadze,CELL_TDD,MSH-0014-Chipadze_LTE_1,1,MSH-0014-Chipadze,100%,22,563,0,0,3704,2913,5690,112,3,7,0,0,0.5325
2025-09-28,MSH0013-Bindura-Zaoga,CELL_TDD,Bindura_Zaoga_LTE_6,6,MSH0013-Bindura-Zaoga,100%,123,25,0,0,2340,5260,2466,601,3,14,0,0,0.444
2025-09-28,MSH0013-Bindura-Zaoga,CELL_TDD,Bindura_Zaoga_LTE_5,5,MSH0013-Bindura-Zaoga,100%,21,22,0,0,1984,6888,20308,6336,521,369,0,0,0.4771
2025-09-28,MSH0013-Bindura-Zaoga,CELL_TDD,Bindura_Zaoga_LTE_4,4,MSH0013-Bindura-Zaoga,100%,309,44,0,0,2115,1524,11414,30986,21872,5265,0,0,0.3409
2025-09-28,MSH0013-Bindura-Zaoga,CELL_TDD,Bindura_Zaoga_LTE_3,3,MSH0013-Bindura-Zaoga,100%,13,30,0,0,1137,5823,909,385,1,8,0,0,0.5306
2025-09-28,MSH0013-Bindura-Zaoga,CELL_TDD,Bindura_Zaoga_LTE_2,2,MSH0013-Bindura-Zaoga,100%,21,682,0,0,2226,7746,22878,5169,1034,165,0,0,0.5293
2025-09-28,MSH0013-Bindura-Zaoga,CELL_TDD,Bindura_Zaoga_LTE_1,1,MSH0013-Bindura-Zaoga,100%,194,25,0,0,872,775,11640,24121,18750,5787,0,0,0.3791
2025-09-28,MSH-0331-Chiwaridzo 2,CELL_TDD,MSH-0331-Chiwaridzo 2_LTE_6,6,MSH-0331-Chiwaridzo 2_LTE,100%,379,4996,0,0,10075,10748,11279,184,62,401,0,0,0.7367
2025-09-28,MSH-0331-Chiwaridzo 2,CELL_TDD,MSH-0331-Chiwaridzo 2_LTE_5,5,MSH-0331-Chiwaridzo 2_LTE,100%,1318,4555,0,0,10609,9070,6946,5032,1357,211,0,0,0.7802
2025-09-28,MSH-0331-Chiwaridzo 2,CELL_TDD,MSH-0331-Chiwaridzo 2_LTE_4,4,MSH-0331-Chiwaridzo 2_LTE,100%,1298,5430,0,0,16159,17721,13109,183,7,14,0,0,0.2138
2025-09-28,MSH-0331-Chiwaridzo 2,CELL_TDD,MSH-0331-Chiwaridzo 2_LTE_3,3,MSH-0331-Chiwaridzo 2_LTE,100%,323,7206,0,0,9353,10185,15567,174,43,208,0,0,0.4089
2025-09-28,MSH-0331-Chiwaridzo 2,CELL_TDD,MSH-0331-Chiwaridzo 2_LTE_2,2,MSH-0331-Chiwaridzo 2_LTE,100%,779,7944,0,0,12643,9767,6263,6302,105,178,0,0,0.8339
2025-09-28,MSH-0331-Chiwaridzo 2,CELL_TDD,MSH-0331-Chiwaridzo 2_LTE_1,1,MSH-0331-Chiwaridzo 2_LTE,100%,1400,6576,0,0,26071,24571,15279,63,5,3,0,0,0.5004
2025-09-28,MSH-0112-Bindura Hospital,CELL_TDD,MSH-0112-Bindura Hospital_LTE_1,1,MSH-0112-Bindura Hospital_LTE,100%,214,856,0,0,861,2871,1863,3721,212,591,0,0,0.638
2025-09-28,MSH-0112-Bindura Hospital,CELL_TDD,MSH-0112-Bindura Hospital_LTE_2,2,MSH-0112-Bindura Hospital_LTE,100%,316,179,0,0,1667,4689,4560,8,25,2,0,0,0.7395
2025-09-28,MSH-0112-Bindura Hospital,CELL_TDD,MSH-0112-Bindura Hospital_LTE_3,3,MSH-0112-Bindura Hospital_LTE,100%,321,2120,0,0,9141,18253,3088,1933,1867,220,0,0,0.9076
2025-09-28,MSH-0112-Bindura Hospital,CELL_TDD,MSH-0112-Bindura Hospital_LTE_4,4,MSH-0112-Bindura Hospital_LTE,100%,162,404,0,0,830,3613,1285,5024,220,799,0,0,0.6278
2025-09-28,MSH-0112-Bindura Hospital,CELL_TDD,MSH-0112-Bindura Hospital_LTE_5,5,MSH-0112-Bindura Hospital_LTE,100%,24,146,0,0,1134,3838,4116,25,45,26,0,0,0.6884
2025-09-28,MSH-0112-Bindura Hospital,CELL_TDD,MSH-0112-Bindura Hospital_LTE_6,6,MSH-0112-Bindura Hospital_LTE,100%,50,2007,0,0,6723,14311,4261,2451,632,499,0,0,0.7195
2025-09-28,MSH-0014-Chipadze,CELL_TDD,MSH-0014-Chipadze_LTE_6,6,MSH-0014-Chipadze,100%,181,260,0,0,1650,2309,4881,660,496,173,0,0,0.3204
2025-09-28,MSH-0014-Chipadze,CELL_TDD,MSH-0014-Chipadze_LTE_5,5,MSH-0014-Chipadze,100%,722,1012,0,0,3511,6926,10606,2540,1606,333,0,0,0.3854
2025-09-28,MSH-0014-Chipadze,CELL_TDD,MSH-0014-Chipadze_LTE_4,4,MSH-0014-Chipadze,100%,149,443,0,0,3502,2568,4910,399,3,6,0,0,0.4165
2025-09-28,MSH-0014-Chipadze,CELL_TDD,MSH-0014-Chipadze_LTE_3,3,MSH-0014-Chipadze,100%,9,535,0,0,1776,2933,5450,857,365,97,0,0,0.5394
2025-09-28,MSH-0014-Chipadze,CELL_TDD,MSH-0014-Chipadze_LTE_2,2,MSH-0014-Chipadze,100%,100,870,0,0,4803,6524,8460,2567,1046,217,0,0,0.458
2025-09-28,MSH-0014-Chipadze,CELL_TDD,MSH-0014-Chipadze_LTE_1,1,MSH-0014-Chipadze,100%,15,433,0,0,4160,3055,5006,267,2,4,0,0,0.4872
2025-09-29,MSH0013-Bindura-Zaoga,CELL_TDD,Bindura_Zaoga_LTE_6,6,MSH0013-Bindura-Zaoga,100%,75,67,0,0,563,5424,6202,570,9,17,0,0,0.5367
2025-09-29,MSH0013-Bindura-Zaoga,CELL_TDD,Bindura_Zaoga_LTE_5,5,MSH0013-Bindura-Zaoga,100%,284,533,0,0,1360,16946,36385,8787,1400,227,0,0,0.5586
2025-09-29,MSH0013-Bindura-Zaoga,CELL_TDD,Bindura_Zaoga_LTE_4,4,MSH0013-Bindura-Zaoga,100%,376,60,0,0,479,1758,14535,32278,18585,5717,0,0,0.3286
2025-09-29,MSH0013-Bindura-Zaoga,CELL_TDD,Bindura_Zaoga_LTE_3,3,MSH0013-Bindura-Zaoga,100%,18,46,0,0,1776,4218,813,394,2,35,0,0,0.5693
2025-09-29,MSH0013-Bindura-Zaoga,CELL_TDD,Bindura_Zaoga_LTE_2,2,MSH0013-Bindura-Zaoga,100%,85,119,0,0,1212,15206,30179,6456,2457,163,0,0,0.5923
2025-09-29,MSH0013-Bindura-Zaoga,CELL_TDD,Bindura_Zaoga_LTE_1,1,MSH0013-Bindura-Zaoga,100%,209,14,0,0,321,1129,14545,24379,15308,3913,0,0,0.4485
2025-09-29,MSH-0331-Chiwaridzo 2,CELL_TDD,MSH-0331-Chiwaridzo 2_LTE_6,6,MSH-0331-Chiwaridzo 2_LTE,100%,215,3598,0,0,8594,9000,10576,564,71,369,0,0,0.5662
2025-09-29,MSH-0331-Chiwaridzo 2,CELL_TDD,MSH-0331-Chiwaridzo 2_LTE_5,5,MSH-0331-Chiwaridzo 2_LTE,100%,748,2401,0,0,9509,8011,7357,6880,255,127,0,0,0.6784
2025-09-29,MSH-0331-Chiwaridzo 2,CELL_TDD,MSH-0331-Chiwaridzo 2_LTE_4,4,MSH-0331-Chiwaridzo 2_LTE,100%,1167,5278,0,0,12565,18371,14433,321,8,0,0,0,0.4756
2025-09-29,MSH-0331-Chiwaridzo 2,CELL_TDD,MSH-0331-Chiwaridzo 2_LTE_3,3,MSH-0331-Chiwaridzo 2_LTE,100%,350,5923,0,0,10510,10513,10783,365,64,219,0,0,0.1329
2025-09-29,MSH-0331-Chiwaridzo 2,CELL_TDD,MSH-0331-Chiwaridzo 2_LTE_2,2,MSH-0331-Chiwaridzo 2_LTE,100%,542,6885,0,0,9778,9192,6839,7722,74,85,0,0,0.7861
2025-09-29,MSH-0331-Chiwaridzo 2,CELL_TDD,MSH-0331-Chiwaridzo 2_LTE_1,1,MSH-0331-Chiwaridzo 2_LTE,100%,2993,7711,0,0,21694,25938,13729,188,11,3,0,0,0.3684
2025-09-29,MSH-0112-Bindura Hospital,CELL_TDD,MSH-0112-Bindura Hospital_LTE_1,1,MSH-0112-Bindura Hospital_LTE,100%,260,647,0,0,1152,3146,1358,4615,113,203,0,0,0.79
2025-09-29,MSH-0112-Bindura Hospital,CELL_TDD,MSH-0112-Bindura Hospital_LTE_2,2,MSH-0112-Bindura Hospital_LTE,100%,682,153,0,0,1921,4267,4767,162,44,3,0,0,0.8158
2025-09-29,MSH-0112-Bindura Hospital,CELL_TDD,MSH-0112-Bindura Hospital_LTE_3,3,MSH-0112-Bindura Hospital_LTE,100%,403,3124,0,0,8571,15329,2798,2067,1814,272,0,0,0.7828
2025-09-29,MSH-0112-Bindura Hospital,CELL_TDD,MSH-0112-Bindura Hospital_LTE_4,4,MSH-0112-Bindura Hospital_LTE,100%,194,561,0,0,1009,3017,1437,5928,220,492,0,0,0.6773
2025-09-29,MSH-0112-Bindura Hospital,CELL_TDD,MSH-0112-Bindura Hospital_LTE_5,5,MSH-0112-Bindura Hospital_LTE,100%,298,152,0,0,1525,3295,4798,322,21,6,0,0,0.7745
2025-09-29,MSH-0112-Bindura Hospital,CELL_TDD,MSH-0112-Bindura Hospital_LTE_6,6,MSH-0112-Bindura Hospital_LTE,100%,307,899,0,0,6743,13497,4255,2470,827,328,0,0,0.0255
2025-09-29,MSH-0014-Chipadze,CELL_TDD,MSH-0014-Chipadze_LTE_6,6,MSH-0014-Chipadze,100%,61,197,0,0,1189,2746,6036,729,587,164,0,0,0.4555
2025-09-29,MSH-0014-Chipadze,CELL_TDD,MSH-0014-Chipadze_LTE_5,5,MSH-0014-Chipadze,100%,137,412,0,0,2854,4915,7636,1890,1366,389,0,0,0.3173
2025-09-29,MSH-0014-Chipadze,CELL_TDD,MSH-0014-Chipadze_LTE_4,4,MSH-0014-Chipadze,100%,59,457,0,0,3711,2444,6779,85,4,4,0,0,0.5853
2025-09-29,MSH-0014-Chipadze,CELL_TDD,MSH-0014-Chipadze_LTE_3,3,MSH-0014-Chipadze,100%,14,423,0,0,1395,2606,3651,773,281,83,0,0,0.5632
2025-09-29,MSH-0014-Chipadze,CELL_TDD,MSH-0014-Chipadze_LTE_2,2,MSH-0014-Chipadze,100%,243,411,0,0,4347,4775,6617,2374,1087,208,0,0,0.4063
2025-09-29,MSH-0014-Chipadze,CELL_TDD,MSH-0014-Chipadze_LTE_1,1,MSH-0014-Chipadze,100%,20,717,0,0,3542,2757,6478,126,2,3,0,0,0.6978
2025-09-30,MSH0013-Bindura-Zaoga,CELL_TDD,Bindura_Zaoga_LTE_6,6,MSH0013-Bindura-Zaoga,100%,126,39,0,0,724,6268,4317,869,85,41,0,0,0.5067
2025-09-30,MSH0013-Bindura-Zaoga,CELL_TDD,Bindura_Zaoga_LTE_5,5,MSH0013-Bindura-Zaoga,100%,133,318,0,0,1270,20277,36136,10094,510,543,0,0,0.5018
2025-09-30,MSH0013-Bindura-Zaoga,CELL_TDD,Bindura_Zaoga_LTE_4,4,MSH0013-Bindura-Zaoga,100%,1361,135,0,0,1193,5561,33265,104431,33340,8880,0,0,0.3355
2025-09-30,MSH0013-Bindura-Zaoga,CELL_TDD,Bindura_Zaoga_LTE_3,3,MSH0013-Bindura-Zaoga,100%,52,465,0,0,2071,4714,1339,538,15,14,0,0,0.5546
2025-09-30,MSH0013-Bindura-Zaoga,CELL_TDD,Bindura_Zaoga_LTE_2,2,MSH0013-Bindura-Zaoga,100%,43,258,0,0,1205,15551,31122,7740,821,203,0,0,0.3264
2025-09-30,MSH0013-Bindura-Zaoga,CELL_TDD,Bindura_Zaoga_LTE_1,1,MSH0013-Bindura-Zaoga,100%,493,48,0,0,1253,2278,24385,65630,22482,5993,0,0,0.062
2025-09-30,MSH-0331-Chiwaridzo 2,CELL_TDD,MSH-0331-Chiwaridzo 2_LTE_6,6,MSH-0331-Chiwaridzo 2_LTE,100%,285,4814,0,0,9699,11648,12151,145,185,263,0,0,0.7576
2025-09-30,MSH-0331-Chiwaridzo 2,CELL_TDD,MSH-0331-Chiwaridzo 2_LTE_5,5,MSH-0331-Chiwaridzo 2_LTE,100%,1216,3551,0,0,12099,6692,4339,4949,275,134,0,0,0.536
2025-09-30,MSH-0331-Chiwaridzo 2,CELL_TDD,MSH-0331-Chiwaridzo 2_LTE_4,4,MSH-0331-Chiwaridzo 2_LTE,100%,1860,4827,0,0,17846,20755,12234,71,8,0,0,0,0.2204
2025-09-30,MSH-0331-Chiwaridzo 2,CELL_TDD,MSH-0331-Chiwaridzo 2_LTE_3,3,MSH-0331-Chiwaridzo 2_LTE,100%,341,6164,0,0,9045,10846,14507,121,164,115,0,0,0.6651
2025-09-30,MSH-0331-Chiwaridzo 2,CELL_TDD,MSH-0331-Chiwaridzo 2_LTE_2,2,MSH-0331-Chiwaridzo 2_LTE,100%,377,6456,0,0,12254,6770,4928,6422,80,91,0,0,0.7733
2025-09-30,MSH-0331-Chiwaridzo 2,CELL_TDD,MSH-0331-Chiwaridzo 2_LTE_1,1,MSH-0331-Chiwaridzo 2_LTE,100%,2375,7285,0,0,24817,20742,13243,94,4,1,0,0,0.2249
2025-09-30,MSH-0112-Bindura Hospital,CELL_TDD,MSH-0112-Bindura Hospital_LTE_1,1,MSH-0112-Bindura Hospital_LTE,100%,258,763,0,0,2557,3244,1717,7956,148,526,0,0,0.8005
2025-09-30,MSH-0112-Bindura Hospital,CELL_TDD,MSH-0112-Bindura Hospital_LTE_2,2,MSH-0112-Bindura Hospital_LTE,100%,877,125,0,0,4259,5890,4726,25,55,5,0,0,0.8742
2025-09-30,MSH-0112-Bindura Hospital,CELL_TDD,MSH-0112-Bindura Hospital_LTE_3,3,MSH-0112-Bindura Hospital_LTE,100%,617,2663,0,0,12001,19406,3563,1758,502,280,0,0,0.8385
2025-09-30,MSH-0112-Bindura Hospital,CELL_TDD,MSH-0112-Bindura Hospital_LTE_4,4,MSH-0112-Bindura Hospital_LTE,100%,98,533,0,0,926,4159,972,9104,280,540,0,0,0.6442
2025-09-30,MSH-0112-Bindura Hospital,CELL_TDD,MSH-0112-Bindura Hospital_LTE_5,5,MSH-0112-Bindura Hospital_LTE,100%,71,219,0,0,1649,4298,4404,34,57,10,0,0,0.6561
2025-09-30,MSH-0112-Bindura Hospital,CELL_TDD,MSH-0112-Bindura Hospital_LTE_6,6,MSH-0112-Bindura Hospital_LTE,100%,165,961,0,0,7671,14623,5719,1338,2002,456,0,0,0.3318
2025-09-30,MSH-0014-Chipadze,CELL_TDD,MSH-0014-Chipadze_LTE_6,6,MSH-0014-Chipadze,100%,46,361,0,0,1421,4910,7200,999,721,158,0,0,0.4727
2025-09-30,MSH-0014-Chipadze,CELL_TDD,MSH-0014-Chipadze_LTE_5,5,MSH-0014-Chipadze,100%,262,558,0,0,3515,7099,8450,1871,1371,285,0,0,0.3395
2025-09-30,MSH-0014-Chipadze,CELL_TDD,MSH-0014-Chipadze_LTE_4,4,MSH-0014-Chipadze,100%,119,899,0,0,4723,3845,7566,173,8,8,0,0,0.5521
2025-09-30,MSH-0014-Chipadze,CELL_TDD,MSH-0014-Chipadze_LTE_3,3,MSH-0014-Chipadze,100%,13,638,0,0,1865,3365,5162,740,210,62,0,0,0.39
2025-09-30,MSH-0014-Chipadze,CELL_TDD,MSH-0014-Chipadze_LTE_2,2,MSH-0014-Chipadze,100%,15,356,0,0,4684,5953,9584,1808,2496,211,0,0,0.3357
2025-09-30,MSH-0014-Chipadze,CELL_TDD,MSH-0014-Chipadze_LTE_1,1,MSH-0014-Chipadze,100%,29,775,0,0,4101,2851,7548,73,0,52,0,0,0.5815
2025-10-01,MSH0013-Bindura-Zaoga,CELL_TDD,Bindura_Zaoga_LTE_6,6,MSH0013-Bindura-Zaoga,100%,68,25,0,0,1131,7185,4471,828,6,38,0,0,0.5975
2025-10-01,MSH0013-Bindura-Zaoga,CELL_TDD,Bindura_Zaoga_LTE_5,5,MSH0013-Bindura-Zaoga,100%,51,172,0,0,1518,16651,31959,7035,660,227,0,0,0.5019
2025-10-01,MSH0013-Bindura-Zaoga,CELL_TDD,Bindura_Zaoga_LTE_4,4,MSH0013-Bindura-Zaoga,100%,340,54,0,0,545,2200,12987,29496,21798,3137,0,0,0.2562
2025-10-01,MSH0013-Bindura-Zaoga,CELL_TDD,Bindura_Zaoga_LTE_3,3,MSH0013-Bindura-Zaoga,100%,28,23,0,0,1407,5711,1374,553,0,7,0,0,0.5611
2025-10-01,MSH0013-Bindura-Zaoga,CELL_TDD,Bindura_Zaoga_LTE_2,2,MSH0013-Bindura-Zaoga,100%,24,342,0,0,1789,17680,33006,7189,2170,103,0,0,0.5879
2025-10-01,MSH0013-Bindura-Zaoga,CELL_TDD,Bindura_Zaoga_LTE_1,1,MSH0013-Bindura-Zaoga,100%,154,30,0,0,1141,766,9170,19662,19479,3849,0,0,0.2995
2025-10-01,MSH-0331-Chiwaridzo 2,CELL_TDD,MSH-0331-Chiwaridzo 2_LTE_6,6,MSH-0331-Chiwaridzo 2_LTE,100%,420,3979,0,0,9606,9738,11516,95,156,209,0,0,0.7462
2025-10-01,MSH-0331-Chiwaridzo 2,CELL_TDD,MSH-0331-Chiwaridzo 2_LTE_5,5,MSH-0331-Chiwaridzo 2_LTE,100%,1348,5015,0,0,12642,5798,5526,5589,295,167,0,0,0.6775
2025-10-01,MSH-0331-Chiwaridzo 2,CELL_TDD,MSH-0331-Chiwaridzo 2_LTE_4,4,MSH-0331-Chiwaridzo 2_LTE,100%,1678,6032,0,0,22258,19803,11555,44,0,2,0,0,0.2652
2025-10-01,MSH-0331-Chiwaridzo 2,CELL_TDD,MSH-0331-Chiwaridzo 2_LTE_3,3,MSH-0331-Chiwaridzo 2_LTE,100%,453,7392,0,0,8443,11577,11232,118,235,206,0,0,0.4497
2025-10-01,MSH-0331-Chiwaridzo 2,CELL_TDD,MSH-0331-Chiwaridzo 2_LTE_2,2,MSH-0331-Chiwaridzo 2_LTE,100%,655,8304,0,0,13886,6143,5734,7560,100,111,0,0,0.7934
2025-10-01,MSH-0331-Chiwaridzo 2,CELL_TDD,MSH-0331-Chiwaridzo 2_LTE_1,1,MSH-0331-Chiwaridzo 2_LTE,100%,2135,7724,0,0,32659,25552,13916,64,4,10,0,0,0.3585
2025-10-01,MSH-0112-Bindura Hospital,CELL_TDD,MSH-0112-Bindura Hospital_LTE_1,1,MSH-0112-Bindura Hospital_LTE,100%,150,447,0,0,891,3690,944,6492,107,637,0,0,0.6684
2025-10-01,MSH-0112-Bindura Hospital,CELL_TDD,MSH-0112-Bindura Hospital_LTE_2,2,MSH-0112-Bindura Hospital_LTE,100%,905,134,0,0,3185,7371,5400,3,34,13,0,0,0.8399
2025-10-01,MSH-0112-Bindura Hospital,CELL_TDD,MSH-0112-Bindura Hospital_LTE_3,3,MSH-0112-Bindura Hospital_LTE,100%,961,3174,0,0,13759,17666,3803,2568,1497,228,0,0,0.8518
2025-10-01,MSH-0112-Bindura Hospital,CELL_TDD,MSH-0112-Bindura Hospital_LTE_4,4,MSH-0112-Bindura Hospital_LTE,100%,143,772,0,0,875,4439,953,7143,249,365,0,0,0.6232
2025-10-01,MSH-0112-Bindura Hospital,CELL_TDD,MSH-0112-Bindura Hospital_LTE_5,5,MSH-0112-Bindura Hospital_LTE,100%,172,528,0,0,1495,6062,4059,8,54,8,0,0,0.7302
2025-10-01,MSH-0112-Bindura Hospital,CELL_TDD,MSH-0112-Bindura Hospital_LTE_6,6,MSH-0112-Bindura Hospital_LTE,100%,234,991,0,0,8060,16204,6174,1778,628,434,0,0,0.7289
2025-10-01,MSH-0014-Chipadze,CELL_TDD,MSH-0014-Chipadze_LTE_6,6,MSH-0014-Chipadze,100%,26,290,0,0,2171,4699,7719,989,552,218,0,0,0.4117
2025-10-01,MSH-0014-Chipadze,CELL_TDD,MSH-0014-Chipadze_LTE_5,5,MSH-0014-Chipadze,100%,551,442,0,0,5256,11055,12194,2838,2779,497,0,0,0.3306
2025-10-01,MSH-0014-Chipadze,CELL_TDD,MSH-0014-Chipadze_LTE_4,4,MSH-0014-Chipadze,100%,96,895,0,0,6692,5084,10560,135,4,8,0,0,0.6375
2025-10-01,MSH-0014-Chipadze,CELL_TDD,MSH-0014-Chipadze_LTE_3,3,MSH-0014-Chipadze,100%,51,759,0,0,2827,5158,10119,953,101,163,0,0,0.5669
2025-10-01,MSH-0014-Chipadze,CELL_TDD,MSH-0014-Chipadze_LTE_2,2,MSH-0014-Chipadze,100%,445,1466,0,0,8797,8234,11448,2301,1661,324,0,0,0.4031
2025-10-01,MSH-0014-Chipadze,CELL_TDD,MSH-0014-Chipadze_LTE_1,1,MSH-0014-Chipadze,100%,73,1202,0,0,7394,4876,10787,128,13,8,0,0,0.7515
2025-10-02,MSH0013-Bindura-Zaoga,CELL_TDD,Bindura_Zaoga_LTE_6,6,MSH0013-Bindura-Zaoga,100%,179,40,0,0,539,5807,4246,934,0,69,0,0,0.4677
2025-10-02,MSH0013-Bindura-Zaoga,CELL_TDD,Bindura_Zaoga_LTE_5,5,MSH0013-Bindura-Zaoga,100%,159,75,0,0,1742,18173,36960,6409,610,723,0,0,0.5182
2025-10-02,MSH0013-Bindura-Zaoga,CELL_TDD,Bindura_Zaoga_LTE_4,4,MSH0013-Bindura-Zaoga,100%,412,59,0,0,1293,3398,12111,31420,20209,3613,0,0,0.2253
2025-10-02,MSH0013-Bindura-Zaoga,CELL_TDD,Bindura_Zaoga_LTE_3,3,MSH0013-Bindura-Zaoga,100%,69,23,0,0,1763,5328,959,524,9,1,0,0,0.5117
2025-10-02,MSH0013-Bindura-Zaoga,CELL_TDD,Bindura_Zaoga_LTE_2,2,MSH0013-Bindura-Zaoga,100%,39,440,0,0,1109,18302,34225,5215,860,161,0,0,0.2996
2025-10-02,MSH0013-Bindura-Zaoga,CELL_TDD,Bindura_Zaoga_LTE_1,1,MSH0013-Bindura-Zaoga,100%,273,22,0,0,1166,1117,12673,31539,18408,4368,0,0,0.2856
2025-10-02,MSH-0331-Chiwaridzo 2,CELL_TDD,MSH-0331-Chiwaridzo 2_LTE_6,6,MSH-0331-Chiwaridzo 2_LTE,100%,293,3702,0,0,8176,8982,11106,80,165,223,0,0,0.7743
2025-10-02,MSH-0331-Chiwaridzo 2,CELL_TDD,MSH-0331-Chiwaridzo 2_LTE_5,5,MSH-0331-Chiwaridzo 2_LTE,100%,766,2863,0,0,12147,6040,4052,5043,152,175,0,0,0.7759
2025-10-02,MSH-0331-Chiwaridzo 2,CELL_TDD,MSH-0331-Chiwaridzo 2_LTE_4,4,MSH-0331-Chiwaridzo 2_LTE,100%,1507,5185,0,0,18555,25970,11545,72,1,11,0,0,0.2895
2025-10-02,MSH-0331-Chiwaridzo 2,CELL_TDD,MSH-0331-Chiwaridzo 2_LTE_3,3,MSH-0331-Chiwaridzo 2_LTE,100%,479,7198,0,0,9321,9896,14930,85,272,140,0,0,0.5981
2025-10-02,MSH-0331-Chiwaridzo 2,CELL_TDD,MSH-0331-Chiwaridzo 2_LTE_2,2,MSH-0331-Chiwaridzo 2_LTE,100%,504,8086,0,0,13703,6577,4695,5791,21,65,0,0,0.8271
2025-10-02,MSH-0331-Chiwaridzo 2,CELL_TDD,MSH-0331-Chiwaridzo 2_LTE_1,1,MSH-0331-Chiwaridzo 2_LTE,100%,2108,7389,0,0,41922,25834,17165,69,1,3,0,0,0.1189
2025-10-02,MSH-0112-Bindura Hospital,CELL_TDD,MSH-0112-Bindura Hospital_LTE_1,1,MSH-0112-Bindura Hospital_LTE,100%,165,705,0,0,1017,3650,954,11439,150,695,0,0,0.7071
2025-10-02,MSH-0112-Bindura Hospital,CELL_TDD,MSH-0112-Bindura Hospital_LTE_2,2,MSH-0112-Bindura Hospital_LTE,100%,636,142,0,0,1986,5103,5857,34,59,5,0,0,0.8784
2025-10-02,MSH-0112-Bindura Hospital,CELL_TDD,MSH-0112-Bindura Hospital_LTE_3,3,MSH-0112-Bindura Hospital_LTE,100%,720,1817,0,0,18802,19638,5162,1778,2394,200,0,0,0.8938
2025-10-02,MSH-0112-Bindura Hospital,CELL_TDD,MSH-0112-Bindura Hospital_LTE_4,4,MSH-0112-Bindura Hospital_LTE,100%,175,491,0,0,666,4444,933,11357,341,447,0,0,0.8333
2025-10-02,MSH-0112-Bindura Hospital,CELL_TDD,MSH-0112-Bindura Hospital_LTE_5,5,MSH-0112-Bindura Hospital_LTE,100%,433,123,0,0,1202,4715,4831,114,23,7,0,0,0.7354
2025-10-02,MSH-0112-Bindura Hospital,CELL_TDD,MSH-0112-Bindura Hospital_LTE_6,6,MSH-0112-Bindura Hospital_LTE,100%,430,772,0,0,12073,15530,6380,1589,546,421,0,0,0.7284
2025-10-02,MSH-0014-Chipadze,CELL_TDD,MSH-0014-Chipadze_LTE_6,6,MSH-0014-Chipadze,100%,121,562,0,0,5216,7332,9127,1237,553,210,0,0,0.4982
2025-10-02,MSH-0014-Chipadze,CELL_TDD,MSH-0014-Chipadze_LTE_5,5,MSH-0014-Chipadze,100%,443,878,0,0,5974,9424,16930,2108,3098,368,0,0,0.3988
2025-10-02,MSH-0014-Chipadze,CELL_TDD,MSH-0014-Chipadze_LTE_4,4,MSH-0014-Chipadze,100%,148,637,0,0,5754,6391,11300,320,29,13,0,0,0.606
2025-10-02,MSH-0014-Chipadze,CELL_TDD,MSH-0014-Chipadze_LTE_3,3,MSH-0014-Chipadze,100%,212,892,0,0,2885,8003,13169,2055,182,137,0,0,0.7088
2025-10-02,MSH-0014-Chipadze,CELL_TDD,MSH-0014-Chipadze_LTE_2,2,MSH-0014-Chipadze,100%,202,3262,0,0,11374,9283,14208,2638,2316,291,0,0,0.4977
2025-10-02,MSH-0014-Chipadze,CELL_TDD,MSH-0014-Chipadze_LTE_1,1,MSH-0014-Chipadze,100%,29,1801,0,0,9371,6413,11625,254,21,8,0,0,0.7678
2025-10-03,MSH0013-Bindura-Zaoga,CELL_TDD,Bindura_Zaoga_LTE_6,6,MSH0013-Bindura-Zaoga,100%,130,33,0,0,600,5134,9173,797,3,69,0,0,0.5161
2025-10-03,MSH0013-Bindura-Zaoga,CELL_TDD,Bindura_Zaoga_LTE_5,5,MSH0013-Bindura-Zaoga,100%,59,40,0,0,1667,19250,38038,9328,720,212,0,0,0.4769
2025-10-03,MSH0013-Bindura-Zaoga,CELL_TDD,Bindura_Zaoga_LTE_4,4,MSH0013-Bindura-Zaoga,100%,505,79,0,0,1632,3507,14977,38648,27284,3293,0,0,0.3498
2025-10-03,MSH0013-Bindura-Zaoga,CELL_TDD,Bindura_Zaoga_LTE_3,3,MSH0013-Bindura-Zaoga,100%,40,74,0,0,1918,4609,780,561,6,6,0,0,0.5375
2025-10-03,MSH0013-Bindura-Zaoga,CELL_TDD,Bindura_Zaoga_LTE_2,2,MSH0013-Bindura-Zaoga,100%,80,459,0,0,864,16052,32619,4663,1450,200,0,0,0.2646
2025-10-03,MSH0013-Bindura-Zaoga,CELL_TDD,Bindura_Zaoga_LTE_1,1,MSH0013-Bindura-Zaoga,100%,273,53,0,0,706,1966,12304,26991,17117,3071,0,0,0.3744
2025-10-03,MSH-0331-Chiwaridzo 2,CELL_TDD,MSH-0331-Chiwaridzo 2_LTE_6,6,MSH-0331-Chiwaridzo 2_LTE,100%,243,4812,0,0,8953,9719,14034,107,163,400,0,0,0.1889
2025-10-03,MSH-0331-Chiwaridzo 2,CELL_TDD,MSH-0331-Chiwaridzo 2_LTE_5,5,MSH-0331-Chiwaridzo 2_LTE,100%,858,4311,0,0,13915,4800,5363,4921,336,141,0,0,0.6177
2025-10-03,MSH-0331-Chiwaridzo 2,CELL_TDD,MSH-0331-Chiwaridzo 2_LTE_4,4,MSH-0331-Chiwaridzo 2_LTE,100%,2016,7169,0,0,21948,29046,11363,162,3,3,0,0,0.2504
2025-10-03,MSH-0331-Chiwaridzo 2,CELL_TDD,MSH-0331-Chiwaridzo 2_LTE_3,3,MSH-0331-Chiwaridzo 2_LTE,100%,241,6970,0,0,8453,11705,12555,108,298,385,0,0,0.8028
2025-10-03,MSH-0331-Chiwaridzo 2,CELL_TDD,MSH-0331-Chiwaridzo 2_LTE_2,2,MSH-0331-Chiwaridzo 2_LTE,100%,441,6964,0,0,11829,6124,5464,6385,72,90,0,0,0.6853
2025-10-03,MSH-0331-Chiwaridzo 2,CELL_TDD,MSH-0331-Chiwaridzo 2_LTE_1,1,MSH-0331-Chiwaridzo 2_LTE,100%,1980,6789,0,0,35862,24810,13235,152,2,5,0,0,0.1031
2025-10-03,MSH-0112-Bindura Hospital,CELL_TDD,MSH-0112-Bindura Hospital_LTE_1,1,MSH-0112-Bindura Hospital_LTE,100%,286,1372,0,0,1384,4782,1633,6998,350,692,0,0,0.8345
2025-10-03,MSH-0112-Bindura Hospital,CELL_TDD,MSH-0112-Bindura Hospital_LTE_2,2,MSH-0112-Bindura Hospital_LTE,100%,293,161,0,0,2570,6603,4844,73,26,3,0,0,0.8804
2025-10-03,MSH-0112-Bindura Hospital,CELL_TDD,MSH-0112-Bindura Hospital_LTE_3,3,MSH-0112-Bindura Hospital_LTE,100%,270,2199,0,0,15760,17613,4204,1512,2191,313,0,0,0.6467
2025-10-03,MSH-0112-Bindura Hospital,CELL_TDD,MSH-0112-Bindura Hospital_LTE_4,4,MSH-0112-Bindura Hospital_LTE,100%,694,593,0,0,858,5426,1504,8792,378,618,0,0,0.624
2025-10-03,MSH-0112-Bindura Hospital,CELL_TDD,MSH-0112-Bindura Hospital_LTE_5,5,MSH-0112-Bindura Hospital_LTE,100%,191,211,0,0,2037,5628,4416,47,9,5,0,0,0.7317
2025-10-03,MSH-0112-Bindura Hospital,CELL_TDD,MSH-0112-Bindura Hospital_LTE_6,6,MSH-0112-Bindura Hospital_LTE,100%,281,967,0,0,11983,14631,4738,1066,1786,439,0,0,0.7621
2025-10-03,MSH-0014-Chipadze,CELL_TDD,MSH-0014-Chipadze_LTE_6,6,MSH-0014-Chipadze,100%,78,466,0,0,3939,7488,7397,1004,256,232,0,0,0.5356
2025-10-03,MSH-0014-Chipadze,CELL_TDD,MSH-0014-Chipadze_LTE_5,5,MSH-0014-Chipadze,100%,625,1630,0,0,6570,8346,12246,2281,2238,290,0,0,0.3896
2025-10-03,MSH-0014-Chipadze,CELL_TDD,MSH-0014-Chipadze_LTE_4,4,MSH-0014-Chipadze,100%,87,854,0,0,5596,4114,13734,274,3,5,0,0,0.6564
2025-10-03,MSH-0014-Chipadze,CELL_TDD,MSH-0014-Chipadze_LTE_3,3,MSH-0014-Chipadze,100%,44,664,0,0,2202,8484,12188,1446,309,115,0,0,0.6585
2025-10-03,MSH-0014-Chipadze,CELL_TDD,MSH-0014-Chipadze_LTE_2,2,MSH-0014-Chipadze,100%,132,1463,0,0,12155,8017,12564,2818,2547,232,0,0,0.5048
2025-10-03,MSH-0014-Chipadze,CELL_TDD,MSH-0014-Chipadze_LTE_1,1,MSH-0014-Chipadze,100%,105,979,0,0,9534,7993,10065,172,3,3,0,0,0.806
2025-10-04,MSH0013-Bindura-Zaoga,CELL_TDD,Bindura_Zaoga_LTE_6,6,MSH0013-Bindura-Zaoga,100%,58,13,0,0,892,5790,3735,1232,4,11,0,0,0.5073
2025-10-04,MSH0013-Bindura-Zaoga,CELL_TDD,Bindura_Zaoga_LTE_5,5,MSH0013-Bindura-Zaoga,100%,31,12,0,0,1985,12655,32603,5147,793,335,0,0,0.3314
2025-10-04,MSH0013-Bindura-Zaoga,CELL_TDD,Bindura_Zaoga_LTE_4,4,MSH0013-Bindura-Zaoga,100%,298,55,0,0,784,1789,12114,29332,22870,6967,0,0,0.3769
2025-10-04,MSH0013-Bindura-Zaoga,CELL_TDD,Bindura_Zaoga_LTE_3,3,MSH0013-Bindura-Zaoga,100%,34,76,0,0,1121,4951,819,648,1,5,0,0,0.5021
2025-10-04,MSH0013-Bindura-Zaoga,CELL_TDD,Bindura_Zaoga_LTE_2,2,MSH0013-Bindura-Zaoga,100%,23,35,0,0,1255,11740,30105,4594,1351,272,0,0,0.3273
2025-10-04,MSH0013-Bindura-Zaoga,CELL_TDD,Bindura_Zaoga_LTE_1,1,MSH0013-Bindura-Zaoga,100%,266,28,0,0,1147,1173,11966,28564,21536,6503,0,0,0.4022
2025-10-04,MSH-0331-Chiwaridzo 2,CELL_TDD,MSH-0331-Chiwaridzo 2_LTE_6,6,MSH-0331-Chiwaridzo 2_LTE,100%,273,4849,0,0,9784,13796,10947,347,167,290,0,0,0.1135
2025-10-04,MSH-0331-Chiwaridzo 2,CELL_TDD,MSH-0331-Chiwaridzo 2_LTE_5,5,MSH-0331-Chiwaridzo 2_LTE,100%,861,4474,0,0,11240,6848,7702,5172,1075,193,0,0,0.5685
2025-10-04,MSH-0331-Chiwaridzo 2,CELL_TDD,MSH-0331-Chiwaridzo 2_LTE_4,4,MSH-0331-Chiwaridzo 2_LTE,100%,1188,4986,0,0,19677,19782,12312,95,1,6,0,0,0.1594
2025-10-04,MSH-0331-Chiwaridzo 2,CELL_TDD,MSH-0331-Chiwaridzo 2_LTE_3,3,MSH-0331-Chiwaridzo 2_LTE,100%,540,7375,0,0,10647,14010,13890,342,266,135,0,0,0.6495
2025-10-04,MSH-0331-Chiwaridzo 2,CELL_TDD,MSH-0331-Chiwaridzo 2_LTE_2,2,MSH-0331-Chiwaridzo 2_LTE,100%,686,8718,0,0,14242,6701,6796,6819,253,146,0,0,0.6363
2025-10-04,MSH-0331-Chiwaridzo 2,CELL_TDD,MSH-0331-Chiwaridzo 2_LTE_1,1,MSH-0331-Chiwaridzo 2_LTE,100%,2057,7160,0,0,31827,23706,13833,78,6,5,0,0,0.2011
2025-10-04,MSH-0112-Bindura Hospital,CELL_TDD,MSH-0112-Bindura Hospital_LTE_1,1,MSH-0112-Bindura Hospital_LTE,100%,230,894,0,0,1487,4893,1792,10596,243,592,0,0,0.8234
2025-10-04,MSH-0112-Bindura Hospital,CELL_TDD,MSH-0112-Bindura Hospital_LTE_2,2,MSH-0112-Bindura Hospital_LTE,100%,17,81,0,0,3362,7994,4763,493,183,0,0,0,0.8552
2025-10-04,MSH-0112-Bindura Hospital,CELL_TDD,MSH-0112-Bindura Hospital_LTE_3,3,MSH-0112-Bindura Hospital_LTE,100%,128,1422,0,0,15215,16781,3818,1573,958,427,0,0,0.8688
2025-10-04,MSH-0112-Bindura Hospital,CELL_TDD,MSH-0112-Bindura Hospital_LTE_4,4,MSH-0112-Bindura Hospital_LTE,100%,436,686,0,0,1118,7595,1640,12241,300,374,0,0,0.7384
2025-10-04,MSH-0112-Bindura Hospital,CELL_TDD,MSH-0112-Bindura Hospital_LTE_5,5,MSH-0112-Bindura Hospital_LTE,100%,21,140,0,0,2298,5145,4389,119,29,4,0,0,0.7058
2025-10-04,MSH-0112-Bindura Hospital,CELL_TDD,MSH-0112-Bindura Hospital_LTE_6,6,MSH-0112-Bindura Hospital_LTE,100%,51,1094,0,0,9568,13892,2773,995,1464,742,0,0,0.7241
2025-10-04,MSH-0014-Chipadze,CELL_TDD,MSH-0014-Chipadze_LTE_6,6,MSH-0014-Chipadze,100%,61,693,0,0,4192,6935,6825,1844,1174,184,0,0,0.5534
2025-10-04,MSH-0014-Chipadze,CELL_TDD,MSH-0014-Chipadze_LTE_5,5,MSH-0014-Chipadze,100%,269,557,0,0,6849,10175,13750,3567,2294,368,0,0,0.4201
2025-10-04,MSH-0014-Chipadze,CELL_TDD,MSH-0014-Chipadze_LTE_4,4,MSH-0014-Chipadze,100%,128,1231,0,0,11971,5187,12785,308,3,4,0,0,0.7292
2025-10-04,MSH-0014-Chipadze,CELL_TDD,MSH-0014-Chipadze_LTE_3,3,MSH-0014-Chipadze,100%,47,1267,0,0,2889,8578,12050,2783,1252,118,0,0,0.6505
2025-10-04,MSH-0014-Chipadze,CELL_TDD,MSH-0014-Chipadze_LTE_2,2,MSH-0014-Chipadze,100%,26,1518,0,0,12096,9477,14374,3457,2058,278,0,0,0.5029
2025-10-04,MSH-0014-Chipadze,CELL_TDD,MSH-0014-Chipadze_LTE_1,1,MSH-0014-Chipadze,100%,75,2357,0,0,7592,8040,9573,115,2,4,0,0,0.7416
2025-10-05,MSH0013-Bindura-Zaoga,CELL_TDD,Bindura_Zaoga_LTE_6,6,MSH0013-Bindura-Zaoga,100%,36,21,0,0,841,5245,2634,1268,253,42,0,0,0.4889
2025-10-05,MSH0013-Bindura-Zaoga,CELL_TDD,Bindura_Zaoga_LTE_5,5,MSH0013-Bindura-Zaoga,100%,20,11,0,0,1313,8123,24052,5019,813,358,0,0,0.3755
2025-10-05,MSH0013-Bindura-Zaoga,CELL_TDD,Bindura_Zaoga_LTE_4,4,MSH0013-Bindura-Zaoga,100%,316,53,0,0,1216,1839,14502,35816,28493,7363,0,0,0.3798
2025-10-05,MSH0013-Bindura-Zaoga,CELL_TDD,Bindura_Zaoga_LTE_3,3,MSH0013-Bindura-Zaoga,100%,19,20,0,0,2258,5668,1130,808,9,52,0,0,0.5742
2025-10-05,MSH0013-Bindura-Zaoga,CELL_TDD,Bindura_Zaoga_LTE_2,2,MSH0013-Bindura-Zaoga,100%,34,6,0,0,2413,10298,25686,6107,977,391,0,0,0.177
2025-10-05,MSH0013-Bindura-Zaoga,CELL_TDD,Bindura_Zaoga_LTE_1,1,MSH0013-Bindura-Zaoga,100%,325,68,0,0,1169,1136,15853,32923,22663,5809,0,0,0.4017
2025-10-05,MSH-0331-Chiwaridzo 2,CELL_TDD,MSH-0331-Chiwaridzo 2_LTE_6,6,MSH-0331-Chiwaridzo 2_LTE,100%,390,4146,0,0,10614,10324,14011,93,176,249,0,0,0.7202
2025-10-05,MSH-0331-Chiwaridzo 2,CELL_TDD,MSH-0331-Chiwaridzo 2_LTE_5,5,MSH-0331-Chiwaridzo 2_LTE,100%,1094,4420,0,0,15575,6906,7792,6799,193,172,0,0,0.6028
2025-10-05,MSH-0331-Chiwaridzo 2,CELL_TDD,MSH-0331-Chiwaridzo 2_LTE_4,4,MSH-0331-Chiwaridzo 2_LTE,100%,1052,5796,0,0,17380,21204,12497,120,0,4,0,0,0.3367
2025-10-05,MSH-0331-Chiwaridzo 2,CELL_TDD,MSH-0331-Chiwaridzo 2_LTE_3,3,MSH-0331-Chiwaridzo 2_LTE,100%,435,8395,0,0,12992,12825,18310,104,173,259,0,0,0.6539
2025-10-05,MSH-0331-Chiwaridzo 2,CELL_TDD,MSH-0331-Chiwaridzo 2_LTE_2,2,MSH-0331-Chiwaridzo 2_LTE,100%,1117,9679,0,0,15597,8360,7657,6444,39,108,0,0,0.6502
2025-10-05,MSH-0331-Chiwaridzo 2,CELL_TDD,MSH-0331-Chiwaridzo 2_LTE_1,1,MSH-0331-Chiwaridzo 2_LTE,100%,1450,7758,0,0,42025,26612,14749,72,1,1,0,0,0.101
2025-10-05,MSH-0112-Bindura Hospital,CELL_TDD,MSH-0112-Bindura Hospital_LTE_1,1,MSH-0112-Bindura Hospital_LTE,100%,225,771,0,0,1127,3650,1590,13073,213,246,0,0,0.9232
2025-10-05,MSH-0112-Bindura Hospital,CELL_TDD,MSH-0112-Bindura Hospital_LTE_2,2,MSH-0112-Bindura Hospital_LTE,100%,23,254,0,0,3616,7472,4550,49,1,0,0,0,0.8581
2025-10-05,MSH-0112-Bindura Hospital,CELL_TDD,MSH-0112-Bindura Hospital_LTE_3,3,MSH-0112-Bindura Hospital_LTE,100%,163,1674,0,0,13091,15697,6115,1531,972,274,0,0,0.8662
2025-10-05,MSH-0112-Bindura Hospital,CELL_TDD,MSH-0112-Bindura Hospital_LTE_4,4,MSH-0112-Bindura Hospital_LTE,100%,1027,965,0,0,896,4424,1281,11906,147,576,0,0,0.8556
2025-10-05,MSH-0112-Bindura Hospital,CELL_TDD,MSH-0112-Bindura Hospital_LTE_5,5,MSH-0112-Bindura Hospital_LTE,100%,19,135,0,0,2350,5395,3652,97,4,9,0,0,0.68
2025-10-05,MSH-0112-Bindura Hospital,CELL_TDD,MSH-0112-Bindura Hospital_LTE_6,6,MSH-0112-Bindura Hospital_LTE,100%,57,1160,0,0,11964,15114,3691,903,468,494,0,0,0.7603
2025-10-05,MSH-0014-Chipadze,CELL_TDD,MSH-0014-Chipadze_LTE_6,6,MSH-0014-Chipadze,100%,189,750,0,0,4517,6898,10949,1070,820,502,0,0,0.5739
2025-10-05,MSH-0014-Chipadze,CELL_TDD,MSH-0014-Chipadze_LTE_5,5,MSH-0014-Chipadze,100%,462,1344,0,0,8962,11209,15809,5344,3020,310,0,0,0.4657
2025-10-05,MSH-0014-Chipadze,CELL_TDD,MSH-0014-Chipadze_LTE_4,4,MSH-0014-Chipadze,100%,152,1044,0,0,10610,6222,10666,187,7,14,0,0,0.6831
2025-10-05,MSH-0014-Chipadze,CELL_TDD,MSH-0014-Chipadze_LTE_3,3,MSH-0014-Chipadze,100%,178,861,0,0,1445,5522,11760,1304,1258,136,0,0,0.596
2025-10-05,MSH-0014-Chipadze,CELL_TDD,MSH-0014-Chipadze_LTE_2,2,MSH-0014-Chipadze,100%,215,1402,0,0,11171,11831,17799,4192,2087,216,0,0,0.5779
2025-10-05,MSH-0014-Chipadze,CELL_TDD,MSH-0014-Chipadze_LTE_1,1,MSH-0014-Chipadze,100%,31,1052,0,0,9051,5906,7770,263,4,12,0,0,0.7972
2025-10-06,MSH0013-Bindura-Zaoga,CELL_TDD,Bindura_Zaoga_LTE_6,6,MSH0013-Bindura-Zaoga,100%,73,21,0,0,460,5222,4268,589,25,84,0,0,0.5179
2025-10-06,MSH0013-Bindura-Zaoga,CELL_TDD,Bindura_Zaoga_LTE_5,5,MSH0013-Bindura-Zaoga,100%,111,35,0,0,1091,16288,35087,6708,557,366,0,0,0.5565
2025-10-06,MSH0013-Bindura-Zaoga,CELL_TDD,Bindura_Zaoga_LTE_4,4,MSH0013-Bindura-Zaoga,100%,396,52,0,0,439,2530,19413,36797,21259,6341,0,0,0.3765
2025-10-06,MSH0013-Bindura-Zaoga,CELL_TDD,Bindura_Zaoga_LTE_3,3,MSH0013-Bindura-Zaoga,100%,27,11,0,0,2015,6739,1321,461,8,43,0,0,0.6506
2025-10-06,MSH0013-Bindura-Zaoga,CELL_TDD,Bindura_Zaoga_LTE_2,2,MSH0013-Bindura-Zaoga,100%,93,17,0,0,2471,16958,35104,5427,690,416,0,0,0.2744
2025-10-06,MSH0013-Bindura-Zaoga,CELL_TDD,Bindura_Zaoga_LTE_1,1,MSH0013-Bindura-Zaoga,100%,284,28,0,0,1021,1949,15182,30787,17308,4340,0,0,0.3767
2025-10-06,MSH-0331-Chiwaridzo 2,CELL_TDD,MSH-0331-Chiwaridzo 2_LTE_6,6,MSH-0331-Chiwaridzo 2_LTE,100%,390,5061,0,0,9480,10452,10647,359,138,202,0,0,0.5595
2025-10-06,MSH-0331-Chiwaridzo 2,CELL_TDD,MSH-0331-Chiwaridzo 2_LTE_5,5,MSH-0331-Chiwaridzo 2_LTE,100%,1045,4085,0,0,12252,6013,5033,5779,210,199,0,0,0.6463
2025-10-06,MSH-0331-Chiwaridzo 2,CELL_TDD,MSH-0331-Chiwaridzo 2_LTE_4,4,MSH-0331-Chiwaridzo 2_LTE,100%,1673,5723,0,0,19863,20176,12922,51,4,3,0,0,0.3216
2025-10-06,MSH-0331-Chiwaridzo 2,CELL_TDD,MSH-0331-Chiwaridzo 2_LTE_3,3,MSH-0331-Chiwaridzo 2_LTE,100%,207,6917,0,0,10032,10024,11880,334,83,125,0,0,0.719
2025-10-06,MSH-0331-Chiwaridzo 2,CELL_TDD,MSH-0331-Chiwaridzo 2_LTE_2,2,MSH-0331-Chiwaridzo 2_LTE,100%,450,7372,0,0,15096,6618,4474,5964,572,78,0,0,0.7766
2025-10-06,MSH-0331-Chiwaridzo 2,CELL_TDD,MSH-0331-Chiwaridzo 2_LTE_1,1,MSH-0331-Chiwaridzo 2_LTE,100%,2260,8604,0,0,30795,25884,11675,45,5,0,0,0,0.0928
2025-10-06,MSH-0112-Bindura Hospital,CELL_TDD,MSH-0112-Bindura Hospital_LTE_1,1,MSH-0112-Bindura Hospital_LTE,100%,149,1516,0,0,1008,2803,1280,12272,72,273,0,0,0.8802
2025-10-06,MSH-0112-Bindura Hospital,CELL_TDD,MSH-0112-Bindura Hospital_LTE_2,2,MSH-0112-Bindura Hospital_LTE,100%,18,170,0,0,2614,7572,3339,105,21,53,0,0,0.8154
2025-10-06,MSH-0112-Bindura Hospital,CELL_TDD,MSH-0112-Bindura Hospital_LTE_3,3,MSH-0112-Bindura Hospital_LTE,100%,134,1785,0,0,13889,17734,3453,413,586,354,0,0,0.3947
2025-10-06,MSH-0112-Bindura Hospital,CELL_TDD,MSH-0112-Bindura Hospital_LTE_4,4,MSH-0112-Bindura Hospital_LTE,100%,442,671,0,0,375,3137,1303,11594,205,257,0,0,0.7061
2025-10-06,MSH-0112-Bindura Hospital,CELL_TDD,MSH-0112-Bindura Hospital_LTE_5,5,MSH-0112-Bindura Hospital_LTE,100%,10,364,0,0,2150,4012,3885,61,13,63,0,0,0.6562
2025-10-06,MSH-0112-Bindura Hospital,CELL_TDD,MSH-0112-Bindura Hospital_LTE_6,6,MSH-0112-Bindura Hospital_LTE,100%,34,1373,0,0,12401,12558,3449,858,664,408,0,0,0.7501
2025-10-06,MSH-0014-Chipadze,CELL_TDD,MSH-0014-Chipadze_LTE_6,6,MSH-0014-Chipadze,100%,58,265,0,0,2262,5251,8091,1415,517,152,0,0,0.5058
2025-10-06,MSH-0014-Chipadze,CELL_TDD,MSH-0014-Chipadze_LTE_5,5,MSH-0014-Chipadze,100%,187,648,0,0,6607,7795,11727,2082,2276,299,0,0,0.1743
2025-10-06,MSH-0014-Chipadze,CELL_TDD,MSH-0014-Chipadze_LTE_4,4,MSH-0014-Chipadze,100%,72,948,0,0,7345,6457,11437,96,19,3,0,0,0.7077
2025-10-06,MSH-0014-Chipadze,CELL_TDD,MSH-0014-Chipadze_LTE_3,3,MSH-0014-Chipadze,100%,22,580,0,0,2883,6130,9155,1542,586,56,0,0,0.538
2025-10-06,MSH-0014-Chipadze,CELL_TDD,MSH-0014-Chipadze_LTE_2,2,MSH-0014-Chipadze,100%,421,1009,0,0,8222,8191,13286,3246,2358,189,0,0,0.4862
2025-10-06,MSH-0014-Chipadze,CELL_TDD,MSH-0014-Chipadze_LTE_1,1,MSH-0014-Chipadze,100%,45,1946,0,0,8261,5256,9913,213,9,4,0,0,0.7916
2025-10-07,MSH0013-Bindura-Zaoga,CELL_TDD,Bindura_Zaoga_LTE_6,6,MSH0013-Bindura-Zaoga,100%,88,126,0,0,834,6821,5519,815,9,5,0,0,0.5602
2025-10-07,MSH0013-Bindura-Zaoga,CELL_TDD,Bindura_Zaoga_LTE_5,5,MSH0013-Bindura-Zaoga,100%,284,59,0,0,1413,19116,37420,8021,656,744,0,0,0.6019
2025-10-07,MSH0013-Bindura-Zaoga,CELL_TDD,Bindura_Zaoga_LTE_4,4,MSH0013-Bindura-Zaoga,100%,377,51,0,0,897,2052,13844,36605,17782,4472,0,0,0.3853
2025-10-07,MSH0013-Bindura-Zaoga,CELL_TDD,Bindura_Zaoga_LTE_3,3,MSH0013-Bindura-Zaoga,100%,17,12,0,0,1985,5328,1210,588,5,2,0,0,0.5646
2025-10-07,MSH0013-Bindura-Zaoga,CELL_TDD,Bindura_Zaoga_LTE_2,2,MSH0013-Bindura-Zaoga,100%,22,8,0,0,948,16327,31957,5837,999,295,0,0,0.3047
2025-10-07,MSH0013-Bindura-Zaoga,CELL_TDD,Bindura_Zaoga_LTE_1,1,MSH0013-Bindura-Zaoga,100%,276,99,0,0,605,1334,15765,25671,14162,4688,0,0,0.4037
2025-10-07,MSH-0331-Chiwaridzo 2,CELL_TDD,MSH-0331-Chiwaridzo 2_LTE_6,6,MSH-0331-Chiwaridzo 2_LTE,100%,405,5047,0,0,10769,10531,11697,197,227,302,0,0,0.705
2025-10-07,MSH-0331-Chiwaridzo 2,CELL_TDD,MSH-0331-Chiwaridzo 2_LTE_5,5,MSH-0331-Chiwaridzo 2_LTE,100%,1450,5039,0,0,14406,4961,6244,7112,112,257,0,0,0.7809
2025-10-07,MSH-0331-Chiwaridzo 2,CELL_TDD,MSH-0331-Chiwaridzo 2_LTE_4,4,MSH-0331-Chiwaridzo 2_LTE,100%,2641,6092,0,0,17372,21724,13193,94,5,4,0,0,0.3184
2025-10-07,MSH-0331-Chiwaridzo 2,CELL_TDD,MSH-0331-Chiwaridzo 2_LTE_3,3,MSH-0331-Chiwaridzo 2_LTE,100%,451,7239,0,0,10413,11090,12994,168,135,204,0,0,0.7999
2025-10-07,MSH-0331-Chiwaridzo 2,CELL_TDD,MSH-0331-Chiwaridzo 2_LTE_2,2,MSH-0331-Chiwaridzo 2_LTE,100%,588,8654,0,0,17095,6830,6540,7567,207,103,0,0,0.8236
2025-10-07,MSH-0331-Chiwaridzo 2,CELL_TDD,MSH-0331-Chiwaridzo 2_LTE_1,1,MSH-0331-Chiwaridzo 2_LTE,100%,2243,9075,0,0,30731,24760,14697,72,1,4,0,0,0.1216
2025-10-07,MSH-0112-Bindura Hospital,CELL_TDD,MSH-0112-Bindura Hospital_LTE_1,1,MSH-0112-Bindura Hospital_LTE,100%,256,930,0,0,929,4804,1741,10730,138,177,0,0,0.8209
2025-10-07,MSH-0112-Bindura Hospital,CELL_TDD,MSH-0112-Bindura Hospital_LTE_2,2,MSH-0112-Bindura Hospital_LTE,100%,7,67,0,0,2411,7103,3413,244,13,4,0,0,0.7935
2025-10-07,MSH-0112-Bindura Hospital,CELL_TDD,MSH-0112-Bindura Hospital_LTE_3,3,MSH-0112-Bindura Hospital_LTE,100%,106,1783,0,0,14304,20094,3327,2583,564,325,0,0,0.8439
2025-10-07,MSH-0112-Bindura Hospital,CELL_TDD,MSH-0112-Bindura Hospital_LTE_4,4,MSH-0112-Bindura Hospital_LTE,100%,857,490,0,0,569,4953,1476,10233,205,307,0,0,0.802
2025-10-07,MSH-0112-Bindura Hospital,CELL_TDD,MSH-0112-Bindura Hospital_LTE_5,5,MSH-0112-Bindura Hospital_LTE,100%,6,107,0,0,2596,4273,2420,104,4,7,0,0,0.7765
2025-10-07,MSH-0112-Bindura Hospital,CELL_TDD,MSH-0112-Bindura Hospital_LTE_6,6,MSH-0112-Bindura Hospital_LTE,100%,15,929,0,0,8108,14648,4586,2425,562,460,0,0,0.7716
2025-10-07,MSH-0014-Chipadze,CELL_TDD,MSH-0014-Chipadze_LTE_6,6,MSH-0014-Chipadze,100%,171,476,0,0,1645,6128,10972,1548,597,124,0,0,0.6084
2025-10-07,MSH-0014-Chipadze,CELL_TDD,MSH-0014-Chipadze_LTE_5,5,MSH-0014-Chipadze,100%,441,867,0,0,6000,9493,14087,1889,1813,476,0,0,0.4068
2025-10-07,MSH-0014-Chipadze,CELL_TDD,MSH-0014-Chipadze_LTE_4,4,MSH-0014-Chipadze,100%,267,761,0,0,7492,6189,13054,167,5,14,0,0,0.7106
2025-10-07,MSH-0014-Chipadze,CELL_TDD,MSH-0014-Chipadze_LTE_3,3,MSH-0014-Chipadze,100%,34,767,0,0,3217,7508,8949,2213,731,91,0,0,0.6652
2025-10-07,MSH-0014-Chipadze,CELL_TDD,MSH-0014-Chipadze_LTE_2,2,MSH-0014-Chipadze,100%,459,1623,0,0,10641,8683,13275,1649,1890,355,0,0,0.5179
2025-10-07,MSH-0014-Chipadze,CELL_TDD,MSH-0014-Chipadze_LTE_1,1,MSH-0014-Chipadze,100%,52,2149,0,0,7307,6739,13617,191,1,13,0,0,0.713
2025-10-08,MSH0013-Bindura-Zaoga,CELL_TDD,Bindura_Zaoga_LTE_6,6,MSH0013-Bindura-Zaoga,100%,182,38,0,0,751,5587,4295,1158,17,76,0,0,0.5507
2025-10-08,MSH0013-Bindura-Zaoga,CELL_TDD,Bindura_Zaoga_LTE_5,5,MSH0013-Bindura-Zaoga,100%,138,30,0,0,1465,16579,36444,9612,1066,599,0,0,0.4951
2025-10-08,MSH0013-Bindura-Zaoga,CELL_TDD,Bindura_Zaoga_LTE_4,4,MSH0013-Bindura-Zaoga,100%,629,110,0,0,935,3192,15644,31723,23550,7194,0,0,0.3324
2025-10-08,MSH0013-Bindura-Zaoga,CELL_TDD,Bindura_Zaoga_LTE_3,3,MSH0013-Bindura-Zaoga,100%,76,622,0,0,1493,4826,829,527,1,72,0,0,0.5303
2025-10-08,MSH0013-Bindura-Zaoga,CELL_TDD,Bindura_Zaoga_LTE_2,2,MSH0013-Bindura-Zaoga,100%,59,26,0,0,1581,18518,35640,7408,742,256,0,0,0.3108
2025-10-08,MSH0013-Bindura-Zaoga,CELL_TDD,Bindura_Zaoga_LTE_1,1,MSH0013-Bindura-Zaoga,100%,293,118,0,0,784,1321,12231,22882,15231,4649,0,0,0.3626
2025-10-08,MSH-0331-Chiwaridzo 2,CELL_TDD,MSH-0331-Chiwaridzo 2_LTE_6,6,MSH-0331-Chiwaridzo 2_LTE,100%,305,3729,0,0,11413,10940,14206,639,100,362,0,0,0.7451
2025-10-08,MSH-0331-Chiwaridzo 2,CELL_TDD,MSH-0331-Chiwaridzo 2_LTE_5,5,MSH-0331-Chiwaridzo 2_LTE,100%,1550,4915,0,0,14012,5182,5650,7486,146,182,0,0,0.7938
2025-10-08,MSH-0331-Chiwaridzo 2,CELL_TDD,MSH-0331-Chiwaridzo 2_LTE_4,4,MSH-0331-Chiwaridzo 2_LTE,100%,2288,6197,0,0,21397,19441,13964,97,12,2,0,0,0.3088
2025-10-08,MSH-0331-Chiwaridzo 2,CELL_TDD,MSH-0331-Chiwaridzo 2_LTE_3,3,MSH-0331-Chiwaridzo 2_LTE,100%,460,6480,0,0,11415,10288,14864,609,168,147,0,0,0.7906
2025-10-08,MSH-0331-Chiwaridzo 2,CELL_TDD,MSH-0331-Chiwaridzo 2_LTE_2,2,MSH-0331-Chiwaridzo 2_LTE,100%,661,7945,0,0,12539,5555,9407,8593,58,92,0,0,0.8191
2025-10-08,MSH-0331-Chiwaridzo 2,CELL_TDD,MSH-0331-Chiwaridzo 2_LTE_1,1,MSH-0331-Chiwaridzo 2_LTE,100%,2081,8536,0,0,33465,27031,18372,61,4,4,0,0,0.1272
2025-10-08,MSH-0112-Bindura Hospital,CELL_TDD,MSH-0112-Bindura Hospital_LTE_1,1,MSH-0112-Bindura Hospital_LTE,100%,162,1301,0,0,1255,5810,1501,11792,134,414,0,0,0.6872
2025-10-08,MSH-0112-Bindura Hospital,CELL_TDD,MSH-0112-Bindura Hospital_LTE_2,2,MSH-0112-Bindura Hospital_LTE,100%,30,133,0,0,2508,8681,2424,299,33,5,0,0,0.8058
2025-10-08,MSH-0112-Bindura Hospital,CELL_TDD,MSH-0112-Bindura Hospital_LTE_3,3,MSH-0112-Bindura Hospital_LTE,100%,93,3074,0,0,13256,20996,2967,1726,555,281,0,0,0.8713
2025-10-08,MSH-0112-Bindura Hospital,CELL_TDD,MSH-0112-Bindura Hospital_LTE_4,4,MSH-0112-Bindura Hospital_LTE,100%,1040,493,0,0,632,3949,1407,12016,277,591,0,0,0.7007
2025-10-08,MSH-0112-Bindura Hospital,CELL_TDD,MSH-0112-Bindura Hospital_LTE_5,5,MSH-0112-Bindura Hospital_LTE,100%,11,158,0,0,2417,5783,3612,347,53,14,0,0,0.7293
2025-10-08,MSH-0112-Bindura Hospital,CELL_TDD,MSH-0112-Bindura Hospital_LTE_6,6,MSH-0112-Bindura Hospital_LTE,100%,26,1220,0,0,9932,15815,3827,2181,779,412,0,0,0.7494
2025-10-08,MSH-0014-Chipadze,CELL_TDD,MSH-0014-Chipadze_LTE_6,6,MSH-0014-Chipadze,100%,148,619,0,0,1882,8827,12553,2533,1820,286,0,0,0.5368
2025-10-08,MSH-0014-Chipadze,CELL_TDD,MSH-0014-Chipadze_LTE_5,5,MSH-0014-Chipadze,100%,857,1093,0,0,7998,14081,14152,2362,2461,443,0,0,0.423
2025-10-08,MSH-0014-Chipadze,CELL_TDD,MSH-0014-Chipadze_LTE_4,4,MSH-0014-Chipadze,100%,92,634,0,0,8155,6138,12431,223,10,11,0,0,0.6389
2025-10-08,MSH-0014-Chipadze,CELL_TDD,MSH-0014-Chipadze_LTE_3,3,MSH-0014-Chipadze,100%,65,846,0,0,3783,7580,9042,1376,798,152,0,0,0.5563
2025-10-08,MSH-0014-Chipadze,CELL_TDD,MSH-0014-Chipadze_LTE_2,2,MSH-0014-Chipadze,100%,271,1645,0,0,9521,11939,14811,3477,1982,241,0,0,0.5035
2025-10-08,MSH-0014-Chipadze,CELL_TDD,MSH-0014-Chipadze_LTE_1,1,MSH-0014-Chipadze,100%,46,1018,0,0,7048,6071,13681,187,20,16,0,0,0.6856
2025-10-09,MSH0013-Bindura-Zaoga,CELL_TDD,Bindura_Zaoga_LTE_6,6,MSH0013-Bindura-Zaoga,100%,67,74,0,0,1183,6050,3811,996,7,52,0,0,0.5356
2025-10-09,MSH0013-Bindura-Zaoga,CELL_TDD,Bindura_Zaoga_LTE_5,5,MSH0013-Bindura-Zaoga,100%,110,47,0,0,1587,15172,34457,8367,953,315,0,0,0.4455
2025-10-09,MSH0013-Bindura-Zaoga,CELL_TDD,Bindura_Zaoga_LTE_4,4,MSH0013-Bindura-Zaoga,100%,712,89,0,0,705,2730,28674,54628,28002,8891,0,0,0.3714
2025-10-09,MSH0013-Bindura-Zaoga,CELL_TDD,Bindura_Zaoga_LTE_3,3,MSH0013-Bindura-Zaoga,100%,40,28,0,0,1953,8293,1166,603,10,21,0,0,0.6305
2025-10-09,MSH0013-Bindura-Zaoga,CELL_TDD,Bindura_Zaoga_LTE_2,2,MSH0013-Bindura-Zaoga,100%,45,441,0,0,1724,17753,33293,8088,1250,230,0,0,0.3779
2025-10-09,MSH0013-Bindura-Zaoga,CELL_TDD,Bindura_Zaoga_LTE_1,1,MSH0013-Bindura-Zaoga,100%,407,52,0,0,775,1356,18921,32570,19581,6346,0,0,0.3749
2025-10-09,MSH-0331-Chiwaridzo 2,CELL_TDD,MSH-0331-Chiwaridzo 2_LTE_6,6,MSH-0331-Chiwaridzo 2_LTE,100%,329,5061,0,0,12569,11709,12342,571,83,236,0,0,0.7438
2025-10-09,MSH-0331-Chiwaridzo 2,CELL_TDD,MSH-0331-Chiwaridzo 2_LTE_5,5,MSH-0331-Chiwaridzo 2_LTE,100%,1298,5135,0,0,14250,5620,5695,7319,202,207,0,0,0.6954
2025-10-09,MSH-0331-Chiwaridzo 2,CELL_TDD,MSH-0331-Chiwaridzo 2_LTE_4,4,MSH-0331-Chiwaridzo 2_LTE,100%,1969,6258,0,0,25972,21327,19819,138,2,2,0,0,0.1848
2025-10-09,MSH-0331-Chiwaridzo 2,CELL_TDD,MSH-0331-Chiwaridzo 2_LTE_3,3,MSH-0331-Chiwaridzo 2_LTE,100%,562,7477,0,0,13668,13674,10889,342,103,103,0,0,0.4628
2025-10-09,MSH-0331-Chiwaridzo 2,CELL_TDD,MSH-0331-Chiwaridzo 2_LTE_2,2,MSH-0331-Chiwaridzo 2_LTE,100%,849,9646,0,0,14459,7037,6648,6383,91,116,0,0,0.8319
2025-10-09,MSH-0331-Chiwaridzo 2,CELL_TDD,MSH-0331-Chiwaridzo 2_LTE_1,1,MSH-0331-Chiwaridzo 2_LTE,100%,2576,7994,0,0,33094,28860,19981,68,2,3,0,0,0.1601
2025-10-09,MSH-0112-Bindura Hospital,CELL_TDD,MSH-0112-Bindura Hospital_LTE_1,1,MSH-0112-Bindura Hospital_LTE,100%,285,956,0,0,1339,5138,1903,11499,101,247,0,0,0.6812
2025-10-09,MSH-0112-Bindura Hospital,CELL_TDD,MSH-0112-Bindura Hospital_LTE_2,2,MSH-0112-Bindura Hospital_LTE,100%,23,156,0,0,2167,7329,3818,162,4,8,0,0,0.8607
2025-10-09,MSH-0112-Bindura Hospital,CELL_TDD,MSH-0112-Bindura Hospital_LTE_3,3,MSH-0112-Bindura Hospital_LTE,100%,110,2270,0,0,12741,20131,3364,1601,563,270,0,0,0.8782
2025-10-09,MSH-0112-Bindura Hospital,CELL_TDD,MSH-0112-Bindura Hospital_LTE_4,4,MSH-0112-Bindura Hospital_LTE,100%,963,588,0,0,612,4906,1559,11839,139,310,0,0,0.7871
2025-10-09,MSH-0112-Bindura Hospital,CELL_TDD,MSH-0112-Bindura Hospital_LTE_5,5,MSH-0112-Bindura Hospital_LTE,100%,10,166,0,0,1347,4322,3244,203,43,18,0,0,0.3261
2025-10-09,MSH-0112-Bindura Hospital,CELL_TDD,MSH-0112-Bindura Hospital_LTE_6,6,MSH-0112-Bindura Hospital_LTE,100%,35,1523,0,0,9430,14635,3668,2494,1070,391,0,0,0.7523
2025-10-09,MSH-0014-Chipadze,CELL_TDD,MSH-0014-Chipadze_LTE_6,6,MSH-0014-Chipadze,100%,179,503,0,0,3082,8235,13320,1866,1289,426,0,0,0.5205
2025-10-09,MSH-0014-Chipadze,CELL_TDD,MSH-0014-Chipadze_LTE_5,5,MSH-0014-Chipadze,100%,1001,1327,0,0,7122,12345,19683,3308,3004,293,0,0,0.4391
2025-10-09,MSH-0014-Chipadze,CELL_TDD,MSH-0014-Chipadze_LTE_4,4,MSH-0014-Chipadze,100%,302,1084,0,0,9532,6563,12832,206,4,7,0,0,0.5327
2025-10-09,MSH-0014-Chipadze,CELL_TDD,MSH-0014-Chipadze_LTE_3,3,MSH-0014-Chipadze,100%,18,915,0,0,3244,6650,8631,1853,996,249,0,0,0.6196
2025-10-09,MSH-0014-Chipadze,CELL_TDD,MSH-0014-Chipadze_LTE_2,2,MSH-0014-Chipadze,100%,75,1095,0,0,8901,7973,15279,3133,2222,248,0,0,0.217
2025-10-09,MSH-0014-Chipadze,CELL_TDD,MSH-0014-Chipadze_LTE_1,1,MSH-0014-Chipadze,100%,176,831,0,0,7987,5490,13961,301,2,0,0,0,0.6369
2025-10-10,MSH0013-Bindura-Zaoga,CELL_TDD,Bindura_Zaoga_LTE_6,6,MSH0013-Bindura-Zaoga,100%,350,46,0,0,507,6658,4226,882,24,67,0,0,0.5161
2025-10-10,MSH0013-Bindura-Zaoga,CELL_TDD,Bindura_Zaoga_LTE_5,5,MSH0013-Bindura-Zaoga,100%,200,38,0,0,1946,16069,33030,7337,1303,297,0,0,0.3333
2025-10-10,MSH0013-Bindura-Zaoga,CELL_TDD,Bindura_Zaoga_LTE_4,4,MSH0013-Bindura-Zaoga,100%,652,74,0,0,575,2300,14954,34465,23758,6711,0,0,0.3936
2025-10-10,MSH0013-Bindura-Zaoga,CELL_TDD,Bindura_Zaoga_LTE_3,3,MSH0013-Bindura-Zaoga,100%,100,33,0,0,1619,4932,3862,557,19,7,0,0,0.5428
2025-10-10,MSH0013-Bindura-Zaoga,CELL_TDD,Bindura_Zaoga_LTE_2,2,MSH0013-Bindura-Zaoga,100%,98,540,0,0,1013,16481,29709,7433,1586,395,0,0,0.5877
2025-10-10,MSH0013-Bindura-Zaoga,CELL_TDD,Bindura_Zaoga_LTE_1,1,MSH0013-Bindura-Zaoga,100%,386,61,0,0,1089,1172,16733,30790,20750,5102,0,0,0.3721
2025-10-10,MSH-0331-Chiwaridzo 2,CELL_TDD,MSH-0331-Chiwaridzo 2_LTE_6,6,MSH-0331-Chiwaridzo 2_LTE,100%,315,6775,0,0,12207,11771,11613,387,76,370,0,0,0.7787
2025-10-10,MSH-0331-Chiwaridzo 2,CELL_TDD,MSH-0331-Chiwaridzo 2_LTE_5,5,MSH-0331-Chiwaridzo 2_LTE,100%,1155,3751,0,0,14602,6469,6144,6306,123,189,0,0,0.7883
2025-10-10,MSH-0331-Chiwaridzo 2,CELL_TDD,MSH-0331-Chiwaridzo 2_LTE_4,4,MSH-0331-Chiwaridzo 2_LTE,100%,1940,5311,0,0,25888,20008,16389,134,0,2,0,0,0.1089
2025-10-10,MSH-0331-Chiwaridzo 2,CELL_TDD,MSH-0331-Chiwaridzo 2_LTE_3,3,MSH-0331-Chiwaridzo 2_LTE,100%,497,9427,0,0,10607,14046,13480,643,131,224,0,0,0.6654
2025-10-10,MSH-0331-Chiwaridzo 2,CELL_TDD,MSH-0331-Chiwaridzo 2_LTE_2,2,MSH-0331-Chiwaridzo 2_LTE,100%,1298,7219,0,0,13197,6467,6484,7991,68,76,0,0,0.7522
2025-10-10,MSH-0331-Chiwaridzo 2,CELL_TDD,MSH-0331-Chiwaridzo 2_LTE_1,1,MSH-0331-Chiwaridzo 2_LTE,100%,2485,8057,0,0,31383,25445,16444,106,0,5,0,0,0.4966
2025-10-10,MSH-0112-Bindura Hospital,CELL_TDD,MSH-0112-Bindura Hospital_LTE_1,1,MSH-0112-Bindura Hospital_LTE,100%,158,1084,0,0,1221,5862,1632,12189,162,307,0,0,0.6848
2025-10-10,MSH-0112-Bindura Hospital,CELL_TDD,MSH-0112-Bindura Hospital_LTE_2,2,MSH-0112-Bindura Hospital_LTE,100%,25,110,0,0,2460,6800,4106,409,47,9,0,0,0.8361
2025-10-10,MSH-0112-Bindura Hospital,CELL_TDD,MSH-0112-Bindura Hospital_LTE_3,3,MSH-0112-Bindura Hospital_LTE,100%,158,1989,0,0,11556,18503,3205,1586,854,403,0,0,0.6341
2025-10-10,MSH-0112-Bindura Hospital,CELL_TDD,MSH-0112-Bindura Hospital_LTE_4,4,MSH-0112-Bindura Hospital_LTE,100%,667,443,0,0,1101,3404,1247,12591,359,561,0,0,0.4918
2025-10-10,MSH-0112-Bindura Hospital,CELL_TDD,MSH-0112-Bindura Hospital_LTE_5,5,MSH-0112-Bindura Hospital_LTE,100%,28,101,0,0,1493,4051,3659,343,51,32,0,0,0.7199
2025-10-10,MSH-0112-Bindura Hospital,CELL_TDD,MSH-0112-Bindura Hospital_LTE_6,6,MSH-0112-Bindura Hospital_LTE,100%,170,1277,0,0,10551,14894,4103,1091,932,492,0,0,0.5063
2025-10-10,MSH-0014-Chipadze,CELL_TDD,MSH-0014-Chipadze_LTE_6,6,MSH-0014-Chipadze,100%,84,457,0,0,4024,6540,13870,2001,1412,377,0,0,0.5579
2025-10-10,MSH-0014-Chipadze,CELL_TDD,MSH-0014-Chipadze_LTE_5,5,MSH-0014-Chipadze,100%,406,748,0,0,7836,8169,15527,4023,1680,251,0,0,0.4413
2025-10-10,MSH-0014-Chipadze,CELL_TDD,MSH-0014-Chipadze_LTE_4,4,MSH-0014-Chipadze,100%,85,540,0,0,8583,5914,11282,246,1,16,0,0,0.5258
2025-10-10,MSH-0014-Chipadze,CELL_TDD,MSH-0014-Chipadze_LTE_3,3,MSH-0014-Chipadze,100%,51,762,0,0,5673,7402,7848,2006,964,221,0,0,0.6174
2025-10-10,MSH-0014-Chipadze,CELL_TDD,MSH-0014-Chipadze_LTE_2,2,MSH-0014-Chipadze,100%,645,1032,0,0,12612,9565,14881,3368,2881,252,0,0,0.4953
2025-10-10,MSH-0014-Chipadze,CELL_TDD,MSH-0014-Chipadze_LTE_1,1,MSH-0014-Chipadze,100%,63,1168,0,0,9501,4794,12011,223,51,4,0,0,0.618
2025-10-11,MSH0013-Bindura-Zaoga,CELL_TDD,Bindura_Zaoga_LTE_6,6,MSH0013-Bindura-Zaoga,100%,125,41,0,0,1041,5915,2836,1013,1,51,0,0,0.4463
2025-10-11,MSH0013-Bindura-Zaoga,CELL_TDD,Bindura_Zaoga_LTE_5,5,MSH0013-Bindura-Zaoga,100%,31,220,0,0,1512,12194,25001,4890,797,307,0,0,0.4036
2025-10-11,MSH0013-Bindura-Zaoga,CELL_TDD,Bindura_Zaoga_LTE_4,4,MSH0013-Bindura-Zaoga,100%,502,178,0,0,679,2713,22186,64333,22604,7220,0,0,0.3953
2025-10-11,MSH0013-Bindura-Zaoga,CELL_TDD,Bindura_Zaoga_LTE_3,3,MSH0013-Bindura-Zaoga,100%,30,12,0,0,2179,6004,559,800,0,4,0,0,0.5706
2025-10-11,MSH0013-Bindura-Zaoga,CELL_TDD,Bindura_Zaoga_LTE_2,2,MSH0013-Bindura-Zaoga,100%,23,477,0,0,1446,13179,26588,6480,566,1395,0,0,0.6635
2025-10-11,MSH0013-Bindura-Zaoga,CELL_TDD,Bindura_Zaoga_LTE_1,1,MSH0013-Bindura-Zaoga,100%,415,106,0,0,823,1201,17571,48526,19329,6729,0,0,0.4258
2025-10-11,MSH-0331-Chiwaridzo 2,CELL_TDD,MSH-0331-Chiwaridzo 2_LTE_6,6,MSH-0331-Chiwaridzo 2_LTE,100%,382,6045,0,0,13485,12129,13214,163,78,511,0,0,0.7748
2025-10-11,MSH-0331-Chiwaridzo 2,CELL_TDD,MSH-0331-Chiwaridzo 2_LTE_5,5,MSH-0331-Chiwaridzo 2_LTE,100%,833,3817,0,0,12990,5455,5533,5521,134,281,0,0,0.7166
2025-10-11,MSH-0331-Chiwaridzo 2,CELL_TDD,MSH-0331-Chiwaridzo 2_LTE_4,4,MSH-0331-Chiwaridzo 2_LTE,100%,976,4910,0,0,22314,18625,20521,156,3,3,0,0,0.2384
2025-10-11,MSH-0331-Chiwaridzo 2,CELL_TDD,MSH-0331-Chiwaridzo 2_LTE_3,3,MSH-0331-Chiwaridzo 2_LTE,100%,616,6790,0,0,10813,13068,15033,286,60,247,0,0,0.2918
2025-10-11,MSH-0331-Chiwaridzo 2,CELL_TDD,MSH-0331-Chiwaridzo 2_LTE_2,2,MSH-0331-Chiwaridzo 2_LTE,100%,713,8031,0,0,13760,5852,4801,6852,48,122,0,0,0.844
2025-10-11,MSH-0331-Chiwaridzo 2,CELL_TDD,MSH-0331-Chiwaridzo 2_LTE_1,1,MSH-0331-Chiwaridzo 2_LTE,100%,1667,8707,0,0,47130,28018,22633,164,0,1,0,0,0.4611
2025-10-11,MSH-0112-Bindura Hospital,CELL_TDD,MSH-0112-Bindura Hospital_LTE_1,1,MSH-0112-Bindura Hospital_LTE,100%,168,1479,0,0,980,4637,1658,7530,273,622,0,0,0.3572
2025-10-11,MSH-0112-Bindura Hospital,CELL_TDD,MSH-0112-Bindura Hospital_LTE_2,2,MSH-0112-Bindura Hospital_LTE,100%,6,35,0,0,2400,7908,4824,241,163,8,0,0,0.8534
2025-10-11,MSH-0112-Bindura Hospital,CELL_TDD,MSH-0112-Bindura Hospital_LTE_3,3,MSH-0112-Bindura Hospital_LTE,100%,312,1540,0,0,16547,16302,2585,2115,464,470,0,0,0.733
2025-10-11,MSH-0112-Bindura Hospital,CELL_TDD,MSH-0112-Bindura Hospital_LTE_4,4,MSH-0112-Bindura Hospital_LTE,100%,646,312,0,0,1070,4146,1425,9444,511,778,0,0,0.7576
2025-10-11,MSH-0112-Bindura Hospital,CELL_TDD,MSH-0112-Bindura Hospital_LTE_5,5,MSH-0112-Bindura Hospital_LTE,100%,13,67,0,0,2159,4355,3662,261,84,38,0,0,0.774
2025-10-11,MSH-0112-Bindura Hospital,CELL_TDD,MSH-0112-Bindura Hospital_LTE_6,6,MSH-0112-Bindura Hospital_LTE,100%,382,1605,0,0,13090,13353,2964,921,705,523,0,0,0.621
2025-10-11,MSH-0014-Chipadze,CELL_TDD,MSH-0014-Chipadze_LTE_6,6,MSH-0014-Chipadze,100%,134,447,0,0,3191,6408,11277,1332,1221,413,0,0,0.534
2025-10-11,MSH-0014-Chipadze,CELL_TDD,MSH-0014-Chipadze_LTE_5,5,MSH-0014-Chipadze,100%,446,659,0,0,7723,10203,14851,4880,1178,390,0,0,0.4839
2025-10-11,MSH-0014-Chipadze,CELL_TDD,MSH-0014-Chipadze_LTE_4,4,MSH-0014-Chipadze,100%,157,841,0,0,8111,4960,10618,255,1,9,0,0,0.6677
2025-10-11,MSH-0014-Chipadze,CELL_TDD,MSH-0014-Chipadze_LTE_3,3,MSH-0014-Chipadze,100%,41,1079,0,0,4536,7387,8878,1655,992,380,0,0,0.6057
2025-10-11,MSH-0014-Chipadze,CELL_TDD,MSH-0014-Chipadze_LTE_2,2,MSH-0014-Chipadze,100%,324,1081,0,0,11343,9434,13839,2746,1973,241,0,0,0.0531
2025-10-11,MSH-0014-Chipadze,CELL_TDD,MSH-0014-Chipadze_LTE_1,1,MSH-0014-Chipadze,100%,21,897,0,0,12619,5353,11261,171,2,8,0,0,0.8231
2025-10-12,MSH0013-Bindura-Zaoga,CELL_TDD,Bindura_Zaoga_LTE_6,6,MSH0013-Bindura-Zaoga,100%,38,61,0,0,913,4330,2671,1041,8,18,0,0,0.388
2025-10-12,MSH0013-Bindura-Zaoga,CELL_TDD,Bindura_Zaoga_LTE_5,5,MSH0013-Bindura-Zaoga,100%,53,169,0,0,1744,7820,25150,5148,695,193,0,0,0.5262
2025-10-12,MSH0013-Bindura-Zaoga,CELL_TDD,Bindura_Zaoga_LTE_4,4,MSH0013-Bindura-Zaoga,100%,563,102,0,0,1081,2744,20737,49556,27867,9906,0,0,0.403
2025-10-12,MSH0013-Bindura-Zaoga,CELL_TDD,Bindura_Zaoga_LTE_3,3,MSH0013-Bindura-Zaoga,100%,3,29,0,0,1597,8703,928,674,0,9,0,0,0.5682
2025-10-12,MSH0013-Bindura-Zaoga,CELL_TDD,Bindura_Zaoga_LTE_2,2,MSH0013-Bindura-Zaoga,100%,18,255,0,0,2827,9862,19246,5285,679,264,0,0,0.2829
2025-10-12,MSH0013-Bindura-Zaoga,CELL_TDD,Bindura_Zaoga_LTE_1,1,MSH0013-Bindura-Zaoga,100%,240,86,0,0,1721,1554,14827,38715,21073,5715,0,0,0.3784
2025-10-12,MSH-0331-Chiwaridzo 2,CELL_TDD,MSH-0331-Chiwaridzo 2_LTE_6,6,MSH-0331-Chiwaridzo 2_LTE,100%,373,4954,0,0,10876,13495,13608,184,196,502,0,0,0.7557
2025-10-12,MSH-0331-Chiwaridzo 2,CELL_TDD,MSH-0331-Chiwaridzo 2_LTE_5,5,MSH-0331-Chiwaridzo 2_LTE,100%,1024,4889,0,0,12799,7880,5153,5956,308,563,0,0,0.7137
2025-10-12,MSH-0331-Chiwaridzo 2,CELL_TDD,MSH-0331-Chiwaridzo 2_LTE_4,4,MSH-0331-Chiwaridzo 2_LTE,100%,1730,6672,0,0,20577,20841,15612,86,7,4,0,0,0.5259
2025-10-12,MSH-0331-Chiwaridzo 2,CELL_TDD,MSH-0331-Chiwaridzo 2_LTE_3,3,MSH-0331-Chiwaridzo 2_LTE,100%,590,6267,0,0,11073,16226,15010,205,90,168,0,0,0.8609
2025-10-12,MSH-0331-Chiwaridzo 2,CELL_TDD,MSH-0331-Chiwaridzo 2_LTE_2,2,MSH-0331-Chiwaridzo 2_LTE,100%,501,9910,0,0,13757,7438,6746,7297,120,160,0,0,0.735
2025-10-12,MSH-0331-Chiwaridzo 2,CELL_TDD,MSH-0331-Chiwaridzo 2_LTE_1,1,MSH-0331-Chiwaridzo 2_LTE,100%,2412,8952,0,0,48631,29154,16882,103,7,2,0,0,0.1952
2025-10-12,MSH-0112-Bindura Hospital,CELL_TDD,MSH-0112-Bindura Hospital_LTE_1,1,MSH-0112-Bindura Hospital_LTE,100%,187,582,0,0,752,3416,1549,7286,194,376,0,0,0.7636
2025-10-12,MSH-0112-Bindura Hospital,CELL_TDD,MSH-0112-Bindura Hospital_LTE_2,2,MSH-0112-Bindura Hospital_LTE,100%,6,165,0,0,2533,7604,3212,4757,13,14,0,0,0.857
2025-10-12,MSH-0112-Bindura Hospital,CELL_TDD,MSH-0112-Bindura Hospital_LTE_3,3,MSH-0112-Bindura Hospital_LTE,100%,38,2483,0,0,15430,14449,2291,1594,472,376,0,0,0.7252
2025-10-12,MSH-0112-Bindura Hospital,CELL_TDD,MSH-0112-Bindura Hospital_LTE_4,4,MSH-0112-Bindura Hospital_LTE,100%,1267,491,0,0,1104,5579,1066,7463,426,576,0,0,0.7331
2025-10-12,MSH-0112-Bindura Hospital,CELL_TDD,MSH-0112-Bindura Hospital_LTE_5,5,MSH-0112-Bindura Hospital_LTE,100%,12,114,0,0,1931,3750,2179,653,28,5,0,0,0.761
2025-10-12,MSH-0112-Bindura Hospital,CELL_TDD,MSH-0112-Bindura Hospital_LTE_6,6,MSH-0112-Bindura Hospital_LTE,100%,19,1127,0,0,13933,13247,3450,1676,374,464,0,0,0.6882
2025-10-12,MSH-0014-Chipadze,CELL_TDD,MSH-0014-Chipadze_LTE_6,6,MSH-0014-Chipadze,100%,116,545,0,0,4370,5624,7987,1310,1828,922,0,0,0.5613
2025-10-12,MSH-0014-Chipadze,CELL_TDD,MSH-0014-Chipadze_LTE_5,5,MSH-0014-Chipadze,100%,630,1280,0,0,6460,9218,17593,3412,1928,357,0,0,0.4392
2025-10-12,MSH-0014-Chipadze,CELL_TDD,MSH-0014-Chipadze_LTE_4,4,MSH-0014-Chipadze,100%,128,423,0,0,9130,6663,10377,392,9,13,0,0,0.6758
2025-10-12,MSH-0014-Chipadze,CELL_TDD,MSH-0014-Chipadze_LTE_3,3,MSH-0014-Chipadze,100%,270,1003,0,0,3995,6621,9735,1238,828,433,0,0,0.6699
2025-10-12,MSH-0014-Chipadze,CELL_TDD,MSH-0014-Chipadze_LTE_2,2,MSH-0014-Chipadze,100%,182,1605,0,0,12290,7682,19106,2955,1619,207,0,0,0.5527
2025-10-12,MSH-0014-Chipadze,CELL_TDD,MSH-0014-Chipadze_LTE_1,1,MSH-0014-Chipadze,100%,36,717,0,0,13616,5560,7726,332,3,8,0,0,0.7895
2025-10-13,MSH0013-Bindura-Zaoga,CELL_TDD,Bindura_Zaoga_LTE_6,6,MSH0013-Bindura-Zaoga,100%,203,105,0,0,974,6185,3964,898,10,17,0,0,0.4615
2025-10-13,MSH0013-Bindura-Zaoga,CELL_TDD,Bindura_Zaoga_LTE_5,5,MSH0013-Bindura-Zaoga,100%,60,364,0,0,1474,16033,29380,5630,1169,346,0,0,0.408
2025-10-13,MSH0013-Bindura-Zaoga,CELL_TDD,Bindura_Zaoga_LTE_4,4,MSH0013-Bindura-Zaoga,100%,166,26,0,0,950,2599,15636,29322,23932,5253,0,0,0.372
2025-10-13,MSH0013-Bindura-Zaoga,CELL_TDD,Bindura_Zaoga_LTE_3,3,MSH0013-Bindura-Zaoga,100%,40,175,0,0,1396,4190,667,581,0,4,0,0,0.4598
2025-10-13,MSH0013-Bindura-Zaoga,CELL_TDD,Bindura_Zaoga_LTE_2,2,MSH0013-Bindura-Zaoga,100%,19,72,0,0,2041,16550,27423,5524,927,165,0,0,0.656
2025-10-13,MSH0013-Bindura-Zaoga,CELL_TDD,Bindura_Zaoga_LTE_1,1,MSH0013-Bindura-Zaoga,100%,106,22,0,0,542,1376,13401,20930,16457,3179,0,0,0.3689
2025-10-13,MSH-0331-Chiwaridzo 2,CELL_TDD,MSH-0331-Chiwaridzo 2_LTE_6,6,MSH-0331-Chiwaridzo 2_LTE,100%,271,4243,0,0,11336,12522,9516,199,94,415,0,0,0.7413
2025-10-13,MSH-0331-Chiwaridzo 2,CELL_TDD,MSH-0331-Chiwaridzo 2_LTE_5,5,MSH-0331-Chiwaridzo 2_LTE,100%,528,3766,0,0,13583,7197,8454,6875,166,230,0,0,0.6067
2025-10-13,MSH-0331-Chiwaridzo 2,CELL_TDD,MSH-0331-Chiwaridzo 2_LTE_4,4,MSH-0331-Chiwaridzo 2_LTE,100%,1535,6648,0,0,26284,21260,15014,90,10,3,0,0,0.1695
2025-10-13,MSH-0331-Chiwaridzo 2,CELL_TDD,MSH-0331-Chiwaridzo 2_LTE_3,3,MSH-0331-Chiwaridzo 2_LTE,100%,186,5962,0,0,10054,13503,13077,91,49,160,0,0,0.8698
2025-10-13,MSH-0331-Chiwaridzo 2,CELL_TDD,MSH-0331-Chiwaridzo 2_LTE_2,2,MSH-0331-Chiwaridzo 2_LTE,100%,472,8909,0,0,13342,5579,6662,5836,126,159,0,0,0.7889
2025-10-13,MSH-0331-Chiwaridzo 2,CELL_TDD,MSH-0331-Chiwaridzo 2_LTE_1,1,MSH-0331-Chiwaridzo 2_LTE,100%,2147,8892,0,0,37018,26241,16305,65,8,3,0,0,0.4593
2025-10-13,MSH-0112-Bindura Hospital,CELL_TDD,MSH-0112-Bindura Hospital_LTE_1,1,MSH-0112-Bindura Hospital_LTE,100%,278,1648,0,0,1504,3045,1418,8048,234,170,0,0,0.401
2025-10-13,MSH-0112-Bindura Hospital,CELL_TDD,MSH-0112-Bindura Hospital_LTE_2,2,MSH-0112-Bindura Hospital_LTE,100%,6,157,0,0,3470,6069,3792,402,8,5,0,0,0.8108
2025-10-13,MSH-0112-Bindura Hospital,CELL_TDD,MSH-0112-Bindura Hospital_LTE_3,3,MSH-0112-Bindura Hospital_LTE,100%,63,2166,0,0,18413,19046,4231,3314,463,324,0,0,0.8162
2025-10-13,MSH-0112-Bindura Hospital,CELL_TDD,MSH-0112-Bindura Hospital_LTE_4,4,MSH-0112-Bindura Hospital_LTE,100%,458,769,0,0,1728,5068,1509,6648,293,250,0,0,0.1374
2025-10-13,MSH-0112-Bindura Hospital,CELL_TDD,MSH-0112-Bindura Hospital_LTE_5,5,MSH-0112-Bindura Hospital_LTE,100%,15,421,0,0,2215,4032,4976,408,19,18,0,0,0.7309
2025-10-13,MSH-0112-Bindura Hospital,CELL_TDD,MSH-0112-Bindura Hospital_LTE_6,6,MSH-0112-Bindura Hospital_LTE,100%,60,1389,0,0,15683,15267,3298,2767,605,537,0,0,0.6928
2025-10-13,MSH-0014-Chipadze,CELL_TDD,MSH-0014-Chipadze_LTE_6,6,MSH-0014-Chipadze,100%,111,850,0,0,5572,7270,9355,1649,1269,562,0,0,0.5263
2025-10-13,MSH-0014-Chipadze,CELL_TDD,MSH-0014-Chipadze_LTE_5,5,MSH-0014-Chipadze,100%,760,1017,0,0,7927,10143,15508,3632,2622,427,0,0,0.386
2025-10-13,MSH-0014-Chipadze,CELL_TDD,MSH-0014-Chipadze_LTE_4,4,MSH-0014-Chipadze,100%,143,758,0,0,8046,4969,11618,280,8,7,0,0,0.5705
2025-10-13,MSH-0014-Chipadze,CELL_TDD,MSH-0014-Chipadze_LTE_3,3,MSH-0014-Chipadze,100%,38,1592,0,0,5167,9464,11078,1571,600,370,0,0,0.6775
2025-10-13,MSH-0014-Chipadze,CELL_TDD,MSH-0014-Chipadze_LTE_2,2,MSH-0014-Chipadze,100%,272,2275,0,0,8271,9219,14860,4508,1267,335,0,0,0.4223
2025-10-13,MSH-0014-Chipadze,CELL_TDD,MSH-0014-Chipadze_LTE_1,1,MSH-0014-Chipadze,100%,44,1377,0,0,8436,6164,11281,103,7,2,0,0,0.6601
2025-10-14,MSH0013-Bindura-Zaoga,CELL_TDD,Bindura_Zaoga_LTE_6,6,MSH0013-Bindura-Zaoga,100%,78,131,0,0,525,6839,3318,877,16,16,0,0,0.4501
2025-10-14,MSH0013-Bindura-Zaoga,CELL_TDD,Bindura_Zaoga_LTE_5,5,MSH0013-Bindura-Zaoga,100%,27,41,0,0,1519,15772,34874,6716,1385,223,0,0,0.6044
2025-10-14,MSH0013-Bindura-Zaoga,CELL_TDD,Bindura_Zaoga_LTE_4,4,MSH0013-Bindura-Zaoga,100%,239,21,0,0,741,2617,15538,32845,20784,5352,0,0,0.407
2025-10-14,MSH0013-Bindura-Zaoga,CELL_TDD,Bindura_Zaoga_LTE_3,3,MSH0013-Bindura-Zaoga,100%,174,153,0,0,1765,7460,813,584,0,7,0,0,0.5794
2025-10-14,MSH0013-Bindura-Zaoga,CELL_TDD,Bindura_Zaoga_LTE_2,2,MSH0013-Bindura-Zaoga,100%,34,289,0,0,972,17212,30020,6748,1422,154,0,0,0.3511
2025-10-14,MSH0013-Bindura-Zaoga,CELL_TDD,Bindura_Zaoga_LTE_1,1,MSH0013-Bindura-Zaoga,100%,224,21,0,0,546,1442,12805,26269,14925,4505,0,0,0.4022
2025-10-14,MSH-0331-Chiwaridzo 2,CELL_TDD,MSH-0331-Chiwaridzo 2_LTE_6,6,MSH-0331-Chiwaridzo 2_LTE,100%,437,4386,0,0,10127,13242,9386,275,98,353,0,0,0.7275
2025-10-14,MSH-0331-Chiwaridzo 2,CELL_TDD,MSH-0331-Chiwaridzo 2_LTE_5,5,MSH-0331-Chiwaridzo 2_LTE,100%,649,3901,0,0,12453,4660,4029,4686,300,189,0,0,0.5524
2025-10-14,MSH-0331-Chiwaridzo 2,CELL_TDD,MSH-0331-Chiwaridzo 2_LTE_4,4,MSH-0331-Chiwaridzo 2_LTE,100%,1521,5584,0,0,26546,20070,14774,218,5,12,0,0,0.3648
2025-10-14,MSH-0331-Chiwaridzo 2,CELL_TDD,MSH-0331-Chiwaridzo 2_LTE_3,3,MSH-0331-Chiwaridzo 2_LTE,100%,399,6191,0,0,10068,15283,12676,150,85,94,0,0,0.5154
2025-10-14,MSH-0331-Chiwaridzo 2,CELL_TDD,MSH-0331-Chiwaridzo 2_LTE_2,2,MSH-0331-Chiwaridzo 2_LTE,100%,622,8828,0,0,14463,5240,5647,4788,92,138,0,0,0.7746
2025-10-14,MSH-0331-Chiwaridzo 2,CELL_TDD,MSH-0331-Chiwaridzo 2_LTE_1,1,MSH-0331-Chiwaridzo 2_LTE,100%,2152,7303,0,0,34519,26896,14973,161,0,9,0,0,0.1503
2025-10-14,MSH-0112-Bindura Hospital,CELL_TDD,MSH-0112-Bindura Hospital_LTE_1,1,MSH-0112-Bindura Hospital_LTE,100%,191,1344,0,0,2456,3547,1742,6654,296,275,0,0,0.5392
2025-10-14,MSH-0112-Bindura Hospital,CELL_TDD,MSH-0112-Bindura Hospital_LTE_2,2,MSH-0112-Bindura Hospital_LTE,100%,8,34,0,0,4987,8781,3888,254,47,7,0,0,0.9083
2025-10-14,MSH-0112-Bindura Hospital,CELL_TDD,MSH-0112-Bindura Hospital_LTE_3,3,MSH-0112-Bindura Hospital_LTE,100%,158,2190,0,0,17829,17812,2925,3914,549,244,0,0,0.8618
2025-10-14,MSH-0112-Bindura Hospital,CELL_TDD,MSH-0112-Bindura Hospital_LTE_4,4,MSH-0112-Bindura Hospital_LTE,100%,546,658,0,0,1195,4746,1706,6869,494,598,0,0,0.622
2025-10-14,MSH-0112-Bindura Hospital,CELL_TDD,MSH-0112-Bindura Hospital_LTE_5,5,MSH-0112-Bindura Hospital_LTE,100%,8,100,0,0,1575,4906,4452,306,58,31,0,0,0.7542
2025-10-14,MSH-0112-Bindura Hospital,CELL_TDD,MSH-0112-Bindura Hospital_LTE_6,6,MSH-0112-Bindura Hospital_LTE,100%,31,971,0,0,14267,14716,3140,2046,462,411,0,0,0.715
2025-10-14,MSH-0014-Chipadze,CELL_TDD,MSH-0014-Chipadze_LTE_6,6,MSH-0014-Chipadze,100%,81,725,0,0,4960,5568,8284,1952,1451,209,0,0,0.5421
2025-10-14,MSH-0014-Chipadze,CELL_TDD,MSH-0014-Chipadze_LTE_5,5,MSH-0014-Chipadze,100%,454,1773,0,0,10537,11213,14319,2785,1178,264,0,0,0.4548
2025-10-14,MSH-0014-Chipadze,CELL_TDD,MSH-0014-Chipadze_LTE_4,4,MSH-0014-Chipadze,100%,164,914,0,0,6377,6229,14085,567,7,5,0,0,0.5729
2025-10-14,MSH-0014-Chipadze,CELL_TDD,MSH-0014-Chipadze_LTE_3,3,MSH-0014-Chipadze,100%,34,1609,0,0,5152,8700,15786,1801,509,138,0,0,0.6718
2025-10-14,MSH-0014-Chipadze,CELL_TDD,MSH-0014-Chipadze_LTE_2,2,MSH-0014-Chipadze,100%,436,2860,0,0,11495,9144,17535,3596,1917,180,0,0,0.5223
2025-10-14,MSH-0014-Chipadze,CELL_TDD,MSH-0014-Chipadze_LTE_1,1,MSH-0014-Chipadze,100%,33,1480,0,0,10625,7422,13549,329,8,6,0,0,0.7184
2025-10-15,MSH0013-Bindura-Zaoga,CELL_TDD,Bindura_Zaoga_LTE_6,6,MSH0013-Bindura-Zaoga,100%,59,20,0,0,584,6109,3631,528,39,22,0,0,0.4154
2025-10-15,MSH0013-Bindura-Zaoga,CELL_TDD,Bindura_Zaoga_LTE_5,5,MSH0013-Bindura-Zaoga,100%,111,240,0,0,1494,18396,34357,6447,873,621,0,0,0.5606
2025-10-15,MSH0013-Bindura-Zaoga,CELL_TDD,Bindura_Zaoga_LTE_4,4,MSH0013-Bindura-Zaoga,100%,374,44,0,0,731,2195,17768,42127,24129,5003,0,0,0.4164
2025-10-15,MSH0013-Bindura-Zaoga,CELL_TDD,Bindura_Zaoga_LTE_3,3,MSH0013-Bindura-Zaoga,100%,15,22,0,0,1841,6622,1786,310,0,7,0,0,0.5517
2025-10-15,MSH0013-Bindura-Zaoga,CELL_TDD,Bindura_Zaoga_LTE_2,2,MSH0013-Bindura-Zaoga,100%,56,94,0,0,1739,17325,30402,5053,749,607,0,0,0.3294
2025-10-15,MSH0013-Bindura-Zaoga,CELL_TDD,Bindura_Zaoga_LTE_1,1,MSH0013-Bindura-Zaoga,100%,166,31,0,0,747,1431,15791,34423,16754,3903,0,0,0.3833
2025-10-15,MSH-0331-Chiwaridzo 2,CELL_TDD,MSH-0331-Chiwaridzo 2_LTE_6,6,MSH-0331-Chiwaridzo 2_LTE,100%,391,4182,0,0,8539,12246,11226,317,95,266,0,0,0.6303
2025-10-15,MSH-0331-Chiwaridzo 2,CELL_TDD,MSH-0331-Chiwaridzo 2_LTE_5,5,MSH-0331-Chiwaridzo 2_LTE,100%,474,4045,0,0,14083,4622,5269,6317,254,147,0,0,0.2657
2025-10-15,MSH-0331-Chiwaridzo 2,CELL_TDD,MSH-0331-Chiwaridzo 2_LTE_4,4,MSH-0331-Chiwaridzo 2_LTE,100%,1880,5960,0,0,22614,19468,12776,118,3,8,0,0,0.5175
2025-10-15,MSH-0331-Chiwaridzo 2,CELL_TDD,MSH-0331-Chiwaridzo 2_LTE_3,3,MSH-0331-Chiwaridzo 2_LTE,100%,466,5602,0,0,11533,13614,13615,189,174,163,0,0,0.6893
2025-10-15,MSH-0331-Chiwaridzo 2,CELL_TDD,MSH-0331-Chiwaridzo 2_LTE_2,2,MSH-0331-Chiwaridzo 2_LTE,100%,556,9789,0,0,13841,4572,5629,5757,86,197,0,0,0.7962
2025-10-15,MSH-0331-Chiwaridzo 2,CELL_TDD,MSH-0331-Chiwaridzo 2_LTE_1,1,MSH-0331-Chiwaridzo 2_LTE,100%,2235,10501,0,0,39697,26406,13613,230,5,6,0,0,0.1612
2025-10-15,MSH-0112-Bindura Hospital,CELL_TDD,MSH-0112-Bindura Hospital_LTE_1,1,MSH-0112-Bindura Hospital_LTE,100%,138,1331,0,0,1143,3392,1125,7761,225,211,0,0,0.6304
2025-10-15,MSH-0112-Bindura Hospital,CELL_TDD,MSH-0112-Bindura Hospital_LTE_2,2,MSH-0112-Bindura Hospital_LTE,100%,6,33,0,0,4141,7673,5182,357,12,6,0,0,0.8578
2025-10-15,MSH-0112-Bindura Hospital,CELL_TDD,MSH-0112-Bindura Hospital_LTE_3,3,MSH-0112-Bindura Hospital_LTE,100%,189,2315,0,0,16564,17975,2943,1480,402,403,0,0,0.7877
2025-10-15,MSH-0112-Bindura Hospital,CELL_TDD,MSH-0112-Bindura Hospital_LTE_4,4,MSH-0112-Bindura Hospital_LTE,100%,517,318,0,0,371,3221,1027,6679,270,274,0,0,0.5709
2025-10-15,MSH-0112-Bindura Hospital,CELL_TDD,MSH-0112-Bindura Hospital_LTE_5,5,MSH-0112-Bindura Hospital_LTE,100%,2,41,0,0,1264,4965,5310,110,11,16,0,0,0.7536
2025-10-15,MSH-0112-Bindura Hospital,CELL_TDD,MSH-0112-Bindura Hospital_LTE_6,6,MSH-0112-Bindura Hospital_LTE,100%,69,1299,0,0,12180,15426,3077,1886,375,605,0,0,0.5684
2025-10-15,MSH-0014-Chipadze,CELL_TDD,MSH-0014-Chipadze_LTE_6,6,MSH-0014-Chipadze,100%,100,726,0,0,3415,7957,10050,1451,1150,430,0,0,0.561
2025-10-15,MSH-0014-Chipadze,CELL_TDD,MSH-0014-Chipadze_LTE_5,5,MSH-0014-Chipadze,100%,263,2503,0,0,7242,9015,14713,3923,1646,324,0,0,0.4278
2025-10-15,MSH-0014-Chipadze,CELL_TDD,MSH-0014-Chipadze_LTE_4,4,MSH-0014-Chipadze,100%,82,802,0,0,7261,6390,10837,794,5,13,0,0,0.6354
2025-10-15,MSH-0014-Chipadze,CELL_TDD,MSH-0014-Chipadze_LTE_3,3,MSH-0014-Chipadze,100%,94,1587,0,0,5578,6832,9081,1032,657,141,0,0,0.5554
2025-10-15,MSH-0014-Chipadze,CELL_TDD,MSH-0014-Chipadze_LTE_2,2,MSH-0014-Chipadze,100%,799,1304,0,0,9217,8949,12266,4030,1793,317,0,0,0.4801
2025-10-15,MSH-0014-Chipadze,CELL_TDD,MSH-0014-Chipadze_LTE_1,1,MSH-0014-Chipadze,100%,65,1129,0,0,8158,6981,12595,392,3,0,0,0,0.671
2025-10-16,MSH0013-Bindura-Zaoga,CELL_TDD,Bindura_Zaoga_LTE_6,6,MSH0013-Bindura-Zaoga,100%,130,42,0,0,726,6931,3207,828,22,19,0,0,0.5134
2025-10-16,MSH0013-Bindura-Zaoga,CELL_TDD,Bindura_Zaoga_LTE_5,5,MSH0013-Bindura-Zaoga,100%,54,466,0,0,1481,16200,34207,5940,1324,345,0,0,0.5728
2025-10-16,MSH0013-Bindura-Zaoga,CELL_TDD,Bindura_Zaoga_LTE_4,4,MSH0013-Bindura-Zaoga,100%,588,86,0,0,2185,2265,24100,53341,21018,6978,0,0,0.3914
2025-10-16,MSH0013-Bindura-Zaoga,CELL_TDD,Bindura_Zaoga_LTE_3,3,MSH0013-Bindura-Zaoga,100%,80,13,0,0,959,6016,1107,442,1,15,0,0,0.459
2025-10-16,MSH0013-Bindura-Zaoga,CELL_TDD,Bindura_Zaoga_LTE_2,2,MSH0013-Bindura-Zaoga,100%,13,24,0,0,1235,14863,29621,5179,842,307,0,0,0.2925
2025-10-16,MSH0013-Bindura-Zaoga,CELL_TDD,Bindura_Zaoga_LTE_1,1,MSH0013-Bindura-Zaoga,100%,593,49,0,0,664,1718,16152,35558,18125,3037,0,0,0.4074
2025-10-16,MSH-0331-Chiwaridzo 2,CELL_TDD,MSH-0331-Chiwaridzo 2_LTE_6,6,MSH-0331-Chiwaridzo 2_LTE,100%,270,4336,0,0,9617,14311,12389,220,165,218,0,0,0.6864
2025-10-16,MSH-0331-Chiwaridzo 2,CELL_TDD,MSH-0331-Chiwaridzo 2_LTE_5,5,MSH-0331-Chiwaridzo 2_LTE,100%,753,4646,0,0,8634,5102,5470,5946,475,201,0,0,0.7259
2025-10-16,MSH-0331-Chiwaridzo 2,CELL_TDD,MSH-0331-Chiwaridzo 2_LTE_4,4,MSH-0331-Chiwaridzo 2_LTE,100%,1985,7492,0,0,25963,22664,13682,196,6,7,0,0,0.5906
2025-10-16,MSH-0331-Chiwaridzo 2,CELL_TDD,MSH-0331-Chiwaridzo 2_LTE_3,3,MSH-0331-Chiwaridzo 2_LTE,100%,247,4952,0,0,12440,12676,12228,199,205,148,0,0,0.1777
2025-10-16,MSH-0331-Chiwaridzo 2,CELL_TDD,MSH-0331-Chiwaridzo 2_LTE_2,2,MSH-0331-Chiwaridzo 2_LTE,100%,733,6302,0,0,11921,6055,5227,5310,64,100,0,0,0.7886
2025-10-16,MSH-0331-Chiwaridzo 2,CELL_TDD,MSH-0331-Chiwaridzo 2_LTE_1,1,MSH-0331-Chiwaridzo 2_LTE,100%,2474,9900,0,0,33493,22034,13987,383,2,0,0,0,0.1368
2025-10-16,MSH-0112-Bindura Hospital,CELL_TDD,MSH-0112-Bindura Hospital_LTE_1,1,MSH-0112-Bindura Hospital_LTE,100%,45,1645,0,0,1510,2468,1345,7594,257,247,0,0,0.7408
2025-10-16,MSH-0112-Bindura Hospital,CELL_TDD,MSH-0112-Bindura Hospital_LTE_2,2,MSH-0112-Bindura Hospital_LTE,100%,6,194,0,0,1701,6358,4317,384,3,6,0,0,0.8342
2025-10-16,MSH-0112-Bindura Hospital,CELL_TDD,MSH-0112-Bindura Hospital_LTE_3,3,MSH-0112-Bindura Hospital_LTE,100%,323,1944,0,0,15269,17123,3216,2554,772,368,0,0,0.7172
2025-10-16,MSH-0112-Bindura Hospital,CELL_TDD,MSH-0112-Bindura Hospital_LTE_4,4,MSH-0112-Bindura Hospital_LTE,100%,275,284,0,0,471,4396,1364,5582,251,536,0,0,0.3911
2025-10-16,MSH-0112-Bindura Hospital,CELL_TDD,MSH-0112-Bindura Hospital_LTE_5,5,MSH-0112-Bindura Hospital_LTE,100%,5,82,0,0,1294,3965,4901,271,3,11,0,0,0.7562
2025-10-16,MSH-0112-Bindura Hospital,CELL_TDD,MSH-0112-Bindura Hospital_LTE_6,6,MSH-0112-Bindura Hospital_LTE,100%,117,1254,0,0,13288,13859,3011,2131,458,506,0,0,0.5632
2025-10-16,MSH-0014-Chipadze,CELL_TDD,MSH-0014-Chipadze_LTE_6,6,MSH-0014-Chipadze,100%,367,556,0,0,2829,6723,9612,1543,1079,180,0,0,0.5479
2025-10-16,MSH-0014-Chipadze,CELL_TDD,MSH-0014-Chipadze_LTE_5,5,MSH-0014-Chipadze,100%,651,2100,0,0,7907,13162,17077,3305,2677,268,0,0,0.476
2025-10-16,MSH-0014-Chipadze,CELL_TDD,MSH-0014-Chipadze_LTE_4,4,MSH-0014-Chipadze,100%,290,767,0,0,6300,7263,12699,196,2,10,0,0,0.5341
2025-10-16,MSH-0014-Chipadze,CELL_TDD,MSH-0014-Chipadze_LTE_3,3,MSH-0014-Chipadze,100%,50,1662,0,0,6400,6475,9475,1452,609,160,0,0,0.6271
2025-10-16,MSH-0014-Chipadze,CELL_TDD,MSH-0014-Chipadze_LTE_2,2,MSH-0014-Chipadze,100%,345,1140,0,0,8792,8427,13429,4062,2547,202,0,0,0.541
2025-10-16,MSH-0014-Chipadze,CELL_TDD,MSH-0014-Chipadze_LTE_1,1,MSH-0014-Chipadze,100%,47,1274,0,0,6179,7374,13868,339,0,3,0,0,0.6384
2025-10-17,MSH0013-Bindura-Zaoga,CELL_TDD,Bindura_Zaoga_LTE_6,6,MSH0013-Bindura-Zaoga,100%,213,47,0,0,1833,8317,3832,782,23,21,0,0,0.5745
2025-10-17,MSH0013-Bindura-Zaoga,CELL_TDD,Bindura_Zaoga_LTE_5,5,MSH0013-Bindura-Zaoga,100%,22,84,0,0,1818,16662,29006,8821,1633,615,0,0,0.6431
2025-10-17,MSH0013-Bindura-Zaoga,CELL_TDD,Bindura_Zaoga_LTE_4,4,MSH0013-Bindura-Zaoga,100%,178,62,0,0,1649,2018,12356,35316,19208,4203,0,0,0.4485
2025-10-17,MSH0013-Bindura-Zaoga,CELL_TDD,Bindura_Zaoga_LTE_3,3,MSH0013-Bindura-Zaoga,100%,57,32,0,0,854,6020,1063,423,0,21,0,0,0.5208
2025-10-17,MSH0013-Bindura-Zaoga,CELL_TDD,Bindura_Zaoga_LTE_2,2,MSH0013-Bindura-Zaoga,100%,12,492,0,0,887,15245,29942,5698,1246,341,0,0,0.5639
2025-10-17,MSH0013-Bindura-Zaoga,CELL_TDD,Bindura_Zaoga_LTE_1,1,MSH0013-Bindura-Zaoga,100%,112,37,0,0,616,1195,14280,27052,15650,4514,0,0,0.4219
2025-10-17,MSH-0331-Chiwaridzo 2,CELL_TDD,MSH-0331-Chiwaridzo 2_LTE_6,6,MSH-0331-Chiwaridzo 2_LTE,100%,300,4645,0,0,8018,12170,13618,576,424,314,0,0,0.7371
2025-10-17,MSH-0331-Chiwaridzo 2,CELL_TDD,MSH-0331-Chiwaridzo 2_LTE_5,5,MSH-0331-Chiwaridzo 2_LTE,100%,1111,2790,0,0,9212,6893,4089,5940,300,144,0,0,0.7505
2025-10-17,MSH-0331-Chiwaridzo 2,CELL_TDD,MSH-0331-Chiwaridzo 2_LTE_4,4,MSH-0331-Chiwaridzo 2_LTE,100%,1035,5406,0,0,20478,19422,12646,297,6,6,0,0,0.2839
2025-10-17,MSH-0331-Chiwaridzo 2,CELL_TDD,MSH-0331-Chiwaridzo 2_LTE_3,3,MSH-0331-Chiwaridzo 2_LTE,100%,358,5735,0,0,9041,18080,12913,238,163,174,0,0,0.7192
2025-10-17,MSH-0331-Chiwaridzo 2,CELL_TDD,MSH-0331-Chiwaridzo 2_LTE_2,2,MSH-0331-Chiwaridzo 2_LTE,100%,751,5630,0,0,11636,8081,3311,6767,36,90,0,0,0.8483
2025-10-17,MSH-0331-Chiwaridzo 2,CELL_TDD,MSH-0331-Chiwaridzo 2_LTE_1,1,MSH-0331-Chiwaridzo 2_LTE,100%,2418,7878,0,0,30442,33810,11928,261,2,3,0,0,0.3681
2025-10-17,MSH-0112-Bindura Hospital,CELL_TDD,MSH-0112-Bindura Hospital_LTE_1,1,MSH-0112-Bindura Hospital_LTE,100%,115,1261,0,0,1631,2040,1379,6760,139,224,0,0,0.6844
2025-10-17,MSH-0112-Bindura Hospital,CELL_TDD,MSH-0112-Bindura Hospital_LTE_2,2,MSH-0112-Bindura Hospital_LTE,100%,13,486,0,0,3617,7305,5456,371,9,15,0,0,0.8033
2025-10-17,MSH-0112-Bindura Hospital,CELL_TDD,MSH-0112-Bindura Hospital_LTE_3,3,MSH-0112-Bindura Hospital_LTE,100%,416,2078,0,0,10393,15369,3395,1915,508,498,0,0,0.813
2025-10-17,MSH-0112-Bindura Hospital,CELL_TDD,MSH-0112-Bindura Hospital_LTE_4,4,MSH-0112-Bindura Hospital_LTE,100%,410,484,0,0,770,4291,1353,6603,491,427,0,0,0.2606
2025-10-17,MSH-0112-Bindura Hospital,CELL_TDD,MSH-0112-Bindura Hospital_LTE_5,5,MSH-0112-Bindura Hospital_LTE,100%,19,367,0,0,1821,5284,4990,214,29,13,0,0,0.5307
2025-10-17,MSH-0112-Bindura Hospital,CELL_TDD,MSH-0112-Bindura Hospital_LTE_6,6,MSH-0112-Bindura Hospital_LTE,100%,256,2116,0,0,8290,15682,4081,1095,1598,747,0,0,0.6954
2025-10-17,MSH-0014-Chipadze,CELL_TDD,MSH-0014-Chipadze_LTE_6,6,MSH-0014-Chipadze,100%,266,473,0,0,3507,6837,18593,1925,926,203,0,0,0.5985
2025-10-17,MSH-0014-Chipadze,CELL_TDD,MSH-0014-Chipadze_LTE_5,5,MSH-0014-Chipadze,100%,265,1609,0,0,8360,10819,23417,4126,1534,324,0,0,0.5299
2025-10-17,MSH-0014-Chipadze,CELL_TDD,MSH-0014-Chipadze_LTE_4,4,MSH-0014-Chipadze,100%,110,971,0,0,4575,4865,11487,123,1,1,0,0,0.5644
2025-10-17,MSH-0014-Chipadze,CELL_TDD,MSH-0014-Chipadze_LTE_3,3,MSH-0014-Chipadze,100%,37,840,0,0,5217,5735,11241,1276,609,227,0,0,0.5618
2025-10-17,MSH-0014-Chipadze,CELL_TDD,MSH-0014-Chipadze_LTE_2,2,MSH-0014-Chipadze,100%,504,949,0,0,11233,9464,11980,3092,1484,337,0,0,0.5699
2025-10-17,MSH-0014-Chipadze,CELL_TDD,MSH-0014-Chipadze_LTE_1,1,MSH-0014-Chipadze,100%,65,1115,0,0,6560,4910,10289,137,0,1,0,0,0.7282
2025-10-18,MSH0013-Bindura-Zaoga,CELL_TDD,Bindura_Zaoga_LTE_6,6,MSH0013-Bindura-Zaoga,100%,58,35,0,0,662,6411,3004,671,16,38,0,0,0.5547
2025-10-18,MSH0013-Bindura-Zaoga,CELL_TDD,Bindura_Zaoga_LTE_5,5,MSH0013-Bindura-Zaoga,100%,30,17,0,0,1108,13814,33951,5133,1390,315,0,0,0.521
2025-10-18,MSH0013-Bindura-Zaoga,CELL_TDD,Bindura_Zaoga_LTE_4,4,MSH0013-Bindura-Zaoga,100%,735,100,0,0,1069,2929,30006,81447,24076,11001,0,0,0.3772
2025-10-18,MSH0013-Bindura-Zaoga,CELL_TDD,Bindura_Zaoga_LTE_3,3,MSH0013-Bindura-Zaoga,100%,50,63,0,0,2012,4756,2003,543,2,4,0,0,0.5738
2025-10-18,MSH0013-Bindura-Zaoga,CELL_TDD,Bindura_Zaoga_LTE_2,2,MSH0013-Bindura-Zaoga,100%,115,8,0,0,1236,13978,30341,7635,944,214,0,0,0.4699
2025-10-18,MSH0013-Bindura-Zaoga,CELL_TDD,Bindura_Zaoga_LTE_1,1,MSH0013-Bindura-Zaoga,100%,253,47,0,0,524,1639,17181,50910,22224,6126,0,0,0.3739
2025-10-18,MSH-0331-Chiwaridzo 2,CELL_TDD,MSH-0331-Chiwaridzo 2_LTE_6,6,MSH-0331-Chiwaridzo 2_LTE,100%,395,6589,0,0,8686,11686,11105,401,52,445,0,0,0.5052
2025-10-18,MSH-0331-Chiwaridzo 2,CELL_TDD,MSH-0331-Chiwaridzo 2_LTE_5,5,MSH-0331-Chiwaridzo 2_LTE,100%,844,2187,0,0,9748,6180,6583,7521,207,177,0,0,0.677
2025-10-18,MSH-0331-Chiwaridzo 2,CELL_TDD,MSH-0331-Chiwaridzo 2_LTE_4,4,MSH-0331-Chiwaridzo 2_LTE,100%,1296,4964,0,0,17406,20514,9108,173,5,3,0,0,0.4036
2025-10-18,MSH-0331-Chiwaridzo 2,CELL_TDD,MSH-0331-Chiwaridzo 2_LTE_3,3,MSH-0331-Chiwaridzo 2_LTE,100%,401,8167,0,0,9566,12647,9477,413,27,284,0,0,0.6925
2025-10-18,MSH-0331-Chiwaridzo 2,CELL_TDD,MSH-0331-Chiwaridzo 2_LTE_2,2,MSH-0331-Chiwaridzo 2_LTE,100%,636,5982,0,0,13910,8557,7196,8165,106,114,0,0,0.7372
2025-10-18,MSH-0331-Chiwaridzo 2,CELL_TDD,MSH-0331-Chiwaridzo 2_LTE_1,1,MSH-0331-Chiwaridzo 2_LTE,100%,2482,7763,0,0,27149,26293,11429,124,7,3,0,0,0.2574
2025-10-18,MSH-0112-Bindura Hospital,CELL_TDD,MSH-0112-Bindura Hospital_LTE_1,1,MSH-0112-Bindura Hospital_LTE,100%,87,495,0,0,1758,3512,1190,8073,568,191,0,0,0.4931
2025-10-18,MSH-0112-Bindura Hospital,CELL_TDD,MSH-0112-Bindura Hospital_LTE_2,2,MSH-0112-Bindura Hospital_LTE,100%,10,75,0,0,3350,6275,5543,76,13,3,0,0,0.8659
2025-10-18,MSH-0112-Bindura Hospital,CELL_TDD,MSH-0112-Bindura Hospital_LTE_3,3,MSH-0112-Bindura Hospital_LTE,100%,482,1918,0,0,8491,14941,2752,1314,1014,350,0,0,0.8044
2025-10-18,MSH-0112-Bindura Hospital,CELL_TDD,MSH-0112-Bindura Hospital_LTE_4,4,MSH-0112-Bindura Hospital_LTE,100%,225,379,0,0,861,6066,1317,9659,549,490,0,0,0.4729
2025-10-18,MSH-0112-Bindura Hospital,CELL_TDD,MSH-0112-Bindura Hospital_LTE_5,5,MSH-0112-Bindura Hospital_LTE,100%,11,52,0,0,2024,4609,6282,628,77,9,0,0,0.7259
2025-10-18,MSH-0112-Bindura Hospital,CELL_TDD,MSH-0112-Bindura Hospital_LTE_6,6,MSH-0112-Bindura Hospital_LTE,100%,142,1680,0,0,6979,13695,2520,981,729,481,0,0,0.3161
2025-10-18,MSH-0014-Chipadze,CELL_TDD,MSH-0014-Chipadze_LTE_6,6,MSH-0014-Chipadze,100%,27,676,0,0,2442,4313,9603,2445,595,152,0,0,0.4636
2025-10-18,MSH-0014-Chipadze,CELL_TDD,MSH-0014-Chipadze_LTE_5,5,MSH-0014-Chipadze,100%,73,448,0,0,5450,10670,12668,2448,1761,432,0,0,0.3666
2025-10-18,MSH-0014-Chipadze,CELL_TDD,MSH-0014-Chipadze_LTE_4,4,MSH-0014-Chipadze,100%,56,823,0,0,5583,4916,10224,136,26,14,0,0,0.5569
2025-10-18,MSH-0014-Chipadze,CELL_TDD,MSH-0014-Chipadze_LTE_3,3,MSH-0014-Chipadze,100%,59,1680,0,0,5873,6410,9723,1211,547,179,0,0,0.5867
2025-10-18,MSH-0014-Chipadze,CELL_TDD,MSH-0014-Chipadze_LTE_2,2,MSH-0014-Chipadze,100%,583,1199,0,0,9324,8741,12976,3169,2156,308,0,0,0.4812
2025-10-18,MSH-0014-Chipadze,CELL_TDD,MSH-0014-Chipadze_LTE_1,1,MSH-0014-Chipadze,100%,204,1074,0,0,5749,4911,11178,238,3,8,0,0,0.6819
2025-10-19,MSH0013-Bindura-Zaoga,CELL_TDD,Bindura_Zaoga_LTE_6,6,MSH0013-Bindura-Zaoga,100%,36,29,0,0,1157,4632,2372,619,8,76,0,0,0.5054
2025-10-19,MSH0013-Bindura-Zaoga,CELL_TDD,Bindura_Zaoga_LTE_5,5,MSH0013-Bindura-Zaoga,100%,53,22,0,0,1767,8375,21797,6178,559,336,0,0,0.3624
2025-10-19,MSH0013-Bindura-Zaoga,CELL_TDD,Bindura_Zaoga_LTE_4,4,MSH0013-Bindura-Zaoga,100%,556,55,0,0,804,2088,19760,57386,26493,5973,0,0,0.381
2025-10-19,MSH0013-Bindura-Zaoga,CELL_TDD,Bindura_Zaoga_LTE_3,3,MSH0013-Bindura-Zaoga,100%,14,6,0,0,2030,4427,494,362,0,11,0,0,0.5646
2025-10-19,MSH0013-Bindura-Zaoga,CELL_TDD,Bindura_Zaoga_LTE_2,2,MSH0013-Bindura-Zaoga,100%,72,7,0,0,1150,8372,18833,4658,1000,217,0,0,0.0942
2025-10-19,MSH0013-Bindura-Zaoga,CELL_TDD,Bindura_Zaoga_LTE_1,1,MSH0013-Bindura-Zaoga,100%,376,61,0,0,1251,1331,17809,45260,27092,6390,0,0,0.4052
2025-10-19,MSH-0331-Chiwaridzo 2,CELL_TDD,MSH-0331-Chiwaridzo 2_LTE_6,6,MSH-0331-Chiwaridzo 2_LTE,100%,289,6362,0,0,9003,11898,10124,396,36,380,0,0,0.2697
2025-10-19,MSH-0331-Chiwaridzo 2,CELL_TDD,MSH-0331-Chiwaridzo 2_LTE_5,5,MSH-0331-Chiwaridzo 2_LTE,100%,666,3950,0,0,11745,7564,5644,5202,178,241,0,0,0.7201
2025-10-19,MSH-0331-Chiwaridzo 2,CELL_TDD,MSH-0331-Chiwaridzo 2_LTE_4,4,MSH-0331-Chiwaridzo 2_LTE,100%,1132,5903,0,0,22472,20702,10194,178,5,8,0,0,0.2599
2025-10-19,MSH-0331-Chiwaridzo 2,CELL_TDD,MSH-0331-Chiwaridzo 2_LTE_3,3,MSH-0331-Chiwaridzo 2_LTE,100%,395,9695,0,0,11299,15649,12695,521,21,171,0,0,0.7448
2025-10-19,MSH-0331-Chiwaridzo 2,CELL_TDD,MSH-0331-Chiwaridzo 2_LTE_2,2,MSH-0331-Chiwaridzo 2_LTE,100%,376,8938,0,0,13336,9275,5988,6329,96,76,0,0,0.8146
2025-10-19,MSH-0331-Chiwaridzo 2,CELL_TDD,MSH-0331-Chiwaridzo 2_LTE_1,1,MSH-0331-Chiwaridzo 2_LTE,100%,1973,7759,0,0,25539,25056,12339,131,4,8,0,0,0.2723
2025-10-19,MSH-0112-Bindura Hospital,CELL_TDD,MSH-0112-Bindura Hospital_LTE_1,1,MSH-0112-Bindura Hospital_LTE,100%,24,622,0,0,2321,3635,1925,10370,266,383,0,0,0.6959
2025-10-19,MSH-0112-Bindura Hospital,CELL_TDD,MSH-0112-Bindura Hospital_LTE_2,2,MSH-0112-Bindura Hospital_LTE,100%,11,71,0,0,3795,5753,4900,515,41,8,0,0,0.8441
2025-10-19,MSH-0112-Bindura Hospital,CELL_TDD,MSH-0112-Bindura Hospital_LTE_3,3,MSH-0112-Bindura Hospital_LTE,100%,375,2007,0,0,7512,13870,2705,1839,640,256,0,0,0.8433
2025-10-19,MSH-0112-Bindura Hospital,CELL_TDD,MSH-0112-Bindura Hospital_LTE_4,4,MSH-0112-Bindura Hospital_LTE,100%,168,178,0,0,715,3679,1722,10114,293,823,0,0,0.5056
2025-10-19,MSH-0112-Bindura Hospital,CELL_TDD,MSH-0112-Bindura Hospital_LTE_5,5,MSH-0112-Bindura Hospital_LTE,100%,1,62,0,0,1443,3437,4876,616,112,25,0,0,0.7831
2025-10-19,MSH-0112-Bindura Hospital,CELL_TDD,MSH-0112-Bindura Hospital_LTE_6,6,MSH-0112-Bindura Hospital_LTE,100%,160,1227,0,0,4371,12361,2303,746,547,300,0,0,0.7553
2025-10-19,MSH-0014-Chipadze,CELL_TDD,MSH-0014-Chipadze_LTE_6,6,MSH-0014-Chipadze,100%,204,1372,0,0,1962,3291,7999,1689,684,150,0,0,0.497
2025-10-19,MSH-0014-Chipadze,CELL_TDD,MSH-0014-Chipadze_LTE_5,5,MSH-0014-Chipadze,100%,389,780,0,0,5007,9047,11154,3005,1858,286,0,0,0.4465
2025-10-19,MSH-0014-Chipadze,CELL_TDD,MSH-0014-Chipadze_LTE_4,4,MSH-0014-Chipadze,100%,97,394,0,0,6158,5371,7442,288,15,1,0,0,0.6602
2025-10-19,MSH-0014-Chipadze,CELL_TDD,MSH-0014-Chipadze_LTE_3,3,MSH-0014-Chipadze,100%,93,764,0,0,3064,4936,7140,853,430,60,0,0,0.5888
2025-10-19,MSH-0014-Chipadze,CELL_TDD,MSH-0014-Chipadze_LTE_2,2,MSH-0014-Chipadze,100%,536,965,0,0,9960,8416,12952,2516,1445,202,0,0,0.5523
2025-10-19,MSH-0014-Chipadze,CELL_TDD,MSH-0014-Chipadze_LTE_1,1,MSH-0014-Chipadze,100%,33,576,0,0,5347,3969,6905,271,3,12,0,0,0.7187
2025-10-20,MSH0013-Bindura-Zaoga,CELL_TDD,Bindura_Zaoga_LTE_6,6,MSH0013-Bindura-Zaoga,100%,149,39,0,0,494,7286,2861,1227,36,76,0,0,0.5211
2025-10-20,MSH0013-Bindura-Zaoga,CELL_TDD,Bindura_Zaoga_LTE_5,5,MSH0013-Bindura-Zaoga,100%,119,23,0,0,1934,17850,30174,8267,1266,245,0,0,0.2986
2025-10-20,MSH0013-Bindura-Zaoga,CELL_TDD,Bindura_Zaoga_LTE_4,4,MSH0013-Bindura-Zaoga,100%,391,57,0,0,672,2442,18316,39615,24450,4054,0,0,0.3805
2025-10-20,MSH0013-Bindura-Zaoga,CELL_TDD,Bindura_Zaoga_LTE_3,3,MSH0013-Bindura-Zaoga,100%,78,24,0,0,1548,5052,814,643,16,4,0,0,0.5638
2025-10-20,MSH0013-Bindura-Zaoga,CELL_TDD,Bindura_Zaoga_LTE_2,2,MSH0013-Bindura-Zaoga,100%,31,10,0,0,2335,17222,28226,7645,1265,195,0,0,0.4119
2025-10-20,MSH0013-Bindura-Zaoga,CELL_TDD,Bindura_Zaoga_LTE_1,1,MSH0013-Bindura-Zaoga,100%,341,32,0,0,295,1033,15741,29430,20983,4300,0,0,0.411
2025-10-20,MSH-0331-Chiwaridzo 2,CELL_TDD,MSH-0331-Chiwaridzo 2_LTE_6,6,MSH-0331-Chiwaridzo 2_LTE,100%,188,3044,0,0,9005,10848,11202,254,52,323,0,0,0.4568
2025-10-20,MSH-0331-Chiwaridzo 2,CELL_TDD,MSH-0331-Chiwaridzo 2_LTE_5,5,MSH-0331-Chiwaridzo 2_LTE,100%,519,2183,0,0,8595,4880,3872,5464,136,108,0,0,0.6733
2025-10-20,MSH-0331-Chiwaridzo 2,CELL_TDD,MSH-0331-Chiwaridzo 2_LTE_4,4,MSH-0331-Chiwaridzo 2_LTE,100%,1227,5221,0,0,21680,18839,10724,339,7,1,0,0,0.1011
2025-10-20,MSH-0331-Chiwaridzo 2,CELL_TDD,MSH-0331-Chiwaridzo 2_LTE_3,3,MSH-0331-Chiwaridzo 2_LTE,100%,355,6489,0,0,9243,14120,9443,251,46,101,0,0,0.3353
2025-10-20,MSH-0331-Chiwaridzo 2,CELL_TDD,MSH-0331-Chiwaridzo 2_LTE_2,2,MSH-0331-Chiwaridzo 2_LTE,100%,454,4819,0,0,10858,7538,4070,5776,54,67,0,0,0.7328
2025-10-20,MSH-0331-Chiwaridzo 2,CELL_TDD,MSH-0331-Chiwaridzo 2_LTE_1,1,MSH-0331-Chiwaridzo 2_LTE,100%,2508,8313,0,0,33150,24059,11593,319,4,0,0,0,0.2391
2025-10-20,MSH-0112-Bindura Hospital,CELL_TDD,MSH-0112-Bindura Hospital_LTE_1,1,MSH-0112-Bindura Hospital_LTE,100%,49,816,0,0,1152,6667,1254,10159,104,163,0,0,0.2957
2025-10-20,MSH-0112-Bindura Hospital,CELL_TDD,MSH-0112-Bindura Hospital_LTE_2,2,MSH-0112-Bindura Hospital_LTE,100%,35,146,0,0,2457,7238,6683,427,14,5,0,0,0.8521
2025-10-20,MSH-0112-Bindura Hospital,CELL_TDD,MSH-0112-Bindura Hospital_LTE_3,3,MSH-0112-Bindura Hospital_LTE,100%,98,1841,0,0,11190,22365,4487,2852,816,318,0,0,0.8674
2025-10-20,MSH-0112-Bindura Hospital,CELL_TDD,MSH-0112-Bindura Hospital_LTE_4,4,MSH-0112-Bindura Hospital_LTE,100%,701,436,0,0,807,4555,1264,10976,204,232,0,0,0.1655
2025-10-20,MSH-0112-Bindura Hospital,CELL_TDD,MSH-0112-Bindura Hospital_LTE_5,5,MSH-0112-Bindura Hospital_LTE,100%,21,62,0,0,1153,4013,5418,231,16,12,0,0,0.5262
2025-10-20,MSH-0112-Bindura Hospital,CELL_TDD,MSH-0112-Bindura Hospital_LTE_6,6,MSH-0112-Bindura Hospital_LTE,100%,47,1573,0,0,8963,17253,3693,1822,1048,514,0,0,0.7278
2025-10-20,MSH-0014-Chipadze,CELL_TDD,MSH-0014-Chipadze_LTE_6,6,MSH-0014-Chipadze,100%,27,478,0,0,2765,6627,9293,1431,530,227,0,0,0.4874
2025-10-20,MSH-0014-Chipadze,CELL_TDD,MSH-0014-Chipadze_LTE_5,5,MSH-0014-Chipadze,100%,70,712,0,0,6058,8179,13141,3685,1912,267,0,0,0.3819
2025-10-20,MSH-0014-Chipadze,CELL_TDD,MSH-0014-Chipadze_LTE_4,4,MSH-0014-Chipadze,100%,51,669,0,0,6332,6129,10865,319,17,10,0,0,0.6197
2025-10-20,MSH-0014-Chipadze,CELL_TDD,MSH-0014-Chipadze_LTE_3,3,MSH-0014-Chipadze,100%,85,1527,0,0,4696,7366,8401,1381,339,79,0,0,0.6547
2025-10-20,MSH-0014-Chipadze,CELL_TDD,MSH-0014-Chipadze_LTE_2,2,MSH-0014-Chipadze,100%,403,1131,0,0,10941,8962,12981,3805,1258,213,0,0,0.4809
2025-10-20,MSH-0014-Chipadze,CELL_TDD,MSH-0014-Chipadze_LTE_1,1,MSH-0014-Chipadze,100%,91,1476,0,0,6633,5436,10178,168,11,1,0,0,0.7213
2025-10-21,MSH0013-Bindura-Zaoga,CELL_TDD,Bindura_Zaoga_LTE_6,6,MSH0013-Bindura-Zaoga,100%,97,55,0,0,747,7822,3289,837,4,47,0,0,0.5102
2025-10-21,MSH0013-Bindura-Zaoga,CELL_TDD,Bindura_Zaoga_LTE_5,5,MSH0013-Bindura-Zaoga,100%,161,485,0,0,2419,21663,33253,8517,574,308,0,0,0.5619
2025-10-21,MSH0013-Bindura-Zaoga,CELL_TDD,Bindura_Zaoga_LTE_4,4,MSH0013-Bindura-Zaoga,100%,570,77,0,0,424,2661,20432,49915,23508,6530,0,0,0.367
2025-10-21,MSH0013-Bindura-Zaoga,CELL_TDD,Bindura_Zaoga_LTE_3,3,MSH0013-Bindura-Zaoga,100%,30,35,0,0,1347,7069,1437,287,0,3,0,0,0.5537
2025-10-21,MSH0013-Bindura-Zaoga,CELL_TDD,Bindura_Zaoga_LTE_2,2,MSH0013-Bindura-Zaoga,100%,50,82,0,0,1178,18422,28035,5660,777,261,0,0,0.5221
2025-10-21,MSH0013-Bindura-Zaoga,CELL_TDD,Bindura_Zaoga_LTE_1,1,MSH0013-Bindura-Zaoga,100%,275,19,0,0,199,1335,13516,30190,16613,3549,0,0,0.3755
2025-10-21,MSH-0331-Chiwaridzo 2,CELL_TDD,MSH-0331-Chiwaridzo 2_LTE_6,6,MSH-0331-Chiwaridzo 2_LTE,100%,557,4095,0,0,7644,10183,11739,216,17,193,0,0,0.7588
2025-10-21,MSH-0331-Chiwaridzo 2,CELL_TDD,MSH-0331-Chiwaridzo 2_LTE_5,5,MSH-0331-Chiwaridzo 2_LTE,100%,814,4272,0,0,9146,5611,5273,6398,166,233,0,0,0.6999
2025-10-21,MSH-0331-Chiwaridzo 2,CELL_TDD,MSH-0331-Chiwaridzo 2_LTE_4,4,MSH-0331-Chiwaridzo 2_LTE,100%,2138,7479,0,0,19440,20166,12434,432,15,3,0,0,0.3583
2025-10-21,MSH-0331-Chiwaridzo 2,CELL_TDD,MSH-0331-Chiwaridzo 2_LTE_3,3,MSH-0331-Chiwaridzo 2_LTE,100%,419,5846,0,0,10915,16886,11363,276,4,114,0,0,0.8251
2025-10-21,MSH-0331-Chiwaridzo 2,CELL_TDD,MSH-0331-Chiwaridzo 2_LTE_2,2,MSH-0331-Chiwaridzo 2_LTE,100%,480,5067,0,0,11490,6841,6171,6940,77,146,0,0,0.8133
2025-10-21,MSH-0331-Chiwaridzo 2,CELL_TDD,MSH-0331-Chiwaridzo 2_LTE_1,1,MSH-0331-Chiwaridzo 2_LTE,100%,2593,7786,0,0,27888,23558,14709,291,13,7,0,0,0.2872
2025-10-21,MSH-0112-Bindura Hospital,CELL_TDD,MSH-0112-Bindura Hospital_LTE_1,1,MSH-0112-Bindura Hospital_LTE,100%,117,1019,0,0,1186,5479,1438,10103,183,179,0,0,0.4504
2025-10-21,MSH-0112-Bindura Hospital,CELL_TDD,MSH-0112-Bindura Hospital_LTE_2,2,MSH-0112-Bindura Hospital_LTE,100%,71,122,0,0,2495,7102,6162,2496,14,13,0,0,0.7824
2025-10-21,MSH-0112-Bindura Hospital,CELL_TDD,MSH-0112-Bindura Hospital_LTE_3,3,MSH-0112-Bindura Hospital_LTE,100%,157,2026,0,0,11576,19325,3056,1704,2005,256,0,0,0.8742
2025-10-21,MSH-0112-Bindura Hospital,CELL_TDD,MSH-0112-Bindura Hospital_LTE_4,4,MSH-0112-Bindura Hospital_LTE,100%,560,286,0,0,669,5760,2253,10574,205,225,0,0,0.514
2025-10-21,MSH-0112-Bindura Hospital,CELL_TDD,MSH-0112-Bindura Hospital_LTE_5,5,MSH-0112-Bindura Hospital_LTE,100%,28,23,0,0,1509,4139,5930,303,33,21,0,0,0.708
2025-10-21,MSH-0112-Bindura Hospital,CELL_TDD,MSH-0112-Bindura Hospital_LTE_6,6,MSH-0112-Bindura Hospital_LTE,100%,35,866,0,0,9653,19976,3804,1608,956,453,0,0,0.7528
2025-10-21,MSH-0014-Chipadze,CELL_TDD,MSH-0014-Chipadze_LTE_6,6,MSH-0014-Chipadze,100%,198,746,0,0,3307,6024,9063,1176,653,153,0,0,0.5534
2025-10-21,MSH-0014-Chipadze,CELL_TDD,MSH-0014-Chipadze_LTE_5,5,MSH-0014-Chipadze,100%,274,2179,0,0,6040,8390,12225,3236,2267,373,0,0,0.3458
2025-10-21,MSH-0014-Chipadze,CELL_TDD,MSH-0014-Chipadze_LTE_4,4,MSH-0014-Chipadze,100%,91,751,0,0,7982,5100,12067,362,10,8,0,0,0.6477
2025-10-21,MSH-0014-Chipadze,CELL_TDD,MSH-0014-Chipadze_LTE_3,3,MSH-0014-Chipadze,100%,69,1326,0,0,4316,8248,9240,1546,321,92,0,0,0.6657
2025-10-21,MSH-0014-Chipadze,CELL_TDD,MSH-0014-Chipadze_LTE_2,2,MSH-0014-Chipadze,100%,442,951,0,0,9496,6838,13034,3227,2207,255,0,0,0.2866
2025-10-21,MSH-0014-Chipadze,CELL_TDD,MSH-0014-Chipadze_LTE_1,1,MSH-0014-Chipadze,100%,36,1470,0,0,7078,6710,10007,363,6,2,0,0,0.7192
2025-10-22,MSH0013-Bindura-Zaoga,CELL_TDD,Bindura_Zaoga_LTE_6,6,MSH0013-Bindura-Zaoga,100%,52,83,0,0,582,8143,3572,995,11,20,0,0,0.5038
2025-10-22,MSH0013-Bindura-Zaoga,CELL_TDD,Bindura_Zaoga_LTE_5,5,MSH0013-Bindura-Zaoga,100%,100,309,0,0,2194,18621,34503,8037,965,290,0,0,0.5691
2025-10-22,MSH0013-Bindura-Zaoga,CELL_TDD,Bindura_Zaoga_LTE_4,4,MSH0013-Bindura-Zaoga,100%,797,98,0,0,906,2712,18744,51614,29394,5227,0,0,0.3447
2025-10-22,MSH0013-Bindura-Zaoga,CELL_TDD,Bindura_Zaoga_LTE_3,3,MSH0013-Bindura-Zaoga,100%,20,128,0,0,1140,5379,955,737,2,5,0,0,0.5087
2025-10-22,MSH0013-Bindura-Zaoga,CELL_TDD,Bindura_Zaoga_LTE_2,2,MSH0013-Bindura-Zaoga,100%,102,188,0,0,1358,21396,34110,7922,1438,304,0,0,0.6233
2025-10-22,MSH0013-Bindura-Zaoga,CELL_TDD,Bindura_Zaoga_LTE_1,1,MSH0013-Bindura-Zaoga,100%,575,36,0,0,567,2643,15035,41016,23411,5716,0,0,0.3905
2025-10-22,MSH-0331-Chiwaridzo 2,CELL_TDD,MSH-0331-Chiwaridzo 2_LTE_6,6,MSH-0331-Chiwaridzo 2_LTE,100%,383,4812,0,0,10954,12482,11779,353,19,316,0,0,0.5256
2025-10-22,MSH-0331-Chiwaridzo 2,CELL_TDD,MSH-0331-Chiwaridzo 2_LTE_5,5,MSH-0331-Chiwaridzo 2_LTE,100%,650,3458,0,0,10727,6908,5867,8618,244,169,0,0,0.7725
2025-10-22,MSH-0331-Chiwaridzo 2,CELL_TDD,MSH-0331-Chiwaridzo 2_LTE_4,4,MSH-0331-Chiwaridzo 2_LTE,100%,1297,6942,0,0,19931,21806,13449,329,10,2,0,0,0.3499
2025-10-22,MSH-0331-Chiwaridzo 2,CELL_TDD,MSH-0331-Chiwaridzo 2_LTE_3,3,MSH-0331-Chiwaridzo 2_LTE,100%,491,6128,0,0,10889,14739,9560,326,16,139,0,0,0.8053
2025-10-22,MSH-0331-Chiwaridzo 2,CELL_TDD,MSH-0331-Chiwaridzo 2_LTE_2,2,MSH-0331-Chiwaridzo 2_LTE,100%,648,6490,0,0,12596,7864,5199,7347,117,150,0,0,0.8361
2025-10-22,MSH-0331-Chiwaridzo 2,CELL_TDD,MSH-0331-Chiwaridzo 2_LTE_1,1,MSH-0331-Chiwaridzo 2_LTE,100%,1575,7058,0,0,25654,28254,14613,642,4,4,0,0,0.4591
2025-10-22,MSH-0112-Bindura Hospital,CELL_TDD,MSH-0112-Bindura Hospital_LTE_1,1,MSH-0112-Bindura Hospital_LTE,100%,291,644,0,0,997,3707,1748,10570,198,233,0,0,0.7632
2025-10-22,MSH-0112-Bindura Hospital,CELL_TDD,MSH-0112-Bindura Hospital_LTE_2,2,MSH-0112-Bindura Hospital_LTE,100%,2,39,0,0,2214,6294,8958,174,4,8,0,0,0.8742
2025-10-22,MSH-0112-Bindura Hospital,CELL_TDD,MSH-0112-Bindura Hospital_LTE_3,3,MSH-0112-Bindura Hospital_LTE,100%,206,1758,0,0,13965,24345,3791,2498,1085,332,0,0,0.7975
2025-10-22,MSH-0112-Bindura Hospital,CELL_TDD,MSH-0112-Bindura Hospital_LTE_4,4,MSH-0112-Bindura Hospital_LTE,100%,729,393,0,0,804,4921,1491,11360,585,199,0,0,0.568
2025-10-22,MSH-0112-Bindura Hospital,CELL_TDD,MSH-0112-Bindura Hospital_LTE_5,5,MSH-0112-Bindura Hospital_LTE,100%,5,10,0,0,1569,3526,5575,485,15,10,0,0,0.755
2025-10-22,MSH-0112-Bindura Hospital,CELL_TDD,MSH-0112-Bindura Hospital_LTE_6,6,MSH-0112-Bindura Hospital_LTE,100%,78,1709,0,0,11866,18365,3660,2859,966,454,0,0,0.6742
2025-10-22,MSH-0014-Chipadze,CELL_TDD,MSH-0014-Chipadze_LTE_6,6,MSH-0014-Chipadze,100%,123,888,0,0,2689,6028,10061,2110,1156,184,0,0,0.6033
2025-10-22,MSH-0014-Chipadze,CELL_TDD,MSH-0014-Chipadze_LTE_5,5,MSH-0014-Chipadze,100%,424,1280,0,0,5493,11065,12057,4556,1835,370,0,0,0.4188
2025-10-22,MSH-0014-Chipadze,CELL_TDD,MSH-0014-Chipadze_LTE_4,4,MSH-0014-Chipadze,100%,109,772,0,0,7499,5304,13032,119,20,3,0,0,0.5231
2025-10-22,MSH-0014-Chipadze,CELL_TDD,MSH-0014-Chipadze_LTE_3,3,MSH-0014-Chipadze,100%,31,1469,0,0,2915,7227,10370,1408,717,126,0,0,0.6639
2025-10-22,MSH-0014-Chipadze,CELL_TDD,MSH-0014-Chipadze_LTE_2,2,MSH-0014-Chipadze,100%,565,1326,0,0,12124,6967,13644,3854,1309,222,0,0,0.5435
2025-10-22,MSH-0014-Chipadze,CELL_TDD,MSH-0014-Chipadze_LTE_1,1,MSH-0014-Chipadze,100%,72,1532,0,0,8870,7616,11831,425,19,3,0,0,0.5318
2025-10-23,MSH0013-Bindura-Zaoga,CELL_TDD,Bindura_Zaoga_LTE_6,6,MSH0013-Bindura-Zaoga,100%,196,52,0,0,523,8613,4146,1022,10,13,0,0,0.521
2025-10-23,MSH0013-Bindura-Zaoga,CELL_TDD,Bindura_Zaoga_LTE_5,5,MSH0013-Bindura-Zaoga,100%,78,67,0,0,2188,19395,34529,8185,756,201,0,0,0.5862
2025-10-23,MSH0013-Bindura-Zaoga,CELL_TDD,Bindura_Zaoga_LTE_4,4,MSH0013-Bindura-Zaoga,100%,863,154,0,0,1176,3342,21284,58872,26971,5398,0,0,0.3704
2025-10-23,MSH0013-Bindura-Zaoga,CELL_TDD,Bindura_Zaoga_LTE_3,3,MSH0013-Bindura-Zaoga,100%,56,206,0,0,1170,5460,810,411,9,4,0,0,0.5213
2025-10-23,MSH0013-Bindura-Zaoga,CELL_TDD,Bindura_Zaoga_LTE_2,2,MSH0013-Bindura-Zaoga,100%,51,306,0,0,1631,19044,28792,6733,843,844,0,0,0.5318
2025-10-23,MSH0013-Bindura-Zaoga,CELL_TDD,Bindura_Zaoga_LTE_1,1,MSH0013-Bindura-Zaoga,100%,678,73,0,0,790,1129,14702,44833,24335,7237,0,0,0.3272
2025-10-23,MSH-0331-Chiwaridzo 2,CELL_TDD,MSH-0331-Chiwaridzo 2_LTE_6,6,MSH-0331-Chiwaridzo 2_LTE,100%,261,5775,0,0,8600,9697,11573,186,9,280,0,0,0.7134
2025-10-23,MSH-0331-Chiwaridzo 2,CELL_TDD,MSH-0331-Chiwaridzo 2_LTE_5,5,MSH-0331-Chiwaridzo 2_LTE,100%,938,3645,0,0,9612,8257,5236,4364,145,285,0,0,0.3468
2025-10-23,MSH-0331-Chiwaridzo 2,CELL_TDD,MSH-0331-Chiwaridzo 2_LTE_4,4,MSH-0331-Chiwaridzo 2_LTE,100%,1076,5252,0,0,18174,21215,14834,300,8,5,0,0,0.3319
2025-10-23,MSH-0331-Chiwaridzo 2,CELL_TDD,MSH-0331-Chiwaridzo 2_LTE_3,3,MSH-0331-Chiwaridzo 2_LTE,100%,438,5808,0,0,11021,16168,10221,133,3,127,0,0,0.6295
2025-10-23,MSH-0331-Chiwaridzo 2,CELL_TDD,MSH-0331-Chiwaridzo 2_LTE_2,2,MSH-0331-Chiwaridzo 2_LTE,100%,671,5682,0,0,11856,8720,6127,7320,149,115,0,0,0.7472
2025-10-23,MSH-0331-Chiwaridzo 2,CELL_TDD,MSH-0331-Chiwaridzo 2_LTE_1,1,MSH-0331-Chiwaridzo 2_LTE,100%,2394,8835,0,0,30170,28548,18163,252,10,1,0,0,0.3002
2025-10-23,MSH-0112-Bindura Hospital,CELL_TDD,MSH-0112-Bindura Hospital_LTE_1,1,MSH-0112-Bindura Hospital_LTE,100%,158,792,0,0,1853,4051,1458,8799,159,324,0,0,0.886
2025-10-23,MSH-0112-Bindura Hospital,CELL_TDD,MSH-0112-Bindura Hospital_LTE_2,2,MSH-0112-Bindura Hospital_LTE,100%,12,45,0,0,3381,7167,6056,423,9,16,0,0,0.8661
2025-10-23,MSH-0112-Bindura Hospital,CELL_TDD,MSH-0112-Bindura Hospital_LTE_3,3,MSH-0112-Bindura Hospital_LTE,100%,123,2095,0,0,13736,16201,2769,1830,681,302,0,0,0.8818
2025-10-23,MSH-0112-Bindura Hospital,CELL_TDD,MSH-0112-Bindura Hospital_LTE_4,4,MSH-0112-Bindura Hospital_LTE,100%,496,464,0,0,1278,4360,1476,9812,593,537,0,0,0.6385
2025-10-23,MSH-0112-Bindura Hospital,CELL_TDD,MSH-0112-Bindura Hospital_LTE_5,5,MSH-0112-Bindura Hospital_LTE,100%,10,33,0,0,1360,4011,6539,76,3,17,0,0,0.7437
2025-10-23,MSH-0112-Bindura Hospital,CELL_TDD,MSH-0112-Bindura Hospital_LTE_6,6,MSH-0112-Bindura Hospital_LTE,100%,29,1412,0,0,10652,16669,3285,2359,721,465,0,0,0.8035
2025-10-23,MSH-0014-Chipadze,CELL_TDD,MSH-0014-Chipadze_LTE_6,6,MSH-0014-Chipadze,100%,162,803,0,0,2697,6780,11197,983,670,168,0,0,0.5805
2025-10-23,MSH-0014-Chipadze,CELL_TDD,MSH-0014-Chipadze_LTE_5,5,MSH-0014-Chipadze,100%,429,802,0,0,8147,9627,15048,5392,2121,455,0,0,0.3885
2025-10-23,MSH-0014-Chipadze,CELL_TDD,MSH-0014-Chipadze_LTE_4,4,MSH-0014-Chipadze,100%,190,1053,0,0,10412,6244,12560,156,0,5,0,0,0.6461
2025-10-23,MSH-0014-Chipadze,CELL_TDD,MSH-0014-Chipadze_LTE_3,3,MSH-0014-Chipadze,100%,55,1498,0,0,5526,7720,8184,975,637,122,0,0,0.628
2025-10-23,MSH-0014-Chipadze,CELL_TDD,MSH-0014-Chipadze_LTE_2,2,MSH-0014-Chipadze,100%,483,1390,0,0,12349,9972,16624,3221,1211,347,0,0,0.517
2025-10-23,MSH-0014-Chipadze,CELL_TDD,MSH-0014-Chipadze_LTE_1,1,MSH-0014-Chipadze,100%,104,1402,0,0,6866,8005,11231,197,6,4,0,0,0.7672
2025-10-24,MSH0013-Bindura-Zaoga,CELL_TDD,Bindura_Zaoga_LTE_6,6,MSH0013-Bindura-Zaoga,100%,168,71,0,0,639,7727,2840,1500,39,65,0,0,0.542
2025-10-24,MSH0013-Bindura-Zaoga,CELL_TDD,Bindura_Zaoga_LTE_5,5,MSH0013-Bindura-Zaoga,100%,175,365,0,0,1927,19343,34892,8780,868,245,0,0,0.3802
2025-10-24,MSH0013-Bindura-Zaoga,CELL_TDD,Bindura_Zaoga_LTE_4,4,MSH0013-Bindura-Zaoga,100%,573,78,0,0,1231,2764,16098,32498,20556,4646,0,0,0.4287
2025-10-24,MSH0013-Bindura-Zaoga,CELL_TDD,Bindura_Zaoga_LTE_3,3,MSH0013-Bindura-Zaoga,100%,56,455,0,0,770,6488,659,660,3,14,0,0,0.01
2025-10-24,MSH0013-Bindura-Zaoga,CELL_TDD,Bindura_Zaoga_LTE_2,2,MSH0013-Bindura-Zaoga,100%,34,69,0,0,1307,21436,29430,6894,1110,530,0,0,0.5169
2025-10-24,MSH0013-Bindura-Zaoga,CELL_TDD,Bindura_Zaoga_LTE_1,1,MSH0013-Bindura-Zaoga,100%,291,32,0,0,720,1127,10448,30603,14146,3876,0,0,0.4422
2025-10-24,MSH-0331-Chiwaridzo 2,CELL_TDD,MSH-0331-Chiwaridzo 2_LTE_6,6,MSH-0331-Chiwaridzo 2_LTE,100%,341,5835,0,0,9582,10857,14800,217,52,575,0,0,0.1106
2025-10-24,MSH-0331-Chiwaridzo 2,CELL_TDD,MSH-0331-Chiwaridzo 2_LTE_5,5,MSH-0331-Chiwaridzo 2_LTE,100%,1107,3977,0,0,10240,7719,6148,5606,137,142,0,0,0.6868
2025-10-24,MSH-0331-Chiwaridzo 2,CELL_TDD,MSH-0331-Chiwaridzo 2_LTE_4,4,MSH-0331-Chiwaridzo 2_LTE,100%,1544,6615,0,0,22974,23602,10986,133,4,4,0,0,0.1416
2025-10-24,MSH-0331-Chiwaridzo 2,CELL_TDD,MSH-0331-Chiwaridzo 2_LTE_3,3,MSH-0331-Chiwaridzo 2_LTE,100%,308,5864,0,0,11767,12781,12604,192,42,244,0,0,0.3918
2025-10-24,MSH-0331-Chiwaridzo 2,CELL_TDD,MSH-0331-Chiwaridzo 2_LTE_2,2,MSH-0331-Chiwaridzo 2_LTE,100%,1281,7918,0,0,11712,8059,4414,6609,471,113,0,0,0.0434
2025-10-24,MSH-0331-Chiwaridzo 2,CELL_TDD,MSH-0331-Chiwaridzo 2_LTE_1,1,MSH-0331-Chiwaridzo 2_LTE,100%,2047,9114,0,0,28744,22003,12976,101,0,1,0,0,0.2665
2025-10-24,MSH-0112-Bindura Hospital,CELL_TDD,MSH-0112-Bindura Hospital_LTE_1,1,MSH-0112-Bindura Hospital_LTE,100%,215,770,0,0,856,3495,1861,9904,104,318,0,0,0.7937
2025-10-24,MSH-0112-Bindura Hospital,CELL_TDD,MSH-0112-Bindura Hospital_LTE_2,2,MSH-0112-Bindura Hospital_LTE,100%,42,82,0,0,2738,7156,5554,466,25,11,0,0,0.8721
2025-10-24,MSH-0112-Bindura Hospital,CELL_TDD,MSH-0112-Bindura Hospital_LTE_3,3,MSH-0112-Bindura Hospital_LTE,100%,338,2748,0,0,10945,16339,2605,906,2747,493,0,0,0.7433
2025-10-24,MSH-0112-Bindura Hospital,CELL_TDD,MSH-0112-Bindura Hospital_LTE_4,4,MSH-0112-Bindura Hospital_LTE,100%,642,463,0,0,1261,4878,1037,11331,222,790,0,0,0.7836
2025-10-24,MSH-0112-Bindura Hospital,CELL_TDD,MSH-0112-Bindura Hospital_LTE_5,5,MSH-0112-Bindura Hospital_LTE,100%,36,141,0,0,1542,6902,6271,257,16,18,0,0,0.7287
2025-10-24,MSH-0112-Bindura Hospital,CELL_TDD,MSH-0112-Bindura Hospital_LTE_6,6,MSH-0112-Bindura Hospital_LTE,100%,249,1306,0,0,8297,15343,2489,789,1163,646,0,0,0.5598
2025-10-24,MSH-0014-Chipadze,CELL_TDD,MSH-0014-Chipadze_LTE_6,6,MSH-0014-Chipadze,100%,32,908,0,0,2457,8293,12087,1306,901,213,0,0,0.5347
2025-10-24,MSH-0014-Chipadze,CELL_TDD,MSH-0014-Chipadze_LTE_5,5,MSH-0014-Chipadze,100%,363,1221,0,0,11139,11248,18012,3737,2063,345,0,0,0.4919
2025-10-24,MSH-0014-Chipadze,CELL_TDD,MSH-0014-Chipadze_LTE_4,4,MSH-0014-Chipadze,100%,115,982,0,0,11644,6150,13776,266,5,21,0,0,0.6074
2025-10-24,MSH-0014-Chipadze,CELL_TDD,MSH-0014-Chipadze_LTE_3,3,MSH-0014-Chipadze,100%,41,818,0,0,4621,7465,11918,1403,233,97,0,0,0.6095
2025-10-24,MSH-0014-Chipadze,CELL_TDD,MSH-0014-Chipadze_LTE_2,2,MSH-0014-Chipadze,100%,863,1228,0,0,17899,10371,19188,3848,1802,288,0,0,0.5809
2025-10-24,MSH-0014-Chipadze,CELL_TDD,MSH-0014-Chipadze_LTE_1,1,MSH-0014-Chipadze,100%,56,1638,0,0,10612,8633,10931,414,8,4,0,0,0.7657
2025-10-25,MSH0013-Bindura-Zaoga,CELL_TDD,Bindura_Zaoga_LTE_6,6,MSH0013-Bindura-Zaoga,91%,53,69,0,0,537,5722,3161,746,7,5,0,0,0.5385
2025-10-25,MSH0013-Bindura-Zaoga,CELL_TDD,Bindura_Zaoga_LTE_5,5,MSH0013-Bindura-Zaoga,91%,69,633,0,0,1125,11299,25997,8309,583,377,0,0,0.5046
2025-10-25,MSH0013-Bindura-Zaoga,CELL_TDD,Bindura_Zaoga_LTE_4,4,MSH0013-Bindura-Zaoga,91%,446,62,0,0,568,2026,15440,40186,17651,9408,0,0,0.3592
2025-10-25,MSH0013-Bindura-Zaoga,CELL_TDD,Bindura_Zaoga_LTE_3,3,MSH0013-Bindura-Zaoga,91%,36,13,0,0,1105,3888,513,268,1,5,0,0,0.5394
2025-10-25,MSH0013-Bindura-Zaoga,CELL_TDD,Bindura_Zaoga_LTE_2,2,MSH0013-Bindura-Zaoga,91%,15,35,0,0,1047,12704,21912,6028,715,208,0,0,0.5205
2025-10-25,MSH0013-Bindura-Zaoga,CELL_TDD,Bindura_Zaoga_LTE_1,1,MSH0013-Bindura-Zaoga,91%,192,41,0,0,295,985,10749,35630,13381,3111,0,0,0.3382
2025-10-25,MSH-0331-Chiwaridzo 2,CELL_TDD,MSH-0331-Chiwaridzo 2_LTE_6,6,MSH-0331-Chiwaridzo 2_LTE,100%,289,5657,0,0,10172,9570,13900,352,75,814,0,0,0.6808
2025-10-25,MSH-0331-Chiwaridzo 2,CELL_TDD,MSH-0331-Chiwaridzo 2_LTE_5,5,MSH-0331-Chiwaridzo 2_LTE,100%,629,2926,0,0,8659,6842,6253,7377,337,266,0,0,0.6413
2025-10-25,MSH-0331-Chiwaridzo 2,CELL_TDD,MSH-0331-Chiwaridzo 2_LTE_4,4,MSH-0331-Chiwaridzo 2_LTE,100%,958,6079,0,0,17651,18810,12006,163,19,2,0,0,0.3487
2025-10-25,MSH-0331-Chiwaridzo 2,CELL_TDD,MSH-0331-Chiwaridzo 2_LTE_3,3,MSH-0331-Chiwaridzo 2_LTE,100%,322,7028,0,0,10694,13324,14133,344,79,600,0,0,0.2764
2025-10-25,MSH-0331-Chiwaridzo 2,CELL_TDD,MSH-0331-Chiwaridzo 2_LTE_2,2,MSH-0331-Chiwaridzo 2_LTE,100%,582,5921,0,0,10466,9923,6011,8887,661,221,0,0,0.7426
2025-10-25,MSH-0331-Chiwaridzo 2,CELL_TDD,MSH-0331-Chiwaridzo 2_LTE_1,1,MSH-0331-Chiwaridzo 2_LTE,100%,1746,9173,0,0,36869,24116,16032,126,8,4,0,0,0.3252
2025-10-25,MSH-0112-Bindura Hospital,CELL_TDD,MSH-0112-Bindura Hospital_LTE_1,1,MSH-0112-Bindura Hospital_LTE,100%,516,754,0,0,1559,4736,2044,9639,326,500,0,0,0.8797
2025-10-25,MSH-0112-Bindura Hospital,CELL_TDD,MSH-0112-Bindura Hospital_LTE_2,2,MSH-0112-Bindura Hospital_LTE,100%,21,166,0,0,4160,7233,5584,238,45,20,0,0,0.7576
2025-10-25,MSH-0112-Bindura Hospital,CELL_TDD,MSH-0112-Bindura Hospital_LTE_3,3,MSH-0112-Bindura Hospital_LTE,100%,53,1762,0,0,10601,19566,3305,3891,2315,465,0,0,0.8357
2025-10-25,MSH-0112-Bindura Hospital,CELL_TDD,MSH-0112-Bindura Hospital_LTE_4,4,MSH-0112-Bindura Hospital_LTE,100%,439,640,0,0,958,7006,1227,10707,423,461,0,0,0.7813
2025-10-25,MSH-0112-Bindura Hospital,CELL_TDD,MSH-0112-Bindura Hospital_LTE_5,5,MSH-0112-Bindura Hospital_LTE,100%,1,26,0,0,2094,4522,5321,138,63,18,0,0,0.6499
2025-10-25,MSH-0112-Bindura Hospital,CELL_TDD,MSH-0112-Bindura Hospital_LTE_6,6,MSH-0112-Bindura Hospital_LTE,100%,42,1029,0,0,6883,17272,3031,4237,1311,718,0,0,0.7148
2025-10-25,MSH-0014-Chipadze,CELL_TDD,MSH-0014-Chipadze_LTE_6,6,MSH-0014-Chipadze,100%,190,1085,0,0,2034,6778,12859,4749,1219,1001,0,0,0.3916
2025-10-25,MSH-0014-Chipadze,CELL_TDD,MSH-0014-Chipadze_LTE_5,5,MSH-0014-Chipadze,100%,971,1979,0,0,11903,14061,20434,2915,3415,487,0,0,0.413
2025-10-25,MSH-0014-Chipadze,CELL_TDD,MSH-0014-Chipadze_LTE_4,4,MSH-0014-Chipadze,100%,214,770,0,0,14403,8011,14416,3631,32,16,0,0,0.5916
2025-10-25,MSH-0014-Chipadze,CELL_TDD,MSH-0014-Chipadze_LTE_3,3,MSH-0014-Chipadze,100%,41,866,0,0,4227,8275,11800,4757,581,387,0,0,0.5747
2025-10-25,MSH-0014-Chipadze,CELL_TDD,MSH-0014-Chipadze_LTE_2,2,MSH-0014-Chipadze,100%,162,1213,0,0,8456,13010,14377,3614,2795,322,0,0,0.4848
2025-10-25,MSH-0014-Chipadze,CELL_TDD,MSH-0014-Chipadze_LTE_1,1,MSH-0014-Chipadze,100%,90,1293,0,0,10418,9669,15633,3445,9,22,0,0,0.6845
2025-10-26,MSH0013-Bindura-Zaoga,CELL_TDD,Bindura_Zaoga_LTE_6,6,MSH0013-Bindura-Zaoga,12%,8,78,0,0,80,358,381,60,1,2,0,0,0.5052
2025-10-26,MSH0013-Bindura-Zaoga,CELL_TDD,Bindura_Zaoga_LTE_5,5,MSH0013-Bindura-Zaoga,12%,0,0,0,0,185,498,1162,308,30,19,0,0,0.598
2025-10-26,MSH0013-Bindura-Zaoga,CELL_TDD,Bindura_Zaoga_LTE_4,4,MSH0013-Bindura-Zaoga,12%,1,0,0,0,23,111,483,1074,1031,242,0,0,0.2693
2025-10-26,MSH0013-Bindura-Zaoga,CELL_TDD,Bindura_Zaoga_LTE_3,3,MSH0013-Bindura-Zaoga,12%,0,1,0,0,16,364,34,13,0,1,0,0,0.5892
2025-10-26,MSH0013-Bindura-Zaoga,CELL_TDD,Bindura_Zaoga_LTE_2,2,MSH0013-Bindura-Zaoga,12%,0,0,0,0,215,689,813,360,7,9,0,0,0.791
2025-10-26,MSH0013-Bindura-Zaoga,CELL_TDD,Bindura_Zaoga_LTE_1,1,MSH0013-Bindura-Zaoga,12%,6,3,0,0,62,96,542,1051,910,185,0,0,0.239
2025-10-26,MSH-0331-Chiwaridzo 2,CELL_TDD,MSH-0331-Chiwaridzo 2_LTE_6,6,MSH-0331-Chiwaridzo 2_LTE,95%,161,2796,0,0,5495,7853,9820,425,154,693,0,0,0.7062
2025-10-26,MSH-0331-Chiwaridzo 2,CELL_TDD,MSH-0331-Chiwaridzo 2_LTE_5,5,MSH-0331-Chiwaridzo 2_LTE,95%,412,1684,0,0,5639,4498,3953,6580,423,133,0,0,0.4262
2025-10-26,MSH-0331-Chiwaridzo 2,CELL_TDD,MSH-0331-Chiwaridzo 2_LTE_4,4,MSH-0331-Chiwaridzo 2_LTE,95%,418,2810,0,0,11513,12641,9254,717,131,4,0,0,0.3172
2025-10-26,MSH-0331-Chiwaridzo 2,CELL_TDD,MSH-0331-Chiwaridzo 2_LTE_3,3,MSH-0331-Chiwaridzo 2_LTE,95%,182,4310,0,0,5645,12720,12014,458,169,354,0,0,0.4818
2025-10-26,MSH-0331-Chiwaridzo 2,CELL_TDD,MSH-0331-Chiwaridzo 2_LTE_2,2,MSH-0331-Chiwaridzo 2_LTE,95%,536,3712,0,0,8881,7097,4479,7644,1259,114,0,0,0.6953
2025-10-26,MSH-0331-Chiwaridzo 2,CELL_TDD,MSH-0331-Chiwaridzo 2_LTE_1,1,MSH-0331-Chiwaridzo 2_LTE,95%,1302,3819,0,0,22168,17333,9496,337,149,5,0,0,0.3765
2025-10-26,MSH-0112-Bindura Hospital,CELL_TDD,MSH-0112-Bindura Hospital_LTE_1,1,MSH-0112-Bindura Hospital_LTE,100%,190,618,0,0,1541,5380,1549,9131,447,210,0,0,0.8343
2025-10-26,MSH-0112-Bindura Hospital,CELL_TDD,MSH-0112-Bindura Hospital_LTE_2,2,MSH-0112-Bindura Hospital_LTE,100%,14,143,0,0,3441,8806,5244,677,537,101,0,0,0.0178
2025-10-26,MSH-0112-Bindura Hospital,CELL_TDD,MSH-0112-Bindura Hospital_LTE_3,3,MSH-0112-Bindura Hospital_LTE,100%,211,1195,0,0,11670,16427,6655,7820,4424,2443,0,0,0.5327
2025-10-26,MSH-0112-Bindura Hospital,CELL_TDD,MSH-0112-Bindura Hospital_LTE_4,4,MSH-0112-Bindura Hospital_LTE,100%,299,550,0,0,639,7099,1937,11285,808,356,0,0,0.2651
2025-10-26,MSH-0112-Bindura Hospital,CELL_TDD,MSH-0112-Bindura Hospital_LTE_5,5,MSH-0112-Bindura Hospital_LTE,100%,15,21,0,0,1727,5190,4487,519,510,122,0,0,0.2317
2025-10-26,MSH-0112-Bindura Hospital,CELL_TDD,MSH-0112-Bindura Hospital_LTE_6,6,MSH-0112-Bindura Hospital_LTE,100%,338,1080,0,0,7448,16454,6336,9798,3155,8217,0,0,0.5306
2025-10-26,MSH-0014-Chipadze,CELL_TDD,MSH-0014-Chipadze_LTE_6,6,MSH-0014-Chipadze,100%,49,295,0,0,2357,4478,11282,6236,556,814,0,0,0.5085
2025-10-26,MSH-0014-Chipadze,CELL_TDD,MSH-0014-Chipadze_LTE_5,5,MSH-0014-Chipadze,100%,346,1115,0,0,8100,10144,20678,9336,4559,711,0,0,0.4062
2025-10-26,MSH-0014-Chipadze,CELL_TDD,MSH-0014-Chipadze_LTE_4,4,MSH-0014-Chipadze,100%,87,639,0,0,10553,7603,9117,5540,36,11,0,0,0.465
2025-10-26,MSH-0014-Chipadze,CELL_TDD,MSH-0014-Chipadze_LTE_3,3,MSH-0014-Chipadze,100%,77,609,0,0,2630,4563,10389,6857,347,430,0,0,0.4898
2025-10-26,MSH-0014-Chipadze,CELL_TDD,MSH-0014-Chipadze_LTE_2,2,MSH-0014-Chipadze,100%,599,1408,0,0,8268,7778,19880,9475,4350,562,0,0,0.4891
2025-10-26,MSH-0014-Chipadze,CELL_TDD,MSH-0014-Chipadze_LTE_1,1,MSH-0014-Chipadze,100%,87,619,0,0,7865,7039,9749,5254,28,5,0,0,0.0355
2025-10-27,MSH0013-Bindura-Zaoga,CELL_TDD,Bindura_Zaoga_LTE_6,6,MSH0013-Bindura-Zaoga,25%,11,5,0,0,47,1605,1052,325,0,1,0,0,0.4556
2025-10-27,MSH0013-Bindura-Zaoga,CELL_TDD,Bindura_Zaoga_LTE_5,5,MSH0013-Bindura-Zaoga,25%,18,5,0,0,265,7452,13608,2233,225,72,0,0,0.6152
2025-10-27,MSH0013-Bindura-Zaoga,CELL_TDD,Bindura_Zaoga_LTE_4,4,MSH0013-Bindura-Zaoga,25%,86,25,0,0,168,783,3934,5641,3971,656,0,0,0.3782
2025-10-27,MSH0013-Bindura-Zaoga,CELL_TDD,Bindura_Zaoga_LTE_3,3,MSH0013-Bindura-Zaoga,25%,4,0,0,0,216,721,381,104,0,6,0,0,0.4553
2025-10-27,MSH0013-Bindura-Zaoga,CELL_TDD,Bindura_Zaoga_LTE_2,2,MSH0013-Bindura-Zaoga,25%,8,15,0,0,122,6695,12456,1739,196,76,0,0,0.6386
2025-10-27,MSH0013-Bindura-Zaoga,CELL_TDD,Bindura_Zaoga_LTE_1,1,MSH0013-Bindura-Zaoga,25%,21,11,0,0,74,337,2577,4487,2281,539,0,0,0.4329
2025-10-27,MSH-0331-Chiwaridzo 2,CELL_TDD,MSH-0331-Chiwaridzo 2_LTE_6,6,MSH-0331-Chiwaridzo 2_LTE,100%,264,5150,0,0,8854,15493,10520,73,70,340,0,0,0.6719
2025-10-27,MSH-0331-Chiwaridzo 2,CELL_TDD,MSH-0331-Chiwaridzo 2_LTE_5,5,MSH-0331-Chiwaridzo 2_LTE,100%,785,3434,0,0,12662,7024,4588,7627,623,254,0,0,0.6048
2025-10-27,MSH-0331-Chiwaridzo 2,CELL_TDD,MSH-0331-Chiwaridzo 2_LTE_4,4,MSH-0331-Chiwaridzo 2_LTE,100%,1604,6847,0,0,23556,16169,13472,110,12,6,0,0,0.2635
2025-10-27,MSH-0331-Chiwaridzo 2,CELL_TDD,MSH-0331-Chiwaridzo 2_LTE_3,3,MSH-0331-Chiwaridzo 2_LTE,100%,368,5825,0,0,10528,19014,14945,346,139,244,0,0,0.6905
2025-10-27,MSH-0331-Chiwaridzo 2,CELL_TDD,MSH-0331-Chiwaridzo 2_LTE_2,2,MSH-0331-Chiwaridzo 2_LTE,100%,1087,7635,0,0,14631,7620,4548,8712,518,167,0,0,0.5776
2025-10-27,MSH-0331-Chiwaridzo 2,CELL_TDD,MSH-0331-Chiwaridzo 2_LTE_1,1,MSH-0331-Chiwaridzo 2_LTE,100%,2451,10700,0,0,32531,25393,14816,56,8,1,0,0,0.3961
2025-10-27,MSH-0112-Bindura Hospital,CELL_TDD,MSH-0112-Bindura Hospital_LTE_1,1,MSH-0112-Bindura Hospital_LTE,100%,65,843,0,0,1422,4516,1702,12292,275,209,0,0,0.9199
2025-10-27,MSH-0112-Bindura Hospital,CELL_TDD,MSH-0112-Bindura Hospital_LTE_2,2,MSH-0112-Bindura Hospital_LTE,100%,10,134,0,0,2504,7444,5109,133,19,3,0,0,0.0225
2025-10-27,MSH-0112-Bindura Hospital,CELL_TDD,MSH-0112-Bindura Hospital_LTE_3,3,MSH-0112-Bindura Hospital_LTE,100%,177,1639,0,0,19694,20284,6283,6773,2341,282,0,0,0.7276
2025-10-27,MSH-0112-Bindura Hospital,CELL_TDD,MSH-0112-Bindura Hospital_LTE_4,4,MSH-0112-Bindura Hospital_LTE,100%,729,550,0,0,460,4439,1366,12645,273,274,0,0,0.3594
2025-10-27,MSH-0112-Bindura Hospital,CELL_TDD,MSH-0112-Bindura Hospital_LTE_5,5,MSH-0112-Bindura Hospital_LTE,100%,4,41,0,0,1740,3994,5464,370,47,13,0,0,0.4761
2025-10-27,MSH-0112-Bindura Hospital,CELL_TDD,MSH-0112-Bindura Hospital_LTE_6,6,MSH-0112-Bindura Hospital_LTE,100%,109,1239,0,0,16464,19871,5679,7685,1817,457,0,0,0.6371
2025-10-27,MSH-0014-Chipadze,CELL_TDD,MSH-0014-Chipadze_LTE_6,6,MSH-0014-Chipadze,100%,68,394,0,0,2479,7701,9903,2714,554,176,0,0,0.5616
2025-10-27,MSH-0014-Chipadze,CELL_TDD,MSH-0014-Chipadze_LTE_5,5,MSH-0014-Chipadze,100%,1101,468,0,0,7559,10137,14927,5818,3615,532,0,0,0.4248
2025-10-27,MSH-0014-Chipadze,CELL_TDD,MSH-0014-Chipadze_LTE_4,4,MSH-0014-Chipadze,100%,102,843,0,0,16101,8785,21251,4062,8,14,0,0,0.7063
2025-10-27,MSH-0014-Chipadze,CELL_TDD,MSH-0014-Chipadze_LTE_3,3,MSH-0014-Chipadze,100%,147,1497,0,0,4859,9856,13234,2835,416,70,0,0,0.4441
2025-10-27,MSH-0014-Chipadze,CELL_TDD,MSH-0014-Chipadze_LTE_2,2,MSH-0014-Chipadze,100%,328,1713,0,0,10176,10538,19488,3949,3342,285,0,0,0.4784
2025-10-27,MSH-0014-Chipadze,CELL_TDD,MSH-0014-Chipadze_LTE_1,1,MSH-0014-Chipadze,100%,48,1580,0,0,10401,8785,25774,5317,10,7,0,0,0.0849
2025-10-28,MSH0013-Bindura-Zaoga,CELL_TDD,Bindura_Zaoga_LTE_6,6,MSH0013-Bindura-Zaoga,100%,83,31,0,0,344,7308,7447,1151,28,12,0,0,0.4948
2025-10-28,MSH0013-Bindura-Zaoga,CELL_TDD,Bindura_Zaoga_LTE_5,5,MSH0013-Bindura-Zaoga,100%,131,493,0,0,1539,18497,37527,10607,805,149,0,0,0.463
2025-10-28,MSH0013-Bindura-Zaoga,CELL_TDD,Bindura_Zaoga_LTE_4,4,MSH0013-Bindura-Zaoga,100%,403,68,0,0,881,2668,12951,31419,19411,5568,0,0,0.3754
2025-10-28,MSH0013-Bindura-Zaoga,CELL_TDD,Bindura_Zaoga_LTE_3,3,MSH0013-Bindura-Zaoga,100%,54,22,0,0,1288,4741,920,600,1,12,0,0,0.511
2025-10-28,MSH0013-Bindura-Zaoga,CELL_TDD,Bindura_Zaoga_LTE_2,2,MSH0013-Bindura-Zaoga,100%,18,41,0,0,1075,19151,31801,9361,1066,126,0,0,0.6057
2025-10-28,MSH0013-Bindura-Zaoga,CELL_TDD,Bindura_Zaoga_LTE_1,1,MSH0013-Bindura-Zaoga,100%,142,13,0,0,275,801,9715,24840,14719,4577,0,0,0.3627
2025-10-28,MSH-0331-Chiwaridzo 2,CELL_TDD,MSH-0331-Chiwaridzo 2_LTE_6,6,MSH-0331-Chiwaridzo 2_LTE,100%,266,5758,0,0,10017,12793,13126,194,72,188,0,0,0.4247
2025-10-28,MSH-0331-Chiwaridzo 2,CELL_TDD,MSH-0331-Chiwaridzo 2_LTE_5,5,MSH-0331-Chiwaridzo 2_LTE,100%,487,4230,0,0,15107,5456,5265,8499,454,254,0,0,0.7915
2025-10-28,MSH-0331-Chiwaridzo 2,CELL_TDD,MSH-0331-Chiwaridzo 2_LTE_4,4,MSH-0331-Chiwaridzo 2_LTE,100%,1911,8894,0,0,24222,22780,12174,299,9,2,0,0,0.2005
2025-10-28,MSH-0331-Chiwaridzo 2,CELL_TDD,MSH-0331-Chiwaridzo 2_LTE_3,3,MSH-0331-Chiwaridzo 2_LTE,100%,521,6133,0,0,9852,15106,12867,133,78,117,0,0,0.7767
2025-10-28,MSH-0331-Chiwaridzo 2,CELL_TDD,MSH-0331-Chiwaridzo 2_LTE_2,2,MSH-0331-Chiwaridzo 2_LTE,100%,708,9734,0,0,13147,7242,5557,9366,82,132,0,0,0.8295
2025-10-28,MSH-0331-Chiwaridzo 2,CELL_TDD,MSH-0331-Chiwaridzo 2_LTE_1,1,MSH-0331-Chiwaridzo 2_LTE,100%,2482,9697,0,0,37848,29348,14428,130,1,12,0,0,0.4174
2025-10-28,MSH-0112-Bindura Hospital,CELL_TDD,MSH-0112-Bindura Hospital_LTE_1,1,MSH-0112-Bindura Hospital_LTE,100%,59,1165,0,0,723,6068,1358,9357,178,237,0,0,0.6249
2025-10-28,MSH-0112-Bindura Hospital,CELL_TDD,MSH-0112-Bindura Hospital_LTE_2,2,MSH-0112-Bindura Hospital_LTE,100%,16,61,0,0,1999,5668,6054,255,64,12,0,0,0.8811
2025-10-28,MSH-0112-Bindura Hospital,CELL_TDD,MSH-0112-Bindura Hospital_LTE_3,3,MSH-0112-Bindura Hospital_LTE,100%,214,1383,0,0,20493,20219,3431,3905,1029,171,0,0,0.8402
2025-10-28,MSH-0112-Bindura Hospital,CELL_TDD,MSH-0112-Bindura Hospital_LTE_4,4,MSH-0112-Bindura Hospital_LTE,100%,198,642,0,0,489,5124,1609,8639,364,408,0,0,0.522
2025-10-28,MSH-0112-Bindura Hospital,CELL_TDD,MSH-0112-Bindura Hospital_LTE_5,5,MSH-0112-Bindura Hospital_LTE,100%,7,42,0,0,1762,3402,4571,86,219,17,0,0,0.759
2025-10-28,MSH-0112-Bindura Hospital,CELL_TDD,MSH-0112-Bindura Hospital_LTE_6,6,MSH-0112-Bindura Hospital_LTE,100%,58,1213,0,0,14860,19813,4270,2700,919,231,0,0,0.7058
2025-10-28,MSH-0014-Chipadze,CELL_TDD,MSH-0014-Chipadze_LTE_6,6,MSH-0014-Chipadze,100%,301,786,0,0,3667,6006,13336,1483,913,246,0,0,0.4996
2025-10-28,MSH-0014-Chipadze,CELL_TDD,MSH-0014-Chipadze_LTE_5,5,MSH-0014-Chipadze,100%,404,1253,0,0,7156,8401,13352,3558,2686,431,0,0,0.4127
2025-10-28,MSH-0014-Chipadze,CELL_TDD,MSH-0014-Chipadze_LTE_4,4,MSH-0014-Chipadze,100%,456,1307,0,0,13536,5779,13219,175,32,17,0,0,0.612
2025-10-28,MSH-0014-Chipadze,CELL_TDD,MSH-0014-Chipadze_LTE_3,3,MSH-0014-Chipadze,100%,79,2204,0,0,3988,8840,9283,2015,553,118,0,0,0.6267
2025-10-28,MSH-0014-Chipadze,CELL_TDD,MSH-0014-Chipadze_LTE_2,2,MSH-0014-Chipadze,100%,397,2015,0,0,12358,7337,17394,4963,2502,260,0,0,0.4477
2025-10-28,MSH-0014-Chipadze,CELL_TDD,MSH-0014-Chipadze_LTE_1,1,MSH-0014-Chipadze,100%,91,1844,0,0,9310,7295,12198,168,3,10,0,0,0.7642
2025-10-29,MSH0013-Bindura-Zaoga,CELL_TDD,Bindura_Zaoga_LTE_6,6,MSH0013-Bindura-Zaoga,100%,94,194,0,0,496,7408,4600,1187,2,23,0,0,0.4501
2025-10-29,MSH0013-Bindura-Zaoga,CELL_TDD,Bindura_Zaoga_LTE_5,5,MSH0013-Bindura-Zaoga,100%,223,350,0,0,2187,27880,42433,11334,961,312,0,0,0.5637
2025-10-29,MSH0013-Bindura-Zaoga,CELL_TDD,Bindura_Zaoga_LTE_4,4,MSH0013-Bindura-Zaoga,100%,613,91,0,0,1602,3035,15043,32017,24256,6466,0,0,0.3125
2025-10-29,MSH0013-Bindura-Zaoga,CELL_TDD,Bindura_Zaoga_LTE_3,3,MSH0013-Bindura-Zaoga,100%,53,20,0,0,1061,5539,974,480,0,7,0,0,0.4748
2025-10-29,MSH0013-Bindura-Zaoga,CELL_TDD,Bindura_Zaoga_LTE_2,2,MSH0013-Bindura-Zaoga,100%,40,164,0,0,1815,20573,30688,8653,1014,234,0,0,0.6037
2025-10-29,MSH0013-Bindura-Zaoga,CELL_TDD,Bindura_Zaoga_LTE_1,1,MSH0013-Bindura-Zaoga,100%,205,34,0,0,530,1259,10640,25277,15570,4944,0,0,0.3401
2025-10-29,MSH-0331-Chiwaridzo 2,CELL_TDD,MSH-0331-Chiwaridzo 2_LTE_6,6,MSH-0331-Chiwaridzo 2_LTE,100%,201,4105,0,0,9898,13518,10724,123,66,238,0,0,0.7721
2025-10-29,MSH-0331-Chiwaridzo 2,CELL_TDD,MSH-0331-Chiwaridzo 2_LTE_5,5,MSH-0331-Chiwaridzo 2_LTE,100%,718,5240,0,0,15739,8064,7019,6347,143,204,0,0,0.7528
2025-10-29,MSH-0331-Chiwaridzo 2,CELL_TDD,MSH-0331-Chiwaridzo 2_LTE_4,4,MSH-0331-Chiwaridzo 2_LTE,100%,1413,8845,0,0,22268,20720,11467,141,6,11,0,0,0.3934
2025-10-29,MSH-0331-Chiwaridzo 2,CELL_TDD,MSH-0331-Chiwaridzo 2_LTE_3,3,MSH-0331-Chiwaridzo 2_LTE,100%,348,5422,0,0,10974,16869,12107,57,138,150,0,0,0.7579
2025-10-29,MSH-0331-Chiwaridzo 2,CELL_TDD,MSH-0331-Chiwaridzo 2_LTE_2,2,MSH-0331-Chiwaridzo 2_LTE,100%,843,6039,0,0,14331,10446,6632,7545,130,143,0,0,0.8139
2025-10-29,MSH-0331-Chiwaridzo 2,CELL_TDD,MSH-0331-Chiwaridzo 2_LTE_1,1,MSH-0331-Chiwaridzo 2_LTE,100%,1953,9461,0,0,31210,34315,11665,188,4,5,0,0,0.3778
2025-10-29,MSH-0112-Bindura Hospital,CELL_TDD,MSH-0112-Bindura Hospital_LTE_1,1,MSH-0112-Bindura Hospital_LTE,100%,183,917,0,0,1086,4888,1025,9200,290,262,0,0,0.7224
2025-10-29,MSH-0112-Bindura Hospital,CELL_TDD,MSH-0112-Bindura Hospital_LTE_2,2,MSH-0112-Bindura Hospital_LTE,100%,9,30,0,0,2455,12364,6628,534,7,17,0,0,0.8953
2025-10-29,MSH-0112-Bindura Hospital,CELL_TDD,MSH-0112-Bindura Hospital_LTE_3,3,MSH-0112-Bindura Hospital_LTE,100%,116,1447,0,0,22376,25690,3901,2870,1121,312,0,0,0.8993
2025-10-29,MSH-0112-Bindura Hospital,CELL_TDD,MSH-0112-Bindura Hospital_LTE_4,4,MSH-0112-Bindura Hospital_LTE,100%,297,554,0,0,901,3982,1522,10232,350,332,0,0,0.6435
2025-10-29,MSH-0112-Bindura Hospital,CELL_TDD,MSH-0112-Bindura Hospital_LTE_5,5,MSH-0112-Bindura Hospital_LTE,100%,11,53,0,0,1447,4679,6788,31,9,27,0,0,0.7887
2025-10-29,MSH-0112-Bindura Hospital,CELL_TDD,MSH-0112-Bindura Hospital_LTE_6,6,MSH-0112-Bindura Hospital_LTE,100%,21,1107,0,0,18425,15886,5661,1756,549,549,0,0,0.8416
2025-10-29,MSH-0014-Chipadze,CELL_TDD,MSH-0014-Chipadze_LTE_6,6,MSH-0014-Chipadze,100%,48,952,0,0,3544,6346,11859,2591,722,597,0,0,0.5868
2025-10-29,MSH-0014-Chipadze,CELL_TDD,MSH-0014-Chipadze_LTE_5,5,MSH-0014-Chipadze,100%,315,1485,0,0,5491,8262,12416,3712,3069,613,0,0,0.0594
2025-10-29,MSH-0014-Chipadze,CELL_TDD,MSH-0014-Chipadze_LTE_4,4,MSH-0014-Chipadze,100%,98,2243,0,0,10956,8426,15080,270,10,21,0,0,0.6422
2025-10-29,MSH-0014-Chipadze,CELL_TDD,MSH-0014-Chipadze_LTE_3,3,MSH-0014-Chipadze,100%,57,1507,0,0,3538,8721,8159,2224,425,159,0,0,0.694
2025-10-29,MSH-0014-Chipadze,CELL_TDD,MSH-0014-Chipadze_LTE_2,2,MSH-0014-Chipadze,100%,737,1967,0,0,11275,7736,15231,7205,1354,452,0,0,0.5353
2025-10-29,MSH-0014-Chipadze,CELL_TDD,MSH-0014-Chipadze_LTE_1,1,MSH-0014-Chipadze,100%,47,1741,0,0,9594,7502,11405,192,3,10,0,0,0.6257
2025-10-30,MSH0013-Bindura-Zaoga,CELL_TDD,Bindura_Zaoga_LTE_6,6,MSH0013-Bindura-Zaoga,100%,200,80,0,0,546,11150,5852,939,17,33,0,0,0.5285
2025-10-30,MSH0013-Bindura-Zaoga,CELL_TDD,Bindura_Zaoga_LTE_5,5,MSH0013-Bindura-Zaoga,100%,110,76,0,0,1084,24067,38246,10432,1260,472,0,0,0.5667
2025-10-30,MSH0013-Bindura-Zaoga,CELL_TDD,Bindura_Zaoga_LTE_4,4,MSH0013-Bindura-Zaoga,100%,460,87,0,0,669,2858,19321,33122,23781,7307,0,0,0.3459
2025-10-30,MSH0013-Bindura-Zaoga,CELL_TDD,Bindura_Zaoga_LTE_3,3,MSH0013-Bindura-Zaoga,100%,124,20,0,0,1194,6067,1775,410,0,17,0,0,0.5209
2025-10-30,MSH0013-Bindura-Zaoga,CELL_TDD,Bindura_Zaoga_LTE_2,2,MSH0013-Bindura-Zaoga,100%,48,456,0,0,1568,20233,32247,7719,1581,327,0,0,0.5612
2025-10-30,MSH0013-Bindura-Zaoga,CELL_TDD,Bindura_Zaoga_LTE_1,1,MSH0013-Bindura-Zaoga,100%,282,41,0,0,510,1398,12605,28410,16282,4159,0,0,0.3181
2025-10-30,MSH-0331-Chiwaridzo 2,CELL_TDD,MSH-0331-Chiwaridzo 2_LTE_6,6,MSH-0331-Chiwaridzo 2_LTE,100%,310,4833,0,0,9656,14676,12025,333,194,809,0,0,0.7001
2025-10-30,MSH-0331-Chiwaridzo 2,CELL_TDD,MSH-0331-Chiwaridzo 2_LTE_5,5,MSH-0331-Chiwaridzo 2_LTE,100%,790,4498,0,0,13283,6584,6278,11787,157,217,0,0,0.7592
2025-10-30,MSH-0331-Chiwaridzo 2,CELL_TDD,MSH-0331-Chiwaridzo 2_LTE_4,4,MSH-0331-Chiwaridzo 2_LTE,100%,1617,8151,0,0,23461,19444,11345,213,2,4,0,0,0.381
2025-10-30,MSH-0331-Chiwaridzo 2,CELL_TDD,MSH-0331-Chiwaridzo 2_LTE_3,3,MSH-0331-Chiwaridzo 2_LTE,100%,365,6157,0,0,10781,15070,11805,256,54,269,0,0,0.7737
2025-10-30,MSH-0331-Chiwaridzo 2,CELL_TDD,MSH-0331-Chiwaridzo 2_LTE_2,2,MSH-0331-Chiwaridzo 2_LTE,100%,985,7226,0,0,16083,7685,5826,9489,181,111,0,0,0.7763
2025-10-30,MSH-0331-Chiwaridzo 2,CELL_TDD,MSH-0331-Chiwaridzo 2_LTE_1,1,MSH-0331-Chiwaridzo 2_LTE,100%,2024,9709,0,0,37000,27729,13086,116,2,2,0,0,0.4025
2025-10-30,MSH-0112-Bindura Hospital,CELL_TDD,MSH-0112-Bindura Hospital_LTE_1,1,MSH-0112-Bindura Hospital_LTE,100%,93,1164,0,0,2659,5686,1942,15554,252,395,0,0,0.8327
2025-10-30,MSH-0112-Bindura Hospital,CELL_TDD,MSH-0112-Bindura Hospital_LTE_2,2,MSH-0112-Bindura Hospital_LTE,100%,8,121,0,0,3741,10075,11922,547,9,26,0,0,0.862
2025-10-30,MSH-0112-Bindura Hospital,CELL_TDD,MSH-0112-Bindura Hospital_LTE_3,3,MSH-0112-Bindura Hospital_LTE,100%,115,1630,0,0,19619,21579,3156,2205,976,314,0,0,0.8847
2025-10-30,MSH-0112-Bindura Hospital,CELL_TDD,MSH-0112-Bindura Hospital_LTE_4,4,MSH-0112-Bindura Hospital_LTE,100%,195,309,0,0,600,4130,1830,14517,294,437,0,0,0.7842
2025-10-30,MSH-0112-Bindura Hospital,CELL_TDD,MSH-0112-Bindura Hospital_LTE_5,5,MSH-0112-Bindura Hospital_LTE,100%,6,21,0,0,2542,5281,13268,85,12,16,0,0,0.8318
2025-10-30,MSH-0112-Bindura Hospital,CELL_TDD,MSH-0112-Bindura Hospital_LTE_6,6,MSH-0112-Bindura Hospital_LTE,100%,40,1343,0,0,17044,18742,4462,1707,714,512,0,0,0.654
2025-10-30,MSH-0014-Chipadze,CELL_TDD,MSH-0014-Chipadze_LTE_6,6,MSH-0014-Chipadze,100%,149,660,0,0,4530,6349,12067,1550,843,605,0,0,0.5913
2025-10-30,MSH-0014-Chipadze,CELL_TDD,MSH-0014-Chipadze_LTE_5,5,MSH-0014-Chipadze,100%,556,1081,0,0,16342,8125,15347,3080,3357,369,0,0,0.5027
2025-10-30,MSH-0014-Chipadze,CELL_TDD,MSH-0014-Chipadze_LTE_4,4,MSH-0014-Chipadze,100%,209,1039,0,0,14690,4494,13593,227,8,12,0,0,0.4605
2025-10-30,MSH-0014-Chipadze,CELL_TDD,MSH-0014-Chipadze_LTE_3,3,MSH-0014-Chipadze,100%,47,1839,0,0,3474,9345,11234,3162,539,195,0,0,0.5704
2025-10-30,MSH-0014-Chipadze,CELL_TDD,MSH-0014-Chipadze_LTE_2,2,MSH-0014-Chipadze,100%,119,1749,0,0,8916,8896,14592,5387,2185,319,0,0,0.5176
2025-10-30,MSH-0014-Chipadze,CELL_TDD,MSH-0014-Chipadze_LTE_1,1,MSH-0014-Chipadze,100%,48,1445,0,0,13267,9672,12677,325,0,13,0,0,0.7336
2025-10-31,MSH0013-Bindura-Zaoga,CELL_TDD,Bindura_Zaoga_LTE_6,6,MSH0013-Bindura-Zaoga,100%,148,508,0,0,941,6350,4258,772,575,65,0,0,0.4994
2025-10-31,MSH0013-Bindura-Zaoga,CELL_TDD,Bindura_Zaoga_LTE_5,5,MSH0013-Bindura-Zaoga,100%,173,236,0,0,799,20865,39484,8867,1494,364,0,0,0.5174
2025-10-31,MSH0013-Bindura-Zaoga,CELL_TDD,Bindura_Zaoga_LTE_4,4,MSH0013-Bindura-Zaoga,100%,1488,577,0,0,457,3381,38632,64746,40457,11262,0,0,0.3751
2025-10-31,MSH0013-Bindura-Zaoga,CELL_TDD,Bindura_Zaoga_LTE_3,3,MSH0013-Bindura-Zaoga,100%,41,49,0,0,881,6573,1569,416,454,42,0,0,0.473
2025-10-31,MSH0013-Bindura-Zaoga,CELL_TDD,Bindura_Zaoga_LTE_2,2,MSH0013-Bindura-Zaoga,100%,61,82,0,0,1789,21587,31044,7380,2119,290,0,0,0.5714
2025-10-31,MSH0013-Bindura-Zaoga,CELL_TDD,Bindura_Zaoga_LTE_1,1,MSH0013-Bindura-Zaoga,100%,1209,661,0,0,393,3659,24550,60804,43055,9169,0,0,0.3701
2025-10-31,MSH-0331-Chiwaridzo 2,CELL_TDD,MSH-0331-Chiwaridzo 2_LTE_6,6,MSH-0331-Chiwaridzo 2_LTE,100%,189,4737,0,0,7760,7974,9656,293,127,542,0,0,0.3206
2025-10-31,MSH-0331-Chiwaridzo 2,CELL_TDD,MSH-0331-Chiwaridzo 2_LTE_5,5,MSH-0331-Chiwaridzo 2_LTE,100%,446,2175,0,0,9616,6959,6540,7905,527,246,0,0,0.7365
2025-10-31,MSH-0331-Chiwaridzo 2,CELL_TDD,MSH-0331-Chiwaridzo 2_LTE_4,4,MSH-0331-Chiwaridzo 2_LTE,100%,620,5084,0,0,15918,12981,8221,191,14,7,0,0,0.266
2025-10-31,MSH-0331-Chiwaridzo 2,CELL_TDD,MSH-0331-Chiwaridzo 2_LTE_3,3,MSH-0331-Chiwaridzo 2_LTE,100%,803,6540,0,0,8140,12774,11183,146,63,253,0,0,0.8271
2025-10-31,MSH-0331-Chiwaridzo 2,CELL_TDD,MSH-0331-Chiwaridzo 2_LTE_2,2,MSH-0331-Chiwaridzo 2_LTE,100%,568,5901,0,0,12969,6825,5400,10504,176,143,0,0,0.8001
2025-10-31,MSH-0331-Chiwaridzo 2,CELL_TDD,MSH-0331-Chiwaridzo 2_LTE_1,1,MSH-0331-Chiwaridzo 2_LTE,100%,1759,7387,0,0,30201,23252,11458,152,17,0,0,0,0.3606
2025-10-31,MSH-0112-Bindura Hospital,CELL_TDD,MSH-0112-Bindura Hospital_LTE_1,1,MSH-0112-Bindura Hospital_LTE,100%,56,325,0,0,1552,3646,931,10984,362,356,0,0,0.7897
2025-10-31,MSH-0112-Bindura Hospital,CELL_TDD,MSH-0112-Bindura Hospital_LTE_2,2,MSH-0112-Bindura Hospital_LTE,100%,23,73,0,0,2027,8063,6823,369,16,16,0,0,0.8719
2025-10-31,MSH-0112-Bindura Hospital,CELL_TDD,MSH-0112-Bindura Hospital_LTE_3,3,MSH-0112-Bindura Hospital_LTE,100%,225,1690,0,0,14150,19476,3540,3367,943,316,0,0,0.835
2025-10-31,MSH-0112-Bindura Hospital,CELL_TDD,MSH-0112-Bindura Hospital_LTE_4,4,MSH-0112-Bindura Hospital_LTE,100%,757,224,0,0,616,3809,849,12071,537,623,0,0,0.6809
2025-10-31,MSH-0112-Bindura Hospital,CELL_TDD,MSH-0112-Bindura Hospital_LTE_5,5,MSH-0112-Bindura Hospital_LTE,100%,25,114,0,0,1154,4970,6571,204,10,13,0,0,0.7875
2025-10-31,MSH-0112-Bindura Hospital,CELL_TDD,MSH-0112-Bindura Hospital_LTE_6,6,MSH-0112-Bindura Hospital_LTE,100%,98,909,0,0,10839,14861,2807,1476,1004,479,0,0,0.7155
2025-10-31,MSH-0014-Chipadze,CELL_TDD,MSH-0014-Chipadze_LTE_6,6,MSH-0014-Chipadze,100%,164,936,0,0,3941,4100,9369,1807,558,279,0,0,0.5634
2025-10-31,MSH-0014-Chipadze,CELL_TDD,MSH-0014-Chipadze_LTE_5,5,MSH-0014-Chipadze,100%,342,1276,0,0,6579,7847,13073,5525,2846,545,0,0,0.4243
2025-10-31,MSH-0014-Chipadze,CELL_TDD,MSH-0014-Chipadze_LTE_4,4,MSH-0014-Chipadze,100%,133,844,0,0,7862,4136,10489,495,1,19,0,0,0.5542
2025-10-31,MSH-0014-Chipadze,CELL_TDD,MSH-0014-Chipadze_LTE_3,3,MSH-0014-Chipadze,100%,70,1721,0,0,2649,4411,8347,1098,475,145,0,0,0.5415
2025-10-31,MSH-0014-Chipadze,CELL_TDD,MSH-0014-Chipadze_LTE_2,2,MSH-0014-Chipadze,100%,505,1741,0,0,9530,7414,11869,5205,1966,427,0,0,0.5204
2025-10-31,MSH-0014-Chipadze,CELL_TDD,MSH-0014-Chipadze_LTE_1,1,MSH-0014-Chipadze,100%,53,2250,0,0,7664,7655,9423,565,1,3,0,0,0.6703
2025-11-01,MSH0013-Bindura-Zaoga,CELL_TDD,Bindura_Zaoga_LTE_6,6,MSH0013-Bindura-Zaoga,100%,97,28,0,0,529,7530,3290,633,8,23,0,0,0.5061
2025-11-01,MSH0013-Bindura-Zaoga,CELL_TDD,Bindura_Zaoga_LTE_5,5,MSH0013-Bindura-Zaoga,100%,72,23,0,0,1235,15036,30086,8211,972,460,0,0,0.4378
2025-11-01,MSH0013-Bindura-Zaoga,CELL_TDD,Bindura_Zaoga_LTE_4,4,MSH0013-Bindura-Zaoga,100%,1519,283,0,0,1196,2668,30221,85459,101810,10336,0,0,0.3992
2025-11-01,MSH0013-Bindura-Zaoga,CELL_TDD,Bindura_Zaoga_LTE_3,3,MSH0013-Bindura-Zaoga,100%,38,29,0,0,857,4905,1330,325,0,3,0,0,0.4734
2025-11-01,MSH0013-Bindura-Zaoga,CELL_TDD,Bindura_Zaoga_LTE_2,2,MSH0013-Bindura-Zaoga,100%,49,36,0,0,1443,15146,25565,5965,1862,270,0,0,0.6096
2025-11-01,MSH0013-Bindura-Zaoga,CELL_TDD,Bindura_Zaoga_LTE_1,1,MSH0013-Bindura-Zaoga,100%,1029,310,0,0,1783,2774,25470,74660,82403,7764,0,0,0.4075
2025-11-01,MSH-0331-Chiwaridzo 2,CELL_TDD,MSH-0331-Chiwaridzo 2_LTE_6,6,MSH-0331-Chiwaridzo 2_LTE,100%,425,4170,0,0,9689,9968,11814,359,142,290,0,0,0.6773
2025-11-01,MSH-0331-Chiwaridzo 2,CELL_TDD,MSH-0331-Chiwaridzo 2_LTE_5,5,MSH-0331-Chiwaridzo 2_LTE,100%,786,3408,0,0,10395,8903,6599,5756,657,182,0,0,0.7453
2025-11-01,MSH-0331-Chiwaridzo 2,CELL_TDD,MSH-0331-Chiwaridzo 2_LTE_4,4,MSH-0331-Chiwaridzo 2_LTE,100%,1380,5546,0,0,23394,17658,9381,62,2,8,0,0,0.1317
2025-11-01,MSH-0331-Chiwaridzo 2,CELL_TDD,MSH-0331-Chiwaridzo 2_LTE_3,3,MSH-0331-Chiwaridzo 2_LTE,100%,399,6370,0,0,11024,13393,12217,228,94,188,0,0,0.8473
2025-11-01,MSH-0331-Chiwaridzo 2,CELL_TDD,MSH-0331-Chiwaridzo 2_LTE_2,2,MSH-0331-Chiwaridzo 2_LTE,100%,339,5843,0,0,11698,11303,7006,7253,826,133,0,0,0.8122
2025-11-01,MSH-0331-Chiwaridzo 2,CELL_TDD,MSH-0331-Chiwaridzo 2_LTE_1,1,MSH-0331-Chiwaridzo 2_LTE,100%,1239,8337,0,0,41846,26085,11094,50,5,3,0,0,0.4431
2025-11-01,MSH-0112-Bindura Hospital,CELL_TDD,MSH-0112-Bindura Hospital_LTE_1,1,MSH-0112-Bindura Hospital_LTE,100%,63,306,0,0,1118,3847,1240,8858,278,792,0,0,0.83
2025-11-01,MSH-0112-Bindura Hospital,CELL_TDD,MSH-0112-Bindura Hospital_LTE_2,2,MSH-0112-Bindura Hospital_LTE,100%,5,57,0,0,4542,6606,6255,399,4,8,0,0,0.8755
2025-11-01,MSH-0112-Bindura Hospital,CELL_TDD,MSH-0112-Bindura Hospital_LTE_3,3,MSH-0112-Bindura Hospital_LTE,100%,322,1710,0,0,14847,19873,2471,3035,834,367,0,0,0.7554
2025-11-01,MSH-0112-Bindura Hospital,CELL_TDD,MSH-0112-Bindura Hospital_LTE_4,4,MSH-0112-Bindura Hospital_LTE,100%,480,126,0,0,1465,4151,1207,8781,475,701,0,0,0.6893
2025-11-01,MSH-0112-Bindura Hospital,CELL_TDD,MSH-0112-Bindura Hospital_LTE_5,5,MSH-0112-Bindura Hospital_LTE,100%,6,12,0,0,2108,5218,4996,59,1,17,0,0,0.7692
2025-11-01,MSH-0112-Bindura Hospital,CELL_TDD,MSH-0112-Bindura Hospital_LTE_6,6,MSH-0112-Bindura Hospital_LTE,100%,201,1006,0,0,12010,15668,2954,1638,565,578,0,0,0.7269
2025-11-01,MSH-0014-Chipadze,CELL_TDD,MSH-0014-Chipadze_LTE_6,6,MSH-0014-Chipadze,100%,85,1061,0,0,4686,6006,10855,1499,702,246,0,0,0.527
2025-11-01,MSH-0014-Chipadze,CELL_TDD,MSH-0014-Chipadze_LTE_5,5,MSH-0014-Chipadze,100%,342,1270,0,0,6586,12254,13456,2406,3025,403,0,0,0.2693
2025-11-01,MSH-0014-Chipadze,CELL_TDD,MSH-0014-Chipadze_LTE_4,4,MSH-0014-Chipadze,100%,88,1409,0,0,8517,5735,9792,378,2,6,0,0,0.4435
2025-11-01,MSH-0014-Chipadze,CELL_TDD,MSH-0014-Chipadze_LTE_3,3,MSH-0014-Chipadze,100%,39,997,0,0,2567,6575,8009,1037,846,130,0,0,0.6008
2025-11-01,MSH-0014-Chipadze,CELL_TDD,MSH-0014-Chipadze_LTE_2,2,MSH-0014-Chipadze,100%,226,1249,0,0,9729,11197,14743,5485,3520,300,0,0,0.557
2025-11-01,MSH-0014-Chipadze,CELL_TDD,MSH-0014-Chipadze_LTE_1,1,MSH-0014-Chipadze,100%,84,1344,0,0,7553,6526,8945,356,2,1,0,0,0.521
2025-11-02,MSH0013-Bindura-Zaoga,CELL_TDD,Bindura_Zaoga_LTE_6,6,MSH0013-Bindura-Zaoga,87%,35,223,0,0,493,4698,2822,563,6,9,0,0,0.5274
2025-11-02,MSH0013-Bindura-Zaoga,CELL_TDD,Bindura_Zaoga_LTE_5,5,MSH0013-Bindura-Zaoga,87%,30,14,0,0,1329,6434,14586,4808,485,160,0,0,0.2278
2025-11-02,MSH0013-Bindura-Zaoga,CELL_TDD,Bindura_Zaoga_LTE_4,4,MSH0013-Bindura-Zaoga,87%,404,97,0,0,609,2159,10014,27773,18603,5590,0,0,0.283
2025-11-02,MSH0013-Bindura-Zaoga,CELL_TDD,Bindura_Zaoga_LTE_3,3,MSH0013-Bindura-Zaoga,87%,15,282,0,0,840,5380,998,309,1,4,0,0,0.4546
2025-11-02,MSH0013-Bindura-Zaoga,CELL_TDD,Bindura_Zaoga_LTE_2,2,MSH0013-Bindura-Zaoga,87%,48,17,0,0,1443,6213,11974,5592,725,120,0,0,0.4505
2025-11-02,MSH0013-Bindura-Zaoga,CELL_TDD,Bindura_Zaoga_LTE_1,1,MSH0013-Bindura-Zaoga,87%,598,64,0,0,1016,1071,9051,29018,23919,3987,0,0,0.3268
2025-11-02,MSH-0331-Chiwaridzo 2,CELL_TDD,MSH-0331-Chiwaridzo 2_LTE_6,6,MSH-0331-Chiwaridzo 2_LTE,100%,351,4492,0,0,11228,11649,17357,62,308,719,0,0,0.581
2025-11-02,MSH-0331-Chiwaridzo 2,CELL_TDD,MSH-0331-Chiwaridzo 2_LTE_5,5,MSH-0331-Chiwaridzo 2_LTE,100%,629,4142,0,0,10853,8769,6548,5588,245,232,0,0,0.7316
2025-11-02,MSH-0331-Chiwaridzo 2,CELL_TDD,MSH-0331-Chiwaridzo 2_LTE_4,4,MSH-0331-Chiwaridzo 2_LTE,100%,1195,5670,0,0,23565,19715,8884,134,4,20,0,0,0.1042
2025-11-02,MSH-0331-Chiwaridzo 2,CELL_TDD,MSH-0331-Chiwaridzo 2_LTE_3,3,MSH-0331-Chiwaridzo 2_LTE,100%,461,6932,0,0,13145,15836,15137,173,212,404,0,0,0.1505
2025-11-02,MSH-0331-Chiwaridzo 2,CELL_TDD,MSH-0331-Chiwaridzo 2_LTE_2,2,MSH-0331-Chiwaridzo 2_LTE,100%,788,5885,0,0,14983,15160,9755,6321,471,141,0,0,0.8028
2025-11-02,MSH-0331-Chiwaridzo 2,CELL_TDD,MSH-0331-Chiwaridzo 2_LTE_1,1,MSH-0331-Chiwaridzo 2_LTE,100%,2316,7861,0,0,31367,34374,13139,124,4,1,0,0,0.3253
2025-11-02,MSH-0112-Bindura Hospital,CELL_TDD,MSH-0112-Bindura Hospital_LTE_1,1,MSH-0112-Bindura Hospital_LTE,100%,52,197,0,0,1222,2785,1299,5901,370,397,0,0,0.0045
2025-11-02,MSH-0112-Bindura Hospital,CELL_TDD,MSH-0112-Bindura Hospital_LTE_2,2,MSH-0112-Bindura Hospital_LTE,100%,12,55,0,0,2399,8234,4289,734,51,14,0,0,0.1707
2025-11-02,MSH-0112-Bindura Hospital,CELL_TDD,MSH-0112-Bindura Hospital_LTE_3,3,MSH-0112-Bindura Hospital_LTE,100%,188,1493,0,0,11556,17238,4426,3665,926,201,0,0,0.883
2025-11-02,MSH-0112-Bindura Hospital,CELL_TDD,MSH-0112-Bindura Hospital_LTE_4,4,MSH-0112-Bindura Hospital_LTE,100%,52,246,0,0,998,5652,1868,8973,761,471,0,0,0.5108
2025-11-02,MSH-0112-Bindura Hospital,CELL_TDD,MSH-0112-Bindura Hospital_LTE_5,5,MSH-0112-Bindura Hospital_LTE,100%,18,51,0,0,1763,6641,5394,249,43,25,0,0,0.414
2025-11-02,MSH-0112-Bindura Hospital,CELL_TDD,MSH-0112-Bindura Hospital_LTE_6,6,MSH-0112-Bindura Hospital_LTE,100%,88,1118,0,0,8141,14760,4815,4447,459,565,0,0,0.7389
2025-11-02,MSH-0014-Chipadze,CELL_TDD,MSH-0014-Chipadze_LTE_6,6,MSH-0014-Chipadze,100%,108,555,0,0,3094,6734,13437,2819,1324,295,0,0,0.3868
2025-11-02,MSH-0014-Chipadze,CELL_TDD,MSH-0014-Chipadze_LTE_5,5,MSH-0014-Chipadze,100%,294,1134,0,0,8557,14850,16577,5000,3591,734,0,0,0.4614
2025-11-02,MSH-0014-Chipadze,CELL_TDD,MSH-0014-Chipadze_LTE_4,4,MSH-0014-Chipadze,100%,104,1282,0,0,9719,7788,10940,2705,11,47,0,0,0.4975
2025-11-02,MSH-0014-Chipadze,CELL_TDD,MSH-0014-Chipadze_LTE_3,3,MSH-0014-Chipadze,100%,213,2016,0,0,2205,7663,11507,1975,727,182,0,0,0.5749
2025-11-02,MSH-0014-Chipadze,CELL_TDD,MSH-0014-Chipadze_LTE_2,2,MSH-0014-Chipadze,100%,674,2136,0,0,12113,13940,21026,4204,3910,608,0,0,0.5202
2025-11-02,MSH-0014-Chipadze,CELL_TDD,MSH-0014-Chipadze_LTE_1,1,MSH-0014-Chipadze,100%,61,1524,0,0,12620,11190,11049,2415,3,27,0,0,0.3364
2025-11-03,MSH0013-Bindura-Zaoga,CELL_TDD,Bindura_Zaoga_LTE_6,6,MSH0013-Bindura-Zaoga,95%,47,11,0,0,698,5715,2727,737,15,84,0,0,0.4616
2025-11-03,MSH0013-Bindura-Zaoga,CELL_TDD,Bindura_Zaoga_LTE_5,5,MSH0013-Bindura-Zaoga,95%,40,5,0,0,1333,14735,27687,8013,1020,345,0,0,0.2795
2025-11-03,MSH0013-Bindura-Zaoga,CELL_TDD,Bindura_Zaoga_LTE_4,4,MSH0013-Bindura-Zaoga,95%,292,38,0,0,209,1185,11278,25842,18840,4743,0,0,0.3522
2025-11-03,MSH0013-Bindura-Zaoga,CELL_TDD,Bindura_Zaoga_LTE_3,3,MSH0013-Bindura-Zaoga,95%,46,7,0,0,1153,4414,743,267,0,13,0,0,0.5952
2025-11-03,MSH0013-Bindura-Zaoga,CELL_TDD,Bindura_Zaoga_LTE_2,2,MSH0013-Bindura-Zaoga,95%,32,6,0,0,616,15043,23501,7588,1268,170,0,0,0.4392
2025-11-03,MSH0013-Bindura-Zaoga,CELL_TDD,Bindura_Zaoga_LTE_1,1,MSH0013-Bindura-Zaoga,95%,123,14,0,0,113,1298,9302,25472,15120,3563,0,0,0.2951
2025-11-03,MSH-0331-Chiwaridzo 2,CELL_TDD,MSH-0331-Chiwaridzo 2_LTE_6,6,MSH-0331-Chiwaridzo 2_LTE,100%,268,5260,0,0,11662,9189,13883,79,294,404,0,0,0.588
2025-11-03,MSH-0331-Chiwaridzo 2,CELL_TDD,MSH-0331-Chiwaridzo 2_LTE_5,5,MSH-0331-Chiwaridzo 2_LTE,100%,660,2961,0,0,13138,6296,6681,4522,210,213,0,0,0.6555
2025-11-03,MSH-0331-Chiwaridzo 2,CELL_TDD,MSH-0331-Chiwaridzo 2_LTE_4,4,MSH-0331-Chiwaridzo 2_LTE,100%,1281,7995,0,0,21946,17328,11633,101,5,22,0,0,0.0874
2025-11-03,MSH-0331-Chiwaridzo 2,CELL_TDD,MSH-0331-Chiwaridzo 2_LTE_3,3,MSH-0331-Chiwaridzo 2_LTE,100%,471,7467,0,0,13102,12614,12004,396,129,208,0,0,0.3971
2025-11-03,MSH-0331-Chiwaridzo 2,CELL_TDD,MSH-0331-Chiwaridzo 2_LTE_2,2,MSH-0331-Chiwaridzo 2_LTE,100%,1134,6969,0,0,15458,8044,5468,6605,557,108,0,0,0.7269
2025-11-03,MSH-0331-Chiwaridzo 2,CELL_TDD,MSH-0331-Chiwaridzo 2_LTE_1,1,MSH-0331-Chiwaridzo 2_LTE,100%,2169,9765,0,0,30273,27898,11896,85,7,4,0,0,0.1666
2025-11-03,MSH-0112-Bindura Hospital,CELL_TDD,MSH-0112-Bindura Hospital_LTE_1,1,MSH-0112-Bindura Hospital_LTE,100%,94,209,0,0,1312,2070,1373,6597,371,268,0,0,0.0028
2025-11-03,MSH-0112-Bindura Hospital,CELL_TDD,MSH-0112-Bindura Hospital_LTE_2,2,MSH-0112-Bindura Hospital_LTE,100%,21,119,0,0,1866,8944,5768,468,43,4,0,0,0.766
2025-11-03,MSH-0112-Bindura Hospital,CELL_TDD,MSH-0112-Bindura Hospital_LTE_3,3,MSH-0112-Bindura Hospital_LTE,100%,87,2277,0,0,15805,23389,4108,6067,1005,317,0,0,0.8406
2025-11-03,MSH-0112-Bindura Hospital,CELL_TDD,MSH-0112-Bindura Hospital_LTE_4,4,MSH-0112-Bindura Hospital_LTE,100%,594,369,0,0,3683,5597,2800,10705,686,695,0,0,0.6654
2025-11-03,MSH-0112-Bindura Hospital,CELL_TDD,MSH-0112-Bindura Hospital_LTE_5,5,MSH-0112-Bindura Hospital_LTE,100%,16,66,0,0,1264,9132,6660,225,17,25,0,0,0.4798
2025-11-03,MSH-0112-Bindura Hospital,CELL_TDD,MSH-0112-Bindura Hospital_LTE_6,6,MSH-0112-Bindura Hospital_LTE,100%,74,1285,0,0,12707,21038,4541,5409,863,461,0,0,0.6943
2025-11-03,MSH-0014-Chipadze,CELL_TDD,MSH-0014-Chipadze_LTE_6,6,MSH-0014-Chipadze,100%,202,1333,0,0,4079,7720,12821,3304,1088,278,0,0,0.4908
2025-11-03,MSH-0014-Chipadze,CELL_TDD,MSH-0014-Chipadze_LTE_5,5,MSH-0014-Chipadze,100%,899,1645,0,0,8559,10003,17079,3423,3346,575,0,0,0.3792
2025-11-03,MSH-0014-Chipadze,CELL_TDD,MSH-0014-Chipadze_LTE_4,4,MSH-0014-Chipadze,100%,152,1998,0,0,7559,8958,18160,2638,10,8,0,0,0.6539
2025-11-03,MSH-0014-Chipadze,CELL_TDD,MSH-0014-Chipadze_LTE_3,3,MSH-0014-Chipadze,100%,80,2495,0,0,4981,6163,11513,2291,760,199,0,0,0.6094
2025-11-03,MSH-0014-Chipadze,CELL_TDD,MSH-0014-Chipadze_LTE_2,2,MSH-0014-Chipadze,100%,126,1938,0,0,9893,8674,17740,4411,2933,384,0,0,0.0727
2025-11-03,MSH-0014-Chipadze,CELL_TDD,MSH-0014-Chipadze_LTE_1,1,MSH-0014-Chipadze,100%,25,1522,0,0,10714,8009,17234,2590,17,13,0,0,0.7163
2025-11-04,MSH0013-Bindura-Zaoga,CELL_TDD,Bindura_Zaoga_LTE_6,6,MSH0013-Bindura-Zaoga,87%,84,21,0,0,1007,4766,2598,725,3,12,0,0,0.4821
2025-11-04,MSH0013-Bindura-Zaoga,CELL_TDD,Bindura_Zaoga_LTE_5,5,MSH0013-Bindura-Zaoga,87%,40,7,0,0,2275,16422,29473,8296,899,396,0,0,0.275
2025-11-04,MSH0013-Bindura-Zaoga,CELL_TDD,Bindura_Zaoga_LTE_4,4,MSH0013-Bindura-Zaoga,87%,333,41,0,0,496,1846,11709,25228,14615,4380,0,0,0.3743
2025-11-04,MSH0013-Bindura-Zaoga,CELL_TDD,Bindura_Zaoga_LTE_3,3,MSH0013-Bindura-Zaoga,87%,31,10,0,0,836,5354,935,425,0,1,0,0,0.588
2025-11-04,MSH0013-Bindura-Zaoga,CELL_TDD,Bindura_Zaoga_LTE_2,2,MSH0013-Bindura-Zaoga,87%,4,5,0,0,466,14464,25809,7161,1786,177,0,0,0.5882
2025-11-04,MSH0013-Bindura-Zaoga,CELL_TDD,Bindura_Zaoga_LTE_1,1,MSH0013-Bindura-Zaoga,87%,288,18,0,0,148,887,7760,21480,12698,3773,0,0,0.3659
2025-11-04,MSH-0331-Chiwaridzo 2,CELL_TDD,MSH-0331-Chiwaridzo 2_LTE_6,6,MSH-0331-Chiwaridzo 2_LTE,100%,781,3841,0,0,11938,9881,14418,120,349,391,0,0,0.6436
2025-11-04,MSH-0331-Chiwaridzo 2,CELL_TDD,MSH-0331-Chiwaridzo 2_LTE_5,5,MSH-0331-Chiwaridzo 2_LTE,100%,514,3208,0,0,14113,7068,5519,5992,172,173,0,0,0.6798
2025-11-04,MSH-0331-Chiwaridzo 2,CELL_TDD,MSH-0331-Chiwaridzo 2_LTE_4,4,MSH-0331-Chiwaridzo 2_LTE,100%,967,7209,0,0,25155,18243,11962,177,21,2,0,0,0.0846
2025-11-04,MSH-0331-Chiwaridzo 2,CELL_TDD,MSH-0331-Chiwaridzo 2_LTE_3,3,MSH-0331-Chiwaridzo 2_LTE,100%,1167,8369,0,0,15250,15423,14863,81,119,171,0,0,0.4036
2025-11-04,MSH-0331-Chiwaridzo 2,CELL_TDD,MSH-0331-Chiwaridzo 2_LTE_2,2,MSH-0331-Chiwaridzo 2_LTE,100%,646,6679,0,0,16636,7940,10971,7520,497,109,0,0,0.7413
2025-11-04,MSH-0331-Chiwaridzo 2,CELL_TDD,MSH-0331-Chiwaridzo 2_LTE_1,1,MSH-0331-Chiwaridzo 2_LTE,100%,1380,10239,0,0,27321,27640,17968,83,13,2,0,0,0.3612
2025-11-04,MSH-0112-Bindura Hospital,CELL_TDD,MSH-0112-Bindura Hospital_LTE_1,1,MSH-0112-Bindura Hospital_LTE,100%,262,593,0,0,691,2639,1455,6075,361,224,0,0,0.0034
2025-11-04,MSH-0112-Bindura Hospital,CELL_TDD,MSH-0112-Bindura Hospital_LTE_2,2,MSH-0112-Bindura Hospital_LTE,100%,54,99,0,0,4287,13213,7669,815,22,9,0,0,0.3017
2025-11-04,MSH-0112-Bindura Hospital,CELL_TDD,MSH-0112-Bindura Hospital_LTE_3,3,MSH-0112-Bindura Hospital_LTE,100%,160,1726,0,0,16923,23995,3823,5176,2303,256,0,0,0.9075
2025-11-04,MSH-0112-Bindura Hospital,CELL_TDD,MSH-0112-Bindura Hospital_LTE_4,4,MSH-0112-Bindura Hospital_LTE,100%,1150,1033,0,0,1402,6034,2123,9580,634,390,0,0,0.6745
2025-11-04,MSH-0112-Bindura Hospital,CELL_TDD,MSH-0112-Bindura Hospital_LTE_5,5,MSH-0112-Bindura Hospital_LTE,100%,18,45,0,0,1597,9943,9570,321,35,24,0,0,0.6144
2025-11-04,MSH-0112-Bindura Hospital,CELL_TDD,MSH-0112-Bindura Hospital_LTE_6,6,MSH-0112-Bindura Hospital_LTE,100%,91,1563,0,0,13002,20224,4564,4198,2113,419,0,0,0.7188
2025-11-04,MSH-0014-Chipadze,CELL_TDD,MSH-0014-Chipadze_LTE_6,6,MSH-0014-Chipadze,100%,114,696,0,0,3396,6484,9804,2528,1575,239,0,0,0.5406
2025-11-04,MSH-0014-Chipadze,CELL_TDD,MSH-0014-Chipadze_LTE_5,5,MSH-0014-Chipadze,100%,695,1487,0,0,6709,10854,16552,3529,2165,523,0,0,0.3718
2025-11-04,MSH-0014-Chipadze,CELL_TDD,MSH-0014-Chipadze_LTE_4,4,MSH-0014-Chipadze,100%,107,889,0,0,7389,7542,13938,1479,19,5,0,0,0.6046
2025-11-04,MSH-0014-Chipadze,CELL_TDD,MSH-0014-Chipadze_LTE_3,3,MSH-0014-Chipadze,100%,27,1923,0,0,5822,7739,11601,2280,689,207,0,0,0.6218
2025-11-04,MSH-0014-Chipadze,CELL_TDD,MSH-0014-Chipadze_LTE_2,2,MSH-0014-Chipadze,100%,60,1824,0,0,9166,10164,17038,3641,1957,321,0,0,0.4913
2025-11-04,MSH-0014-Chipadze,CELL_TDD,MSH-0014-Chipadze_LTE_1,1,MSH-0014-Chipadze,100%,38,1430,0,0,9794,8757,15793,1784,64,3,0,0,0.4084
2025-11-05,MSH0013-Bindura-Zaoga,CELL_TDD,Bindura_Zaoga_LTE_6,6,MSH0013-Bindura-Zaoga,100%,65,31,0,0,761,6723,3631,587,2,34,0,0,0.5101
2025-11-05,MSH0013-Bindura-Zaoga,CELL_TDD,Bindura_Zaoga_LTE_5,5,MSH0013-Bindura-Zaoga,100%,278,49,0,0,1758,21582,45154,10129,1647,803,0,0,0.5727
2025-11-05,MSH0013-Bindura-Zaoga,CELL_TDD,Bindura_Zaoga_LTE_4,4,MSH0013-Bindura-Zaoga,100%,713,58,0,0,767,2439,17222,41583,21854,7524,0,0,0.3361
2025-11-05,MSH0013-Bindura-Zaoga,CELL_TDD,Bindura_Zaoga_LTE_3,3,MSH0013-Bindura-Zaoga,100%,21,10,0,0,747,6962,1320,266,3,22,0,0,0.5853
2025-11-05,MSH0013-Bindura-Zaoga,CELL_TDD,Bindura_Zaoga_LTE_2,2,MSH0013-Bindura-Zaoga,100%,138,18,0,0,2731,20505,32447,8394,687,513,0,0,0.3391
2025-11-05,MSH0013-Bindura-Zaoga,CELL_TDD,Bindura_Zaoga_LTE_1,1,MSH0013-Bindura-Zaoga,100%,558,60,0,0,565,1486,13814,36534,19597,6453,0,0,0.3598
2025-11-05,MSH-0331-Chiwaridzo 2,CELL_TDD,MSH-0331-Chiwaridzo 2_LTE_6,6,MSH-0331-Chiwaridzo 2_LTE,100%,581,3550,0,0,11338,12349,12131,120,269,482,0,0,0.6702
2025-11-05,MSH-0331-Chiwaridzo 2,CELL_TDD,MSH-0331-Chiwaridzo 2_LTE_5,5,MSH-0331-Chiwaridzo 2_LTE,100%,577,2517,0,0,12012,7980,4494,5906,231,143,0,0,0.6698
2025-11-05,MSH-0331-Chiwaridzo 2,CELL_TDD,MSH-0331-Chiwaridzo 2_LTE_4,4,MSH-0331-Chiwaridzo 2_LTE,100%,1382,5839,0,0,23645,20202,11109,141,1,5,0,0,0.3383
2025-11-05,MSH-0331-Chiwaridzo 2,CELL_TDD,MSH-0331-Chiwaridzo 2_LTE_3,3,MSH-0331-Chiwaridzo 2_LTE,100%,1315,6051,0,0,15047,18856,12619,84,145,228,0,0,0.72
2025-11-05,MSH-0331-Chiwaridzo 2,CELL_TDD,MSH-0331-Chiwaridzo 2_LTE_2,2,MSH-0331-Chiwaridzo 2_LTE,100%,505,5527,0,0,11662,11866,5345,6740,150,122,0,0,0.8249
2025-11-05,MSH-0331-Chiwaridzo 2,CELL_TDD,MSH-0331-Chiwaridzo 2_LTE_1,1,MSH-0331-Chiwaridzo 2_LTE,100%,2144,6994,0,0,32235,25928,12046,156,6,5,0,0,0.138
2025-11-05,MSH-0112-Bindura Hospital,CELL_TDD,MSH-0112-Bindura Hospital_LTE_1,1,MSH-0112-Bindura Hospital_LTE,100%,315,866,0,0,1035,5302,1635,11653,177,391,0,0,0.3824
2025-11-05,MSH-0112-Bindura Hospital,CELL_TDD,MSH-0112-Bindura Hospital_LTE_2,2,MSH-0112-Bindura Hospital_LTE,100%,10,101,0,0,2757,11488,6884,672,0,4,0,0,0.8772
2025-11-05,MSH-0112-Bindura Hospital,CELL_TDD,MSH-0112-Bindura Hospital_LTE_3,3,MSH-0112-Bindura Hospital_LTE,100%,177,1694,0,0,13113,19874,2596,2669,3038,274,0,0,0.8172
2025-11-05,MSH-0112-Bindura Hospital,CELL_TDD,MSH-0112-Bindura Hospital_LTE_4,4,MSH-0112-Bindura Hospital_LTE,100%,289,417,0,0,753,5255,1741,11228,344,509,0,0,0.3054
2025-11-05,MSH-0112-Bindura Hospital,CELL_TDD,MSH-0112-Bindura Hospital_LTE_5,5,MSH-0112-Bindura Hospital_LTE,100%,8,27,0,0,1718,5262,6754,71,4,5,0,0,0.6228
2025-11-05,MSH-0112-Bindura Hospital,CELL_TDD,MSH-0112-Bindura Hospital_LTE_6,6,MSH-0112-Bindura Hospital_LTE,100%,74,1088,0,0,10977,16346,3045,2206,2673,364,0,0,0.7822
2025-11-05,MSH-0014-Chipadze,CELL_TDD,MSH-0014-Chipadze_LTE_6,6,MSH-0014-Chipadze,100%,123,903,0,0,3268,5706,14714,2948,2118,345,0,0,0.5252
2025-11-05,MSH-0014-Chipadze,CELL_TDD,MSH-0014-Chipadze_LTE_5,5,MSH-0014-Chipadze,100%,1078,899,0,0,5867,10696,16677,3452,2768,416,0,0,0.503
2025-11-05,MSH-0014-Chipadze,CELL_TDD,MSH-0014-Chipadze_LTE_4,4,MSH-0014-Chipadze,100%,139,1115,0,0,6938,6603,12265,236,4,16,0,0,0.5357
2025-11-05,MSH-0014-Chipadze,CELL_TDD,MSH-0014-Chipadze_LTE_3,3,MSH-0014-Chipadze,100%,400,1738,0,0,4314,8284,11752,2070,463,329,0,0,0.6206
2025-11-05,MSH-0014-Chipadze,CELL_TDD,MSH-0014-Chipadze_LTE_2,2,MSH-0014-Chipadze,100%,123,2225,0,0,7057,10376,16378,2708,2278,353,0,0,0.2811
2025-11-05,MSH-0014-Chipadze,CELL_TDD,MSH-0014-Chipadze_LTE_1,1,MSH-0014-Chipadze,100%,57,892,0,0,9260,7404,11717,277,0,15,0,0,0.6423
2025-11-06,MSH0013-Bindura-Zaoga,CELL_TDD,Bindura_Zaoga_LTE_6,6,MSH0013-Bindura-Zaoga,83%,15,6,0,0,288,4073,2316,1055,1,6,0,0,0.4827
2025-11-06,MSH0013-Bindura-Zaoga,CELL_TDD,Bindura_Zaoga_LTE_5,5,MSH0013-Bindura-Zaoga,83%,223,31,0,0,796,12853,31527,6423,648,656,0,0,0.4541
2025-11-06,MSH0013-Bindura-Zaoga,CELL_TDD,Bindura_Zaoga_LTE_4,4,MSH0013-Bindura-Zaoga,83%,3027,268,0,0,1577,6666,63358,139369,197118,10599,0,0,0.416
2025-11-06,MSH0013-Bindura-Zaoga,CELL_TDD,Bindura_Zaoga_LTE_3,3,MSH0013-Bindura-Zaoga,83%,12,3,0,0,545,4232,808,561,0,2,0,0,0.6075
2025-11-06,MSH0013-Bindura-Zaoga,CELL_TDD,Bindura_Zaoga_LTE_2,2,MSH0013-Bindura-Zaoga,83%,61,12,0,0,1278,15810,22049,6235,868,286,0,0,0.6408
2025-11-06,MSH0013-Bindura-Zaoga,CELL_TDD,Bindura_Zaoga_LTE_1,1,MSH0013-Bindura-Zaoga,83%,3724,304,0,0,1084,3743,39247,116997,161657,8055,0,0,0.41
2025-11-06,MSH-0331-Chiwaridzo 2,CELL_TDD,MSH-0331-Chiwaridzo 2_LTE_6,6,MSH-0331-Chiwaridzo 2_LTE,75%,177,1814,0,0,3360,2826,4460,90,103,131,0,0,0.4817
2025-11-06,MSH-0331-Chiwaridzo 2,CELL_TDD,MSH-0331-Chiwaridzo 2_LTE_5,5,MSH-0331-Chiwaridzo 2_LTE,75%,331,1114,0,0,3615,1898,1002,2691,177,84,0,0,0.6641
2025-11-06,MSH-0331-Chiwaridzo 2,CELL_TDD,MSH-0331-Chiwaridzo 2_LTE_4,4,MSH-0331-Chiwaridzo 2_LTE,75%,944,2663,0,0,5762,4951,4232,81,0,5,0,0,0.1348
2025-11-06,MSH-0331-Chiwaridzo 2,CELL_TDD,MSH-0331-Chiwaridzo 2_LTE_3,3,MSH-0331-Chiwaridzo 2_LTE,75%,390,2193,0,0,3729,3543,3647,47,54,91,0,0,0.7239
2025-11-06,MSH-0331-Chiwaridzo 2,CELL_TDD,MSH-0331-Chiwaridzo 2_LTE_2,2,MSH-0331-Chiwaridzo 2_LTE,75%,219,1889,0,0,3621,2313,1763,3139,187,75,0,0,0.6862
2025-11-06,MSH-0331-Chiwaridzo 2,CELL_TDD,MSH-0331-Chiwaridzo 2_LTE_1,1,MSH-0331-Chiwaridzo 2_LTE,75%,986,3886,0,0,5944,6459,4955,53,3,0,0,0,0.3149
2025-11-06,MSH-0112-Bindura Hospital,CELL_TDD,MSH-0112-Bindura Hospital_LTE_1,1,MSH-0112-Bindura Hospital_LTE,100%,161,695,0,0,2055,4246,1427,14661,209,158,0,0,0.5506
2025-11-06,MSH-0112-Bindura Hospital,CELL_TDD,MSH-0112-Bindura Hospital_LTE_2,2,MSH-0112-Bindura Hospital_LTE,100%,5,60,0,0,2787,11342,6541,404,73,20,0,0,0.2646
2025-11-06,MSH-0112-Bindura Hospital,CELL_TDD,MSH-0112-Bindura Hospital_LTE_3,3,MSH-0112-Bindura Hospital_LTE,100%,121,1575,0,0,16449,20735,4870,7993,1313,480,0,0,0.4676
2025-11-06,MSH-0112-Bindura Hospital,CELL_TDD,MSH-0112-Bindura Hospital_LTE_4,4,MSH-0112-Bindura Hospital_LTE,100%,1015,359,0,0,877,4837,1517,13255,354,254,0,0,0.6706
2025-11-06,MSH-0112-Bindura Hospital,CELL_TDD,MSH-0112-Bindura Hospital_LTE_5,5,MSH-0112-Bindura Hospital_LTE,100%,9,29,0,0,1670,6143,6957,435,56,25,0,0,0.533
2025-11-06,MSH-0112-Bindura Hospital,CELL_TDD,MSH-0112-Bindura Hospital_LTE_6,6,MSH-0112-Bindura Hospital_LTE,100%,151,1225,0,0,9404,19325,12441,11869,1288,2030,0,0,0.5853
2025-11-06,MSH-0014-Chipadze,CELL_TDD,MSH-0014-Chipadze_LTE_6,6,MSH-0014-Chipadze,100%,267,607,0,0,1928,4453,10600,2974,1087,482,0,0,0.4821
2025-11-06,MSH-0014-Chipadze,CELL_TDD,MSH-0014-Chipadze_LTE_5,5,MSH-0014-Chipadze,100%,789,1069,0,0,4600,7880,19203,28183,4143,391,0,0,0.4131
2025-11-06,MSH-0014-Chipadze,CELL_TDD,MSH-0014-Chipadze_LTE_4,4,MSH-0014-Chipadze,100%,196,569,0,0,7982,4917,12483,2387,10,12,0,0,0.5477
2025-11-06,MSH-0014-Chipadze,CELL_TDD,MSH-0014-Chipadze_LTE_3,3,MSH-0014-Chipadze,100%,582,981,0,0,2770,6173,8399,1588,632,282,0,0,0.5476
2025-11-06,MSH-0014-Chipadze,CELL_TDD,MSH-0014-Chipadze_LTE_2,2,MSH-0014-Chipadze,100%,248,1504,0,0,6238,8256,19657,21737,3840,280,0,0,0.5058
2025-11-06,MSH-0014-Chipadze,CELL_TDD,MSH-0014-Chipadze_LTE_1,1,MSH-0014-Chipadze,100%,41,895,0,0,9783,8000,14088,2950,5,20,0,0,0.3711
2025-11-07,MSH0013-Bindura-Zaoga,CELL_TDD,Bindura_Zaoga_LTE_6,6,MSH0013-Bindura-Zaoga,100%,132,77,0,0,398,8317,4118,1133,33,11,0,0,0.5324
2025-11-07,MSH0013-Bindura-Zaoga,CELL_TDD,Bindura_Zaoga_LTE_5,5,MSH0013-Bindura-Zaoga,100%,63,64,0,0,1154,14179,31569,7589,1125,626,0,0,0.4686
2025-11-07,MSH0013-Bindura-Zaoga,CELL_TDD,Bindura_Zaoga_LTE_4,4,MSH0013-Bindura-Zaoga,100%,2917,284,0,0,1768,5076,36286,84610,123681,11079,0,0,0.3628
2025-11-07,MSH0013-Bindura-Zaoga,CELL_TDD,Bindura_Zaoga_LTE_3,3,MSH0013-Bindura-Zaoga,100%,28,195,0,0,1727,6430,1034,679,6,12,0,0,0.6014
2025-11-07,MSH0013-Bindura-Zaoga,CELL_TDD,Bindura_Zaoga_LTE_2,2,MSH0013-Bindura-Zaoga,100%,18,19,0,0,1387,18686,27554,6716,656,218,0,0,0.5509
2025-11-07,MSH0013-Bindura-Zaoga,CELL_TDD,Bindura_Zaoga_LTE_1,1,MSH0013-Bindura-Zaoga,100%,2660,157,0,0,685,2547,23243,69616,114903,8807,0,0,0.3485
2025-11-07,MSH-0331-Chiwaridzo 2,CELL_TDD,MSH-0331-Chiwaridzo 2_LTE_6,6,MSH-0331-Chiwaridzo 2_LTE,95%,359,1937,0,0,4559,6031,9243,203,309,129,0,0,0.5062
2025-11-07,MSH-0331-Chiwaridzo 2,CELL_TDD,MSH-0331-Chiwaridzo 2_LTE_5,5,MSH-0331-Chiwaridzo 2_LTE,95%,469,1555,0,0,5272,4667,1813,4584,128,64,0,0,0.7299
2025-11-07,MSH-0331-Chiwaridzo 2,CELL_TDD,MSH-0331-Chiwaridzo 2_LTE_4,4,MSH-0331-Chiwaridzo 2_LTE,95%,1226,4211,0,0,8885,10167,5639,223,182,3,0,0,0.3674
2025-11-07,MSH-0331-Chiwaridzo 2,CELL_TDD,MSH-0331-Chiwaridzo 2_LTE_3,3,MSH-0331-Chiwaridzo 2_LTE,95%,445,3670,0,0,5682,7120,7589,129,145,52,0,0,0.8087
2025-11-07,MSH-0331-Chiwaridzo 2,CELL_TDD,MSH-0331-Chiwaridzo 2_LTE_2,2,MSH-0331-Chiwaridzo 2_LTE,95%,404,3686,0,0,6402,6446,2421,4687,104,55,0,0,0.75
2025-11-07,MSH-0331-Chiwaridzo 2,CELL_TDD,MSH-0331-Chiwaridzo 2_LTE_1,1,MSH-0331-Chiwaridzo 2_LTE,95%,1740,4974,0,0,18032,13115,6138,152,123,0,0,0,0.2936
2025-11-07,MSH-0112-Bindura Hospital,CELL_TDD,MSH-0112-Bindura Hospital_LTE_1,1,MSH-0112-Bindura Hospital_LTE,100%,292,693,0,0,1487,4231,1269,10712,173,168,0,0,0.3685
2025-11-07,MSH-0112-Bindura Hospital,CELL_TDD,MSH-0112-Bindura Hospital_LTE_2,2,MSH-0112-Bindura Hospital_LTE,100%,32,68,0,0,1807,8662,7136,195,1,7,0,0,0.76
2025-11-07,MSH-0112-Bindura Hospital,CELL_TDD,MSH-0112-Bindura Hospital_LTE_3,3,MSH-0112-Bindura Hospital_LTE,100%,55,1387,0,0,12457,17414,2637,3038,1182,392,0,0,0.2775
2025-11-07,MSH-0112-Bindura Hospital,CELL_TDD,MSH-0112-Bindura Hospital_LTE_4,4,MSH-0112-Bindura Hospital_LTE,100%,810,398,0,0,912,5302,1205,11455,215,282,0,0,0.6977
2025-11-07,MSH-0112-Bindura Hospital,CELL_TDD,MSH-0112-Bindura Hospital_LTE_5,5,MSH-0112-Bindura Hospital_LTE,100%,6,94,0,0,2437,6946,8343,268,11,8,0,0,0.6538
2025-11-07,MSH-0112-Bindura Hospital,CELL_TDD,MSH-0112-Bindura Hospital_LTE_6,6,MSH-0112-Bindura Hospital_LTE,100%,23,575,0,0,8030,12942,3334,1932,761,735,0,0,0.6714
2025-11-07,MSH-0014-Chipadze,CELL_TDD,MSH-0014-Chipadze_LTE_6,6,MSH-0014-Chipadze,100%,326,609,0,0,3504,5134,9669,2331,1297,620,0,0,0.4701
2025-11-07,MSH-0014-Chipadze,CELL_TDD,MSH-0014-Chipadze_LTE_5,5,MSH-0014-Chipadze,100%,840,1131,0,0,7873,8674,22081,24303,2874,470,0,0,0.4614
2025-11-07,MSH-0014-Chipadze,CELL_TDD,MSH-0014-Chipadze_LTE_4,4,MSH-0014-Chipadze,100%,61,667,0,0,8925,4669,11306,192,2,18,0,0,0.6229
2025-11-07,MSH-0014-Chipadze,CELL_TDD,MSH-0014-Chipadze_LTE_3,3,MSH-0014-Chipadze,100%,324,1183,0,0,4608,8409,11568,2075,623,297,0,0,0.6731
2025-11-07,MSH-0014-Chipadze,CELL_TDD,MSH-0014-Chipadze_LTE_2,2,MSH-0014-Chipadze,100%,166,2365,0,0,8844,8884,24433,23886,3492,284,0,0,0.5472
2025-11-07,MSH-0014-Chipadze,CELL_TDD,MSH-0014-Chipadze_LTE_1,1,MSH-0014-Chipadze,100%,30,1241,0,0,9706,6982,9958,201,4,9,0,0,0.7756
2025-11-08,MSH0013-Bindura-Zaoga,CELL_TDD,Bindura_Zaoga_LTE_6,6,MSH0013-Bindura-Zaoga,100%,138,29,0,0,588,9025,5572,1022,29,12,0,0,0.5085
2025-11-08,MSH0013-Bindura-Zaoga,CELL_TDD,Bindura_Zaoga_LTE_5,5,MSH0013-Bindura-Zaoga,100%,48,15,0,0,1536,14559,32368,7011,776,336,0,0,0.54
2025-11-08,MSH0013-Bindura-Zaoga,CELL_TDD,Bindura_Zaoga_LTE_4,4,MSH0013-Bindura-Zaoga,100%,2706,227,0,0,1269,7399,57741,86036,124407,8015,0,0,0.384
2025-11-08,MSH0013-Bindura-Zaoga,CELL_TDD,Bindura_Zaoga_LTE_3,3,MSH0013-Bindura-Zaoga,100%,48,29,0,0,430,5637,1301,721,1,2,0,0,0.4869
2025-11-08,MSH0013-Bindura-Zaoga,CELL_TDD,Bindura_Zaoga_LTE_2,2,MSH0013-Bindura-Zaoga,100%,12,17,0,0,2198,16966,30714,6451,739,168,0,0,0.455
2025-11-08,MSH0013-Bindura-Zaoga,CELL_TDD,Bindura_Zaoga_LTE_1,1,MSH0013-Bindura-Zaoga,100%,1697,150,0,0,989,3982,37828,96165,116856,9760,0,0,0.3915
2025-11-08,MSH-0331-Chiwaridzo 2,CELL_TDD,MSH-0331-Chiwaridzo 2_LTE_6,6,MSH-0331-Chiwaridzo 2_LTE,100%,306,2147,0,0,5811,5653,8784,83,131,427,0,0,0.6512
2025-11-08,MSH-0331-Chiwaridzo 2,CELL_TDD,MSH-0331-Chiwaridzo 2_LTE_5,5,MSH-0331-Chiwaridzo 2_LTE,100%,172,1655,0,0,8166,3976,2263,4907,191,63,0,0,0.5845
2025-11-08,MSH-0331-Chiwaridzo 2,CELL_TDD,MSH-0331-Chiwaridzo 2_LTE_4,4,MSH-0331-Chiwaridzo 2_LTE,100%,1038,3456,0,0,11731,13357,6143,83,3,3,0,0,0.4957
2025-11-08,MSH-0331-Chiwaridzo 2,CELL_TDD,MSH-0331-Chiwaridzo 2_LTE_3,3,MSH-0331-Chiwaridzo 2_LTE,100%,292,4311,0,0,8681,8109,11491,109,105,134,0,0,0.6473
2025-11-08,MSH-0331-Chiwaridzo 2,CELL_TDD,MSH-0331-Chiwaridzo 2_LTE_2,2,MSH-0331-Chiwaridzo 2_LTE,100%,166,5219,0,0,8596,5016,2276,4921,121,43,0,0,0.7726
2025-11-08,MSH-0331-Chiwaridzo 2,CELL_TDD,MSH-0331-Chiwaridzo 2_LTE_1,1,MSH-0331-Chiwaridzo 2_LTE,100%,1175,5274,0,0,19964,16653,7121,39,3,1,0,0,0.1537
2025-11-08,MSH-0112-Bindura Hospital,CELL_TDD,MSH-0112-Bindura Hospital_LTE_1,1,MSH-0112-Bindura Hospital_LTE,100%,267,697,0,0,1595,7317,1167,8445,326,597,0,0,0.5488
2025-11-08,MSH-0112-Bindura Hospital,CELL_TDD,MSH-0112-Bindura Hospital_LTE_2,2,MSH-0112-Bindura Hospital_LTE,100%,7,83,0,0,2023,11118,8793,88,12,6,0,0,0.7958
2025-11-08,MSH-0112-Bindura Hospital,CELL_TDD,MSH-0112-Bindura Hospital_LTE_3,3,MSH-0112-Bindura Hospital_LTE,100%,510,1824,0,0,11793,20486,3111,796,770,298,0,0,0.5958
2025-11-08,MSH-0112-Bindura Hospital,CELL_TDD,MSH-0112-Bindura Hospital_LTE_4,4,MSH-0112-Bindura Hospital_LTE,100%,909,556,0,0,1342,5428,1907,8636,463,1074,0,0,0.1949
2025-11-08,MSH-0112-Bindura Hospital,CELL_TDD,MSH-0112-Bindura Hospital_LTE_5,5,MSH-0112-Bindura Hospital_LTE,100%,12,84,0,0,2057,7229,6114,391,15,9,0,0,0.6597
2025-11-08,MSH-0112-Bindura Hospital,CELL_TDD,MSH-0112-Bindura Hospital_LTE_6,6,MSH-0112-Bindura Hospital_LTE,100%,217,726,0,0,8404,15341,3281,784,538,463,0,0,0.6578
2025-11-08,MSH-0014-Chipadze,CELL_TDD,MSH-0014-Chipadze_LTE_6,6,MSH-0014-Chipadze,100%,268,568,0,0,3790,5822,13982,1765,1201,1261,0,0,0.485
2025-11-08,MSH-0014-Chipadze,CELL_TDD,MSH-0014-Chipadze_LTE_5,5,MSH-0014-Chipadze,100%,135,719,0,0,7021,12660,33364,26422,5574,596,0,0,0.4335
2025-11-08,MSH-0014-Chipadze,CELL_TDD,MSH-0014-Chipadze_LTE_4,4,MSH-0014-Chipadze,100%,39,806,0,0,10675,6382,12046,161,5,20,0,0,0.6072
2025-11-08,MSH-0014-Chipadze,CELL_TDD,MSH-0014-Chipadze_LTE_3,3,MSH-0014-Chipadze,100%,305,1395,0,0,3520,6884,21168,1081,974,713,0,0,0.5306
2025-11-08,MSH-0014-Chipadze,CELL_TDD,MSH-0014-Chipadze_LTE_2,2,MSH-0014-Chipadze,100%,363,1444,0,0,8846,10284,36372,20796,3592,348,0,0,0.4739
2025-11-08,MSH-0014-Chipadze,CELL_TDD,MSH-0014-Chipadze_LTE_1,1,MSH-0014-Chipadze,100%,98,1231,0,0,10758,8410,10985,264,5,7,0,0,0.6834
2025-11-09,MSH0013-Bindura-Zaoga,CELL_TDD,Bindura_Zaoga_LTE_6,6,MSH0013-Bindura-Zaoga,100%,49,13,0,0,743,6388,3167,1183,18,40,0,0,0.463
2025-11-09,MSH0013-Bindura-Zaoga,CELL_TDD,Bindura_Zaoga_LTE_5,5,MSH0013-Bindura-Zaoga,100%,25,15,0,0,2818,10744,23941,5345,618,868,0,0,0.3484
2025-11-09,MSH0013-Bindura-Zaoga,CELL_TDD,Bindura_Zaoga_LTE_4,4,MSH0013-Bindura-Zaoga,100%,4074,365,0,0,2928,6741,47776,98746,220872,16643,0,0,0.3389
2025-11-09,MSH0013-Bindura-Zaoga,CELL_TDD,Bindura_Zaoga_LTE_3,3,MSH0013-Bindura-Zaoga,100%,36,12,0,0,760,7581,1599,893,1,19,0,0,0.5542
2025-11-09,MSH0013-Bindura-Zaoga,CELL_TDD,Bindura_Zaoga_LTE_2,2,MSH0013-Bindura-Zaoga,100%,15,31,0,0,1304,16321,22930,5167,855,314,0,0,0.3955
2025-11-09,MSH0013-Bindura-Zaoga,CELL_TDD,Bindura_Zaoga_LTE_1,1,MSH0013-Bindura-Zaoga,100%,4129,258,0,0,1030,4519,35064,103669,226163,18163,0,0,0.3629
2025-11-09,MSH-0331-Chiwaridzo 2,CELL_TDD,MSH-0331-Chiwaridzo 2_LTE_6,6,MSH-0331-Chiwaridzo 2_LTE,100%,286,2970,0,0,6970,10662,11436,37,176,266,0,0,0.5585
2025-11-09,MSH-0331-Chiwaridzo 2,CELL_TDD,MSH-0331-Chiwaridzo 2_LTE_5,5,MSH-0331-Chiwaridzo 2_LTE,100%,318,2616,0,0,9415,6096,2834,5898,97,76,0,0,0.6573
2025-11-09,MSH-0331-Chiwaridzo 2,CELL_TDD,MSH-0331-Chiwaridzo 2_LTE_4,4,MSH-0331-Chiwaridzo 2_LTE,100%,752,4989,0,0,17191,16590,7561,98,1,4,0,0,0.1309
2025-11-09,MSH-0331-Chiwaridzo 2,CELL_TDD,MSH-0331-Chiwaridzo 2_LTE_3,3,MSH-0331-Chiwaridzo 2_LTE,100%,543,4595,0,0,9352,11748,11558,36,77,175,0,0,0.6348
2025-11-09,MSH-0331-Chiwaridzo 2,CELL_TDD,MSH-0331-Chiwaridzo 2_LTE_2,2,MSH-0331-Chiwaridzo 2_LTE,100%,298,4928,0,0,9913,6155,2881,6653,95,52,0,0,0.7033
2025-11-09,MSH-0331-Chiwaridzo 2,CELL_TDD,MSH-0331-Chiwaridzo 2_LTE_1,1,MSH-0331-Chiwaridzo 2_LTE,100%,1065,4529,0,0,30548,21350,7720,57,2,2,0,0,0.1835
2025-11-09,MSH-0112-Bindura Hospital,CELL_TDD,MSH-0112-Bindura Hospital_LTE_1,1,MSH-0112-Bindura Hospital_LTE,100%,219,614,0,0,1656,4407,1708,9874,288,290,0,0,0.5945
2025-11-09,MSH-0112-Bindura Hospital,CELL_TDD,MSH-0112-Bindura Hospital_LTE_2,2,MSH-0112-Bindura Hospital_LTE,100%,4,33,0,0,3633,7169,5225,93,21,6,0,0,0.8184
2025-11-09,MSH-0112-Bindura Hospital,CELL_TDD,MSH-0112-Bindura Hospital_LTE_3,3,MSH-0112-Bindura Hospital_LTE,100%,768,665,0,0,12161,17844,3260,737,3076,176,0,0,0.8898
2025-11-09,MSH-0112-Bindura Hospital,CELL_TDD,MSH-0112-Bindura Hospital_LTE_4,4,MSH-0112-Bindura Hospital_LTE,100%,669,362,0,0,1088,5805,2206,7733,474,570,0,0,0.3543
2025-11-09,MSH-0112-Bindura Hospital,CELL_TDD,MSH-0112-Bindura Hospital_LTE_5,5,MSH-0112-Bindura Hospital_LTE,100%,7,20,0,0,1321,4965,5886,624,53,5,0,0,0.7511
2025-11-09,MSH-0112-Bindura Hospital,CELL_TDD,MSH-0112-Bindura Hospital_LTE_6,6,MSH-0112-Bindura Hospital_LTE,100%,110,452,0,0,9254,16790,2844,578,2857,319,0,0,0.7724
2025-11-09,MSH-0014-Chipadze,CELL_TDD,MSH-0014-Chipadze_LTE_6,6,MSH-0014-Chipadze,100%,292,869,0,0,3234,4391,10856,1772,1194,882,0,0,0.4312
2025-11-09,MSH-0014-Chipadze,CELL_TDD,MSH-0014-Chipadze_LTE_5,5,MSH-0014-Chipadze,100%,269,1583,0,0,10883,10010,29362,18371,5024,462,0,0,0.4465
2025-11-09,MSH-0014-Chipadze,CELL_TDD,MSH-0014-Chipadze_LTE_4,4,MSH-0014-Chipadze,100%,61,851,0,0,15509,6393,10215,362,7,17,0,0,0.6567
2025-11-09,MSH-0014-Chipadze,CELL_TDD,MSH-0014-Chipadze_LTE_3,3,MSH-0014-Chipadze,100%,268,1451,0,0,2725,7242,12430,2073,991,443,0,0,0.5368
2025-11-09,MSH-0014-Chipadze,CELL_TDD,MSH-0014-Chipadze_LTE_2,2,MSH-0014-Chipadze,100%,350,1726,0,0,13052,13926,25215,17923,3684,245,0,0,0.4727
2025-11-09,MSH-0014-Chipadze,CELL_TDD,MSH-0014-Chipadze_LTE_1,1,MSH-0014-Chipadze,100%,37,1284,0,0,12048,10134,8747,271,4,10,0,0,0.7567
2025-11-10,MSH0013-Bindura-Zaoga,CELL_TDD,Bindura_Zaoga_LTE_6,6,MSH0013-Bindura-Zaoga,100%,93,30,0,0,327,9648,4751,1230,35,81,0,0,0.4361
2025-11-10,MSH0013-Bindura-Zaoga,CELL_TDD,Bindura_Zaoga_LTE_5,5,MSH0013-Bindura-Zaoga,100%,423,36,0,0,1944,29110,43945,8999,1248,379,0,0,0.5862
2025-11-10,MSH0013-Bindura-Zaoga,CELL_TDD,Bindura_Zaoga_LTE_4,4,MSH0013-Bindura-Zaoga,100%,606,76,0,0,564,2248,15542,38744,24786,5293,0,0,0.328
2025-11-10,MSH0013-Bindura-Zaoga,CELL_TDD,Bindura_Zaoga_LTE_3,3,MSH0013-Bindura-Zaoga,100%,12,8,0,0,987,4866,1303,965,11,9,0,0,0.432
2025-11-10,MSH0013-Bindura-Zaoga,CELL_TDD,Bindura_Zaoga_LTE_2,2,MSH0013-Bindura-Zaoga,100%,66,21,0,0,1487,19755,35290,7137,992,150,0,0,0.3455
2025-11-10,MSH0013-Bindura-Zaoga,CELL_TDD,Bindura_Zaoga_LTE_1,1,MSH0013-Bindura-Zaoga,100%,831,81,0,0,250,1748,14276,34011,19985,4701,0,0,0.3085
2025-11-10,MSH-0331-Chiwaridzo 2,CELL_TDD,MSH-0331-Chiwaridzo 2_LTE_6,6,MSH-0331-Chiwaridzo 2_LTE,100%,513,4509,0,0,10083,11153,16273,169,315,225,0,0,0.5755
2025-11-10,MSH-0331-Chiwaridzo 2,CELL_TDD,MSH-0331-Chiwaridzo 2_LTE_5,5,MSH-0331-Chiwaridzo 2_LTE,100%,599,2881,0,0,10121,5977,3612,7226,289,315,0,0,0.6841
2025-11-10,MSH-0331-Chiwaridzo 2,CELL_TDD,MSH-0331-Chiwaridzo 2_LTE_4,4,MSH-0331-Chiwaridzo 2_LTE,100%,1676,7209,0,0,20819,19726,14527,169,1,5,0,0,0.6288
2025-11-10,MSH-0331-Chiwaridzo 2,CELL_TDD,MSH-0331-Chiwaridzo 2_LTE_3,3,MSH-0331-Chiwaridzo 2_LTE,100%,796,5471,0,0,13756,14098,15937,90,192,168,0,0,0.7072
2025-11-10,MSH-0331-Chiwaridzo 2,CELL_TDD,MSH-0331-Chiwaridzo 2_LTE_2,2,MSH-0331-Chiwaridzo 2_LTE,100%,494,8443,0,0,12437,6462,2661,8911,177,113,0,0,0.7416
2025-11-10,MSH-0331-Chiwaridzo 2,CELL_TDD,MSH-0331-Chiwaridzo 2_LTE_1,1,MSH-0331-Chiwaridzo 2_LTE,100%,4116,9751,0,0,38333,28522,15659,124,2,1,0,0,0.1571
2025-11-10,MSH-0112-Bindura Hospital,CELL_TDD,MSH-0112-Bindura Hospital_LTE_1,1,MSH-0112-Bindura Hospital_LTE,100%,116,603,0,0,2392,5939,2216,10434,171,126,0,0,0.7167
2025-11-10,MSH-0112-Bindura Hospital,CELL_TDD,MSH-0112-Bindura Hospital_LTE_2,2,MSH-0112-Bindura Hospital_LTE,100%,2,94,0,0,2231,10080,6967,200,35,12,0,0,0.806
2025-11-10,MSH-0112-Bindura Hospital,CELL_TDD,MSH-0112-Bindura Hospital_LTE_3,3,MSH-0112-Bindura Hospital_LTE,100%,79,1028,0,0,18299,24185,3267,1900,3203,216,0,0,0.926
2025-11-10,MSH-0112-Bindura Hospital,CELL_TDD,MSH-0112-Bindura Hospital_LTE_4,4,MSH-0112-Bindura Hospital_LTE,100%,501,441,0,0,1593,6151,1687,10039,343,245,0,0,0.6014
2025-11-10,MSH-0112-Bindura Hospital,CELL_TDD,MSH-0112-Bindura Hospital_LTE_5,5,MSH-0112-Bindura Hospital_LTE,100%,5,18,0,0,2048,4561,7860,43,74,35,0,0,0.7299
2025-11-10,MSH-0112-Bindura Hospital,CELL_TDD,MSH-0112-Bindura Hospital_LTE_6,6,MSH-0112-Bindura Hospital_LTE,100%,48,533,0,0,11367,17385,4717,2103,2722,395,0,0,0.8132
2025-11-10,MSH-0014-Chipadze,CELL_TDD,MSH-0014-Chipadze_LTE_6,6,MSH-0014-Chipadze,100%,156,716,0,0,2970,5981,11399,3468,1275,332,0,0,0.3954
2025-11-10,MSH-0014-Chipadze,CELL_TDD,MSH-0014-Chipadze_LTE_5,5,MSH-0014-Chipadze,100%,564,1282,0,0,10076,10290,22111,4175,2391,533,0,0,0.4311
2025-11-10,MSH-0014-Chipadze,CELL_TDD,MSH-0014-Chipadze_LTE_4,4,MSH-0014-Chipadze,100%,166,831,0,0,12105,5747,13029,151,7,12,0,0,0.6301
2025-11-10,MSH-0014-Chipadze,CELL_TDD,MSH-0014-Chipadze_LTE_3,3,MSH-0014-Chipadze,100%,275,1635,0,0,4059,8220,10212,1635,619,141,0,0,0.5107
2025-11-10,MSH-0014-Chipadze,CELL_TDD,MSH-0014-Chipadze_LTE_2,2,MSH-0014-Chipadze,100%,144,1924,0,0,9921,10043,18572,5252,3379,246,0,0,0.4839
2025-11-10,MSH-0014-Chipadze,CELL_TDD,MSH-0014-Chipadze_LTE_1,1,MSH-0014-Chipadze,100%,37,1321,0,0,9638,8896,12664,193,6,16,0,0,0.7071
2025-11-11,MSH0013-Bindura-Zaoga,CELL_TDD,Bindura_Zaoga_LTE_6,6,MSH0013-Bindura-Zaoga,100%,125,25,0,0,936,7237,3471,1141,14,25,0,0,0.5211
2025-11-11,MSH0013-Bindura-Zaoga,CELL_TDD,Bindura_Zaoga_LTE_5,5,MSH0013-Bindura-Zaoga,100%,482,49,0,0,2267,26224,45739,7950,1146,498,0,0,0.4912
2025-11-11,MSH0013-Bindura-Zaoga,CELL_TDD,Bindura_Zaoga_LTE_4,4,MSH0013-Bindura-Zaoga,100%,533,79,0,0,685,3085,18959,39790,21093,6183,0,0,0.3223
2025-11-11,MSH0013-Bindura-Zaoga,CELL_TDD,Bindura_Zaoga_LTE_3,3,MSH0013-Bindura-Zaoga,100%,55,15,0,0,1243,4756,1127,795,0,4,0,0,0.4756
2025-11-11,MSH0013-Bindura-Zaoga,CELL_TDD,Bindura_Zaoga_LTE_2,2,MSH0013-Bindura-Zaoga,100%,125,18,0,0,929,24479,37927,6911,1316,381,0,0,0.4391
2025-11-11,MSH0013-Bindura-Zaoga,CELL_TDD,Bindura_Zaoga_LTE_1,1,MSH0013-Bindura-Zaoga,100%,593,55,0,0,263,2039,16693,37384,21172,6473,0,0,0.3597
2025-11-11,MSH-0331-Chiwaridzo 2,CELL_TDD,MSH-0331-Chiwaridzo 2_LTE_6,6,MSH-0331-Chiwaridzo 2_LTE,100%,352,3571,0,0,9763,11376,15950,203,86,197,0,0,0.4641
2025-11-11,MSH-0331-Chiwaridzo 2,CELL_TDD,MSH-0331-Chiwaridzo 2_LTE_5,5,MSH-0331-Chiwaridzo 2_LTE,100%,735,3779,0,0,12453,7470,4008,6293,415,120,0,0,0.7171
2025-11-11,MSH-0331-Chiwaridzo 2,CELL_TDD,MSH-0331-Chiwaridzo 2_LTE_4,4,MSH-0331-Chiwaridzo 2_LTE,100%,1937,6706,0,0,20874,21285,12502,172,3,7,0,0,0.3419
2025-11-11,MSH-0331-Chiwaridzo 2,CELL_TDD,MSH-0331-Chiwaridzo 2_LTE_3,3,MSH-0331-Chiwaridzo 2_LTE,100%,235,4447,0,0,13594,35038,14250,48,356,137,0,0,0.5154
2025-11-11,MSH-0331-Chiwaridzo 2,CELL_TDD,MSH-0331-Chiwaridzo 2_LTE_2,2,MSH-0331-Chiwaridzo 2_LTE,100%,627,8370,0,0,12210,19532,3400,7678,278,69,0,0,0.7816
2025-11-11,MSH-0331-Chiwaridzo 2,CELL_TDD,MSH-0331-Chiwaridzo 2_LTE_1,1,MSH-0331-Chiwaridzo 2_LTE,100%,2741,8403,0,0,36272,38148,13823,208,4,2,0,0,0.2384
2025-11-11,MSH-0112-Bindura Hospital,CELL_TDD,MSH-0112-Bindura Hospital_LTE_1,1,MSH-0112-Bindura Hospital_LTE,100%,247,845,0,0,1942,4202,1261,10553,180,241,0,0,0.788
2025-11-11,MSH-0112-Bindura Hospital,CELL_TDD,MSH-0112-Bindura Hospital_LTE_2,2,MSH-0112-Bindura Hospital_LTE,100%,9,85,0,0,5415,8483,7698,28,23,14,0,0,0.8756
2025-11-11,MSH-0112-Bindura Hospital,CELL_TDD,MSH-0112-Bindura Hospital_LTE_3,3,MSH-0112-Bindura Hospital_LTE,100%,78,1430,0,0,17070,22086,2798,857,2987,228,0,0,0.8578
2025-11-11,MSH-0112-Bindura Hospital,CELL_TDD,MSH-0112-Bindura Hospital_LTE_4,4,MSH-0112-Bindura Hospital_LTE,100%,837,444,0,0,2142,4313,1897,12925,247,288,0,0,0.8011
2025-11-11,MSH-0112-Bindura Hospital,CELL_TDD,MSH-0112-Bindura Hospital_LTE_5,5,MSH-0112-Bindura Hospital_LTE,100%,7,33,0,0,1908,5349,7512,39,14,15,0,0,0.7781
2025-11-11,MSH-0112-Bindura Hospital,CELL_TDD,MSH-0112-Bindura Hospital_LTE_6,6,MSH-0112-Bindura Hospital_LTE,100%,54,890,0,0,13341,14919,3665,1596,2264,366,0,0,0.7797
2025-11-11,MSH-0014-Chipadze,CELL_TDD,MSH-0014-Chipadze_LTE_6,6,MSH-0014-Chipadze,100%,328,671,0,0,3547,7019,13563,2375,1273,238,0,0,0.5175
2025-11-11,MSH-0014-Chipadze,CELL_TDD,MSH-0014-Chipadze_LTE_5,5,MSH-0014-Chipadze,100%,597,1864,0,0,7305,10547,17681,4009,1847,344,0,0,0.4828
2025-11-11,MSH-0014-Chipadze,CELL_TDD,MSH-0014-Chipadze_LTE_4,4,MSH-0014-Chipadze,100%,286,1203,0,0,10570,5595,13160,151,7,42,0,0,0.5985
2025-11-11,MSH-0014-Chipadze,CELL_TDD,MSH-0014-Chipadze_LTE_3,3,MSH-0014-Chipadze,100%,234,1682,0,0,3731,7354,9931,3690,1042,117,0,0,0.5956
2025-11-11,MSH-0014-Chipadze,CELL_TDD,MSH-0014-Chipadze_LTE_2,2,MSH-0014-Chipadze,100%,257,2201,0,0,9172,9736,18780,3079,3121,168,0,0,0.5369
2025-11-11,MSH-0014-Chipadze,CELL_TDD,MSH-0014-Chipadze_LTE_1,1,MSH-0014-Chipadze,100%,103,1375,0,0,8733,10409,13688,132,5,5,0,0,0.7438
2025-11-12,MSH0013-Bindura-Zaoga,CELL_TDD,Bindura_Zaoga_LTE_6,6,MSH0013-Bindura-Zaoga,100%,155,24,0,0,252,6261,4864,1251,4,32,0,0,0.5422
2025-11-12,MSH0013-Bindura-Zaoga,CELL_TDD,Bindura_Zaoga_LTE_5,5,MSH0013-Bindura-Zaoga,100%,315,25,0,0,1394,24056,45213,10079,1548,317,0,0,0.4453
2025-11-12,MSH0013-Bindura-Zaoga,CELL_TDD,Bindura_Zaoga_LTE_4,4,MSH0013-Bindura-Zaoga,100%,1123,91,0,0,940,2969,24005,36939,22861,6594,0,0,0.3357
2025-11-12,MSH0013-Bindura-Zaoga,CELL_TDD,Bindura_Zaoga_LTE_3,3,MSH0013-Bindura-Zaoga,100%,61,31,0,0,1187,5640,1411,813,0,7,0,0,0.5441
2025-11-12,MSH0013-Bindura-Zaoga,CELL_TDD,Bindura_Zaoga_LTE_2,2,MSH0013-Bindura-Zaoga,100%,179,22,0,0,2546,18977,39154,7485,1608,205,0,0,0.3609
2025-11-12,MSH0013-Bindura-Zaoga,CELL_TDD,Bindura_Zaoga_LTE_1,1,MSH0013-Bindura-Zaoga,100%,550,66,0,0,617,3393,17783,34530,22203,7744,0,0,0.3727
2025-11-12,MSH-0331-Chiwaridzo 2,CELL_TDD,MSH-0331-Chiwaridzo 2_LTE_6,6,MSH-0331-Chiwaridzo 2_LTE,100%,345,4488,0,0,10673,14342,17830,100,55,163,0,0,0.5273
2025-11-12,MSH-0331-Chiwaridzo 2,CELL_TDD,MSH-0331-Chiwaridzo 2_LTE_5,5,MSH-0331-Chiwaridzo 2_LTE,100%,1475,4193,0,0,10382,9753,4486,5727,234,192,0,0,0.6353
2025-11-12,MSH-0331-Chiwaridzo 2,CELL_TDD,MSH-0331-Chiwaridzo 2_LTE_4,4,MSH-0331-Chiwaridzo 2_LTE,100%,2214,7539,0,0,22527,23047,13982,86,2,3,0,0,0.1902
2025-11-12,MSH-0331-Chiwaridzo 2,CELL_TDD,MSH-0331-Chiwaridzo 2_LTE_3,3,MSH-0331-Chiwaridzo 2_LTE,100%,378,4912,0,0,13759,18405,15087,92,297,124,0,0,0.7845
2025-11-12,MSH-0331-Chiwaridzo 2,CELL_TDD,MSH-0331-Chiwaridzo 2_LTE_2,2,MSH-0331-Chiwaridzo 2_LTE,100%,665,8179,0,0,14277,8341,4301,7019,263,113,0,0,0.7665
2025-11-12,MSH-0331-Chiwaridzo 2,CELL_TDD,MSH-0331-Chiwaridzo 2_LTE_1,1,MSH-0331-Chiwaridzo 2_LTE,100%,1912,8808,0,0,38419,33212,14437,157,14,1,0,0,0.1561
2025-11-12,MSH-0112-Bindura Hospital,CELL_TDD,MSH-0112-Bindura Hospital_LTE_1,1,MSH-0112-Bindura Hospital_LTE,100%,275,1112,0,0,2147,3678,1110,8830,105,204,0,0,0.5997
2025-11-12,MSH-0112-Bindura Hospital,CELL_TDD,MSH-0112-Bindura Hospital_LTE_2,2,MSH-0112-Bindura Hospital_LTE,100%,2,20,0,0,3600,9004,7295,194,20,12,0,0,0.7883
2025-11-12,MSH-0112-Bindura Hospital,CELL_TDD,MSH-0112-Bindura Hospital_LTE_3,3,MSH-0112-Bindura Hospital_LTE,100%,51,2598,0,0,15548,19301,3311,1189,3186,248,0,0,0.8235
2025-11-12,MSH-0112-Bindura Hospital,CELL_TDD,MSH-0112-Bindura Hospital_LTE_4,4,MSH-0112-Bindura Hospital_LTE,100%,878,584,0,0,975,4247,2177,8521,149,188,0,0,0.6221
2025-11-12,MSH-0112-Bindura Hospital,CELL_TDD,MSH-0112-Bindura Hospital_LTE_5,5,MSH-0112-Bindura Hospital_LTE,100%,11,24,0,0,1562,4844,5974,15,8,80,0,0,0.6715
2025-11-12,MSH-0112-Bindura Hospital,CELL_TDD,MSH-0112-Bindura Hospital_LTE_6,6,MSH-0112-Bindura Hospital_LTE,100%,24,560,0,0,10379,13417,3519,1784,2802,305,0,0,0.6712
2025-11-12,MSH-0014-Chipadze,CELL_TDD,MSH-0014-Chipadze_LTE_6,6,MSH-0014-Chipadze,100%,90,736,0,0,3449,7247,12406,1912,1002,230,0,0,0.491
2025-11-12,MSH-0014-Chipadze,CELL_TDD,MSH-0014-Chipadze_LTE_5,5,MSH-0014-Chipadze,100%,328,1167,0,0,6416,8822,17063,4309,2024,432,0,0,0.3559
2025-11-12,MSH-0014-Chipadze,CELL_TDD,MSH-0014-Chipadze_LTE_4,4,MSH-0014-Chipadze,100%,73,1334,0,0,13968,5496,13603,448,1,9,0,0,0.6358
2025-11-12,MSH-0014-Chipadze,CELL_TDD,MSH-0014-Chipadze_LTE_3,3,MSH-0014-Chipadze,100%,104,1436,0,0,3737,9247,13539,1632,802,171,0,0,0.5217
2025-11-12,MSH-0014-Chipadze,CELL_TDD,MSH-0014-Chipadze_LTE_2,2,MSH-0014-Chipadze,100%,485,2945,0,0,11172,10532,18824,3551,2573,268,0,0,0.4834
2025-11-12,MSH-0014-Chipadze,CELL_TDD,MSH-0014-Chipadze_LTE_1,1,MSH-0014-Chipadze,100%,90,1012,0,0,7731,10052,12613,293,3,12,0,0,0.7168
2025-11-13,MSH0013-Bindura-Zaoga,CELL_TDD,Bindura_Zaoga_LTE_6,6,MSH0013-Bindura-Zaoga,100%,78,22,0,0,432,7806,4840,1084,4,54,0,0,0.4854
2025-11-13,MSH0013-Bindura-Zaoga,CELL_TDD,Bindura_Zaoga_LTE_5,5,MSH0013-Bindura-Zaoga,100%,601,61,0,0,1464,28925,58329,10467,1130,366,0,0,0.3792
2025-11-13,MSH0013-Bindura-Zaoga,CELL_TDD,Bindura_Zaoga_LTE_4,4,MSH0013-Bindura-Zaoga,100%,725,115,0,0,920,2487,21351,40560,23989,4761,0,0,0.2024
2025-11-13,MSH0013-Bindura-Zaoga,CELL_TDD,Bindura_Zaoga_LTE_3,3,MSH0013-Bindura-Zaoga,100%,58,16,0,0,694,6135,2284,781,1,3,0,0,0.4315
2025-11-13,MSH0013-Bindura-Zaoga,CELL_TDD,Bindura_Zaoga_LTE_2,2,MSH0013-Bindura-Zaoga,100%,155,23,0,0,1427,22173,38732,8035,1148,357,0,0,0.3661
2025-11-13,MSH0013-Bindura-Zaoga,CELL_TDD,Bindura_Zaoga_LTE_1,1,MSH0013-Bindura-Zaoga,100%,471,69,0,0,458,2212,13635,32621,21918,5311,0,0,0.3223
2025-11-13,MSH-0331-Chiwaridzo 2,CELL_TDD,MSH-0331-Chiwaridzo 2_LTE_6,6,MSH-0331-Chiwaridzo 2_LTE,100%,449,4491,0,0,10528,11568,16577,122,94,726,0,0,0.3959
2025-11-13,MSH-0331-Chiwaridzo 2,CELL_TDD,MSH-0331-Chiwaridzo 2_LTE_5,5,MSH-0331-Chiwaridzo 2_LTE,100%,1005,4386,0,0,10545,7848,3881,5486,110,177,0,0,0.6249
2025-11-13,MSH-0331-Chiwaridzo 2,CELL_TDD,MSH-0331-Chiwaridzo 2_LTE_4,4,MSH-0331-Chiwaridzo 2_LTE,100%,2372,7030,0,0,23407,25472,14631,268,4,11,0,0,0.1766
2025-11-13,MSH-0331-Chiwaridzo 2,CELL_TDD,MSH-0331-Chiwaridzo 2_LTE_3,3,MSH-0331-Chiwaridzo 2_LTE,100%,557,5804,0,0,11276,13896,16734,126,209,268,0,0,0.6718
2025-11-13,MSH-0331-Chiwaridzo 2,CELL_TDD,MSH-0331-Chiwaridzo 2_LTE_2,2,MSH-0331-Chiwaridzo 2_LTE,100%,637,8368,0,0,12599,8541,4107,6239,108,136,0,0,0.7755
2025-11-13,MSH-0331-Chiwaridzo 2,CELL_TDD,MSH-0331-Chiwaridzo 2_LTE_1,1,MSH-0331-Chiwaridzo 2_LTE,100%,2497,9975,0,0,52188,29743,17359,158,6,2,0,0,0.1987
2025-11-13,MSH-0112-Bindura Hospital,CELL_TDD,MSH-0112-Bindura Hospital_LTE_1,1,MSH-0112-Bindura Hospital_LTE,100%,320,912,0,0,1404,3134,935,10275,274,217,0,0,0.0878
2025-11-13,MSH-0112-Bindura Hospital,CELL_TDD,MSH-0112-Bindura Hospital_LTE_2,2,MSH-0112-Bindura Hospital_LTE,100%,27,185,0,0,2580,6511,7117,84,9,6,0,0,0.6998
2025-11-13,MSH-0112-Bindura Hospital,CELL_TDD,MSH-0112-Bindura Hospital_LTE_3,3,MSH-0112-Bindura Hospital_LTE,100%,26,809,0,0,19273,18913,4214,1501,1273,230,0,0,0.0781
2025-11-13,MSH-0112-Bindura Hospital,CELL_TDD,MSH-0112-Bindura Hospital_LTE_4,4,MSH-0112-Bindura Hospital_LTE,100%,1219,632,0,0,1204,4596,1684,9643,274,491,0,0,0.5882
2025-11-13,MSH-0112-Bindura Hospital,CELL_TDD,MSH-0112-Bindura Hospital_LTE_5,5,MSH-0112-Bindura Hospital_LTE,100%,17,124,0,0,2297,4045,6771,42,28,43,0,0,0.5444
2025-11-13,MSH-0112-Bindura Hospital,CELL_TDD,MSH-0112-Bindura Hospital_LTE_6,6,MSH-0112-Bindura Hospital_LTE,100%,23,450,0,0,11627,16305,4469,1128,1070,378,0,0,0.6999
2025-11-13,MSH-0014-Chipadze,CELL_TDD,MSH-0014-Chipadze_LTE_6,6,MSH-0014-Chipadze,100%,114,864,0,0,2697,6884,12933,2251,913,985,0,0,0.4432
2025-11-13,MSH-0014-Chipadze,CELL_TDD,MSH-0014-Chipadze_LTE_5,5,MSH-0014-Chipadze,100%,783,2223,0,0,10494,10327,17333,4299,1854,601,0,0,0.3763
2025-11-13,MSH-0014-Chipadze,CELL_TDD,MSH-0014-Chipadze_LTE_4,4,MSH-0014-Chipadze,100%,184,1084,0,0,11012,6104,14423,552,9,4,0,0,0.5543
2025-11-13,MSH-0014-Chipadze,CELL_TDD,MSH-0014-Chipadze_LTE_3,3,MSH-0014-Chipadze,100%,26,1205,0,0,4960,9834,8753,1868,923,585,0,0,0.5531
2025-11-13,MSH-0014-Chipadze,CELL_TDD,MSH-0014-Chipadze_LTE_2,2,MSH-0014-Chipadze,100%,140,2444,0,0,12213,10870,16394,4129,2378,476,0,0,0.4212
2025-11-13,MSH-0014-Chipadze,CELL_TDD,MSH-0014-Chipadze_LTE_1,1,MSH-0014-Chipadze,100%,44,1019,0,0,10615,7786,13428,408,6,0,0,0,0.7155
2025-11-14,MSH0013-Bindura-Zaoga,CELL_TDD,Bindura_Zaoga_LTE_6,6,MSH0013-Bindura-Zaoga,95%,78,31,0,0,490,5791,3435,603,26,6,0,0,0.437
2025-11-14,MSH0013-Bindura-Zaoga,CELL_TDD,Bindura_Zaoga_LTE_5,5,MSH0013-Bindura-Zaoga,95%,224,38,0,0,972,19399,34240,7574,866,257,0,0,0.5215
2025-11-14,MSH0013-Bindura-Zaoga,CELL_TDD,Bindura_Zaoga_LTE_4,4,MSH0013-Bindura-Zaoga,95%,764,126,0,0,758,2549,18258,31868,22620,5188,0,0,0.3576
2025-11-14,MSH0013-Bindura-Zaoga,CELL_TDD,Bindura_Zaoga_LTE_3,3,MSH0013-Bindura-Zaoga,95%,23,6,0,0,1253,4593,676,423,1,0,0,0,0.5069
2025-11-14,MSH0013-Bindura-Zaoga,CELL_TDD,Bindura_Zaoga_LTE_2,2,MSH0013-Bindura-Zaoga,95%,48,7,0,0,1143,18202,27337,6440,897,139,0,0,0.4401
2025-11-14,MSH0013-Bindura-Zaoga,CELL_TDD,Bindura_Zaoga_LTE_1,1,MSH0013-Bindura-Zaoga,95%,604,59,0,0,293,1847,13679,31840,20186,6305,0,0,0.3282
2025-11-14,MSH-0331-Chiwaridzo 2,CELL_TDD,MSH-0331-Chiwaridzo 2_LTE_6,6,MSH-0331-Chiwaridzo 2_LTE,100%,415,3763,0,0,7435,9463,14282,1171,1031,321,0,0,0.4571
2025-11-14,MSH-0331-Chiwaridzo 2,CELL_TDD,MSH-0331-Chiwaridzo 2_LTE_5,5,MSH-0331-Chiwaridzo 2_LTE,100%,655,3088,0,0,7290,7193,4077,4996,106,170,0,0,0.657
2025-11-14,MSH-0331-Chiwaridzo 2,CELL_TDD,MSH-0331-Chiwaridzo 2_LTE_4,4,MSH-0331-Chiwaridzo 2_LTE,100%,1440,4895,0,0,20559,19460,13041,1134,1478,2,0,0,0.2152
2025-11-14,MSH-0331-Chiwaridzo 2,CELL_TDD,MSH-0331-Chiwaridzo 2_LTE_3,3,MSH-0331-Chiwaridzo 2_LTE,100%,383,5187,0,0,9967,11592,15784,893,736,128,0,0,0.7131
2025-11-14,MSH-0331-Chiwaridzo 2,CELL_TDD,MSH-0331-Chiwaridzo 2_LTE_2,2,MSH-0331-Chiwaridzo 2_LTE,100%,481,5537,0,0,9637,6465,4153,6831,77,122,0,0,0.5479
2025-11-14,MSH-0331-Chiwaridzo 2,CELL_TDD,MSH-0331-Chiwaridzo 2_LTE_1,1,MSH-0331-Chiwaridzo 2_LTE,100%,2324,7996,0,0,32280,27124,13998,834,807,1,0,0,0.2292
2025-11-14,MSH-0112-Bindura Hospital,CELL_TDD,MSH-0112-Bindura Hospital_LTE_1,1,MSH-0112-Bindura Hospital_LTE,100%,212,1377,0,0,1697,3268,1336,13067,286,232,0,0,0.4506
2025-11-14,MSH-0112-Bindura Hospital,CELL_TDD,MSH-0112-Bindura Hospital_LTE_2,2,MSH-0112-Bindura Hospital_LTE,100%,79,449,0,0,3684,7406,6445,232,6,13,0,0,0.8492
2025-11-14,MSH-0112-Bindura Hospital,CELL_TDD,MSH-0112-Bindura Hospital_LTE_3,3,MSH-0112-Bindura Hospital_LTE,100%,36,1290,0,0,16262,16429,3750,3031,1137,349,0,0,0.7904
2025-11-14,MSH-0112-Bindura Hospital,CELL_TDD,MSH-0112-Bindura Hospital_LTE_4,4,MSH-0112-Bindura Hospital_LTE,100%,480,801,0,0,1215,3454,1558,11993,318,397,0,0,0.5828
2025-11-14,MSH-0112-Bindura Hospital,CELL_TDD,MSH-0112-Bindura Hospital_LTE_5,5,MSH-0112-Bindura Hospital_LTE,100%,108,350,0,0,1981,4905,6049,166,27,33,0,0,0.7674
2025-11-14,MSH-0112-Bindura Hospital,CELL_TDD,MSH-0112-Bindura Hospital_LTE_6,6,MSH-0112-Bindura Hospital_LTE,100%,40,501,0,0,11454,15279,4995,4167,1095,489,0,0,0.7102
2025-11-14,MSH-0014-Chipadze,CELL_TDD,MSH-0014-Chipadze_LTE_6,6,MSH-0014-Chipadze,100%,42,378,0,0,3068,5808,9449,1871,1123,467,0,0,0.4322
2025-11-14,MSH-0014-Chipadze,CELL_TDD,MSH-0014-Chipadze_LTE_5,5,MSH-0014-Chipadze,100%,475,1356,0,0,18047,10973,14533,2446,2035,370,0,0,0.4443
2025-11-14,MSH-0014-Chipadze,CELL_TDD,MSH-0014-Chipadze_LTE_4,4,MSH-0014-Chipadze,100%,41,626,0,0,7778,6144,13401,253,4,8,0,0,0.6047
2025-11-14,MSH-0014-Chipadze,CELL_TDD,MSH-0014-Chipadze_LTE_3,3,MSH-0014-Chipadze,100%,73,981,0,0,4754,8057,10657,1721,800,161,0,0,0.5396
2025-11-14,MSH-0014-Chipadze,CELL_TDD,MSH-0014-Chipadze_LTE_2,2,MSH-0014-Chipadze,100%,321,1235,0,0,9607,9461,14975,2483,2068,185,0,0,0.4214
2025-11-14,MSH-0014-Chipadze,CELL_TDD,MSH-0014-Chipadze_LTE_1,1,MSH-0014-Chipadze,100%,59,864,0,0,6313,6158,12040,321,3,3,0,0,0.6479
2025-11-15,MSH0013-Bindura-Zaoga,CELL_TDD,Bindura_Zaoga_LTE_6,6,MSH0013-Bindura-Zaoga,100%,154,78,0,0,456,5897,3904,1322,27,13,0,0,0.504
2025-11-15,MSH0013-Bindura-Zaoga,CELL_TDD,Bindura_Zaoga_LTE_5,5,MSH0013-Bindura-Zaoga,100%,63,33,0,0,1053,15909,34871,6768,971,384,0,0,0.3094
2025-11-15,MSH0013-Bindura-Zaoga,CELL_TDD,Bindura_Zaoga_LTE_4,4,MSH0013-Bindura-Zaoga,100%,1117,223,0,0,1043,3462,24857,43178,26926,6608,0,0,0.3831
2025-11-15,MSH0013-Bindura-Zaoga,CELL_TDD,Bindura_Zaoga_LTE_3,3,MSH0013-Bindura-Zaoga,100%,52,50,0,0,1443,6138,1098,734,21,10,0,0,0.5379
2025-11-15,MSH0013-Bindura-Zaoga,CELL_TDD,Bindura_Zaoga_LTE_2,2,MSH0013-Bindura-Zaoga,100%,95,10,0,0,895,15018,31575,5203,1183,325,0,0,0.5823
2025-11-15,MSH0013-Bindura-Zaoga,CELL_TDD,Bindura_Zaoga_LTE_1,1,MSH0013-Bindura-Zaoga,100%,621,114,0,0,619,1627,18215,36519,21399,8485,0,0,0.3389
2025-11-15,MSH-0331-Chiwaridzo 2,CELL_TDD,MSH-0331-Chiwaridzo 2_LTE_6,6,MSH-0331-Chiwaridzo 2_LTE,100%,289,3827,0,0,7106,13143,14990,634,106,346,0,0,0.5546
2025-11-15,MSH-0331-Chiwaridzo 2,CELL_TDD,MSH-0331-Chiwaridzo 2_LTE_5,5,MSH-0331-Chiwaridzo 2_LTE,100%,816,3535,0,0,10314,8437,6321,6670,170,506,0,0,0.669
2025-11-15,MSH-0331-Chiwaridzo 2,CELL_TDD,MSH-0331-Chiwaridzo 2_LTE_4,4,MSH-0331-Chiwaridzo 2_LTE,100%,1877,7193,0,0,19058,22654,14713,175,32,2,0,0,0.1181
2025-11-15,MSH-0331-Chiwaridzo 2,CELL_TDD,MSH-0331-Chiwaridzo 2_LTE_3,3,MSH-0331-Chiwaridzo 2_LTE,100%,319,3983,0,0,9425,16154,13748,251,100,107,0,0,0.451
2025-11-15,MSH-0331-Chiwaridzo 2,CELL_TDD,MSH-0331-Chiwaridzo 2_LTE_2,2,MSH-0331-Chiwaridzo 2_LTE,100%,726,6484,0,0,9826,8792,10846,7494,98,229,0,0,0.7816
2025-11-15,MSH-0331-Chiwaridzo 2,CELL_TDD,MSH-0331-Chiwaridzo 2_LTE_1,1,MSH-0331-Chiwaridzo 2_LTE,100%,1709,8615,0,0,28894,33028,18389,140,2,1,0,0,0.3609
2025-11-15,MSH-0112-Bindura Hospital,CELL_TDD,MSH-0112-Bindura Hospital_LTE_1,1,MSH-0112-Bindura Hospital_LTE,100%,202,1342,0,0,1652,3408,1268,13354,429,399,0,0,0.6662
2025-11-15,MSH-0112-Bindura Hospital,CELL_TDD,MSH-0112-Bindura Hospital_LTE_2,2,MSH-0112-Bindura Hospital_LTE,100%,107,329,0,0,2135,8052,5586,137,3,19,0,0,0.789
2025-11-15,MSH-0112-Bindura Hospital,CELL_TDD,MSH-0112-Bindura Hospital_LTE_3,3,MSH-0112-Bindura Hospital_LTE,100%,24,1630,0,0,17396,19593,3506,3511,1044,330,0,0,0.8178
2025-11-15,MSH-0112-Bindura Hospital,CELL_TDD,MSH-0112-Bindura Hospital_LTE_4,4,MSH-0112-Bindura Hospital_LTE,100%,564,778,0,0,732,5751,1756,12668,461,789,0,0,0.6433
2025-11-15,MSH-0112-Bindura Hospital,CELL_TDD,MSH-0112-Bindura Hospital_LTE_5,5,MSH-0112-Bindura Hospital_LTE,100%,39,340,0,0,2101,5230,4412,138,181,66,0,0,0.5323
2025-11-15,MSH-0112-Bindura Hospital,CELL_TDD,MSH-0112-Bindura Hospital_LTE_6,6,MSH-0112-Bindura Hospital_LTE,100%,35,521,0,0,12239,14669,3999,2635,809,664,0,0,0.668
2025-11-15,MSH-0014-Chipadze,CELL_TDD,MSH-0014-Chipadze_LTE_6,6,MSH-0014-Chipadze,100%,79,693,0,0,1727,6645,11345,3374,1465,205,0,0,0.4592
2025-11-15,MSH-0014-Chipadze,CELL_TDD,MSH-0014-Chipadze_LTE_5,5,MSH-0014-Chipadze,100%,238,1055,0,0,5051,11356,17102,4755,4085,624,0,0,0.4231
2025-11-15,MSH-0014-Chipadze,CELL_TDD,MSH-0014-Chipadze_LTE_4,4,MSH-0014-Chipadze,100%,58,1359,0,0,8702,7681,11020,961,3,21,0,0,0.6221
2025-11-15,MSH-0014-Chipadze,CELL_TDD,MSH-0014-Chipadze_LTE_3,3,MSH-0014-Chipadze,100%,97,2088,0,0,5081,6316,10279,1278,975,74,0,0,0.5816
2025-11-15,MSH-0014-Chipadze,CELL_TDD,MSH-0014-Chipadze_LTE_2,2,MSH-0014-Chipadze,100%,421,2660,0,0,10297,10880,22502,3522,3130,421,0,0,0.4677
2025-11-15,MSH-0014-Chipadze,CELL_TDD,MSH-0014-Chipadze_LTE_1,1,MSH-0014-Chipadze,100%,46,1710,0,0,14792,8129,10716,337,1,21,0,0,0.7675
2025-11-16,MSH0013-Bindura-Zaoga,CELL_TDD,Bindura_Zaoga_LTE_6,6,MSH0013-Bindura-Zaoga,100%,59,24,0,0,884,4626,3229,942,3,9,0,0,0.5067
2025-11-16,MSH0013-Bindura-Zaoga,CELL_TDD,Bindura_Zaoga_LTE_5,5,MSH0013-Bindura-Zaoga,100%,79,17,0,0,1153,8495,22110,6220,911,256,0,0,0.4386
2025-11-16,MSH0013-Bindura-Zaoga,CELL_TDD,Bindura_Zaoga_LTE_4,4,MSH0013-Bindura-Zaoga,100%,1019,143,0,0,3358,1961,21599,41062,25444,4883,0,0,0.3796
2025-11-16,MSH0013-Bindura-Zaoga,CELL_TDD,Bindura_Zaoga_LTE_3,3,MSH0013-Bindura-Zaoga,100%,49,14,0,0,1195,5913,712,768,0,5,0,0,0.5171
2025-11-16,MSH0013-Bindura-Zaoga,CELL_TDD,Bindura_Zaoga_LTE_2,2,MSH0013-Bindura-Zaoga,100%,27,11,0,0,1684,8338,22663,5506,1076,889,0,0,0.436
2025-11-16,MSH0013-Bindura-Zaoga,CELL_TDD,Bindura_Zaoga_LTE_1,1,MSH0013-Bindura-Zaoga,100%,1006,102,0,0,1686,2228,18010,36579,25041,6949,0,0,0.3956
2025-11-16,MSH-0331-Chiwaridzo 2,CELL_TDD,MSH-0331-Chiwaridzo 2_LTE_6,6,MSH-0331-Chiwaridzo 2_LTE,100%,255,3850,0,0,9769,15394,16313,106,106,282,0,0,0.5041
2025-11-16,MSH-0331-Chiwaridzo 2,CELL_TDD,MSH-0331-Chiwaridzo 2_LTE_5,5,MSH-0331-Chiwaridzo 2_LTE,100%,984,3355,0,0,9945,11318,4275,5840,59,208,0,0,0.6088
2025-11-16,MSH-0331-Chiwaridzo 2,CELL_TDD,MSH-0331-Chiwaridzo 2_LTE_4,4,MSH-0331-Chiwaridzo 2_LTE,100%,2497,5393,0,0,20346,18067,14160,155,31,3,0,0,0.2039
2025-11-16,MSH-0331-Chiwaridzo 2,CELL_TDD,MSH-0331-Chiwaridzo 2_LTE_3,3,MSH-0331-Chiwaridzo 2_LTE,100%,286,5238,0,0,13001,14409,16711,111,80,260,0,0,0.6866
2025-11-16,MSH-0331-Chiwaridzo 2,CELL_TDD,MSH-0331-Chiwaridzo 2_LTE_2,2,MSH-0331-Chiwaridzo 2_LTE,100%,1014,6247,0,0,11752,9144,4799,6463,56,326,0,0,0.7495
2025-11-16,MSH-0331-Chiwaridzo 2,CELL_TDD,MSH-0331-Chiwaridzo 2_LTE_1,1,MSH-0331-Chiwaridzo 2_LTE,100%,2557,8310,0,0,27127,21848,14192,139,35,10,0,0,0.2523
2025-11-16,MSH-0112-Bindura Hospital,CELL_TDD,MSH-0112-Bindura Hospital_LTE_1,1,MSH-0112-Bindura Hospital_LTE,100%,214,1400,0,0,2090,3472,2099,11002,353,265,0,0,0.7975
2025-11-16,MSH-0112-Bindura Hospital,CELL_TDD,MSH-0112-Bindura Hospital_LTE_2,2,MSH-0112-Bindura Hospital_LTE,100%,213,396,0,0,3040,10598,4976,408,22,10,0,0,0.8118
2025-11-16,MSH-0112-Bindura Hospital,CELL_TDD,MSH-0112-Bindura Hospital_LTE_3,3,MSH-0112-Bindura Hospital_LTE,100%,23,1052,0,0,14713,20308,3714,1106,1047,257,0,0,0.7611
2025-11-16,MSH-0112-Bindura Hospital,CELL_TDD,MSH-0112-Bindura Hospital_LTE_4,4,MSH-0112-Bindura Hospital_LTE,100%,421,494,0,0,1162,5407,2573,10863,397,440,0,0,0.6098
2025-11-16,MSH-0112-Bindura Hospital,CELL_TDD,MSH-0112-Bindura Hospital_LTE_5,5,MSH-0112-Bindura Hospital_LTE,100%,49,311,0,0,2769,5627,4732,679,19,19,0,0,0.7134
2025-11-16,MSH-0112-Bindura Hospital,CELL_TDD,MSH-0112-Bindura Hospital_LTE_6,6,MSH-0112-Bindura Hospital_LTE,100%,16,1020,0,0,10044,13410,4103,1528,1623,399,0,0,0.6198
2025-11-16,MSH-0014-Chipadze,CELL_TDD,MSH-0014-Chipadze_LTE_6,6,MSH-0014-Chipadze,100%,244,580,0,0,1986,4809,12477,2039,2333,236,0,0,0.5678
2025-11-16,MSH-0014-Chipadze,CELL_TDD,MSH-0014-Chipadze_LTE_5,5,MSH-0014-Chipadze,100%,952,1118,0,0,7090,13894,16814,3925,2915,350,0,0,0.4619
2025-11-16,MSH-0014-Chipadze,CELL_TDD,MSH-0014-Chipadze_LTE_4,4,MSH-0014-Chipadze,100%,95,815,0,0,11504,8690,10990,189,6,11,0,0,0.7132
2025-11-16,MSH-0014-Chipadze,CELL_TDD,MSH-0014-Chipadze_LTE_3,3,MSH-0014-Chipadze,100%,242,2121,0,0,4185,7225,9975,1705,1777,148,0,0,0.5602
2025-11-16,MSH-0014-Chipadze,CELL_TDD,MSH-0014-Chipadze_LTE_2,2,MSH-0014-Chipadze,100%,390,2292,0,0,10594,12245,15410,3884,2291,264,0,0,0.5427
2025-11-16,MSH-0014-Chipadze,CELL_TDD,MSH-0014-Chipadze_LTE_1,1,MSH-0014-Chipadze,100%,97,768,0,0,12985,8204,8393,346,5,11,0,0,0.7352
2025-11-17,MSH0013-Bindura-Zaoga,CELL_TDD,Bindura_Zaoga_LTE_6,6,MSH0013-Bindura-Zaoga,100%,335,82,0,0,274,7823,3836,525,46,73,0,0,0.5025
2025-11-17,MSH0013-Bindura-Zaoga,CELL_TDD,Bindura_Zaoga_LTE_5,5,MSH0013-Bindura-Zaoga,100%,565,75,0,0,1482,24743,44507,9363,1205,462,0,0,0.3174
2025-11-17,MSH0013-Bindura-Zaoga,CELL_TDD,Bindura_Zaoga_LTE_4,4,MSH0013-Bindura-Zaoga,100%,2653,267,0,0,2536,5536,43968,99581,100434,9499,0,0,0.4139
2025-11-17,MSH0013-Bindura-Zaoga,CELL_TDD,Bindura_Zaoga_LTE_3,3,MSH0013-Bindura-Zaoga,100%,123,17,0,0,1220,5429,974,392,2,11,0,0,0.4961
2025-11-17,MSH0013-Bindura-Zaoga,CELL_TDD,Bindura_Zaoga_LTE_2,2,MSH0013-Bindura-Zaoga,100%,243,36,0,0,1739,21489,36389,7955,1440,463,0,0,0.5218
2025-11-17,MSH0013-Bindura-Zaoga,CELL_TDD,Bindura_Zaoga_LTE_1,1,MSH0013-Bindura-Zaoga,100%,1855,210,0,0,2069,2329,30746,94954,99567,12666,0,0,0.4267
2025-11-17,MSH-0331-Chiwaridzo 2,CELL_TDD,MSH-0331-Chiwaridzo 2_LTE_6,6,MSH-0331-Chiwaridzo 2_LTE,83%,329,2847,0,0,7278,7331,12502,93,100,158,0,0,0.6292
2025-11-17,MSH-0331-Chiwaridzo 2,CELL_TDD,MSH-0331-Chiwaridzo 2_LTE_5,5,MSH-0331-Chiwaridzo 2_LTE,83%,754,3155,0,0,5359,3875,3448,3558,256,134,0,0,0.648
2025-11-17,MSH-0331-Chiwaridzo 2,CELL_TDD,MSH-0331-Chiwaridzo 2_LTE_4,4,MSH-0331-Chiwaridzo 2_LTE,83%,3067,6607,0,0,12951,13973,10733,123,19,4,0,0,0.0943
2025-11-17,MSH-0331-Chiwaridzo 2,CELL_TDD,MSH-0331-Chiwaridzo 2_LTE_3,3,MSH-0331-Chiwaridzo 2_LTE,83%,523,4605,0,0,8876,11662,12839,65,44,111,0,0,0.0973
2025-11-17,MSH-0331-Chiwaridzo 2,CELL_TDD,MSH-0331-Chiwaridzo 2_LTE_2,2,MSH-0331-Chiwaridzo 2_LTE,83%,358,5519,0,0,7834,10457,3118,5287,100,99,0,0,0.7769
2025-11-17,MSH-0331-Chiwaridzo 2,CELL_TDD,MSH-0331-Chiwaridzo 2_LTE_1,1,MSH-0331-Chiwaridzo 2_LTE,83%,2635,8145,0,0,23645,18493,10645,109,6,5,0,0,0.2328
2025-11-17,MSH-0112-Bindura Hospital,CELL_TDD,MSH-0112-Bindura Hospital_LTE_1,1,MSH-0112-Bindura Hospital_LTE,100%,216,1162,0,0,1674,3491,1403,8654,303,417,0,0,0.7419
2025-11-17,MSH-0112-Bindura Hospital,CELL_TDD,MSH-0112-Bindura Hospital_LTE_2,2,MSH-0112-Bindura Hospital_LTE,100%,120,543,0,0,2663,8737,5366,204,63,6,0,0,0.8227
2025-11-17,MSH-0112-Bindura Hospital,CELL_TDD,MSH-0112-Bindura Hospital_LTE_3,3,MSH-0112-Bindura Hospital_LTE,100%,37,1797,0,0,18339,19454,3743,2280,1071,277,0,0,0.7793
2025-11-17,MSH-0112-Bindura Hospital,CELL_TDD,MSH-0112-Bindura Hospital_LTE_4,4,MSH-0112-Bindura Hospital_LTE,100%,558,799,0,0,1126,4055,2700,8739,483,517,0,0,0.6721
2025-11-17,MSH-0112-Bindura Hospital,CELL_TDD,MSH-0112-Bindura Hospital_LTE_5,5,MSH-0112-Bindura Hospital_LTE,100%,77,302,0,0,2422,6518,6402,357,56,25,0,0,0.7094
2025-11-17,MSH-0112-Bindura Hospital,CELL_TDD,MSH-0112-Bindura Hospital_LTE_6,6,MSH-0112-Bindura Hospital_LTE,100%,58,1390,0,0,11886,18349,5411,2259,1853,460,0,0,0.7073
2025-11-17,MSH-0014-Chipadze,CELL_TDD,MSH-0014-Chipadze_LTE_6,6,MSH-0014-Chipadze,100%,384,646,0,0,3356,7930,12786,1949,1664,484,0,0,0.4219
2025-11-17,MSH-0014-Chipadze,CELL_TDD,MSH-0014-Chipadze_LTE_5,5,MSH-0014-Chipadze,100%,1727,2236,0,0,10182,17744,30526,23353,4506,370,0,0,0.4244
2025-11-17,MSH-0014-Chipadze,CELL_TDD,MSH-0014-Chipadze_LTE_4,4,MSH-0014-Chipadze,100%,148,1454,0,0,10002,6884,12323,255,6,7,0,0,0.5546
2025-11-17,MSH-0014-Chipadze,CELL_TDD,MSH-0014-Chipadze_LTE_3,3,MSH-0014-Chipadze,100%,114,1347,0,0,5278,7965,14143,2220,1133,246,0,0,0.5288
2025-11-17,MSH-0014-Chipadze,CELL_TDD,MSH-0014-Chipadze_LTE_2,2,MSH-0014-Chipadze,100%,211,2103,0,0,10383,11401,26011,12785,4395,285,0,0,0.4468
2025-11-17,MSH-0014-Chipadze,CELL_TDD,MSH-0014-Chipadze_LTE_1,1,MSH-0014-Chipadze,100%,101,1358,0,0,10160,6115,10749,358,7,13,0,0,0.5605
2025-11-18,MSH0013-Bindura-Zaoga,CELL_TDD,Bindura_Zaoga_LTE_6,6,MSH0013-Bindura-Zaoga,87%,237,50,0,0,366,7278,2771,576,6,14,0,0,0.5254
2025-11-18,MSH0013-Bindura-Zaoga,CELL_TDD,Bindura_Zaoga_LTE_5,5,MSH0013-Bindura-Zaoga,87%,491,84,0,0,2318,18085,34182,7480,1196,335,0,0,0.5035
2025-11-18,MSH0013-Bindura-Zaoga,CELL_TDD,Bindura_Zaoga_LTE_4,4,MSH0013-Bindura-Zaoga,87%,3085,301,0,0,2777,3640,31745,83163,126607,12521,0,0,0.3527
2025-11-18,MSH0013-Bindura-Zaoga,CELL_TDD,Bindura_Zaoga_LTE_3,3,MSH0013-Bindura-Zaoga,87%,72,10,0,0,696,4858,680,185,0,4,0,0,0.521
2025-11-18,MSH0013-Bindura-Zaoga,CELL_TDD,Bindura_Zaoga_LTE_2,2,MSH0013-Bindura-Zaoga,87%,193,33,0,0,1135,15278,24902,5818,969,162,0,0,0.6304
2025-11-18,MSH0013-Bindura-Zaoga,CELL_TDD,Bindura_Zaoga_LTE_1,1,MSH0013-Bindura-Zaoga,87%,1756,160,0,0,1272,2320,18056,76968,106611,9828,0,0,0.3734
2025-11-18,MSH-0331-Chiwaridzo 2,CELL_TDD,MSH-0331-Chiwaridzo 2_LTE_6,6,MSH-0331-Chiwaridzo 2_LTE,83%,544,2321,0,0,5793,9266,6244,77,142,326,0,0,0.5761
2025-11-18,MSH-0331-Chiwaridzo 2,CELL_TDD,MSH-0331-Chiwaridzo 2_LTE_5,5,MSH-0331-Chiwaridzo 2_LTE,83%,617,1746,0,0,3188,4271,3387,3965,67,130,0,0,0.6453
2025-11-18,MSH-0331-Chiwaridzo 2,CELL_TDD,MSH-0331-Chiwaridzo 2_LTE_4,4,MSH-0331-Chiwaridzo 2_LTE,83%,1922,4126,0,0,9589,10155,9733,134,43,0,0,0,0.124
2025-11-18,MSH-0331-Chiwaridzo 2,CELL_TDD,MSH-0331-Chiwaridzo 2_LTE_3,3,MSH-0331-Chiwaridzo 2_LTE,83%,592,2798,0,0,5668,8850,6413,17,27,74,0,0,0.6248
2025-11-18,MSH-0331-Chiwaridzo 2,CELL_TDD,MSH-0331-Chiwaridzo 2_LTE_2,2,MSH-0331-Chiwaridzo 2_LTE,83%,390,2328,0,0,3547,4131,2688,3808,135,78,0,0,0.6414
2025-11-18,MSH-0331-Chiwaridzo 2,CELL_TDD,MSH-0331-Chiwaridzo 2_LTE_1,1,MSH-0331-Chiwaridzo 2_LTE,83%,2518,5810,0,0,15820,13282,9510,176,28,1,0,0,0.4019
2025-11-18,MSH-0112-Bindura Hospital,CELL_TDD,MSH-0112-Bindura Hospital_LTE_1,1,MSH-0112-Bindura Hospital_LTE,100%,209,884,0,0,1264,1961,2736,10678,293,346,0,0,0.7751
2025-11-18,MSH-0112-Bindura Hospital,CELL_TDD,MSH-0112-Bindura Hospital_LTE_2,2,MSH-0112-Bindura Hospital_LTE,100%,113,429,0,0,3189,8419,5680,238,176,14,0,0,0.632
2025-11-18,MSH-0112-Bindura Hospital,CELL_TDD,MSH-0112-Bindura Hospital_LTE_3,3,MSH-0112-Bindura Hospital_LTE,100%,60,1669,0,0,11044,16968,6022,5923,1388,402,0,0,0.7405
2025-11-18,MSH-0112-Bindura Hospital,CELL_TDD,MSH-0112-Bindura Hospital_LTE_4,4,MSH-0112-Bindura Hospital_LTE,100%,1244,749,0,0,1575,3245,2189,8650,446,404,0,0,0.7013
2025-11-18,MSH-0112-Bindura Hospital,CELL_TDD,MSH-0112-Bindura Hospital_LTE_5,5,MSH-0112-Bindura Hospital_LTE,100%,59,233,0,0,2295,6332,4914,673,83,33,0,0,0.5228
2025-11-18,MSH-0112-Bindura Hospital,CELL_TDD,MSH-0112-Bindura Hospital_LTE_6,6,MSH-0112-Bindura Hospital_LTE,100%,44,1266,0,0,12138,16652,6189,7367,1338,750,0,0,0.6923
2025-11-18,MSH-0014-Chipadze,CELL_TDD,MSH-0014-Chipadze_LTE_6,6,MSH-0014-Chipadze,100%,84,1308,0,0,3494,9872,13534,2785,1435,499,0,0,0.4631
2025-11-18,MSH-0014-Chipadze,CELL_TDD,MSH-0014-Chipadze_LTE_5,5,MSH-0014-Chipadze,100%,200,2115,0,0,5753,13328,26561,17244,6932,521,0,0,0.4092
2025-11-18,MSH-0014-Chipadze,CELL_TDD,MSH-0014-Chipadze_LTE_4,4,MSH-0014-Chipadze,100%,81,1360,0,0,8122,8309,19013,4431,53,18,0,0,0.6852
2025-11-18,MSH-0014-Chipadze,CELL_TDD,MSH-0014-Chipadze_LTE_3,3,MSH-0014-Chipadze,100%,29,1582,0,0,4313,10009,13267,5619,1944,253,0,0,0.6556
2025-11-18,MSH-0014-Chipadze,CELL_TDD,MSH-0014-Chipadze_LTE_2,2,MSH-0014-Chipadze,100%,696,1727,0,0,8624,13370,29197,21920,6180,367,0,0,0.5256
2025-11-18,MSH-0014-Chipadze,CELL_TDD,MSH-0014-Chipadze_LTE_1,1,MSH-0014-Chipadze,100%,84,1652,0,0,11979,8551,17539,3988,20,5,0,0,0.7417
2025-11-19,MSH0013-Bindura-Zaoga,CELL_TDD,Bindura_Zaoga_LTE_6,6,MSH0013-Bindura-Zaoga,33%,76,11,0,0,100,2068,1017,142,1,26,0,0,0.4793
2025-11-19,MSH0013-Bindura-Zaoga,CELL_TDD,Bindura_Zaoga_LTE_5,5,MSH0013-Bindura-Zaoga,33%,73,11,0,0,429,9327,13948,2435,437,78,0,0,0.5806
2025-11-19,MSH0013-Bindura-Zaoga,CELL_TDD,Bindura_Zaoga_LTE_4,4,MSH0013-Bindura-Zaoga,33%,410,42,0,0,201,680,6504,9776,13697,1348,0,0,0.3258
2025-11-19,MSH0013-Bindura-Zaoga,CELL_TDD,Bindura_Zaoga_LTE_3,3,MSH0013-Bindura-Zaoga,33%,15,3,0,0,151,1420,292,92,0,0,0,0,0.5231
2025-11-19,MSH0013-Bindura-Zaoga,CELL_TDD,Bindura_Zaoga_LTE_2,2,MSH0013-Bindura-Zaoga,33%,33,8,0,0,413,6624,11163,2030,191,70,0,0,0.6848
2025-11-19,MSH0013-Bindura-Zaoga,CELL_TDD,Bindura_Zaoga_LTE_1,1,MSH0013-Bindura-Zaoga,33%,271,31,0,0,67,520,4207,8215,12606,868,0,0,0.4
2025-11-19,MSH-0331-Chiwaridzo 2,CELL_TDD,MSH-0331-Chiwaridzo 2_LTE_6,6,MSH-0331-Chiwaridzo 2_LTE,4%,0,0,0,0,0,0,0,0,0,0,0,0,/0
2025-11-19,MSH-0331-Chiwaridzo 2,CELL_TDD,MSH-0331-Chiwaridzo 2_LTE_5,5,MSH-0331-Chiwaridzo 2_LTE,4%,0,0,0,0,0,0,0,0,0,0,0,0,/0
2025-11-19,MSH-0331-Chiwaridzo 2,CELL_TDD,MSH-0331-Chiwaridzo 2_LTE_4,4,MSH-0331-Chiwaridzo 2_LTE,4%,0,0,0,0,0,0,0,0,0,0,0,0,/0
2025-11-19,MSH-0331-Chiwaridzo 2,CELL_TDD,MSH-0331-Chiwaridzo 2_LTE_3,3,MSH-0331-Chiwaridzo 2_LTE,4%,0,0,0,0,0,0,0,0,0,0,0,0,/0
2025-11-19,MSH-0331-Chiwaridzo 2,CELL_TDD,MSH-0331-Chiwaridzo 2_LTE_2,2,MSH-0331-Chiwaridzo 2_LTE,4%,0,0,0,0,0,0,0,0,0,0,0,0,/0
2025-11-19,MSH-0331-Chiwaridzo 2,CELL_TDD,MSH-0331-Chiwaridzo 2_LTE_1,1,MSH-0331-Chiwaridzo 2_LTE,4%,0,0,0,0,0,0,0,0,0,0,0,0,/0
2025-11-19,MSH-0112-Bindura Hospital,CELL_TDD,MSH-0112-Bindura Hospital_LTE_1,1,MSH-0112-Bindura Hospital_LTE,100%,153,992,0,0,1383,2059,2804,17038,398,293,0,0,0.7662
2025-11-19,MSH-0112-Bindura Hospital,CELL_TDD,MSH-0112-Bindura Hospital_LTE_2,2,MSH-0112-Bindura Hospital_LTE,100%,150,537,0,0,3745,10517,4285,385,153,22,0,0,0.0433
2025-11-19,MSH-0112-Bindura Hospital,CELL_TDD,MSH-0112-Bindura Hospital_LTE_3,3,MSH-0112-Bindura Hospital_LTE,100%,67,1603,0,0,13392,20364,6840,11186,2890,445,0,0,0.7442
2025-11-19,MSH-0112-Bindura Hospital,CELL_TDD,MSH-0112-Bindura Hospital_LTE_4,4,MSH-0112-Bindura Hospital_LTE,100%,952,551,0,0,1552,3188,2195,14533,389,404,0,0,0.6816
2025-11-19,MSH-0112-Bindura Hospital,CELL_TDD,MSH-0112-Bindura Hospital_LTE_5,5,MSH-0112-Bindura Hospital_LTE,100%,91,386,0,0,2001,7321,5980,783,143,50,0,0,0.4854
2025-11-19,MSH-0112-Bindura Hospital,CELL_TDD,MSH-0112-Bindura Hospital_LTE_6,6,MSH-0112-Bindura Hospital_LTE,100%,72,1429,0,0,13475,17724,8615,12511,3218,751,0,0,0.6103
2025-11-19,MSH-0014-Chipadze,CELL_TDD,MSH-0014-Chipadze_LTE_6,6,MSH-0014-Chipadze,100%,30,888,0,0,3003,7320,29883,2206,1334,338,0,0,0.6096
2025-11-19,MSH-0014-Chipadze,CELL_TDD,MSH-0014-Chipadze_LTE_5,5,MSH-0014-Chipadze,100%,270,979,0,0,5082,12432,50768,41710,9376,1239,0,0,0.4582
2025-11-19,MSH-0014-Chipadze,CELL_TDD,MSH-0014-Chipadze_LTE_4,4,MSH-0014-Chipadze,100%,63,1143,0,0,8278,9712,26725,7005,25,22,0,0,0.6712
2025-11-19,MSH-0014-Chipadze,CELL_TDD,MSH-0014-Chipadze_LTE_3,3,MSH-0014-Chipadze,100%,96,1426,0,0,3877,10119,18196,3094,675,154,0,0,0.6295
2025-11-19,MSH-0014-Chipadze,CELL_TDD,MSH-0014-Chipadze_LTE_2,2,MSH-0014-Chipadze,100%,617,2335,0,0,11530,12440,44461,45968,8069,666,0,0,0.5265
2025-11-19,MSH-0014-Chipadze,CELL_TDD,MSH-0014-Chipadze_LTE_1,1,MSH-0014-Chipadze,100%,57,1541,0,0,12362,12480,21129,6091,8,22,0,0,0.137
2025-11-20,MSH0013-Bindura-Zaoga,CELL_TDD,Bindura_Zaoga_LTE_6,6,MSH0013-Bindura-Zaoga,50%,18,4,0,0,101,3152,1436,292,0,11,0,0,0.4445
2025-11-20,MSH0013-Bindura-Zaoga,CELL_TDD,Bindura_Zaoga_LTE_5,5,MSH0013-Bindura-Zaoga,50%,24,12,0,0,421,4058,8714,2410,123,122,0,0,0.5918
2025-11-20,MSH0013-Bindura-Zaoga,CELL_TDD,Bindura_Zaoga_LTE_4,4,MSH0013-Bindura-Zaoga,50%,420,47,0,0,267,756,6657,9254,22557,2607,0,0,0.3596
2025-11-20,MSH0013-Bindura-Zaoga,CELL_TDD,Bindura_Zaoga_LTE_3,3,MSH0013-Bindura-Zaoga,50%,22,12,0,0,958,1482,362,253,0,0,0,0,0.3716
2025-11-20,MSH0013-Bindura-Zaoga,CELL_TDD,Bindura_Zaoga_LTE_2,2,MSH0013-Bindura-Zaoga,50%,12,4,0,0,625,4040,8506,1900,621,90,0,0,0.5582
2025-11-20,MSH0013-Bindura-Zaoga,CELL_TDD,Bindura_Zaoga_LTE_1,1,MSH0013-Bindura-Zaoga,50%,166,30,0,0,91,176,3661,8831,13498,1838,0,0,0.4022
2025-11-20,MSH-0331-Chiwaridzo 2,CELL_TDD,MSH-0331-Chiwaridzo 2_LTE_6,6,MSH-0331-Chiwaridzo 2_LTE,75%,490,3442,0,0,8278,8912,11781,66,54,167,0,0,0.6281
2025-11-20,MSH-0331-Chiwaridzo 2,CELL_TDD,MSH-0331-Chiwaridzo 2_LTE_5,5,MSH-0331-Chiwaridzo 2_LTE,75%,955,2958,0,0,6527,4031,4098,4013,232,178,0,0,0.6034
2025-11-20,MSH-0331-Chiwaridzo 2,CELL_TDD,MSH-0331-Chiwaridzo 2_LTE_4,4,MSH-0331-Chiwaridzo 2_LTE,75%,1809,5802,0,0,12298,12783,9387,160,1,3,0,0,0.5768
2025-11-20,MSH-0331-Chiwaridzo 2,CELL_TDD,MSH-0331-Chiwaridzo 2_LTE_3,3,MSH-0331-Chiwaridzo 2_LTE,75%,1073,6483,0,0,8688,9211,10181,45,46,90,0,0,0.7418
2025-11-20,MSH-0331-Chiwaridzo 2,CELL_TDD,MSH-0331-Chiwaridzo 2_LTE_2,2,MSH-0331-Chiwaridzo 2_LTE,75%,443,4711,0,0,6161,4302,3940,4385,139,132,0,0,0.7967
2025-11-20,MSH-0331-Chiwaridzo 2,CELL_TDD,MSH-0331-Chiwaridzo 2_LTE_1,1,MSH-0331-Chiwaridzo 2_LTE,75%,1655,7397,0,0,20358,16710,9076,136,1,1,0,0,0.5555
2025-11-20,MSH-0112-Bindura Hospital,CELL_TDD,MSH-0112-Bindura Hospital_LTE_1,1,MSH-0112-Bindura Hospital_LTE,100%,67,720,0,0,2148,3848,1927,7280,346,326,0,0,0.5568
2025-11-20,MSH-0112-Bindura Hospital,CELL_TDD,MSH-0112-Bindura Hospital_LTE_2,2,MSH-0112-Bindura Hospital_LTE,100%,125,777,0,0,3746,9783,5252,300,37,34,0,0,0.0268
2025-11-20,MSH-0112-Bindura Hospital,CELL_TDD,MSH-0112-Bindura Hospital_LTE_3,3,MSH-0112-Bindura Hospital_LTE,100%,33,1242,0,0,15851,18021,6007,8966,2819,232,0,0,0.7679
2025-11-20,MSH-0112-Bindura Hospital,CELL_TDD,MSH-0112-Bindura Hospital_LTE_4,4,MSH-0112-Bindura Hospital_LTE,100%,689,633,0,0,1082,4167,1660,7548,478,458,0,0,0.5493
2025-11-20,MSH-0112-Bindura Hospital,CELL_TDD,MSH-0112-Bindura Hospital_LTE_5,5,MSH-0112-Bindura Hospital_LTE,100%,48,379,0,0,2306,7757,8450,714,30,72,0,0,0.1438
2025-11-20,MSH-0112-Bindura Hospital,CELL_TDD,MSH-0112-Bindura Hospital_LTE_6,6,MSH-0112-Bindura Hospital_LTE,100%,39,1447,0,0,10280,11737,9057,11061,1899,360,0,0,0.6481
2025-11-20,MSH-0014-Chipadze,CELL_TDD,MSH-0014-Chipadze_LTE_6,6,MSH-0014-Chipadze,100%,206,676,0,0,2518,7232,18540,3186,1449,328,0,0,0.4425
2025-11-20,MSH-0014-Chipadze,CELL_TDD,MSH-0014-Chipadze_LTE_5,5,MSH-0014-Chipadze,100%,473,2158,0,0,5876,12466,23826,14741,4459,718,0,0,0.4761
2025-11-20,MSH-0014-Chipadze,CELL_TDD,MSH-0014-Chipadze_LTE_4,4,MSH-0014-Chipadze,100%,247,979,0,0,7574,9502,22379,4418,9,10,0,0,0.2834
2025-11-20,MSH-0014-Chipadze,CELL_TDD,MSH-0014-Chipadze_LTE_3,3,MSH-0014-Chipadze,100%,254,1041,0,0,3757,9709,15644,3711,1031,108,0,0,0.5698
2025-11-20,MSH-0014-Chipadze,CELL_TDD,MSH-0014-Chipadze_LTE_2,2,MSH-0014-Chipadze,100%,1162,1836,0,0,10812,13101,27470,14262,7147,412,0,0,0.5173
2025-11-20,MSH-0014-Chipadze,CELL_TDD,MSH-0014-Chipadze_LTE_1,1,MSH-0014-Chipadze,100%,133,1106,0,0,10272,11986,24670,5438,21,4,0,0,0.0808
2025-11-21,MSH0013-Bindura-Zaoga,CELL_TDD,Bindura_Zaoga_LTE_6,6,MSH0013-Bindura-Zaoga,100%,102,84,0,0,354,6394,4260,913,0,25,0,0,0.4984
2025-11-21,MSH0013-Bindura-Zaoga,CELL_TDD,Bindura_Zaoga_LTE_5,5,MSH0013-Bindura-Zaoga,100%,262,59,0,0,1740,18717,35392,8047,757,240,0,0,0.5331
2025-11-21,MSH0013-Bindura-Zaoga,CELL_TDD,Bindura_Zaoga_LTE_4,4,MSH0013-Bindura-Zaoga,100%,782,105,0,0,691,1872,18803,29909,24102,5006,0,0,0.3605
2025-11-21,MSH0013-Bindura-Zaoga,CELL_TDD,Bindura_Zaoga_LTE_3,3,MSH0013-Bindura-Zaoga,100%,7,89,0,0,720,6367,1292,677,0,51,0,0,0.5171
2025-11-21,MSH0013-Bindura-Zaoga,CELL_TDD,Bindura_Zaoga_LTE_2,2,MSH0013-Bindura-Zaoga,100%,162,29,0,0,1271,17048,30354,5630,810,241,0,0,0.5182
2025-11-21,MSH0013-Bindura-Zaoga,CELL_TDD,Bindura_Zaoga_LTE_1,1,MSH0013-Bindura-Zaoga,100%,542,63,0,0,277,1320,14458,30680,18354,7556,0,0,0.3375
2025-11-21,MSH-0331-Chiwaridzo 2,CELL_TDD,MSH-0331-Chiwaridzo 2_LTE_6,6,MSH-0331-Chiwaridzo 2_LTE,100%,786,6423,0,0,12070,10105,16500,140,57,123,0,0,0.7012
2025-11-21,MSH-0331-Chiwaridzo 2,CELL_TDD,MSH-0331-Chiwaridzo 2_LTE_5,5,MSH-0331-Chiwaridzo 2_LTE,100%,530,4346,0,0,8742,6589,6263,6125,201,190,0,0,0.6624
2025-11-21,MSH-0331-Chiwaridzo 2,CELL_TDD,MSH-0331-Chiwaridzo 2_LTE_4,4,MSH-0331-Chiwaridzo 2_LTE,100%,1208,6267,0,0,16594,19284,13015,155,6,2,0,0,0.2647
2025-11-21,MSH-0331-Chiwaridzo 2,CELL_TDD,MSH-0331-Chiwaridzo 2_LTE_3,3,MSH-0331-Chiwaridzo 2_LTE,100%,1026,9640,0,0,13439,10401,15004,114,31,67,0,0,0.7217
2025-11-21,MSH-0331-Chiwaridzo 2,CELL_TDD,MSH-0331-Chiwaridzo 2_LTE_2,2,MSH-0331-Chiwaridzo 2_LTE,100%,698,7526,0,0,10093,8194,4844,6822,338,103,0,0,0.7876
2025-11-21,MSH-0331-Chiwaridzo 2,CELL_TDD,MSH-0331-Chiwaridzo 2_LTE_1,1,MSH-0331-Chiwaridzo 2_LTE,100%,2072,10378,0,0,28960,22094,12765,101,2,3,0,0,0.3051
2025-11-21,MSH-0112-Bindura Hospital,CELL_TDD,MSH-0112-Bindura Hospital_LTE_1,1,MSH-0112-Bindura Hospital_LTE,100%,218,390,0,0,2003,2689,2146,11541,489,240,0,0,0.7052
2025-11-21,MSH-0112-Bindura Hospital,CELL_TDD,MSH-0112-Bindura Hospital_LTE_2,2,MSH-0112-Bindura Hospital_LTE,100%,34,328,0,0,3823,9993,5641,437,70,9,0,0,0.1995
2025-11-21,MSH-0112-Bindura Hospital,CELL_TDD,MSH-0112-Bindura Hospital_LTE_3,3,MSH-0112-Bindura Hospital_LTE,100%,36,1411,0,0,15946,19684,3265,2060,745,406,0,0,0.8387
2025-11-21,MSH-0112-Bindura Hospital,CELL_TDD,MSH-0112-Bindura Hospital_LTE_4,4,MSH-0112-Bindura Hospital_LTE,100%,134,536,0,0,1625,5112,2285,12743,1050,731,0,0,0.7673
2025-11-21,MSH-0112-Bindura Hospital,CELL_TDD,MSH-0112-Bindura Hospital_LTE_5,5,MSH-0112-Bindura Hospital_LTE,100%,12,283,0,0,1877,5336,5979,47,86,20,0,0,0.5319
2025-11-21,MSH-0112-Bindura Hospital,CELL_TDD,MSH-0112-Bindura Hospital_LTE_6,6,MSH-0112-Bindura Hospital_LTE,100%,31,909,0,0,8137,12603,3220,2394,894,506,0,0,0.7359
2025-11-21,MSH-0014-Chipadze,CELL_TDD,MSH-0014-Chipadze_LTE_6,6,MSH-0014-Chipadze,100%,78,893,0,0,3820,7475,12385,1885,1542,268,0,0,0.4972
2025-11-21,MSH-0014-Chipadze,CELL_TDD,MSH-0014-Chipadze_LTE_5,5,MSH-0014-Chipadze,100%,196,1546,0,0,8192,11493,15506,3695,2217,397,0,0,0.4322
2025-11-21,MSH-0014-Chipadze,CELL_TDD,MSH-0014-Chipadze_LTE_4,4,MSH-0014-Chipadze,100%,57,1303,0,0,7160,9435,16837,614,1,13,0,0,0.6256
2025-11-21,MSH-0014-Chipadze,CELL_TDD,MSH-0014-Chipadze_LTE_3,3,MSH-0014-Chipadze,100%,52,1465,0,0,5583,9464,14554,1179,648,151,0,0,0.6332
2025-11-21,MSH-0014-Chipadze,CELL_TDD,MSH-0014-Chipadze_LTE_2,2,MSH-0014-Chipadze,100%,662,2464,0,0,10986,12792,16599,4142,4006,217,0,0,0.5109
2025-11-21,MSH-0014-Chipadze,CELL_TDD,MSH-0014-Chipadze_LTE_1,1,MSH-0014-Chipadze,100%,120,1793,0,0,13310,8428,12544,427,0,4,0,0,0.4061
2025-11-22,MSH0013-Bindura-Zaoga,CELL_TDD,Bindura_Zaoga_LTE_6,6,MSH0013-Bindura-Zaoga,100%,30,9,0,0,293,6760,3911,591,1,13,0,0,0.5051
2025-11-22,MSH0013-Bindura-Zaoga,CELL_TDD,Bindura_Zaoga_LTE_5,5,MSH0013-Bindura-Zaoga,100%,206,32,0,0,2030,17676,34884,7526,876,580,0,0,0.5659
2025-11-22,MSH0013-Bindura-Zaoga,CELL_TDD,Bindura_Zaoga_LTE_4,4,MSH0013-Bindura-Zaoga,100%,768,158,0,0,944,3050,15325,32090,18112,5993,0,0,0.3272
2025-11-22,MSH0013-Bindura-Zaoga,CELL_TDD,Bindura_Zaoga_LTE_3,3,MSH0013-Bindura-Zaoga,100%,19,11,0,0,1397,5452,860,292,1,0,0,0,0.469
2025-11-22,MSH0013-Bindura-Zaoga,CELL_TDD,Bindura_Zaoga_LTE_2,2,MSH0013-Bindura-Zaoga,100%,291,36,0,0,1672,14868,30091,6606,1762,563,0,0,0.6596
2025-11-22,MSH0013-Bindura-Zaoga,CELL_TDD,Bindura_Zaoga_LTE_1,1,MSH0013-Bindura-Zaoga,100%,734,116,0,0,974,1573,13839,27593,17449,5359,0,0,0.3193
2025-11-22,MSH-0331-Chiwaridzo 2,CELL_TDD,MSH-0331-Chiwaridzo 2_LTE_6,6,MSH-0331-Chiwaridzo 2_LTE,100%,831,3601,0,0,12814,12313,15471,220,75,196,0,0,0.613
2025-11-22,MSH-0331-Chiwaridzo 2,CELL_TDD,MSH-0331-Chiwaridzo 2_LTE_5,5,MSH-0331-Chiwaridzo 2_LTE,100%,1181,4586,0,0,9499,6598,5907,8047,89,200,0,0,0.5762
2025-11-22,MSH-0331-Chiwaridzo 2,CELL_TDD,MSH-0331-Chiwaridzo 2_LTE_4,4,MSH-0331-Chiwaridzo 2_LTE,100%,1755,6322,0,0,15545,19798,11860,341,2,1,0,0,0.3978
2025-11-22,MSH-0331-Chiwaridzo 2,CELL_TDD,MSH-0331-Chiwaridzo 2_LTE_3,3,MSH-0331-Chiwaridzo 2_LTE,100%,898,8251,0,0,13012,11650,16250,174,54,168,0,0,0.6662
2025-11-22,MSH-0331-Chiwaridzo 2,CELL_TDD,MSH-0331-Chiwaridzo 2_LTE_2,2,MSH-0331-Chiwaridzo 2_LTE,100%,680,7313,0,0,12704,7363,5350,6640,44,143,0,0,0.7818
2025-11-22,MSH-0331-Chiwaridzo 2,CELL_TDD,MSH-0331-Chiwaridzo 2_LTE_1,1,MSH-0331-Chiwaridzo 2_LTE,100%,1862,9323,0,0,29481,23771,13935,223,3,4,0,0,0.5486
2025-11-22,MSH-0112-Bindura Hospital,CELL_TDD,MSH-0112-Bindura Hospital_LTE_1,1,MSH-0112-Bindura Hospital_LTE,100%,359,1034,0,0,1862,3453,2407,18442,539,920,0,0,0.8824
2025-11-22,MSH-0112-Bindura Hospital,CELL_TDD,MSH-0112-Bindura Hospital_LTE_2,2,MSH-0112-Bindura Hospital_LTE,100%,197,235,0,0,4263,8056,6665,488,156,6,0,0,0.2437
2025-11-22,MSH-0112-Bindura Hospital,CELL_TDD,MSH-0112-Bindura Hospital_LTE_3,3,MSH-0112-Bindura Hospital_LTE,100%,537,2415,0,0,16767,16106,2857,2490,1421,541,0,0,0.8388
2025-11-22,MSH-0112-Bindura Hospital,CELL_TDD,MSH-0112-Bindura Hospital_LTE_4,4,MSH-0112-Bindura Hospital_LTE,100%,241,935,0,0,1593,5038,2496,17898,474,1064,0,0,0.7966
2025-11-22,MSH-0112-Bindura Hospital,CELL_TDD,MSH-0112-Bindura Hospital_LTE_5,5,MSH-0112-Bindura Hospital_LTE,100%,29,376,0,0,2653,6676,7218,598,56,16,0,0,0.6844
2025-11-22,MSH-0112-Bindura Hospital,CELL_TDD,MSH-0112-Bindura Hospital_LTE_6,6,MSH-0112-Bindura Hospital_LTE,100%,79,1288,0,0,10749,10837,3236,1425,1257,727,0,0,0.6976
2025-11-22,MSH-0014-Chipadze,CELL_TDD,MSH-0014-Chipadze_LTE_6,6,MSH-0014-Chipadze,100%,87,776,0,0,2759,5426,12640,1714,1697,205,0,0,0.4874
2025-11-22,MSH-0014-Chipadze,CELL_TDD,MSH-0014-Chipadze_LTE_5,5,MSH-0014-Chipadze,100%,316,918,0,0,7050,10182,14665,3257,3577,537,0,0,0.1934
2025-11-22,MSH-0014-Chipadze,CELL_TDD,MSH-0014-Chipadze_LTE_4,4,MSH-0014-Chipadze,100%,78,1097,0,0,10266,7179,15465,498,3,11,0,0,0.6617
2025-11-22,MSH-0014-Chipadze,CELL_TDD,MSH-0014-Chipadze_LTE_3,3,MSH-0014-Chipadze,100%,136,1661,0,0,4614,9000,12409,1556,1027,207,0,0,0.6538
2025-11-22,MSH-0014-Chipadze,CELL_TDD,MSH-0014-Chipadze_LTE_2,2,MSH-0014-Chipadze,100%,578,2773,0,0,9225,9812,15427,3976,2797,262,0,0,0.4003
2025-11-22,MSH-0014-Chipadze,CELL_TDD,MSH-0014-Chipadze_LTE_1,1,MSH-0014-Chipadze,100%,49,1514,0,0,9418,7956,12094,524,3,7,0,0,0.3604
2025-11-23,MSH0013-Bindura-Zaoga,CELL_TDD,Bindura_Zaoga_LTE_6,6,MSH0013-Bindura-Zaoga,100%,147,28,0,0,880,6780,3550,1213,4,16,0,0,0.4459
2025-11-23,MSH0013-Bindura-Zaoga,CELL_TDD,Bindura_Zaoga_LTE_5,5,MSH0013-Bindura-Zaoga,100%,92,35,0,0,2675,11549,26225,7690,1046,868,0,0,0.5181
2025-11-23,MSH0013-Bindura-Zaoga,CELL_TDD,Bindura_Zaoga_LTE_4,4,MSH0013-Bindura-Zaoga,100%,1012,122,0,0,1351,2824,21329,42506,27938,5115,0,0,0.3415
2025-11-23,MSH0013-Bindura-Zaoga,CELL_TDD,Bindura_Zaoga_LTE_3,3,MSH0013-Bindura-Zaoga,100%,75,16,0,0,1572,4642,909,528,6,2,0,0,0.493
2025-11-23,MSH0013-Bindura-Zaoga,CELL_TDD,Bindura_Zaoga_LTE_2,2,MSH0013-Bindura-Zaoga,100%,56,20,0,0,2040,11507,23318,5501,770,141,0,0,0.3607
2025-11-23,MSH0013-Bindura-Zaoga,CELL_TDD,Bindura_Zaoga_LTE_1,1,MSH0013-Bindura-Zaoga,100%,768,92,0,0,608,1217,17775,41384,23101,6595,0,0,0.4155
2025-11-23,MSH-0331-Chiwaridzo 2,CELL_TDD,MSH-0331-Chiwaridzo 2_LTE_6,6,MSH-0331-Chiwaridzo 2_LTE,100%,859,4784,0,0,19491,13159,17152,128,54,817,0,0,0.6039
2025-11-23,MSH-0331-Chiwaridzo 2,CELL_TDD,MSH-0331-Chiwaridzo 2_LTE_5,5,MSH-0331-Chiwaridzo 2_LTE,100%,677,4073,0,0,9640,8004,6267,7554,155,215,0,0,0.6473
2025-11-23,MSH-0331-Chiwaridzo 2,CELL_TDD,MSH-0331-Chiwaridzo 2_LTE_4,4,MSH-0331-Chiwaridzo 2_LTE,100%,1660,6105,0,0,24562,21193,13910,92,4,8,0,0,0.3598
2025-11-23,MSH-0331-Chiwaridzo 2,CELL_TDD,MSH-0331-Chiwaridzo 2_LTE_3,3,MSH-0331-Chiwaridzo 2_LTE,100%,1137,9320,0,0,14816,13190,19642,81,33,354,0,0,0.7485
2025-11-23,MSH-0331-Chiwaridzo 2,CELL_TDD,MSH-0331-Chiwaridzo 2_LTE_2,2,MSH-0331-Chiwaridzo 2_LTE,100%,668,7358,0,0,12662,7930,9819,7489,231,122,0,0,0.7749
2025-11-23,MSH-0331-Chiwaridzo 2,CELL_TDD,MSH-0331-Chiwaridzo 2_LTE_1,1,MSH-0331-Chiwaridzo 2_LTE,100%,1876,8418,0,0,47890,29491,18447,54,1,2,0,0,0.2328
2025-11-23,MSH-0112-Bindura Hospital,CELL_TDD,MSH-0112-Bindura Hospital_LTE_1,1,MSH-0112-Bindura Hospital_LTE,100%,314,962,0,0,1921,3158,1889,19699,551,744,0,0,0.7638
2025-11-23,MSH-0112-Bindura Hospital,CELL_TDD,MSH-0112-Bindura Hospital_LTE_2,2,MSH-0112-Bindura Hospital_LTE,100%,83,496,0,0,5288,7896,6305,783,68,4,0,0,0.9019
2025-11-23,MSH-0112-Bindura Hospital,CELL_TDD,MSH-0112-Bindura Hospital_LTE_3,3,MSH-0112-Bindura Hospital_LTE,100%,1715,4595,0,0,16347,21124,3923,1218,2848,237,0,0,0.799
2025-11-23,MSH-0112-Bindura Hospital,CELL_TDD,MSH-0112-Bindura Hospital_LTE_4,4,MSH-0112-Bindura Hospital_LTE,100%,187,1173,0,0,1218,5241,1863,18730,577,854,0,0,0.7106
2025-11-23,MSH-0112-Bindura Hospital,CELL_TDD,MSH-0112-Bindura Hospital_LTE_5,5,MSH-0112-Bindura Hospital_LTE,100%,59,410,0,0,3281,7392,6017,257,26,9,0,0,0.8438
2025-11-23,MSH-0112-Bindura Hospital,CELL_TDD,MSH-0112-Bindura Hospital_LTE_6,6,MSH-0112-Bindura Hospital_LTE,100%,139,1723,0,0,7479,17915,3676,1599,1989,314,0,0,0.6522
2025-11-23,MSH-0014-Chipadze,CELL_TDD,MSH-0014-Chipadze_LTE_6,6,MSH-0014-Chipadze,100%,171,745,0,0,2610,6986,14607,2586,1355,293,0,0,0.4743
2025-11-23,MSH-0014-Chipadze,CELL_TDD,MSH-0014-Chipadze_LTE_5,5,MSH-0014-Chipadze,100%,667,1638,0,0,10786,13508,20818,7639,4278,511,0,0,0.4513
2025-11-23,MSH-0014-Chipadze,CELL_TDD,MSH-0014-Chipadze_LTE_4,4,MSH-0014-Chipadze,100%,87,1068,0,0,13892,7572,16973,534,5,28,0,0,0.7465
2025-11-23,MSH-0014-Chipadze,CELL_TDD,MSH-0014-Chipadze_LTE_3,3,MSH-0014-Chipadze,100%,189,1830,0,0,6672,9619,12547,1785,1332,197,0,0,0.5995
2025-11-23,MSH-0014-Chipadze,CELL_TDD,MSH-0014-Chipadze_LTE_2,2,MSH-0014-Chipadze,100%,419,2254,0,0,12162,12687,16735,4488,2992,282,0,0,0.5257
2025-11-23,MSH-0014-Chipadze,CELL_TDD,MSH-0014-Chipadze_LTE_1,1,MSH-0014-Chipadze,100%,62,931,0,0,12527,9964,10290,258,6,11,0,0,0.7407
2025-11-24,MSH0013-Bindura-Zaoga,CELL_TDD,Bindura_Zaoga_LTE_6,6,MSH0013-Bindura-Zaoga,100%,388,82,0,0,733,8001,4101,508,8,17,0,0,0.4851
2025-11-24,MSH0013-Bindura-Zaoga,CELL_TDD,Bindura_Zaoga_LTE_5,5,MSH0013-Bindura-Zaoga,100%,481,76,0,0,2695,30076,47449,9595,1580,934,0,0,0.5022
2025-11-24,MSH0013-Bindura-Zaoga,CELL_TDD,Bindura_Zaoga_LTE_4,4,MSH0013-Bindura-Zaoga,100%,1175,131,0,0,425,4892,22836,41360,29864,5606,0,0,0.3465
2025-11-24,MSH0013-Bindura-Zaoga,CELL_TDD,Bindura_Zaoga_LTE_3,3,MSH0013-Bindura-Zaoga,100%,91,22,0,0,699,7438,1567,243,3,0,0,0,0.511
2025-11-24,MSH0013-Bindura-Zaoga,CELL_TDD,Bindura_Zaoga_LTE_2,2,MSH0013-Bindura-Zaoga,100%,185,24,0,0,2277,23237,33673,8110,1483,619,0,0,0.5908
2025-11-24,MSH0013-Bindura-Zaoga,CELL_TDD,Bindura_Zaoga_LTE_1,1,MSH0013-Bindura-Zaoga,100%,718,71,0,0,295,2322,17222,33314,20069,4710,0,0,0.3658
2025-11-24,MSH-0331-Chiwaridzo 2,CELL_TDD,MSH-0331-Chiwaridzo 2_LTE_6,6,MSH-0331-Chiwaridzo 2_LTE,100%,1108,5814,0,0,16714,9541,18483,1042,194,147,0,0,0.6103
2025-11-24,MSH-0331-Chiwaridzo 2,CELL_TDD,MSH-0331-Chiwaridzo 2_LTE_5,5,MSH-0331-Chiwaridzo 2_LTE,100%,515,4191,0,0,8160,5890,6180,7670,95,215,0,0,0.6598
2025-11-24,MSH-0331-Chiwaridzo 2,CELL_TDD,MSH-0331-Chiwaridzo 2_LTE_4,4,MSH-0331-Chiwaridzo 2_LTE,100%,1299,6308,0,0,21143,18555,15996,1429,206,3,0,0,0.2705
2025-11-24,MSH-0331-Chiwaridzo 2,CELL_TDD,MSH-0331-Chiwaridzo 2_LTE_3,3,MSH-0331-Chiwaridzo 2_LTE,100%,1294,7995,0,0,15475,9724,21651,760,158,77,0,0,0.7568
2025-11-24,MSH-0331-Chiwaridzo 2,CELL_TDD,MSH-0331-Chiwaridzo 2_LTE_2,2,MSH-0331-Chiwaridzo 2_LTE,100%,344,6103,0,0,9776,7197,5070,7945,136,96,0,0,0.754
2025-11-24,MSH-0331-Chiwaridzo 2,CELL_TDD,MSH-0331-Chiwaridzo 2_LTE_1,1,MSH-0331-Chiwaridzo 2_LTE,100%,1925,10042,0,0,29380,24409,16227,952,237,9,0,0,0.3785
2025-11-24,MSH-0112-Bindura Hospital,CELL_TDD,MSH-0112-Bindura Hospital_LTE_1,1,MSH-0112-Bindura Hospital_LTE,100%,228,1447,0,0,1739,3852,1482,16288,238,500,0,0,0.7497
2025-11-24,MSH-0112-Bindura Hospital,CELL_TDD,MSH-0112-Bindura Hospital_LTE_2,2,MSH-0112-Bindura Hospital_LTE,100%,98,525,0,0,4149,8436,8760,384,11,16,0,0,0.7361
2025-11-24,MSH-0112-Bindura Hospital,CELL_TDD,MSH-0112-Bindura Hospital_LTE_3,3,MSH-0112-Bindura Hospital_LTE,100%,24,2279,0,0,25189,24271,3501,1909,3393,461,0,0,0.8891
2025-11-24,MSH-0112-Bindura Hospital,CELL_TDD,MSH-0112-Bindura Hospital_LTE_4,4,MSH-0112-Bindura Hospital_LTE,100%,164,1127,0,0,1086,4107,1551,17052,978,623,0,0,0.7796
2025-11-24,MSH-0112-Bindura Hospital,CELL_TDD,MSH-0112-Bindura Hospital_LTE_5,5,MSH-0112-Bindura Hospital_LTE,100%,209,968,0,0,2040,6384,7877,177,35,8,0,0,0.7816
2025-11-24,MSH-0112-Bindura Hospital,CELL_TDD,MSH-0112-Bindura Hospital_LTE_6,6,MSH-0112-Bindura Hospital_LTE,100%,236,1793,0,0,14009,18614,4693,2916,3314,703,0,0,0.4778
2025-11-24,MSH-0014-Chipadze,CELL_TDD,MSH-0014-Chipadze_LTE_6,6,MSH-0014-Chipadze,100%,62,828,0,0,3774,6701,12603,3522,1162,153,0,0,0.513
2025-11-24,MSH-0014-Chipadze,CELL_TDD,MSH-0014-Chipadze_LTE_5,5,MSH-0014-Chipadze,100%,415,2120,0,0,7443,9385,18423,3074,3144,374,0,0,0.4625
2025-11-24,MSH-0014-Chipadze,CELL_TDD,MSH-0014-Chipadze_LTE_4,4,MSH-0014-Chipadze,100%,88,1071,0,0,11981,5568,18697,221,5,16,0,0,0.6835
2025-11-24,MSH-0014-Chipadze,CELL_TDD,MSH-0014-Chipadze_LTE_3,3,MSH-0014-Chipadze,100%,82,960,0,0,5763,8702,12637,2145,740,114,0,0,0.5369
2025-11-24,MSH-0014-Chipadze,CELL_TDD,MSH-0014-Chipadze_LTE_2,2,MSH-0014-Chipadze,100%,565,1964,0,0,10217,10309,13884,4214,3325,229,0,0,0.5397
2025-11-24,MSH-0014-Chipadze,CELL_TDD,MSH-0014-Chipadze_LTE_1,1,MSH-0014-Chipadze,100%,69,1114,0,0,10599,7795,13056,159,7,7,0,0,0.5877
2025-11-25,MSH0013-Bindura-Zaoga,CELL_TDD,Bindura_Zaoga_LTE_6,6,MSH0013-Bindura-Zaoga,100%,230,40,0,0,826,8430,5457,1045,33,11,0,0,0.4725
2025-11-25,MSH0013-Bindura-Zaoga,CELL_TDD,Bindura_Zaoga_LTE_5,5,MSH0013-Bindura-Zaoga,100%,382,58,0,0,1789,28452,47444,8516,1164,274,0,0,0.3735
2025-11-25,MSH0013-Bindura-Zaoga,CELL_TDD,Bindura_Zaoga_LTE_4,4,MSH0013-Bindura-Zaoga,100%,875,95,0,0,478,4302,20374,39949,17732,8199,0,0,0.3439
2025-11-25,MSH0013-Bindura-Zaoga,CELL_TDD,Bindura_Zaoga_LTE_3,3,MSH0013-Bindura-Zaoga,100%,96,24,0,0,937,6459,1309,554,1,5,0,0,0.4847
2025-11-25,MSH0013-Bindura-Zaoga,CELL_TDD,Bindura_Zaoga_LTE_2,2,MSH0013-Bindura-Zaoga,100%,178,29,0,0,879,20802,36375,7009,740,278,0,0,0.494
2025-11-25,MSH0013-Bindura-Zaoga,CELL_TDD,Bindura_Zaoga_LTE_1,1,MSH0013-Bindura-Zaoga,100%,561,62,0,0,222,2407,15727,36576,19535,4167,0,0,0.358
2025-11-25,MSH-0331-Chiwaridzo 2,CELL_TDD,MSH-0331-Chiwaridzo 2_LTE_6,6,MSH-0331-Chiwaridzo 2_LTE,100%,694,4258,0,0,15015,12502,16084,162,49,261,0,0,0.6571
2025-11-25,MSH-0331-Chiwaridzo 2,CELL_TDD,MSH-0331-Chiwaridzo 2_LTE_5,5,MSH-0331-Chiwaridzo 2_LTE,100%,1099,4711,0,0,8699,6714,6234,5271,186,291,0,0,0.6336
2025-11-25,MSH-0331-Chiwaridzo 2,CELL_TDD,MSH-0331-Chiwaridzo 2_LTE_4,4,MSH-0331-Chiwaridzo 2_LTE,100%,1786,7168,0,0,21977,21791,13400,287,24,4,0,0,0.2723
2025-11-25,MSH-0331-Chiwaridzo 2,CELL_TDD,MSH-0331-Chiwaridzo 2_LTE_3,3,MSH-0331-Chiwaridzo 2_LTE,100%,938,7713,0,0,13202,14031,22490,104,29,138,0,0,0.7738
2025-11-25,MSH-0331-Chiwaridzo 2,CELL_TDD,MSH-0331-Chiwaridzo 2_LTE_2,2,MSH-0331-Chiwaridzo 2_LTE,100%,474,4867,0,0,10033,11121,5828,6502,273,114,0,0,0.708
2025-11-25,MSH-0331-Chiwaridzo 2,CELL_TDD,MSH-0331-Chiwaridzo 2_LTE_1,1,MSH-0331-Chiwaridzo 2_LTE,100%,1969,9076,0,0,40272,25540,16350,270,8,3,0,0,0.2738
2025-11-25,MSH-0112-Bindura Hospital,CELL_TDD,MSH-0112-Bindura Hospital_LTE_1,1,MSH-0112-Bindura Hospital_LTE,100%,199,2141,0,0,1962,2808,2078,11976,486,196,0,0,0.8017
2025-11-25,MSH-0112-Bindura Hospital,CELL_TDD,MSH-0112-Bindura Hospital_LTE_2,2,MSH-0112-Bindura Hospital_LTE,100%,129,640,0,0,3189,8241,8097,316,294,6,0,0,0.8653
2025-11-25,MSH-0112-Bindura Hospital,CELL_TDD,MSH-0112-Bindura Hospital_LTE_3,3,MSH-0112-Bindura Hospital_LTE,100%,80,1893,0,0,33141,17391,4721,1550,3059,325,0,0,0.8649
2025-11-25,MSH-0112-Bindura Hospital,CELL_TDD,MSH-0112-Bindura Hospital_LTE_4,4,MSH-0112-Bindura Hospital_LTE,100%,1052,861,0,0,1267,4195,2106,11568,533,312,0,0,0.7245
2025-11-25,MSH-0112-Bindura Hospital,CELL_TDD,MSH-0112-Bindura Hospital_LTE_5,5,MSH-0112-Bindura Hospital_LTE,100%,541,988,0,0,1718,5918,6614,52,89,12,0,0,0.7624
2025-11-25,MSH-0112-Bindura Hospital,CELL_TDD,MSH-0112-Bindura Hospital_LTE_6,6,MSH-0112-Bindura Hospital_LTE,100%,480,1896,0,0,16249,18879,4422,1619,2529,394,0,0,0.6201
2025-11-25,MSH-0014-Chipadze,CELL_TDD,MSH-0014-Chipadze_LTE_6,6,MSH-0014-Chipadze,100%,54,592,0,0,2990,9454,12164,3035,2361,330,0,0,0.4894
2025-11-25,MSH-0014-Chipadze,CELL_TDD,MSH-0014-Chipadze_LTE_5,5,MSH-0014-Chipadze,100%,509,1974,0,0,7510,13072,19897,4684,1715,725,0,0,0.3788
2025-11-25,MSH-0014-Chipadze,CELL_TDD,MSH-0014-Chipadze_LTE_4,4,MSH-0014-Chipadze,100%,89,1043,0,0,9623,8465,17243,143,17,11,0,0,0.664
2025-11-25,MSH-0014-Chipadze,CELL_TDD,MSH-0014-Chipadze_LTE_3,3,MSH-0014-Chipadze,100%,40,1413,0,0,8021,9376,14857,3217,1067,150,0,0,0.6475
2025-11-25,MSH-0014-Chipadze,CELL_TDD,MSH-0014-Chipadze_LTE_2,2,MSH-0014-Chipadze,100%,340,1914,0,0,10785,12843,15122,3687,3494,471,0,0,0.4894
2025-11-25,MSH-0014-Chipadze,CELL_TDD,MSH-0014-Chipadze_LTE_1,1,MSH-0014-Chipadze,100%,112,2164,0,0,14950,7510,14057,494,14,8,0,0,0.6641
2025-11-26,MSH0013-Bindura-Zaoga,CELL_TDD,Bindura_Zaoga_LTE_6,6,MSH0013-Bindura-Zaoga,100%,211,41,0,0,616,11091,4268,931,5,7,0,0,0.4917
2025-11-26,MSH0013-Bindura-Zaoga,CELL_TDD,Bindura_Zaoga_LTE_5,5,MSH0013-Bindura-Zaoga,100%,414,52,0,0,2449,23492,47522,8155,1852,596,0,0,0.5105
2025-11-26,MSH0013-Bindura-Zaoga,CELL_TDD,Bindura_Zaoga_LTE_4,4,MSH0013-Bindura-Zaoga,100%,881,94,0,0,622,2726,19681,37897,25297,4815,0,0,0.352
2025-11-26,MSH0013-Bindura-Zaoga,CELL_TDD,Bindura_Zaoga_LTE_3,3,MSH0013-Bindura-Zaoga,100%,50,25,0,0,1083,8617,1214,567,1,3,0,0,0.5563
2025-11-26,MSH0013-Bindura-Zaoga,CELL_TDD,Bindura_Zaoga_LTE_2,2,MSH0013-Bindura-Zaoga,100%,223,37,0,0,1097,20999,37086,6540,1727,247,0,0,0.5054
2025-11-26,MSH0013-Bindura-Zaoga,CELL_TDD,Bindura_Zaoga_LTE_1,1,MSH0013-Bindura-Zaoga,100%,907,96,0,0,617,1652,17878,37401,24030,4981,0,0,0.364
2025-11-26,MSH-0331-Chiwaridzo 2,CELL_TDD,MSH-0331-Chiwaridzo 2_LTE_6,6,MSH-0331-Chiwaridzo 2_LTE,100%,972,5859,0,0,12638,10957,17772,137,124,231,0,0,0.6745
2025-11-26,MSH-0331-Chiwaridzo 2,CELL_TDD,MSH-0331-Chiwaridzo 2_LTE_5,5,MSH-0331-Chiwaridzo 2_LTE,100%,892,5236,0,0,8688,6211,5945,6518,236,298,0,0,0.6344
2025-11-26,MSH-0331-Chiwaridzo 2,CELL_TDD,MSH-0331-Chiwaridzo 2_LTE_4,4,MSH-0331-Chiwaridzo 2_LTE,100%,1906,6453,0,0,22573,21850,13806,208,2,2,0,0,0.2934
2025-11-26,MSH-0331-Chiwaridzo 2,CELL_TDD,MSH-0331-Chiwaridzo 2_LTE_3,3,MSH-0331-Chiwaridzo 2_LTE,100%,1017,9021,0,0,16664,12870,21951,169,35,189,0,0,0.6516
2025-11-26,MSH-0331-Chiwaridzo 2,CELL_TDD,MSH-0331-Chiwaridzo 2_LTE_2,2,MSH-0331-Chiwaridzo 2_LTE,100%,493,4857,0,0,12229,6863,6224,6420,388,128,0,0,0.6891
2025-11-26,MSH-0331-Chiwaridzo 2,CELL_TDD,MSH-0331-Chiwaridzo 2_LTE_1,1,MSH-0331-Chiwaridzo 2_LTE,100%,2179,10485,0,0,42058,29724,12597,138,2,0,0,0,0.2607
2025-11-26,MSH-0112-Bindura Hospital,CELL_TDD,MSH-0112-Bindura Hospital_LTE_1,1,MSH-0112-Bindura Hospital_LTE,100%,388,1345,0,0,1980,3444,2192,11472,272,274,0,0,0.7817
2025-11-26,MSH-0112-Bindura Hospital,CELL_TDD,MSH-0112-Bindura Hospital_LTE_2,2,MSH-0112-Bindura Hospital_LTE,100%,115,443,0,0,4442,8235,6225,242,29,15,0,0,0.793
2025-11-26,MSH-0112-Bindura Hospital,CELL_TDD,MSH-0112-Bindura Hospital_LTE_3,3,MSH-0112-Bindura Hospital_LTE,100%,30,1455,0,0,21952,22409,4231,1417,1461,388,0,0,0.8572
2025-11-26,MSH-0112-Bindura Hospital,CELL_TDD,MSH-0112-Bindura Hospital_LTE_4,4,MSH-0112-Bindura Hospital_LTE,100%,1031,2203,0,0,1574,4064,1805,12013,733,600,0,0,0.6998
2025-11-26,MSH-0112-Bindura Hospital,CELL_TDD,MSH-0112-Bindura Hospital_LTE_5,5,MSH-0112-Bindura Hospital_LTE,100%,374,1751,0,0,2563,6920,5966,364,67,38,0,0,0.625
2025-11-26,MSH-0112-Bindura Hospital,CELL_TDD,MSH-0112-Bindura Hospital_LTE_6,6,MSH-0112-Bindura Hospital_LTE,100%,249,1448,0,0,11738,17128,4664,2246,1231,762,0,0,0.6476
2025-11-26,MSH-0014-Chipadze,CELL_TDD,MSH-0014-Chipadze_LTE_6,6,MSH-0014-Chipadze,100%,113,839,0,0,2803,6332,12764,2131,1265,288,0,0,0.5302
2025-11-26,MSH-0014-Chipadze,CELL_TDD,MSH-0014-Chipadze_LTE_5,5,MSH-0014-Chipadze,100%,518,2549,0,0,7872,12704,19001,2981,3535,581,0,0,0.3347
2025-11-26,MSH-0014-Chipadze,CELL_TDD,MSH-0014-Chipadze_LTE_4,4,MSH-0014-Chipadze,100%,92,1156,0,0,6557,8262,21088,825,11,3,0,0,0.6653
2025-11-26,MSH-0014-Chipadze,CELL_TDD,MSH-0014-Chipadze_LTE_3,3,MSH-0014-Chipadze,100%,125,1157,0,0,6422,9550,14845,1704,948,194,0,0,0.6954
2025-11-26,MSH-0014-Chipadze,CELL_TDD,MSH-0014-Chipadze_LTE_2,2,MSH-0014-Chipadze,100%,589,2199,0,0,10218,13847,16440,4636,1969,413,0,0,0.4638
2025-11-26,MSH-0014-Chipadze,CELL_TDD,MSH-0014-Chipadze_LTE_1,1,MSH-0014-Chipadze,100%,105,2519,0,0,16562,7860,16362,302,17,10,0,0,0.6406
2025-11-27,MSH0013-Bindura-Zaoga,CELL_TDD,Bindura_Zaoga_LTE_6,6,MSH0013-Bindura-Zaoga,100%,144,27,0,0,1142,6948,5059,1593,22,25,0,0,0.4933
2025-11-27,MSH0013-Bindura-Zaoga,CELL_TDD,Bindura_Zaoga_LTE_5,5,MSH0013-Bindura-Zaoga,100%,951,96,0,0,2667,29996,65256,12621,1427,564,0,0,0.4829
2025-11-27,MSH0013-Bindura-Zaoga,CELL_TDD,Bindura_Zaoga_LTE_4,4,MSH0013-Bindura-Zaoga,100%,1356,165,0,0,996,2989,23094,43425,34657,5492,0,0,0.3514
2025-11-27,MSH0013-Bindura-Zaoga,CELL_TDD,Bindura_Zaoga_LTE_3,3,MSH0013-Bindura-Zaoga,100%,22,14,0,0,898,7002,1704,669,0,5,0,0,0.4943
2025-11-27,MSH0013-Bindura-Zaoga,CELL_TDD,Bindura_Zaoga_LTE_2,2,MSH0013-Bindura-Zaoga,100%,276,28,0,0,2356,24168,43080,10073,1423,554,0,0,0.4559
2025-11-27,MSH0013-Bindura-Zaoga,CELL_TDD,Bindura_Zaoga_LTE_1,1,MSH0013-Bindura-Zaoga,100%,888,67,0,0,923,1820,17850,50377,24752,5617,0,0,0.407
2025-11-27,MSH-0331-Chiwaridzo 2,CELL_TDD,MSH-0331-Chiwaridzo 2_LTE_6,6,MSH-0331-Chiwaridzo 2_LTE,100%,957,6411,0,0,15187,14376,23113,1801,876,598,0,0,0.596
2025-11-27,MSH-0331-Chiwaridzo 2,CELL_TDD,MSH-0331-Chiwaridzo 2_LTE_5,5,MSH-0331-Chiwaridzo 2_LTE,100%,1133,5618,0,0,12010,7436,8939,7642,625,215,0,0,0.6343
2025-11-27,MSH-0331-Chiwaridzo 2,CELL_TDD,MSH-0331-Chiwaridzo 2_LTE_4,4,MSH-0331-Chiwaridzo 2_LTE,100%,2259,8787,0,0,21755,22509,20107,2021,844,11,0,0,0.3563
2025-11-27,MSH-0331-Chiwaridzo 2,CELL_TDD,MSH-0331-Chiwaridzo 2_LTE_3,3,MSH-0331-Chiwaridzo 2_LTE,100%,826,7972,0,0,18130,13669,26478,1198,387,301,0,0,0.582
2025-11-27,MSH-0331-Chiwaridzo 2,CELL_TDD,MSH-0331-Chiwaridzo 2_LTE_2,2,MSH-0331-Chiwaridzo 2_LTE,100%,1129,6487,0,0,13682,6618,6583,7488,471,188,0,0,0.7267
2025-11-27,MSH-0331-Chiwaridzo 2,CELL_TDD,MSH-0331-Chiwaridzo 2_LTE_1,1,MSH-0331-Chiwaridzo 2_LTE,100%,2269,10607,0,0,38869,26013,18218,1404,898,2,0,0,0.2082
2025-11-27,MSH-0112-Bindura Hospital,CELL_TDD,MSH-0112-Bindura Hospital_LTE_1,1,MSH-0112-Bindura Hospital_LTE,100%,446,1244,0,0,1858,2708,1676,12446,363,577,0,0,0.6159
2025-11-27,MSH-0112-Bindura Hospital,CELL_TDD,MSH-0112-Bindura Hospital_LTE_2,2,MSH-0112-Bindura Hospital_LTE,100%,107,645,0,0,2246,9268,8419,122,76,10,0,0,0.8679
2025-11-27,MSH-0112-Bindura Hospital,CELL_TDD,MSH-0112-Bindura Hospital_LTE_3,3,MSH-0112-Bindura Hospital_LTE,100%,53,2161,0,0,20248,21951,3828,1759,1648,386,0,0,0.8979
2025-11-27,MSH-0112-Bindura Hospital,CELL_TDD,MSH-0112-Bindura Hospital_LTE_4,4,MSH-0112-Bindura Hospital_LTE,100%,1631,1083,0,0,1642,3402,4271,13319,774,798,0,0,0.4189
2025-11-27,MSH-0112-Bindura Hospital,CELL_TDD,MSH-0112-Bindura Hospital_LTE_5,5,MSH-0112-Bindura Hospital_LTE,100%,462,1037,0,0,1964,5832,7163,395,35,19,0,0,0.7899
2025-11-27,MSH-0112-Bindura Hospital,CELL_TDD,MSH-0112-Bindura Hospital_LTE_6,6,MSH-0112-Bindura Hospital_LTE,100%,405,1917,0,0,13384,16668,5293,3192,1280,519,0,0,0.7379
2025-11-27,MSH-0014-Chipadze,CELL_TDD,MSH-0014-Chipadze_LTE_6,6,MSH-0014-Chipadze,79%,75,238,0,0,1570,5191,10321,1724,1006,645,0,0,0.4654
2025-11-27,MSH-0014-Chipadze,CELL_TDD,MSH-0014-Chipadze_LTE_5,5,MSH-0014-Chipadze,79%,634,1347,0,0,5081,9656,15329,3460,2180,461,0,0,0.4342
2025-11-27,MSH-0014-Chipadze,CELL_TDD,MSH-0014-Chipadze_LTE_4,4,MSH-0014-Chipadze,79%,86,699,0,0,4211,6102,14111,370,4,12,0,0,0.6059
2025-11-27,MSH-0014-Chipadze,CELL_TDD,MSH-0014-Chipadze_LTE_3,3,MSH-0014-Chipadze,79%,41,1045,0,0,4534,7493,12110,1046,545,349,0,0,0.6181
2025-11-27,MSH-0014-Chipadze,CELL_TDD,MSH-0014-Chipadze_LTE_2,2,MSH-0014-Chipadze,79%,403,2907,0,0,10907,10863,12068,3131,1760,260,0,0,0.5137
2025-11-27,MSH-0014-Chipadze,CELL_TDD,MSH-0014-Chipadze_LTE_1,1,MSH-0014-Chipadze,79%,87,1304,0,0,9332,8023,13760,231,9,6,0,0,0.5289
2025-11-28,MSH0013-Bindura-Zaoga,CELL_TDD,Bindura_Zaoga_LTE_6,6,MSH0013-Bindura-Zaoga,100%,36,17,0,0,868,6479,4379,577,44,32,0,0,0.5114
2025-11-28,MSH0013-Bindura-Zaoga,CELL_TDD,Bindura_Zaoga_LTE_5,5,MSH0013-Bindura-Zaoga,100%,121,25,0,0,1486,19996,38599,7052,1420,213,0,0,0.5856
2025-11-28,MSH0013-Bindura-Zaoga,CELL_TDD,Bindura_Zaoga_LTE_4,4,MSH0013-Bindura-Zaoga,100%,5843,587,0,0,1691,6828,68784,226115,54100,9493,0,0,0.3617
2025-11-28,MSH0013-Bindura-Zaoga,CELL_TDD,Bindura_Zaoga_LTE_3,3,MSH0013-Bindura-Zaoga,100%,31,10,0,0,773,6963,1189,313,16,0,0,0,0.4489
2025-11-28,MSH0013-Bindura-Zaoga,CELL_TDD,Bindura_Zaoga_LTE_2,2,MSH0013-Bindura-Zaoga,100%,170,33,0,0,1079,18396,36365,6221,1215,144,0,0,0.3874
2025-11-28,MSH0013-Bindura-Zaoga,CELL_TDD,Bindura_Zaoga_LTE_1,1,MSH0013-Bindura-Zaoga,100%,2404,287,0,0,921,2739,28453,121230,28438,8186,0,0,0.4131
2025-11-28,MSH-0331-Chiwaridzo 2,CELL_TDD,MSH-0331-Chiwaridzo 2_LTE_6,6,MSH-0331-Chiwaridzo 2_LTE,100%,782,4837,0,0,11456,13630,13885,492,163,358,0,0,0.435
2025-11-28,MSH-0331-Chiwaridzo 2,CELL_TDD,MSH-0331-Chiwaridzo 2_LTE_5,5,MSH-0331-Chiwaridzo 2_LTE,100%,844,4538,0,0,8351,5291,7573,6670,815,309,0,0,0.543
2025-11-28,MSH-0331-Chiwaridzo 2,CELL_TDD,MSH-0331-Chiwaridzo 2_LTE_4,4,MSH-0331-Chiwaridzo 2_LTE,100%,1672,6171,0,0,13419,14154,12863,96,7,4,0,0,0.3824
2025-11-28,MSH-0331-Chiwaridzo 2,CELL_TDD,MSH-0331-Chiwaridzo 2_LTE_3,3,MSH-0331-Chiwaridzo 2_LTE,100%,849,7731,0,0,15302,13413,17012,767,215,199,0,0,0.1652
2025-11-28,MSH-0331-Chiwaridzo 2,CELL_TDD,MSH-0331-Chiwaridzo 2_LTE_2,2,MSH-0331-Chiwaridzo 2_LTE,100%,812,8511,0,0,14079,5164,7232,5903,524,235,0,0,0.6639
2025-11-28,MSH-0331-Chiwaridzo 2,CELL_TDD,MSH-0331-Chiwaridzo 2_LTE_1,1,MSH-0331-Chiwaridzo 2_LTE,100%,2274,7742,0,0,23895,18429,14347,227,3,3,0,0,0.1312
2025-11-28,MSH-0112-Bindura Hospital,CELL_TDD,MSH-0112-Bindura Hospital_LTE_1,1,MSH-0112-Bindura Hospital_LTE,100%,57,1708,0,0,1645,2348,1070,12650,327,216,0,0,0.6331
2025-11-28,MSH-0112-Bindura Hospital,CELL_TDD,MSH-0112-Bindura Hospital_LTE_2,2,MSH-0112-Bindura Hospital_LTE,100%,106,481,0,0,3427,8864,6755,151,62,19,0,0,0.7934
2025-11-28,MSH-0112-Bindura Hospital,CELL_TDD,MSH-0112-Bindura Hospital_LTE_3,3,MSH-0112-Bindura Hospital_LTE,100%,46,2772,0,0,22858,17702,3332,1460,2281,419,0,0,0.7495
2025-11-28,MSH-0112-Bindura Hospital,CELL_TDD,MSH-0112-Bindura Hospital_LTE_4,4,MSH-0112-Bindura Hospital_LTE,100%,321,1246,0,0,642,2789,2039,13003,644,228,0,0,0.4
2025-11-28,MSH-0112-Bindura Hospital,CELL_TDD,MSH-0112-Bindura Hospital_LTE_5,5,MSH-0112-Bindura Hospital_LTE,100%,416,1027,0,0,1902,6394,7168,347,91,20,0,0,0.7364
2025-11-28,MSH-0112-Bindura Hospital,CELL_TDD,MSH-0112-Bindura Hospital_LTE_6,6,MSH-0112-Bindura Hospital_LTE,100%,307,1542,0,0,18008,19227,3753,2276,2130,673,0,0,0.6788
2025-11-28,MSH-0014-Chipadze,CELL_TDD,MSH-0014-Chipadze_LTE_6,6,MSH-0014-Chipadze,75%,92,794,0,0,2952,4648,12500,1261,529,506,0,0,0.4778
2025-11-28,MSH-0014-Chipadze,CELL_TDD,MSH-0014-Chipadze_LTE_5,5,MSH-0014-Chipadze,75%,714,1879,0,0,6658,13669,26358,21333,5815,686,0,0,0.4091
2025-11-28,MSH-0014-Chipadze,CELL_TDD,MSH-0014-Chipadze_LTE_4,4,MSH-0014-Chipadze,75%,115,1327,0,0,7595,5009,14509,333,12,9,0,0,0.6572
2025-11-28,MSH-0014-Chipadze,CELL_TDD,MSH-0014-Chipadze_LTE_3,3,MSH-0014-Chipadze,75%,51,630,0,0,3453,7463,9162,1721,414,259,0,0,0.6528
2025-11-28,MSH-0014-Chipadze,CELL_TDD,MSH-0014-Chipadze_LTE_2,2,MSH-0014-Chipadze,75%,278,1208,0,0,7140,10790,16617,8135,2600,394,0,0,0.4355
2025-11-28,MSH-0014-Chipadze,CELL_TDD,MSH-0014-Chipadze_LTE_1,1,MSH-0014-Chipadze,75%,85,1731,0,0,7363,5928,15182,435,8,12,0,0,0.7252
2025-11-29,MSH0013-Bindura-Zaoga,CELL_TDD,Bindura_Zaoga_LTE_6,6,MSH0013-Bindura-Zaoga,100%,61,13,0,0,1828,6813,4600,821,8,95,0,0,0.467
2025-11-29,MSH0013-Bindura-Zaoga,CELL_TDD,Bindura_Zaoga_LTE_5,5,MSH0013-Bindura-Zaoga,100%,149,47,0,0,1435,20398,40180,5905,1193,439,0,0,0.4967
2025-11-29,MSH0013-Bindura-Zaoga,CELL_TDD,Bindura_Zaoga_LTE_4,4,MSH0013-Bindura-Zaoga,100%,3607,333,0,0,3186,7281,36039,84815,100568,8522,0,0,0.3225
2025-11-29,MSH0013-Bindura-Zaoga,CELL_TDD,Bindura_Zaoga_LTE_3,3,MSH0013-Bindura-Zaoga,100%,19,5,0,0,411,6791,1060,537,1,37,0,0,0.4722
2025-11-29,MSH0013-Bindura-Zaoga,CELL_TDD,Bindura_Zaoga_LTE_2,2,MSH0013-Bindura-Zaoga,100%,178,39,0,0,1705,14443,35652,5601,1116,593,0,0,0.584
2025-11-29,MSH0013-Bindura-Zaoga,CELL_TDD,Bindura_Zaoga_LTE_1,1,MSH0013-Bindura-Zaoga,100%,2004,160,0,0,2194,2618,19020,62290,75464,8359,0,0,0.3279
2025-11-29,MSH-0331-Chiwaridzo 2,CELL_TDD,MSH-0331-Chiwaridzo 2_LTE_6,6,MSH-0331-Chiwaridzo 2_LTE,95%,438,3720,0,0,6877,8741,11431,179,179,308,0,0,0.59
2025-11-29,MSH-0331-Chiwaridzo 2,CELL_TDD,MSH-0331-Chiwaridzo 2_LTE_5,5,MSH-0331-Chiwaridzo 2_LTE,95%,430,2481,0,0,5941,4048,3598,4114,131,216,0,0,0.6166
2025-11-29,MSH-0331-Chiwaridzo 2,CELL_TDD,MSH-0331-Chiwaridzo 2_LTE_4,4,MSH-0331-Chiwaridzo 2_LTE,95%,954,3054,0,0,11173,16904,8588,117,3,1,0,0,0.4028
2025-11-29,MSH-0331-Chiwaridzo 2,CELL_TDD,MSH-0331-Chiwaridzo 2_LTE_3,3,MSH-0331-Chiwaridzo 2_LTE,95%,667,6337,0,0,8391,16326,12753,184,112,169,0,0,0.7571
2025-11-29,MSH-0331-Chiwaridzo 2,CELL_TDD,MSH-0331-Chiwaridzo 2_LTE_2,2,MSH-0331-Chiwaridzo 2_LTE,95%,278,3050,0,0,7821,11772,5717,4305,260,149,0,0,0.7173
2025-11-29,MSH-0331-Chiwaridzo 2,CELL_TDD,MSH-0331-Chiwaridzo 2_LTE_1,1,MSH-0331-Chiwaridzo 2_LTE,95%,1686,5269,0,0,19941,17103,8746,52,2,2,0,0,0.2433
2025-11-29,MSH-0112-Bindura Hospital,CELL_TDD,MSH-0112-Bindura Hospital_LTE_1,1,MSH-0112-Bindura Hospital_LTE,100%,47,2174,0,0,2231,3328,2912,15288,244,610,0,0,0.8192
2025-11-29,MSH-0112-Bindura Hospital,CELL_TDD,MSH-0112-Bindura Hospital_LTE_2,2,MSH-0112-Bindura Hospital_LTE,100%,95,466,0,0,3119,7021,4306,216,49,17,0,0,0.8555
2025-11-29,MSH-0112-Bindura Hospital,CELL_TDD,MSH-0112-Bindura Hospital_LTE_3,3,MSH-0112-Bindura Hospital_LTE,100%,544,2494,0,0,15723,20154,3028,1558,2689,381,0,0,0.5608
2025-11-29,MSH-0112-Bindura Hospital,CELL_TDD,MSH-0112-Bindura Hospital_LTE_4,4,MSH-0112-Bindura Hospital_LTE,100%,247,885,0,0,887,4459,1492,12869,489,871,0,0,0.6487
2025-11-29,MSH-0112-Bindura Hospital,CELL_TDD,MSH-0112-Bindura Hospital_LTE_5,5,MSH-0112-Bindura Hospital_LTE,100%,336,1238,0,0,3374,3582,4288,320,32,29,0,0,0.608
2025-11-29,MSH-0112-Bindura Hospital,CELL_TDD,MSH-0112-Bindura Hospital_LTE_6,6,MSH-0112-Bindura Hospital_LTE,100%,758,2122,0,0,11437,18680,2871,2086,2652,643,0,0,0.536
2025-11-29,MSH-0014-Chipadze,CELL_TDD,MSH-0014-Chipadze_LTE_6,6,MSH-0014-Chipadze,100%,60,618,0,0,4831,5619,15715,1029,1603,477,0,0,0.5217
2025-11-29,MSH-0014-Chipadze,CELL_TDD,MSH-0014-Chipadze_LTE_5,5,MSH-0014-Chipadze,100%,145,1727,0,0,7938,9278,25116,14860,7432,822,0,0,0.4154
2025-11-29,MSH-0014-Chipadze,CELL_TDD,MSH-0014-Chipadze_LTE_4,4,MSH-0014-Chipadze,100%,53,1462,0,0,7260,5533,12573,290,2,20,0,0,0.7008
2025-11-29,MSH-0014-Chipadze,CELL_TDD,MSH-0014-Chipadze_LTE_3,3,MSH-0014-Chipadze,100%,36,652,0,0,5159,7209,14018,1339,1179,280,0,0,0.5946
2025-11-29,MSH-0014-Chipadze,CELL_TDD,MSH-0014-Chipadze_LTE_2,2,MSH-0014-Chipadze,100%,203,2288,0,0,9011,12619,22725,15310,3291,726,0,0,0.1701
2025-11-29,MSH-0014-Chipadze,CELL_TDD,MSH-0014-Chipadze_LTE_1,1,MSH-0014-Chipadze,100%,43,1619,0,0,10839,6145,10873,414,6,3,0,0,0.8428
2025-11-30,MSH0013-Bindura-Zaoga,CELL_TDD,Bindura_Zaoga_LTE_6,6,MSH0013-Bindura-Zaoga,100%,19,1,0,0,1090,7011,3170,899,2,26,0,0,0.5082
2025-11-30,MSH0013-Bindura-Zaoga,CELL_TDD,Bindura_Zaoga_LTE_5,5,MSH0013-Bindura-Zaoga,100%,81,23,0,0,2244,12456,29914,10169,482,184,0,0,0.4898
2025-11-30,MSH0013-Bindura-Zaoga,CELL_TDD,Bindura_Zaoga_LTE_4,4,MSH0013-Bindura-Zaoga,100%,2006,205,0,0,743,1239,27373,65608,29739,4507,0,0,0.3784
2025-11-30,MSH0013-Bindura-Zaoga,CELL_TDD,Bindura_Zaoga_LTE_3,3,MSH0013-Bindura-Zaoga,100%,0,2,0,0,735,7306,986,592,0,1,0,0,0.5212
2025-11-30,MSH0013-Bindura-Zaoga,CELL_TDD,Bindura_Zaoga_LTE_2,2,MSH0013-Bindura-Zaoga,100%,20,7,0,0,1727,8555,20829,3994,568,369,0,0,0.409
2025-11-30,MSH0013-Bindura-Zaoga,CELL_TDD,Bindura_Zaoga_LTE_1,1,MSH0013-Bindura-Zaoga,100%,1759,169,0,0,857,931,16572,52233,26056,6874,0,0,0.419
2025-11-30,MSH-0331-Chiwaridzo 2,CELL_TDD,MSH-0331-Chiwaridzo 2_LTE_6,6,MSH-0331-Chiwaridzo 2_LTE,100%,763,5761,0,0,13011,16454,20826,2146,890,488,0,0,0.6111
2025-11-30,MSH-0331-Chiwaridzo 2,CELL_TDD,MSH-0331-Chiwaridzo 2_LTE_5,5,MSH-0331-Chiwaridzo 2_LTE,100%,805,4647,0,0,14415,7119,7481,6864,364,682,0,0,0.5043
2025-11-30,MSH-0331-Chiwaridzo 2,CELL_TDD,MSH-0331-Chiwaridzo 2_LTE_4,4,MSH-0331-Chiwaridzo 2_LTE,100%,1555,5275,0,0,24724,27285,17833,1108,703,4,0,0,0.3199
2025-11-30,MSH-0331-Chiwaridzo 2,CELL_TDD,MSH-0331-Chiwaridzo 2_LTE_3,3,MSH-0331-Chiwaridzo 2_LTE,100%,920,9458,0,0,11027,18354,22971,1340,464,294,0,0,0.7597
2025-11-30,MSH-0331-Chiwaridzo 2,CELL_TDD,MSH-0331-Chiwaridzo 2_LTE_2,2,MSH-0331-Chiwaridzo 2_LTE,100%,671,5271,0,0,11904,8007,7449,6217,260,273,0,0,0.5496
2025-11-30,MSH-0331-Chiwaridzo 2,CELL_TDD,MSH-0331-Chiwaridzo 2_LTE_1,1,MSH-0331-Chiwaridzo 2_LTE,100%,1590,6523,0,0,34228,28785,20661,690,309,1,0,0,0.3603
2025-11-30,MSH-0112-Bindura Hospital,CELL_TDD,MSH-0112-Bindura Hospital_LTE_1,1,MSH-0112-Bindura Hospital_LTE,100%,132,1432,0,0,1794,3175,1365,17002,385,235,0,0,0.1832
2025-11-30,MSH-0112-Bindura Hospital,CELL_TDD,MSH-0112-Bindura Hospital_LTE_2,2,MSH-0112-Bindura Hospital_LTE,100%,116,559,0,0,2832,9398,3306,196,47,7,0,0,0.8856
2025-11-30,MSH-0112-Bindura Hospital,CELL_TDD,MSH-0112-Bindura Hospital_LTE_3,3,MSH-0112-Bindura Hospital_LTE,100%,1262,2225,0,0,15637,20524,3638,1587,467,250,0,0,0.68
2025-11-30,MSH-0112-Bindura Hospital,CELL_TDD,MSH-0112-Bindura Hospital_LTE_4,4,MSH-0112-Bindura Hospital_LTE,100%,412,960,0,0,1110,4151,998,14317,436,482,0,0,0.4166
2025-11-30,MSH-0112-Bindura Hospital,CELL_TDD,MSH-0112-Bindura Hospital_LTE_5,5,MSH-0112-Bindura Hospital_LTE,100%,585,1356,0,0,2198,4515,2945,451,105,42,0,0,0.6841
2025-11-30,MSH-0112-Bindura Hospital,CELL_TDD,MSH-0112-Bindura Hospital_LTE_6,6,MSH-0112-Bindura Hospital_LTE,100%,1041,2812,0,0,11277,20503,3450,2485,870,361,0,0,0.5671
2025-11-30,MSH-0014-Chipadze,CELL_TDD,MSH-0014-Chipadze_LTE_6,6,MSH-0014-Chipadze,95%,50,1171,0,0,3930,5141,11327,798,1116,120,0,0,0.5393
2025-11-30,MSH-0014-Chipadze,CELL_TDD,MSH-0014-Chipadze_LTE_5,5,MSH-0014-Chipadze,95%,96,1296,0,0,6515,6990,18668,3469,1735,483,0,0,0.383
2025-11-30,MSH-0014-Chipadze,CELL_TDD,MSH-0014-Chipadze_LTE_4,4,MSH-0014-Chipadze,95%,21,706,0,0,9127,5033,7706,316,2,2,0,0,0.752
2025-11-30,MSH-0014-Chipadze,CELL_TDD,MSH-0014-Chipadze_LTE_3,3,MSH-0014-Chipadze,95%,79,1647,0,0,5726,7650,10972,523,773,77,0,0,0.647
2025-11-30,MSH-0014-Chipadze,CELL_TDD,MSH-0014-Chipadze_LTE_2,2,MSH-0014-Chipadze,95%,209,2107,0,0,7899,9320,17039,4579,3375,308,0,0,0.4846
2025-11-30,MSH-0014-Chipadze,CELL_TDD,MSH-0014-Chipadze_LTE_1,1,MSH-0014-Chipadze,95%,37,919,0,0,11064,5346,6884,224,1,5,0,0,0.8402